Format Version,1.24,Take Name,Push_210_deg_003,Take Notes,,Capture Frame Rate,100.000000,Export Frame Rate,100.000000,Capture Start Time,2025-02-21 03.15.42.793 午前,Capture Start Frame,39159724,Total Frames in Take,1001,Total Exported Frames,1001,Rotation Type,Quaternion,Length Units,Millimeters,Coordinate Space,Local

,Type,Rigid Body,Rigid Body,Rigid Body,Rigid Body,Rigid Body,Rigid Body,Rigid Body
,Name,ForceGage,ForceGage,ForceGage,ForceGage,ForceGage,ForceGage,ForceGage
,ID,1FCEE7A3EF9111EF3C28FEC2583C42A9,1FCEE7A3EF9111EF3C28FEC2583C42A9,1FCEE7A3EF9111EF3C28FEC2583C42A9,1FCEE7A3EF9111EF3C28FEC2583C42A9,1FCEE7A3EF9111EF3C28FEC2583C42A9,1FCEE7A3EF9111EF3C28FEC2583C42A9,1FCEE7A3EF9111EF3C28FEC2583C42A9
,,Rotation,Rotation,Rotation,Rotation,Position,Position,Position
Frame,Time (Seconds),X,Y,Z,W,X,Y,Z
0,0.000000,0.000649,-0.000993,0.014879,0.999889,-24.324757,419.259155,115.313446
1,0.010000,0.000672,-0.000992,0.014855,0.999889,-24.317177,419.255554,115.319099
2,0.020000,0.000677,-0.000980,0.014850,0.999889,-24.312643,419.251099,115.322304
3,0.030000,0.000687,-0.000829,0.014513,0.999894,-24.296501,419.246399,115.330429
4,0.040000,,,,,,,
5,0.050000,0.000696,-0.000951,0.014749,0.999891,-24.297754,419.243317,115.333313
6,0.060000,0.000695,-0.000840,0.014487,0.999894,-24.288889,419.242371,115.337509
7,0.070000,0.000708,-0.000931,0.014689,0.999892,-24.295982,419.241516,115.339561
8,0.080000,0.000720,-0.000947,0.014739,0.999891,-24.296255,419.241455,115.345245
9,0.090000,0.000744,-0.000919,0.014721,0.999891,-24.295095,419.240356,115.350327
10,0.100000,0.000745,-0.000934,0.014728,0.999891,-24.290234,419.238525,115.355865
11,0.110000,0.000763,-0.000791,0.014418,0.999895,-24.272623,419.235138,115.363174
12,0.120000,0.000782,-0.000774,0.014421,0.999895,-24.263346,419.233215,115.368355
13,0.130000,0.000808,-0.000908,0.014860,0.999889,-24.234859,419.228271,115.376671
14,0.140000,0.000753,-0.001015,0.014916,0.999888,-24.213402,419.221039,115.383270
15,0.150000,0.000761,-0.001035,0.014916,0.999888,-24.195293,419.219330,115.389809
16,0.160000,,,,,,,
17,0.170000,,,,,,,
18,0.180000,0.000775,-0.000789,0.014610,0.999893,-24.128584,419.217407,115.388924
19,0.190000,0.000741,-0.000872,0.014604,0.999893,-24.102718,419.220764,115.386353
20,0.200000,0.000743,-0.000823,0.014537,0.999894,-24.085279,419.226929,115.383614
21,0.210000,0.000726,-0.000855,0.014569,0.999893,-24.071358,419.232666,115.381592
22,0.220000,,,,,,,
23,0.230000,0.000744,-0.000819,0.014537,0.999894,-24.049978,419.237091,115.385178
24,0.240000,0.000753,-0.000855,0.014576,0.999893,-24.034365,419.239227,115.389420
25,0.250000,0.000772,-0.000864,0.014574,0.999893,-24.022247,419.240021,115.393661
26,0.260000,0.000793,-0.000832,0.014525,0.999894,-24.010153,419.239685,115.401131
27,0.270000,0.000807,-0.000800,0.014469,0.999895,-23.994980,419.239624,115.408783
28,0.280000,0.000818,-0.000963,0.014570,0.999893,-23.979082,419.239136,115.414375
29,0.290000,0.000829,-0.001030,0.014622,0.999892,-23.971773,419.239105,115.416801
30,0.300000,0.000842,-0.000877,0.014548,0.999894,-23.975712,419.239441,115.419937
31,0.310000,0.000848,-0.000968,0.014606,0.999893,-23.969856,419.237854,115.421509
32,0.320000,0.000864,-0.000998,0.014612,0.999892,-23.964127,419.234314,115.421371
33,0.330000,0.000863,-0.001024,0.014632,0.999892,-23.959608,419.232574,115.423485
34,0.340000,0.000847,-0.000990,0.014562,0.999893,-23.955805,419.235901,115.423019
35,0.350000,0.000819,-0.001008,0.014582,0.999893,-23.953613,419.237183,115.417641
36,0.360000,0.000799,-0.001033,0.014607,0.999892,-23.951151,419.239960,115.411209
37,0.370000,0.000760,-0.001054,0.014620,0.999892,-23.946556,419.242218,115.402382
38,0.380000,0.000734,-0.001091,0.014642,0.999892,-23.939205,419.244110,115.393417
39,0.390000,0.000725,-0.001113,0.014653,0.999892,-23.934620,419.246735,115.388268
40,0.400000,0.000733,-0.001111,0.014695,0.999891,-23.929646,419.250336,115.387909
41,0.410000,0.000736,-0.001099,0.014713,0.999891,-23.928398,419.252136,115.391510
42,0.420000,0.000734,-0.001086,0.014733,0.999891,-23.928831,419.252625,115.391830
43,0.430000,0.000737,-0.001049,0.014722,0.999891,-23.935593,419.255707,115.397728
44,0.440000,0.000746,-0.001070,0.014767,0.999890,-23.943394,419.260681,115.395874
45,0.450000,0.000754,-0.001026,0.014740,0.999891,-23.950512,419.263947,115.397690
46,0.460000,0.000763,-0.001044,0.014750,0.999890,-23.951178,419.263885,115.397514
47,0.470000,0.000756,-0.001072,0.014734,0.999891,-23.946533,419.262238,115.398590
48,0.480000,0.000787,-0.001090,0.014770,0.999890,-23.933184,419.259338,115.405205
49,0.490000,0.000765,-0.001057,0.014730,0.999891,-23.913450,419.257477,115.406319
50,0.500000,0.000767,-0.001089,0.014732,0.999891,-23.892069,419.256592,115.412750
51,0.510000,,,,,,,
52,0.520000,0.000790,-0.001200,0.014791,0.999890,-23.837971,419.263031,115.418709
53,0.530000,0.000802,-0.001101,0.014574,0.999893,-23.805264,419.266998,115.419632
54,0.540000,0.000827,-0.001245,0.015106,0.999885,-23.764420,419.263916,115.420738
55,0.550000,0.000825,-0.001000,0.014797,0.999890,-23.714691,419.250549,115.420219
56,0.560000,0.000823,-0.000872,0.014700,0.999891,-23.656961,419.238403,115.420876
57,0.570000,0.000766,-0.001057,0.014727,0.999891,-23.593931,419.237061,115.421562
58,0.580000,0.000794,-0.001041,0.014743,0.999890,-23.549664,419.246948,115.424553
59,0.590000,0.000781,-0.001232,0.014897,0.999888,-23.483658,419.250427,115.426773
60,0.600000,0.000765,-0.001254,0.014903,0.999888,-23.424850,419.243317,115.427048
61,0.610000,0.000758,-0.001161,0.014564,0.999893,-23.352011,419.230957,115.430374
62,0.620000,0.000799,-0.001026,0.014756,0.999890,-23.268024,419.222290,115.429832
63,0.630000,0.000755,-0.000849,0.014638,0.999892,-23.202089,419.228699,115.436241
64,0.640000,,,,,,,
65,0.650000,0.000709,-0.001188,0.014821,0.999889,-23.036308,419.238159,115.443222
66,0.660000,0.000712,-0.001426,0.015287,0.999882,-22.950500,419.232117,115.447876
67,0.670000,0.000725,-0.001122,0.014877,0.999889,-22.837589,419.220947,115.455696
68,0.680000,0.000710,-0.001053,0.014754,0.999890,-22.743082,419.214752,115.459297
69,0.690000,0.000708,-0.001110,0.014714,0.999891,-22.643669,419.216064,115.455521
70,0.700000,0.000685,-0.001389,0.014925,0.999887,-22.543400,419.217926,115.457634
71,0.710000,0.000729,-0.001131,0.014825,0.999889,-22.432432,419.215332,115.462784
72,0.720000,0.000733,-0.000985,0.014644,0.999892,-22.309740,419.214020,115.470924
73,0.730000,0.000737,-0.000979,0.014528,0.999894,-22.189608,419.206696,115.482010
74,0.740000,0.000741,-0.001182,0.014498,0.999894,-22.075060,419.202271,115.492607
75,0.750000,0.000785,-0.000950,0.014526,0.999894,-21.923635,419.192749,115.502533
76,0.760000,,,,,,,
77,0.770000,,,,,,,
78,0.780000,0.000717,-0.001057,0.014701,0.999891,-21.524469,419.180573,115.525131
79,0.790000,,,,,,,
80,0.800000,0.000728,-0.001128,0.014497,0.999894,-21.291574,419.168915,115.523651
81,0.810000,0.000770,-0.001206,0.014554,0.999893,-21.116587,419.159821,115.531082
82,0.820000,0.000813,-0.000895,0.014246,0.999898,-21.001188,419.155243,115.539970
83,0.830000,0.000807,-0.001085,0.014353,0.999896,-20.872419,419.154388,115.544098
84,0.840000,,,,,,,
85,0.850000,0.000839,-0.000925,0.014325,0.999897,-20.627254,419.151123,115.547943
86,0.860000,0.000816,-0.000991,0.014374,0.999896,-20.521872,419.151367,115.554413
87,0.870000,,,,,,,
88,0.880000,0.000798,-0.000851,0.013996,0.999901,-20.320671,419.148987,115.569733
89,0.890000,0.000857,-0.000853,0.014097,0.999900,-20.172523,419.136475,115.582451
90,0.900000,0.000881,-0.000908,0.014201,0.999898,-20.085470,419.131256,115.589302
91,0.910000,0.000833,-0.001057,0.014279,0.999897,-19.989986,419.124603,115.591888
92,0.920000,0.000821,-0.000933,0.013927,0.999902,-19.883856,419.113190,115.600998
93,0.930000,0.000830,-0.000675,0.013560,0.999907,-19.802834,419.106079,115.600151
94,0.940000,0.000818,-0.000971,0.014176,0.999899,-19.720816,419.101654,115.600555
95,0.950000,0.000818,-0.001045,0.014221,0.999898,-19.662949,419.101013,115.605652
96,0.960000,0.000826,-0.001124,0.014360,0.999896,-19.597078,419.102234,115.612114
97,0.970000,0.000831,-0.001126,0.014355,0.999896,-19.534708,419.104004,115.617500
98,0.980000,0.000858,-0.000914,0.014180,0.999899,-19.470350,419.100067,115.621475
99,0.990000,0.000883,-0.000779,0.013671,0.999906,-19.383226,419.091583,115.635506
100,1.000000,0.000905,-0.000839,0.014116,0.999900,-19.310196,419.083862,115.642853
101,1.010000,0.000872,-0.001092,0.014227,0.999898,-19.239838,419.078857,115.644585
102,1.020000,0.000868,-0.001071,0.014165,0.999899,-19.178766,419.077179,115.646042
103,1.030000,0.000871,-0.001077,0.014156,0.999899,-19.124784,419.078796,115.652687
104,1.040000,0.000886,-0.000943,0.014055,0.999900,-19.049757,419.082336,115.648399
105,1.050000,0.000897,-0.000974,0.014014,0.999901,-18.976305,419.081360,115.651573
106,1.060000,0.000913,-0.000900,0.014092,0.999900,-18.897409,419.078033,115.653152
107,1.070000,0.000917,-0.000854,0.014014,0.999901,-18.818893,419.075165,115.656265
108,1.080000,0.000981,-0.000993,0.014127,0.999899,-18.748302,419.078217,115.653015
109,1.090000,0.000964,-0.001030,0.014126,0.999899,-18.683981,419.077209,115.649315
110,1.100000,0.000978,-0.000775,0.013920,0.999902,-18.624048,419.077179,115.649132
111,1.110000,0.000894,-0.000836,0.013963,0.999902,-18.576084,419.074890,115.650932
112,1.120000,0.000963,-0.000601,0.013505,0.999908,-18.521544,419.084595,115.653038
113,1.130000,0.000883,-0.000794,0.014055,0.999901,-18.475218,419.080688,115.658592
114,1.140000,0.000876,-0.000771,0.014029,0.999901,-18.448647,419.081512,115.659325
115,1.150000,0.000829,-0.000752,0.013991,0.999902,-18.422058,419.083313,115.656059
116,1.160000,0.000836,-0.000790,0.014040,0.999901,-18.405272,419.081390,115.652397
117,1.170000,0.000807,-0.000695,0.013910,0.999903,-18.385870,419.081818,115.652931
118,1.180000,0.000831,-0.000762,0.013949,0.999902,-18.375616,419.078888,115.650330
119,1.190000,0.000826,-0.000802,0.013944,0.999902,-18.364664,419.078186,115.653465
120,1.200000,0.000815,-0.000725,0.013847,0.999904,-18.357269,419.080963,115.657547
121,1.210000,0.000830,-0.000793,0.013939,0.999902,-18.358053,419.082428,115.658417
122,1.220000,0.000824,-0.000747,0.013934,0.999902,-18.355629,419.086975,115.661751
123,1.230000,0.000819,-0.000686,0.013944,0.999902,-18.354809,419.089111,115.662849
124,1.240000,0.000849,-0.000717,0.013924,0.999902,-18.343609,419.087158,115.670357
125,1.250000,0.000880,-0.000710,0.013927,0.999902,-18.329245,419.086548,115.678482
126,1.260000,0.000970,-0.000810,0.013984,0.999901,-18.304308,419.089935,115.683411
127,1.270000,0.001001,-0.000854,0.013992,0.999901,-18.278200,419.089935,115.690735
128,1.280000,0.001031,-0.000845,0.013975,0.999901,-18.242212,419.088989,115.700157
129,1.290000,-0.000249,-0.001500,0.016721,0.999859,-18.147367,419.101868,115.785469
130,1.300000,-0.000536,-0.002012,0.017055,0.999852,-18.104582,419.083771,115.781624
131,1.310000,0.000667,-0.001381,0.014356,0.999896,-18.121674,419.064880,115.697037
132,1.320000,0.000699,-0.001389,0.014290,0.999897,-18.091974,419.066742,115.694763
133,1.330000,0.000973,-0.000713,0.014056,0.999901,-18.063251,419.080017,115.707527
134,1.340000,0.000847,-0.000990,0.014169,0.999899,-18.008524,419.080200,115.693977
135,1.350000,0.000841,-0.000960,0.014156,0.999899,-17.960772,419.084076,115.688850
136,1.360000,0.000647,-0.001386,0.014416,0.999895,-17.879187,419.079651,115.674675
137,1.370000,0.000628,-0.001522,0.014444,0.999894,-17.790525,419.077423,115.674820
138,1.380000,0.000628,-0.001488,0.014391,0.999895,-17.717863,419.077881,115.675224
139,1.390000,0.000607,-0.001366,0.014166,0.999899,-17.621010,419.079712,115.672844
140,1.400000,0.000594,-0.001442,0.014553,0.999893,-17.518682,419.082367,115.670494
141,1.410000,0.000594,-0.001474,0.014558,0.999893,-17.429167,419.088593,115.668877
142,1.420000,0.000567,-0.001553,0.014509,0.999893,-17.320934,419.090271,115.668106
143,1.430000,0.000560,-0.001491,0.014461,0.999894,-17.236584,419.093842,115.670090
144,1.440000,0.000575,-0.001434,0.014610,0.999892,-17.118191,419.095062,115.676498
145,1.450000,0.000556,-0.001424,0.014533,0.999893,-17.018038,419.099304,115.680664
146,1.460000,0.000558,-0.001160,0.014210,0.999898,-16.916588,419.102722,115.688042
147,1.470000,0.000505,-0.001394,0.014318,0.999896,-16.783289,419.104980,115.693443
148,1.480000,0.000498,-0.001492,0.014525,0.999893,-16.641260,419.100555,115.702194
149,1.490000,0.000481,-0.001464,0.014520,0.999893,-16.512094,419.100220,115.708603
150,1.500000,0.000504,-0.001442,0.014270,0.999897,-16.350248,419.091309,115.720955
151,1.510000,0.000516,-0.001468,0.014475,0.999894,-16.205408,419.086639,115.725677
152,1.520000,0.000536,-0.001213,0.014142,0.999899,-16.023222,419.082489,115.728172
153,1.530000,0.001371,-0.001623,0.015103,0.999884,-15.834931,419.076721,115.666321
154,1.540000,0.000557,-0.001651,0.014681,0.999891,-15.697252,419.083740,115.727959
155,1.550000,0.000428,-0.001260,0.014251,0.999898,-15.514382,419.082764,115.744423
156,1.560000,0.000450,-0.001547,0.014559,0.999893,-15.325538,419.076263,115.754761
157,1.570000,0.000472,-0.001149,0.014039,0.999901,-15.153675,419.069214,115.769051
158,1.580000,0.000459,-0.001452,0.014621,0.999892,-14.990162,419.064545,115.777771
159,1.590000,0.000485,-0.001530,0.014538,0.999893,-14.856164,419.067230,115.784523
160,1.600000,-0.000778,-0.001994,0.017002,0.999853,-14.647846,419.082581,115.880447
161,1.610000,-0.000758,-0.001890,0.017238,0.999849,-14.592431,419.080536,115.891472
162,1.620000,0.000333,-0.001562,0.014918,0.999887,-14.492652,419.082092,115.824821
163,1.630000,0.000531,-0.001437,0.014439,0.999895,-14.387395,419.072968,115.811813
164,1.640000,0.000523,-0.001408,0.014250,0.999897,-14.301295,419.046906,115.812866
165,1.650000,0.000506,-0.001339,0.014062,0.999900,-14.218112,419.026978,115.819939
166,1.660000,0.000543,-0.001433,0.014432,0.999895,-14.140014,419.026855,115.825653
167,1.670000,0.000545,-0.001420,0.014763,0.999890,-14.120842,419.038361,115.828758
168,1.680000,0.000598,-0.001204,0.014361,0.999896,-14.054893,419.063599,115.836800
169,1.690000,0.000529,-0.001467,0.014486,0.999894,-14.010118,419.056580,115.837914
170,1.700000,0.000530,-0.001536,0.014612,0.999892,-14.004103,419.039886,115.834061
171,1.710000,0.000566,-0.001374,0.014370,0.999896,-13.976975,419.033722,115.831909
172,1.720000,0.000587,-0.001384,0.014456,0.999894,-13.976667,419.036041,115.834595
173,1.730000,0.000603,-0.001386,0.014376,0.999896,-13.961420,419.039337,115.840149
174,1.740000,0.000619,-0.001421,0.014446,0.999894,-13.952501,419.040070,115.842461
175,1.750000,0.000607,-0.001369,0.014377,0.999896,-13.943711,419.034393,115.848854
176,1.760000,0.000623,-0.001382,0.014379,0.999895,-13.932220,419.029663,115.856346
177,1.770000,0.000629,-0.001345,0.014315,0.999897,-13.927364,419.025696,115.860283
178,1.780000,0.000647,-0.001316,0.014299,0.999897,-13.924142,419.024475,115.860535
179,1.790000,0.000650,-0.001327,0.014336,0.999896,-13.926807,419.023590,115.862114
180,1.800000,0.000648,-0.001315,0.014326,0.999896,-13.928223,419.024872,115.860825
181,1.810000,0.000620,-0.001331,0.014338,0.999896,-13.929572,419.028015,115.854271
182,1.820000,0.000598,-0.001339,0.014313,0.999897,-13.928304,419.029053,115.848701
183,1.830000,0.000586,-0.001373,0.014322,0.999896,-13.926699,419.028564,115.844994
184,1.840000,0.000577,-0.001361,0.014324,0.999896,-13.922147,419.029968,115.843704
185,1.850000,0.000594,-0.001424,0.014280,0.999897,-13.905847,419.028992,115.844849
186,1.860000,0.000587,-0.001383,0.014272,0.999897,-13.894432,419.030701,115.849350
187,1.870000,0.000586,-0.001351,0.014217,0.999898,-13.879107,419.030609,115.855553
188,1.880000,0.000579,-0.001355,0.014226,0.999898,-13.866083,419.031189,115.855507
189,1.890000,0.000565,-0.001365,0.014177,0.999898,-13.854712,419.032867,115.851463
190,1.900000,0.000588,-0.001404,0.014205,0.999898,-13.851851,419.032715,115.849640
191,1.910000,0.000579,-0.001386,0.014201,0.999898,-13.846647,419.034058,115.849556
192,1.920000,0.000586,-0.001362,0.014223,0.999898,-13.838856,419.034210,115.847450
193,1.930000,0.000582,-0.001370,0.014252,0.999897,-13.827318,419.034485,115.847748
194,1.940000,0.000583,-0.001372,0.014232,0.999898,-13.815576,419.036469,115.852219
195,1.950000,0.000569,-0.001400,0.014256,0.999897,-13.801905,419.038940,115.854553
196,1.960000,0.000556,-0.001377,0.014242,0.999897,-13.790417,419.043060,115.851463
197,1.970000,0.000547,-0.001396,0.014253,0.999897,-13.776240,419.044403,115.847588
198,1.980000,0.000574,-0.001330,0.014207,0.999898,-13.764157,419.047546,115.844467
199,1.990000,0.000554,-0.001373,0.014216,0.999898,-13.750215,419.045532,115.845505
200,2.000000,0.000550,-0.001347,0.014149,0.999899,-13.728758,419.047516,115.850357
201,2.010000,0.000557,-0.001390,0.014228,0.999898,-13.711709,419.047211,115.855659
202,2.020000,0.000560,-0.001479,0.014667,0.999891,-13.688242,419.046326,115.861404
203,2.030000,0.000565,-0.001516,0.014762,0.999890,-13.668444,419.045227,115.862862
204,2.040000,0.000563,-0.001425,0.014541,0.999893,-13.647608,419.043854,115.860680
205,2.050000,0.000568,-0.001447,0.014532,0.999893,-13.634891,419.043091,115.858383
206,2.060000,0.000603,-0.001326,0.014424,0.999895,-13.627593,419.046173,115.854645
207,2.070000,0.000873,-0.000782,0.014085,0.999900,-13.636091,419.064911,115.866562
208,2.080000,0.000877,-0.000653,0.014045,0.999901,-13.631338,419.072968,115.862801
209,2.090000,0.000802,-0.000936,0.014240,0.999898,-13.613416,419.076233,115.854393
210,2.100000,0.000821,-0.000875,0.014213,0.999898,-13.606224,419.080261,115.854195
211,2.110000,0.000834,-0.000830,0.014161,0.999899,-13.591308,419.080688,115.858925
212,2.120000,0.000859,-0.000703,0.013981,0.999902,-13.563310,419.073822,115.864281
213,2.130000,-0.000374,-0.001489,0.016765,0.999858,-13.491129,419.085968,115.954720
214,2.140000,-0.000333,-0.001583,0.016741,0.999859,-13.462280,419.085602,115.959061
215,2.150000,-0.000412,-0.001647,0.016777,0.999858,-13.435245,419.080750,115.962898
216,2.160000,-0.000441,-0.001681,0.016686,0.999859,-13.399919,419.081573,115.964485
217,2.170000,-0.000463,-0.001615,0.016697,0.999859,-13.378812,419.083374,115.961868
218,2.180000,-0.000454,-0.001597,0.016663,0.999860,-13.355118,419.087524,115.961418
219,2.190000,-0.000470,-0.001581,0.016661,0.999860,-13.324028,419.090363,115.960976
220,2.200000,-0.000485,-0.001551,0.016603,0.999861,-13.296641,419.092285,115.959709
221,2.210000,-0.000518,-0.001510,0.016521,0.999862,-13.268933,419.091583,115.957939
222,2.220000,-0.000569,-0.001660,0.017106,0.999852,-13.229921,419.096405,115.958038
223,2.230000,-0.000565,-0.001597,0.017013,0.999854,-13.200462,419.099304,115.957268
224,2.240000,0.000561,-0.001088,0.014454,0.999895,-13.215597,419.084259,115.871864
225,2.250000,0.000608,-0.001068,0.014391,0.999896,-13.188072,419.085541,115.871109
226,2.260000,0.000584,-0.001073,0.014450,0.999895,-13.163116,419.087402,115.872749
227,2.270000,0.000626,-0.000765,0.014093,0.999900,-13.121852,419.086212,115.878090
228,2.280000,0.000627,-0.000722,0.014022,0.999901,-13.089431,419.086304,115.879700
229,2.290000,0.000610,-0.001113,0.014277,0.999897,-13.040271,419.086060,115.880463
230,2.300000,0.000619,-0.001077,0.014218,0.999898,-13.004675,419.085663,115.886154
231,2.310000,0.000624,-0.001142,0.014204,0.999898,-12.965974,419.082794,115.893478
232,2.320000,0.000626,-0.001119,0.014155,0.999899,-12.924718,419.080963,115.900253
233,2.330000,0.000606,-0.001122,0.014129,0.999899,-12.890849,419.079376,115.899445
234,2.340000,0.000609,-0.001191,0.014484,0.999894,-12.852212,419.076141,115.898911
235,2.350000,0.000618,-0.001251,0.014595,0.999893,-12.817123,419.075958,115.899780
236,2.360000,0.000606,-0.001272,0.014658,0.999892,-12.790736,419.078888,115.899345
237,2.370000,0.000590,-0.001160,0.014431,0.999895,-12.760338,419.080505,115.898476
238,2.380000,0.000579,-0.001161,0.014422,0.999895,-12.734603,419.081818,115.899750
239,2.390000,0.000638,-0.000842,0.014168,0.999899,-12.706054,419.082977,115.904366
240,2.400000,0.000632,-0.000748,0.014023,0.999901,-12.665836,419.083527,115.901588
241,2.410000,0.000614,-0.000648,0.013904,0.999903,-12.630440,419.083252,115.898552
242,2.420000,0.000577,-0.000839,0.013973,0.999902,-12.589642,419.078857,115.899742
243,2.430000,0.000574,-0.001026,0.014095,0.999900,-12.544505,419.077911,115.900116
244,2.440000,0.000543,-0.001097,0.014056,0.999900,-12.506451,419.075348,115.904015
245,2.450000,0.000478,-0.001262,0.014144,0.999899,-12.470465,419.073517,115.903076
246,2.460000,0.001321,-0.001356,0.014557,0.999892,-12.435249,419.068909,115.843933
247,2.470000,0.001289,-0.001355,0.014508,0.999893,-12.411501,419.064514,115.847343
248,2.480000,0.001343,-0.001500,0.015155,0.999883,-12.374687,419.055328,115.846291
249,2.490000,0.001351,-0.001513,0.015181,0.999883,-12.354575,419.056396,115.850349
250,2.500000,0.001347,-0.001500,0.015201,0.999882,-12.339000,419.061768,115.851921
251,2.510000,0.001339,-0.001396,0.014962,0.999886,-12.312690,419.065338,115.852188
252,2.520000,0.001348,-0.001394,0.014944,0.999887,-12.293519,419.062744,115.852104
253,2.530000,0.001365,-0.001165,0.014691,0.999891,-12.263783,419.056946,115.853294
254,2.540000,-0.000790,-0.001756,0.016993,0.999854,-12.197776,419.077362,116.001671
255,2.550000,-0.000795,-0.001740,0.016956,0.999854,-12.175968,419.075256,116.006027
256,2.560000,-0.000767,-0.001708,0.016930,0.999855,-12.151782,419.077454,116.012779
257,2.570000,-0.000800,-0.001635,0.016638,0.999860,-12.137443,419.100769,116.003502
258,2.580000,-0.000727,-0.001669,0.016863,0.999856,-12.111243,419.080231,116.025505
259,2.590000,-0.000715,-0.001668,0.016871,0.999856,-12.081805,419.076233,116.034363
260,2.600000,-0.000722,-0.001799,0.016938,0.999855,-12.054469,419.075836,116.035629
261,2.610000,-0.000731,-0.001926,0.016948,0.999854,-12.021348,419.074219,116.037132
262,2.620000,-0.000730,-0.001907,0.016908,0.999855,-11.996901,419.074432,116.036652
263,2.630000,-0.000746,-0.001950,0.016918,0.999855,-11.970598,419.074036,116.037834
264,2.640000,-0.000794,-0.002109,0.017496,0.999844,-11.925382,419.071106,116.045952
265,2.650000,-0.000797,-0.002145,0.017524,0.999844,-11.893340,419.073975,116.047211
266,2.660000,-0.000803,-0.002151,0.017570,0.999843,-11.865373,419.079773,116.050407
267,2.670000,0.000424,-0.001418,0.014677,0.999891,-11.872419,419.070221,115.966789
268,2.680000,0.000483,-0.001151,0.014393,0.999896,-11.833737,419.070923,115.961868
269,2.690000,0.000469,-0.001097,0.014314,0.999897,-11.799760,419.072754,115.959961
270,2.700000,0.000466,-0.001092,0.014305,0.999897,-11.761144,419.076263,115.959549
271,2.710000,0.000470,-0.001114,0.014314,0.999897,-11.719582,419.078918,115.962936
272,2.720000,0.000462,-0.001189,0.014346,0.999896,-11.655838,419.077667,115.966530
273,2.730000,0.000448,-0.001325,0.014250,0.999898,-11.583006,419.075623,115.972748
274,2.740000,0.000474,-0.001432,0.014703,0.999891,-11.520709,419.071381,115.978355
275,2.750000,0.000543,-0.001145,0.014364,0.999896,-11.429288,419.064514,115.990875
276,2.760000,0.000573,-0.001045,0.014223,0.999898,-11.350132,419.058990,116.000923
277,2.770000,0.000602,-0.000956,0.014111,0.999900,-11.270547,419.051331,116.012131
278,2.780000,0.000600,-0.001099,0.014399,0.999896,-11.182300,419.049469,116.016960
279,2.790000,0.000566,-0.001303,0.014582,0.999893,-11.112300,419.052643,116.015511
280,2.800000,-0.000711,-0.001833,0.017328,0.999848,-10.978475,419.077362,116.102409
281,2.810000,-0.000724,-0.001704,0.017074,0.999853,-10.897992,419.083771,116.101044
282,2.820000,-0.000735,-0.001656,0.016968,0.999854,-10.826169,419.076874,116.095810
283,2.830000,-0.000732,-0.001745,0.016901,0.999855,-10.730489,419.068542,116.092293
284,2.840000,-0.000769,-0.002095,0.017338,0.999847,-10.635012,419.061981,116.102409
285,2.850000,-0.000776,-0.002280,0.017491,0.999844,-10.558685,419.068237,116.103455
286,2.860000,0.000484,-0.001172,0.014343,0.999896,-10.519355,419.050262,116.020432
287,2.870000,0.000527,-0.001047,0.014202,0.999899,-10.450140,419.046631,116.024170
288,2.880000,0.000576,-0.001048,0.014159,0.999899,-10.369390,419.041809,116.035805
289,2.890000,0.000642,-0.001066,0.014315,0.999897,-10.280135,419.034943,116.046860
290,2.900000,0.000671,-0.001172,0.014353,0.999896,-10.220661,419.034027,116.054543
291,2.910000,0.000707,-0.001310,0.014602,0.999892,-10.141674,419.029816,116.063873
292,2.920000,0.000769,-0.000874,0.014023,0.999901,-10.067810,419.025543,116.072884
293,2.930000,0.000760,-0.000880,0.014022,0.999901,-10.007824,419.024597,116.074852
294,2.940000,0.000742,-0.000901,0.014005,0.999901,-9.954926,419.022308,116.074440
295,2.950000,0.000735,-0.000971,0.013989,0.999901,-9.907556,419.021606,116.078712
296,2.960000,0.000710,-0.001041,0.014067,0.999900,-9.850927,419.024384,116.077888
297,2.970000,0.000675,-0.001151,0.014011,0.999901,-9.795599,419.028961,116.079758
298,2.980000,-0.000475,-0.001821,0.016891,0.999856,-9.689115,419.048248,116.161575
299,2.990000,-0.000570,-0.001584,0.016798,0.999858,-9.611246,419.050873,116.174217
300,3.000000,-0.000582,-0.001556,0.016723,0.999859,-9.551544,419.050812,116.177818
301,3.010000,-0.000571,-0.001579,0.016725,0.999859,-9.495561,419.046906,116.181145
302,3.020000,-0.000565,-0.001622,0.016653,0.999860,-9.437678,419.045959,116.184402
303,3.030000,-0.000573,-0.001643,0.016661,0.999860,-9.386384,419.044800,116.187302
304,3.040000,-0.000570,-0.001723,0.016489,0.999862,-9.316082,419.042694,116.188271
305,3.050000,0.000602,-0.001025,0.014319,0.999897,-9.285850,419.027039,116.109741
306,3.060000,0.000645,-0.000854,0.013967,0.999902,-9.208039,419.022980,116.110283
307,3.070000,0.000639,-0.000893,0.014030,0.999901,-9.130043,419.021545,116.113159
308,3.080000,0.000603,-0.000935,0.014081,0.999900,-9.061809,419.024841,116.118279
309,3.090000,0.000610,-0.001022,0.014182,0.999899,-8.991820,419.026031,116.123497
310,3.100000,0.001549,-0.001203,0.015037,0.999885,-8.889955,419.016266,116.063416
311,3.110000,0.001562,-0.000971,0.014813,0.999889,-8.816792,419.011230,116.065002
312,3.120000,0.001526,-0.001082,0.014738,0.999890,-8.721844,419.007507,116.065216
313,3.130000,0.001525,-0.001146,0.014777,0.999889,-8.654777,419.012512,116.068405
314,3.140000,0.000733,-0.001110,0.014320,0.999897,-8.595399,419.023254,116.125153
315,3.150000,0.000689,-0.000963,0.014444,0.999895,-8.497695,419.014191,116.139534
316,3.160000,-0.000625,-0.001991,0.016983,0.999854,-8.318388,419.015900,116.262535
317,3.170000,-0.000639,-0.001542,0.016794,0.999858,-8.266609,419.019501,116.241264
318,3.180000,-0.000621,-0.001727,0.016836,0.999857,-8.181832,419.021484,116.243370
319,3.190000,-0.000621,-0.001751,0.016862,0.999856,-8.108675,419.025238,116.244263
320,3.200000,-0.000627,-0.001646,0.017150,0.999851,-8.004973,419.026215,116.248001
321,3.210000,0.000580,-0.000960,0.014304,0.999897,-7.963699,419.007812,116.161995
322,3.220000,0.000588,-0.000888,0.014089,0.999900,-7.887737,419.009491,116.158768
323,3.230000,0.000552,-0.001096,0.014170,0.999899,-7.798357,419.010803,116.156380
324,3.240000,0.000520,-0.001103,0.014171,0.999899,-7.735693,419.014801,116.151840
325,3.250000,0.000490,-0.001138,0.014150,0.999899,-7.676479,419.019073,116.147758
326,3.260000,0.000533,-0.000995,0.014419,0.999895,-7.608693,419.015198,116.149910
327,3.270000,0.000554,-0.000964,0.014366,0.999896,-7.570908,419.017090,116.158112
328,3.280000,0.000548,-0.001008,0.014317,0.999897,-7.521128,419.017365,116.167923
329,3.290000,0.000546,-0.000999,0.014319,0.999897,-7.487589,419.014618,116.170319
330,3.300000,0.000544,-0.000926,0.014146,0.999899,-7.456449,419.011627,116.173508
331,3.310000,0.000561,-0.000904,0.014054,0.999901,-7.425529,419.013763,116.179810
332,3.320000,0.000571,-0.000910,0.014090,0.999900,-7.402582,419.020813,116.180260
333,3.330000,0.000565,-0.001045,0.014170,0.999899,-7.366261,419.021637,116.180855
334,3.340000,0.000564,-0.001104,0.014226,0.999898,-7.330518,419.019318,116.186508
335,3.350000,0.000588,-0.001158,0.014259,0.999897,-7.289590,419.015015,116.196075
336,3.360000,0.000619,-0.001132,0.014145,0.999899,-7.241008,419.011536,116.205742
337,3.370000,0.000678,-0.000944,0.014355,0.999896,-7.179870,419.006744,116.214462
338,3.380000,0.000697,-0.000912,0.014288,0.999897,-7.139335,419.007874,116.223190
339,3.390000,-0.000555,-0.001579,0.017045,0.999853,-7.042810,419.027100,116.317116
340,3.400000,-0.000560,-0.001711,0.017006,0.999854,-6.984480,419.023926,116.319382
341,3.410000,-0.000567,-0.001562,0.016680,0.999860,-6.926485,419.014923,116.317047
342,3.420000,-0.000559,-0.001619,0.016633,0.999860,-6.878138,419.009796,116.313705
343,3.430000,-0.000571,-0.001734,0.016701,0.999859,-6.836902,419.012634,116.310226
344,3.440000,0.000572,-0.001236,0.014320,0.999897,-6.828730,419.003876,116.227715
345,3.450000,0.000633,-0.000928,0.013972,0.999902,-6.773080,419.007263,116.226852
346,3.460000,0.000644,-0.000965,0.014345,0.999897,-6.719436,419.005402,116.229164
347,3.470000,0.000659,-0.000951,0.014355,0.999896,-6.662198,419.006165,116.233086
348,3.480000,0.000622,-0.001059,0.014339,0.999897,-6.601953,419.002441,116.230469
349,3.490000,0.000620,-0.000956,0.014111,0.999900,-6.548877,418.999786,116.232071
350,3.500000,0.000606,-0.000956,0.014113,0.999900,-6.504714,419.001343,116.234070
351,3.510000,0.000615,-0.000978,0.014166,0.999899,-6.465142,419.008484,116.237106
352,3.520000,0.000581,-0.001120,0.014280,0.999897,-6.409459,419.019348,116.238014
353,3.530000,0.000603,-0.000856,0.013951,0.999902,-6.352136,419.018524,116.242516
354,3.540000,0.000610,-0.000949,0.014315,0.999897,-6.291055,419.011749,116.248329
355,3.550000,0.000600,-0.000936,0.014232,0.999898,-6.225667,419.005432,116.252777
356,3.560000,0.000579,-0.000926,0.014006,0.999901,-6.151336,419.002350,116.254631
357,3.570000,0.000571,-0.000961,0.014002,0.999901,-6.094232,419.007263,116.256790
358,3.580000,0.000581,-0.000979,0.014046,0.999901,-6.032585,419.012085,116.257431
359,3.590000,0.000577,-0.000869,0.013871,0.999903,-5.957358,419.010925,116.259056
360,3.600000,0.000582,-0.001021,0.014298,0.999897,-5.858047,419.007324,116.260040
361,3.610000,-0.000674,-0.001713,0.017013,0.999854,-5.731474,419.025909,116.345070
362,3.620000,-0.000665,-0.001663,0.016779,0.999858,-5.645444,419.027802,116.353333
363,3.630000,-0.000637,-0.001728,0.016747,0.999858,-5.550801,419.030579,116.355812
364,3.640000,0.001441,-0.000877,0.014357,0.999896,-5.501207,419.007629,116.222542
365,3.650000,0.001512,-0.001101,0.014939,0.999887,-5.401974,419.002075,116.233459
366,3.660000,0.001500,-0.001213,0.014952,0.999886,-5.312680,419.002838,116.244728
367,3.670000,0.001498,-0.001236,0.014717,0.999890,-5.224410,419.000366,116.255508
368,3.680000,0.000649,-0.001156,0.014151,0.999899,-5.138128,419.003082,116.319107
369,3.690000,0.000628,-0.000910,0.013784,0.999904,-5.039879,418.995667,116.319305
370,3.700000,0.000623,-0.001089,0.014257,0.999898,-4.952863,418.995972,116.321304
371,3.710000,0.000628,-0.001208,0.014415,0.999895,-4.856692,418.998749,116.329979
372,3.720000,0.000642,-0.001155,0.014213,0.999898,-4.762675,418.994873,116.338692
373,3.730000,0.000663,-0.000941,0.013921,0.999902,-4.663230,418.987213,116.342606
374,3.740000,0.000682,-0.000887,0.014120,0.999900,-4.565706,418.985321,116.347870
375,3.750000,0.000665,-0.001052,0.014209,0.999898,-4.483626,418.982849,116.348885
376,3.760000,0.000658,-0.001056,0.014085,0.999900,-4.390111,418.980835,116.350815
377,3.770000,0.000690,-0.000884,0.013919,0.999903,-4.302415,418.977753,116.359688
378,3.780000,0.000733,-0.001109,0.013655,0.999906,-4.202282,418.969666,116.392365
379,3.790000,0.000732,-0.000900,0.014057,0.999901,-4.146833,418.974548,116.383759
380,3.800000,0.000750,-0.000948,0.014135,0.999899,-4.086225,418.972900,116.393311
381,3.810000,0.000739,-0.001120,0.014250,0.999898,-4.023557,418.971802,116.405304
382,3.820000,0.000749,-0.001249,0.014402,0.999895,-3.971620,418.973663,116.412216
383,3.830000,0.000759,-0.001202,0.014324,0.999896,-3.926279,418.976074,116.419579
384,3.840000,0.000751,-0.001206,0.014377,0.999896,-3.879113,418.980865,116.425400
385,3.850000,0.000796,-0.000943,0.014095,0.999900,-3.826497,418.979889,116.429520
386,3.860000,0.000764,-0.000949,0.014000,0.999901,-3.782297,418.979340,116.430107
387,3.870000,0.000757,-0.000897,0.013859,0.999903,-3.731906,418.974884,116.431664
388,3.880000,0.000780,-0.000977,0.014261,0.999898,-3.673340,418.969696,116.436890
389,3.890000,0.000775,-0.000965,0.014252,0.999898,-3.620151,418.968170,116.440895
390,3.900000,0.000765,-0.001130,0.014353,0.999896,-3.558239,418.968445,116.444008
391,3.910000,0.000789,-0.001257,0.014490,0.999894,-3.504790,418.976074,116.450470
392,3.920000,0.000847,-0.000949,0.014079,0.999900,-3.422249,418.977356,116.458580
393,3.930000,0.000867,-0.000996,0.014264,0.999897,-3.336234,418.970734,116.466171
394,3.940000,0.000831,-0.001068,0.014216,0.999898,-3.258167,418.965698,116.464729
395,3.950000,0.000817,-0.001046,0.014188,0.999899,-3.171574,418.966583,116.465614
396,3.960000,0.000786,-0.001123,0.014351,0.999896,-3.086617,418.974518,116.467705
397,3.970000,0.000795,-0.001025,0.014099,0.999900,-2.976966,418.973938,116.471504
398,3.980000,0.000780,-0.001149,0.014317,0.999897,-2.863031,418.969696,116.472763
399,3.990000,0.000760,-0.001118,0.014278,0.999897,-2.772545,418.968353,116.476562
400,4.000000,0.000720,-0.001162,0.014421,0.999895,-2.664432,418.967316,116.479233
401,4.010000,0.000723,-0.001007,0.014067,0.999900,-2.533035,418.963623,116.481430
402,4.020000,0.000708,-0.001125,0.014411,0.999895,-2.430173,418.964844,116.482994
403,4.030000,0.000568,-0.001804,0.015663,0.999876,-2.333607,418.995605,116.461029
404,4.040000,0.000569,-0.001711,0.015513,0.999878,-2.194978,418.998199,116.463173
405,4.050000,0.000549,-0.001753,0.015828,0.999873,-2.049467,418.998016,116.461784
406,4.060000,0.001380,-0.001927,0.016369,0.999863,-1.887079,418.990662,116.399292
407,4.070000,0.000628,-0.001491,0.015449,0.999879,-1.747569,418.992981,116.467392
408,4.080000,0.000531,-0.001719,0.015476,0.999879,-1.534748,418.991425,116.492012
409,4.090000,0.000552,-0.001424,0.015105,0.999885,-1.354361,418.986328,116.501030
410,4.100000,0.000583,-0.001611,0.015355,0.999881,-1.175271,418.988098,116.512802
411,4.110000,-0.000610,-0.002164,0.017647,0.999842,-0.925509,419.007202,116.612907
412,4.120000,0.000569,-0.001289,0.015058,0.999886,-0.765476,418.984070,116.533928
413,4.130000,0.000595,-0.001416,0.014822,0.999889,-0.561733,418.980286,116.533394
414,4.140000,0.000634,-0.001097,0.014796,0.999890,-0.352322,418.976105,116.541382
415,4.150000,0.000621,-0.001482,0.014910,0.999888,-0.147533,418.977661,116.550713
416,4.160000,0.000668,-0.001035,0.014375,0.999896,0.089812,418.974792,116.566498
417,4.170000,0.000670,-0.001210,0.014637,0.999892,0.329273,418.965302,116.584015
418,4.180000,0.000673,-0.001020,0.014294,0.999897,0.521233,418.962402,116.599915
419,4.190000,0.000649,-0.001185,0.014517,0.999894,0.787633,418.950470,116.613922
420,4.200000,0.000665,-0.001061,0.014570,0.999893,1.019021,418.942139,116.617844
421,4.210000,0.000700,-0.000983,0.014162,0.999899,1.259400,418.929596,116.629639
422,4.220000,0.000887,-0.001330,0.015539,0.999878,1.492422,418.921326,116.625648
423,4.230000,-0.000367,-0.001699,0.016546,0.999862,1.717224,418.929504,116.714661
424,4.240000,0.000639,-0.001117,0.014432,0.999895,1.899119,418.918427,116.650826
425,4.250000,0.000659,-0.001004,0.014031,0.999901,2.104359,418.916504,116.660660
426,4.260000,0.000627,-0.001027,0.013895,0.999903,2.268693,418.918152,116.671135
427,4.270000,0.000654,-0.000757,0.013903,0.999903,2.479871,418.910736,116.679146
428,4.280000,0.000627,-0.000963,0.013791,0.999904,2.668638,418.902740,116.683556
429,4.290000,-0.000540,-0.001517,0.016480,0.999863,2.893549,418.909637,116.779053
430,4.300000,-0.000480,-0.001501,0.016254,0.999867,3.065954,418.907196,116.788803
431,4.310000,0.000548,-0.001259,0.014543,0.999893,3.190153,418.897156,116.726021
432,4.320000,0.000694,-0.000857,0.013907,0.999903,3.369286,418.896149,116.725594
433,4.330000,0.000665,-0.001017,0.013879,0.999903,3.537593,418.893707,116.735542
434,4.340000,0.000694,-0.000955,0.013954,0.999902,3.686599,418.881165,116.746643
435,4.350000,0.000714,-0.000830,0.013761,0.999905,3.844934,418.865662,116.761948
436,4.360000,0.000707,-0.000957,0.013521,0.999908,3.997109,418.848663,116.777824
437,4.370000,-0.000437,-0.001442,0.015904,0.999872,4.196738,418.832031,116.863243
438,4.380000,-0.000432,-0.001467,0.015881,0.999873,4.313651,418.823517,116.877876
439,4.390000,-0.000419,-0.001536,0.015823,0.999874,4.417637,418.835602,116.892593
440,4.400000,-0.000466,-0.001849,0.016413,0.999864,4.534642,418.840698,116.902420
441,4.410000,0.000716,-0.001036,0.013775,0.999904,4.590627,418.830811,116.827454
442,4.420000,0.000735,-0.000994,0.013741,0.999905,4.669973,418.836334,116.830345
443,4.430000,0.000701,-0.001003,0.013805,0.999904,4.766109,418.835419,116.830765
444,4.440000,0.000696,-0.001066,0.013905,0.999903,4.875075,418.831482,116.828606
445,4.450000,0.000691,-0.001000,0.013729,0.999905,4.981937,418.826782,116.826851
446,4.460000,0.000655,-0.000991,0.013723,0.999905,5.074336,418.826477,116.826912
447,4.470000,0.000597,-0.001015,0.013658,0.999906,5.163143,418.833862,116.814583
448,4.480000,0.000657,-0.001175,0.014012,0.999901,5.277475,418.838867,116.829308
449,4.490000,-0.000509,-0.001616,0.016235,0.999867,5.423739,418.853973,116.913620
450,4.500000,-0.000519,-0.001627,0.016153,0.999868,5.513410,418.854797,116.916473
451,4.510000,-0.000521,-0.001637,0.016101,0.999869,5.623921,418.859741,116.919983
452,4.520000,-0.000524,-0.001672,0.016208,0.999867,5.715032,418.859131,116.925629
453,4.530000,-0.000547,-0.001498,0.016150,0.999868,5.837128,418.855499,116.930519
454,4.540000,0.000635,-0.000963,0.013724,0.999905,5.893911,418.837189,116.856674
455,4.550000,0.000653,-0.001053,0.013778,0.999904,5.982075,418.838287,116.861206
456,4.560000,0.000661,-0.001090,0.013831,0.999904,6.087617,418.837311,116.866737
457,4.570000,0.000708,-0.000942,0.013707,0.999905,6.216165,418.833862,116.874054
458,4.580000,0.000691,-0.000998,0.013734,0.999905,6.310870,418.830902,116.882027
459,4.590000,0.000665,-0.001133,0.013901,0.999903,6.429976,418.833099,116.889702
460,4.600000,0.000614,-0.001185,0.014015,0.999901,6.541239,418.840057,116.892853
461,4.610000,-0.000502,-0.001564,0.016187,0.999868,6.734770,418.856628,116.978668
462,4.620000,-0.000508,-0.001639,0.016174,0.999868,6.869746,418.853577,116.985207
463,4.630000,0.000498,-0.001257,0.014142,0.999899,6.959958,418.833771,116.919106
464,4.640000,0.000681,-0.000965,0.013783,0.999904,7.149242,418.820984,116.919579
465,4.650000,0.000590,-0.001047,0.013679,0.999906,7.307256,418.826141,116.911331
466,4.660000,0.000664,-0.000929,0.013586,0.999907,7.451144,418.822784,116.929665
467,4.670000,0.000675,-0.000948,0.013791,0.999904,7.641462,418.820923,116.941879
468,4.680000,0.001476,-0.001368,0.014585,0.999892,7.816456,418.814270,116.890945
469,4.690000,-0.000480,-0.001590,0.016272,0.999866,8.038533,418.827362,117.044792
470,4.700000,-0.000455,-0.001564,0.016063,0.999870,8.199904,418.823578,117.057571
471,4.710000,0.000595,-0.000963,0.014068,0.999900,8.327026,418.806732,116.998932
472,4.720000,0.000694,-0.001029,0.013767,0.999905,8.511742,418.798401,116.999641
473,4.730000,0.000702,-0.000937,0.013525,0.999908,8.679117,418.789307,117.007416
474,4.740000,0.000712,-0.001052,0.013793,0.999904,8.837580,418.777863,117.012115
475,4.750000,0.000749,-0.001020,0.013574,0.999907,9.023468,418.763214,117.023346
476,4.760000,0.000755,-0.000781,0.013099,0.999914,9.192149,418.754425,117.030212
477,4.770000,-0.000347,-0.001517,0.015803,0.999874,9.387779,418.763855,117.116837
478,4.780000,-0.000319,-0.001554,0.015693,0.999876,9.522631,418.766510,117.125687
479,4.790000,0.000636,-0.000778,0.013241,0.999912,9.624516,418.763824,117.050079
480,4.800000,0.000773,-0.000820,0.013404,0.999910,9.773557,418.768158,117.046021
481,4.810000,0.000788,-0.001032,0.013573,0.999907,9.899667,418.764740,117.064232
482,4.820000,0.000776,-0.000749,0.013301,0.999911,10.014469,418.761169,117.071342
483,4.830000,0.000771,-0.000923,0.013616,0.999907,10.158297,418.754242,117.080009
484,4.840000,0.000781,-0.001094,0.013611,0.999907,10.275878,418.752350,117.093315
485,4.850000,0.000821,-0.000839,0.013303,0.999911,10.394156,418.745270,117.113075
486,4.860000,-0.000261,-0.001201,0.015218,0.999884,10.541767,418.757385,117.205452
487,4.870000,-0.000274,-0.001488,0.015753,0.999875,10.651294,418.752014,117.216293
488,4.880000,0.000838,-0.001424,0.013521,0.999907,10.762789,418.726196,117.164062
489,4.890000,0.000891,-0.001173,0.013133,0.999913,10.879067,418.724487,117.169144
490,4.900000,0.000851,-0.000791,0.012977,0.999915,10.940268,418.739990,117.144104
491,4.910000,0.000837,-0.001017,0.013557,0.999907,11.053080,418.742157,117.138763
492,4.920000,0.000775,-0.001210,0.013629,0.999906,11.158919,418.742371,117.135208
493,4.930000,0.000779,-0.000919,0.013253,0.999912,11.269331,418.737427,117.140701
494,4.940000,0.000736,-0.000810,0.013059,0.999914,11.367661,418.739197,117.147255
495,4.950000,0.000733,-0.001040,0.013542,0.999907,11.461538,418.737701,117.151764
496,4.960000,0.000752,-0.001227,0.013661,0.999906,11.566648,418.740265,117.162125
497,4.970000,-0.000331,-0.001577,0.015571,0.999877,11.717798,418.751251,117.251038
498,4.980000,-0.000357,-0.001597,0.015930,0.999872,11.806995,418.748352,117.259445
499,4.990000,-0.000405,-0.001374,0.015506,0.999879,11.921578,418.753693,117.248062
500,5.000000,-0.000402,-0.001570,0.015594,0.999877,12.013603,418.751434,117.256378
501,5.010000,-0.000385,-0.001476,0.015402,0.999880,12.114715,418.752625,117.260895
502,5.020000,0.000711,-0.000983,0.013478,0.999908,12.173871,418.740570,117.185455
503,5.030000,0.000751,-0.000953,0.013450,0.999909,12.247946,418.742432,117.192078
504,5.040000,0.000782,-0.001005,0.013482,0.999908,12.343905,418.742798,117.195885
505,5.050000,0.000793,-0.000957,0.013368,0.999910,12.452924,418.741882,117.202644
506,5.060000,0.000781,-0.001058,0.013456,0.999909,12.554689,418.744629,117.205750
507,5.070000,0.000773,-0.001145,0.013721,0.999905,12.689518,418.743988,117.211769
508,5.080000,0.000765,-0.001140,0.013662,0.999906,12.807104,418.747406,117.217819
509,5.090000,0.000732,-0.000909,0.013188,0.999912,12.960319,418.729858,117.217438
510,5.100000,-0.000351,-0.001748,0.016021,0.999870,13.135238,418.759705,117.305588
511,5.110000,-0.000352,-0.001622,0.015786,0.999874,13.255157,418.761902,117.310249
512,5.120000,-0.000376,-0.001396,0.015506,0.999879,13.419204,418.759155,117.315956
513,5.130000,0.000705,-0.001189,0.013792,0.999904,13.533820,418.744324,117.250076
514,5.140000,0.000750,-0.000976,0.013454,0.999909,13.662770,418.738708,117.254753
515,5.150000,0.000713,-0.000961,0.013408,0.999909,13.826517,418.736298,117.263329
516,5.160000,0.000720,-0.001219,0.013715,0.999905,13.994184,418.740051,117.267441
517,5.170000,0.000676,-0.000857,0.013267,0.999911,14.150046,418.741180,117.268135
518,5.180000,-0.000555,-0.001355,0.015580,0.999878,14.360387,418.730103,117.342506
519,5.190000,-0.000448,-0.001634,0.015680,0.999876,14.512259,418.749908,117.364006
520,5.200000,-0.000348,-0.001424,0.015477,0.999879,14.697868,418.739471,117.388924
521,5.210000,0.000730,-0.001261,0.013649,0.999906,14.854688,418.719574,117.323692
522,5.220000,0.000800,-0.000946,0.013317,0.999911,15.021276,418.711212,117.333328
523,5.230000,0.000773,-0.001024,0.013294,0.999911,15.211875,418.710388,117.341362
524,5.240000,0.000794,-0.000983,0.013472,0.999908,15.412430,418.706512,117.358932
525,5.250000,0.000777,-0.000887,0.013257,0.999911,15.579965,418.708710,117.368843
526,5.260000,0.000795,-0.000954,0.013485,0.999908,15.778838,418.703156,117.372574
527,5.270000,0.000790,-0.000953,0.013436,0.999909,15.932322,418.700653,117.377151
528,5.280000,0.000784,-0.001203,0.013923,0.999902,16.123318,418.700226,117.381561
529,5.290000,0.000706,-0.000992,0.013361,0.999910,16.316877,418.700348,117.376740
530,5.300000,0.000705,-0.000942,0.013235,0.999912,16.459589,418.699097,117.386932
531,5.310000,0.000731,-0.000811,0.013180,0.999913,16.666437,418.694305,117.407173
532,5.320000,0.000689,-0.000844,0.013052,0.999914,16.827875,418.692993,117.421463
533,5.330000,-0.000344,-0.001449,0.015661,0.999876,17.029758,418.699738,117.527000
534,5.340000,-0.000310,-0.001446,0.015366,0.999881,17.198141,418.694702,117.533813
535,5.350000,-0.000264,-0.001647,0.015438,0.999879,17.341576,418.696381,117.536903
536,5.360000,0.000874,-0.001003,0.013489,0.999908,17.496916,418.688782,117.473572
537,5.370000,0.000887,-0.001136,0.013431,0.999909,17.670565,418.684998,117.491379
538,5.380000,0.000881,-0.000945,0.013392,0.999910,17.840166,418.663147,117.507126
539,5.390000,0.000865,-0.000927,0.013092,0.999914,18.052528,418.647980,117.526726
540,5.400000,-0.000105,-0.001433,0.015095,0.999885,18.268551,418.658569,117.623894
541,5.410000,-0.000102,-0.001297,0.015036,0.999886,18.472294,418.640442,117.644310
542,5.420000,0.001026,-0.001212,0.013451,0.999908,18.626728,418.615387,117.582253
543,5.430000,0.001050,-0.000887,0.013047,0.999914,18.795233,418.607849,117.588188
544,5.440000,0.001011,-0.001070,0.013136,0.999913,18.998514,418.602509,117.596039
545,5.450000,0.001005,-0.000880,0.013091,0.999913,19.191038,418.602173,117.604721
546,5.460000,0.000988,-0.000936,0.013000,0.999915,19.354750,418.606445,117.603233
547,5.470000,-0.000085,-0.001465,0.015262,0.999883,19.603996,418.620453,117.681114
548,5.480000,-0.000085,-0.001473,0.015069,0.999885,19.784925,418.625153,117.685402
549,5.490000,-0.000161,-0.001561,0.015377,0.999881,19.987749,418.621643,117.700623
550,5.500000,0.000936,-0.000970,0.013012,0.999915,20.135323,418.604736,117.634109
551,5.510000,0.000974,-0.000911,0.013135,0.999913,20.323824,418.597565,117.642357
552,5.520000,0.000926,-0.000816,0.012799,0.999917,20.553551,418.580566,117.649391
553,5.530000,0.000998,-0.000911,0.013228,0.999912,20.756935,418.592804,117.668671
554,5.540000,-0.000026,-0.001400,0.014762,0.999890,20.983421,418.608826,117.734482
555,5.550000,-0.000061,-0.001388,0.014884,0.999888,21.200239,418.600983,117.762787
556,5.560000,0.000980,-0.001003,0.013059,0.999914,21.372540,418.582672,117.698029
557,5.570000,0.000961,-0.000707,0.012421,0.999922,21.580778,418.562836,117.699989
558,5.580000,0.001776,-0.000935,0.013263,0.999910,21.804125,418.548248,117.647934
559,5.590000,0.001035,-0.000837,0.012802,0.999917,21.965349,418.565735,117.712502
560,5.600000,0.000938,-0.000986,0.013142,0.999913,22.194847,418.558685,117.731018
561,5.610000,0.000968,-0.000924,0.012844,0.999917,22.401949,418.552124,117.743919
562,5.620000,0.000010,-0.001373,0.014831,0.999889,22.621384,418.559448,117.818069
563,5.630000,0.000945,-0.000999,0.012845,0.999917,22.825584,418.547516,117.760445
564,5.640000,0.000900,-0.000962,0.012878,0.999916,23.046793,418.548218,117.755310
565,5.650000,0.000944,-0.000881,0.012677,0.999919,23.269287,418.540924,117.779480
566,5.660000,0.000903,-0.001125,0.013162,0.999912,23.502665,418.537537,117.787636
567,5.670000,0.000924,-0.000954,0.012708,0.999918,23.722134,418.529388,117.791229
568,5.680000,0.000937,-0.001044,0.012787,0.999917,23.988203,418.523804,117.807037
569,5.690000,0.000931,-0.000999,0.012445,0.999922,24.237309,418.522003,117.819496
570,5.700000,0.000956,-0.000759,0.012407,0.999922,24.466196,418.512543,117.832520
571,5.710000,0.000923,-0.001120,0.012860,0.999916,24.757854,418.500610,117.840034
572,5.720000,-0.000156,-0.001043,0.014003,0.999901,25.055046,418.498047,117.918686
573,5.730000,0.000951,-0.000561,0.011965,0.999928,25.307728,418.447388,117.866493
574,5.740000,0.001056,-0.000715,0.012319,0.999923,25.580189,418.447357,117.879761
575,5.750000,0.001002,-0.000518,0.011876,0.999929,25.837740,418.435516,117.885513
576,5.760000,0.000960,-0.000519,0.011784,0.999930,26.158203,418.421875,117.893959
577,5.770000,-0.000094,-0.001191,0.014121,0.999900,26.462471,418.422394,117.977837
578,5.780000,-0.000074,-0.001030,0.013703,0.999906,26.713915,418.414185,117.979347
579,5.790000,0.000931,-0.000565,0.011673,0.999931,26.991901,418.405548,117.910217
580,5.800000,0.000711,-0.000465,0.012155,0.999926,27.228193,418.424072,117.852081
581,5.810000,0.000904,-0.000480,0.011693,0.999931,27.519125,418.413849,117.927887
582,5.820000,-0.000085,-0.000894,0.013721,0.999905,27.825293,418.426422,118.015305
583,5.830000,-0.000141,-0.001151,0.014096,0.999900,28.079338,418.423889,118.029816
584,5.840000,0.000917,-0.000586,0.011884,0.999929,28.351736,418.405151,117.973579
585,5.850000,0.000974,-0.000536,0.011950,0.999928,28.627159,418.395142,117.988350
586,5.860000,0.000802,-0.000533,0.011629,0.999932,28.895573,418.364227,117.978012
587,5.870000,-0.000311,-0.000534,0.013313,0.999911,29.202650,418.385223,118.014297
588,5.880000,-0.000111,-0.001012,0.013833,0.999904,29.491026,418.384094,118.103699
589,5.890000,0.000885,-0.000659,0.011753,0.999930,29.716623,418.374268,118.041580
590,5.900000,0.000847,-0.000902,0.012050,0.999927,30.003254,418.382019,118.030785
591,5.910000,0.000880,-0.000591,0.011898,0.999929,30.242643,418.384125,118.052223
592,5.920000,-0.000131,-0.001074,0.013692,0.999906,30.554335,418.392914,118.139542
593,5.930000,-0.000101,-0.001164,0.013929,0.999902,30.833513,418.385406,118.159409
594,5.940000,-0.000110,-0.000817,0.013108,0.999914,31.076393,418.378113,118.167679
595,5.950000,0.000918,-0.000666,0.011802,0.999930,31.323296,418.366699,118.124214
596,5.960000,0.000943,-0.000578,0.011870,0.999929,31.583879,418.365692,118.131432
597,5.970000,0.000840,-0.000956,0.011955,0.999928,31.838417,418.369507,118.118401
598,5.980000,-0.000116,-0.001186,0.013816,0.999904,32.093338,418.378204,118.223320
599,5.990000,-0.000167,-0.001053,0.013531,0.999908,32.291237,418.382080,118.226692
600,6.000000,-0.000193,-0.001146,0.013713,0.999905,32.525276,418.382538,118.236458
601,6.010000,0.000808,-0.000445,0.011347,0.999935,32.686737,418.361053,118.164581
602,6.020000,0.000837,-0.000427,0.011621,0.999932,32.845612,418.371887,118.176590
603,6.030000,0.000874,-0.000811,0.012179,0.999925,33.015175,418.405029,118.191345
604,6.040000,0.000905,-0.000692,0.012236,0.999925,33.186157,418.399902,118.208961
605,6.050000,0.001649,-0.000868,0.012808,0.999916,33.362740,418.415192,118.142014
606,6.060000,0.001613,-0.000720,0.012541,0.999920,33.521721,418.412415,118.150864
607,6.070000,0.001670,-0.000699,0.012547,0.999920,33.666470,418.394348,118.155853
608,6.080000,0.000199,-0.000429,0.010651,0.999943,33.786663,418.464294,118.231750
609,6.090000,0.000660,-0.000602,0.011777,0.999930,33.967133,418.428162,118.229118
610,6.100000,0.000708,-0.000678,0.012191,0.999925,34.090179,418.433960,118.231178
611,6.110000,0.000564,-0.000624,0.012286,0.999924,34.218639,418.455231,118.170593
612,6.120000,0.000563,-0.000246,0.011883,0.999929,34.329098,418.462555,118.174911
613,6.130000,0.000747,-0.000490,0.011756,0.999931,34.445419,418.452393,118.244164
614,6.140000,0.000718,-0.000688,0.012218,0.999925,34.535023,418.455231,118.240707
615,6.150000,0.000704,-0.000696,0.012221,0.999925,34.591293,418.462524,118.242752
616,6.160000,0.000665,-0.000793,0.012248,0.999925,34.645588,418.474457,118.243820
617,6.170000,-0.000361,-0.001235,0.014042,0.999901,34.704479,418.501740,118.310768
618,6.180000,-0.000445,-0.001615,0.014377,0.999895,34.724083,418.518341,118.287415
619,6.190000,-0.000408,-0.001236,0.014195,0.999898,34.712875,418.534943,118.297516
620,6.200000,0.000434,-0.001213,0.012733,0.999918,34.686089,418.538055,118.211670
621,6.210000,-0.000430,-0.001294,0.014271,0.999897,34.695930,418.548615,118.296631
622,6.220000,0.000509,-0.000842,0.012507,0.999921,34.656467,418.539459,118.230728
623,6.230000,0.000535,-0.000880,0.012595,0.999920,34.647774,418.546692,118.228714
624,6.240000,0.000547,-0.000786,0.012681,0.999919,34.623096,418.557892,118.230553
625,6.250000,0.000547,-0.000791,0.012750,0.999918,34.609592,418.566315,118.225952
626,6.260000,0.000568,-0.000773,0.012728,0.999919,34.602089,418.571381,118.226242
627,6.270000,0.000570,-0.000798,0.012757,0.999918,34.592907,418.573822,118.220695
628,6.280000,0.000579,-0.000806,0.012794,0.999918,34.589622,418.578064,118.221771
629,6.290000,-0.000397,-0.001233,0.014475,0.999894,34.618858,418.588165,118.290215
630,6.300000,0.000496,-0.000807,0.012745,0.999918,34.589611,418.583099,118.214462
631,6.310000,0.000521,-0.000807,0.012724,0.999919,34.592220,418.589722,118.209854
632,6.320000,0.000506,-0.000801,0.012722,0.999919,34.587318,418.590240,118.201500
633,6.330000,0.000488,-0.000807,0.012744,0.999918,34.581074,418.591980,118.197601
634,6.340000,0.000499,-0.000787,0.012743,0.999918,34.576927,418.598480,118.196182
635,6.350000,0.000476,-0.000793,0.012822,0.999917,34.568863,418.605713,118.194130
636,6.360000,0.000470,-0.000819,0.012879,0.999917,34.563808,418.613525,118.193810
637,6.370000,0.000471,-0.000796,0.012897,0.999916,34.556515,418.619904,118.195786
638,6.380000,0.000471,-0.000745,0.012851,0.999917,34.553215,418.624512,118.192383
639,6.390000,0.000496,-0.000717,0.012869,0.999917,34.544613,418.624146,118.194290
640,6.400000,0.000492,-0.000711,0.012887,0.999917,34.538189,418.626434,118.195534
641,6.410000,0.000505,-0.000730,0.012931,0.999916,34.532829,418.630615,118.201599
642,6.420000,0.000511,-0.000686,0.012894,0.999917,34.528927,418.629333,118.199234
643,6.430000,0.000519,-0.000662,0.012875,0.999917,34.524273,418.633728,118.197945
644,6.440000,0.000533,-0.000629,0.012850,0.999917,34.515545,418.639923,118.194740
645,6.450000,0.000505,-0.000636,0.012910,0.999916,34.503387,418.645447,118.190689
646,6.460000,0.000497,-0.000679,0.013024,0.999915,34.488495,418.652252,118.184837
647,6.470000,0.000506,-0.000576,0.012949,0.999916,34.473961,418.660828,118.180214
648,6.480000,0.000508,-0.000581,0.013041,0.999915,34.459953,418.669983,118.177437
649,6.490000,0.000502,-0.000553,0.013049,0.999915,34.446629,418.675964,118.174408
650,6.500000,0.000491,-0.000555,0.013099,0.999914,34.437252,418.683258,118.169746
651,6.510000,0.000474,-0.000513,0.013102,0.999914,34.423183,418.692261,118.167000
652,6.520000,0.000462,-0.000502,0.013153,0.999913,34.406265,418.697144,118.161201
653,6.530000,0.000471,-0.000530,0.013229,0.999912,34.395473,418.706238,118.161072
654,6.540000,0.000479,-0.000468,0.013277,0.999912,34.374161,418.720276,118.156975
655,6.550000,0.000487,-0.000479,0.013341,0.999911,34.359470,418.726562,118.156052
656,6.560000,0.000482,-0.000534,0.013570,0.999908,34.333324,418.739227,118.155197
657,6.570000,0.000500,-0.000500,0.013586,0.999907,34.308929,418.755859,118.154617
658,6.580000,0.000474,-0.000470,0.013725,0.999906,34.276089,418.775055,118.150223
659,6.590000,0.000411,-0.000577,0.013705,0.999906,34.229198,418.801880,118.141594
660,6.600000,0.000435,-0.000588,0.013794,0.999905,34.190434,418.823425,118.135147
661,6.610000,0.000358,-0.000629,0.013797,0.999905,34.158352,418.847473,118.106255
662,6.620000,0.000260,-0.000186,0.013933,0.999903,34.076740,418.876953,118.054893
663,6.630000,0.000263,-0.000121,0.014012,0.999902,34.028965,418.896759,118.046677
664,6.640000,0.000272,-0.000024,0.014041,0.999901,33.960033,418.911041,118.041946
665,6.650000,0.000495,-0.000270,0.014216,0.999899,33.894066,418.905457,118.109581
666,6.660000,0.000469,-0.000525,0.014197,0.999899,33.802959,418.912048,118.106926
667,6.670000,0.000469,-0.000489,0.014313,0.999897,33.671394,418.919769,118.098618
668,6.680000,0.000477,-0.000399,0.014331,0.999897,33.518494,418.927612,118.088776
669,6.690000,0.000399,-0.000374,0.014307,0.999898,33.342716,418.927155,118.067123
670,6.700000,0.000375,-0.000124,0.013882,0.999904,33.137207,418.951691,118.051346
671,6.710000,0.000323,-0.000665,0.014766,0.999891,32.920761,419.004578,118.027321
672,6.720000,0.000297,-0.000520,0.014817,0.999890,32.597622,419.058960,118.026512
673,6.730000,0.000384,-0.000507,0.014966,0.999888,32.295280,419.104401,118.028244
674,6.740000,0.000397,-0.000421,0.014998,0.999887,31.984564,419.143982,118.017487
675,6.750000,0.000405,-0.000326,0.014955,0.999888,31.576939,419.181702,118.005089
676,6.760000,0.000477,-0.000345,0.015087,0.999886,31.178249,419.200836,117.987152
677,6.770000,0.000435,-0.000252,0.015097,0.999886,30.751646,419.218567,117.962540
678,6.780000,0.000418,-0.000430,0.015368,0.999882,30.286249,419.240051,117.942375
679,6.790000,0.000457,-0.000285,0.015214,0.999884,29.839899,419.260071,117.918259
680,6.800000,0.000353,-0.000385,0.015574,0.999879,29.259453,419.291840,117.879913
681,6.810000,0.000412,-0.000473,0.015786,0.999875,28.708023,419.315063,117.867905
682,6.820000,0.000425,-0.000413,0.015521,0.999879,28.194078,419.316956,117.850266
683,6.830000,0.000426,-0.000495,0.016048,0.999871,27.509695,419.368103,117.823875
684,6.840000,-0.000549,-0.000949,0.017807,0.999841,26.925264,419.402283,117.861107
685,6.850000,0.000385,-0.000769,0.016503,0.999863,26.250210,419.421082,117.759514
686,6.860000,-0.000651,-0.001031,0.018107,0.999835,25.605810,419.458618,117.798645
687,6.870000,0.000219,-0.000614,0.016538,0.999863,24.978224,419.448029,117.700951
688,6.880000,-0.000566,-0.000953,0.018198,0.999834,24.230350,419.497711,117.733604
689,6.890000,0.000336,-0.000856,0.016984,0.999855,23.489950,419.506500,117.628883
690,6.900000,0.000382,-0.000539,0.016620,0.999862,22.839701,419.516602,117.598465
691,6.910000,0.000418,-0.000458,0.016523,0.999863,22.043528,419.524323,117.560966
692,6.920000,0.000428,-0.000643,0.016835,0.999858,21.317400,419.531372,117.532440
693,6.930000,0.000372,-0.000843,0.017077,0.999854,20.563728,419.531372,117.497536
694,6.940000,-0.000692,-0.001341,0.019027,0.999818,19.843769,419.554596,117.539139
695,6.950000,0.000258,-0.000721,0.016960,0.999856,19.125956,419.551178,117.434334
696,6.960000,0.000365,-0.000697,0.016709,0.999860,18.270962,419.562714,117.377800
697,6.970000,0.000356,-0.000600,0.016629,0.999861,17.489576,419.573639,117.328407
698,6.980000,0.000317,-0.000702,0.017118,0.999853,16.793991,419.583466,117.286049
699,6.990000,-0.000773,-0.001280,0.019019,0.999818,15.984748,419.596863,117.323311
700,7.000000,0.000314,-0.000720,0.016795,0.999859,15.172658,419.573090,117.208847
701,7.010000,0.000324,-0.000674,0.016695,0.999860,14.397284,419.560089,117.168533
702,7.020000,-0.000962,-0.001087,0.018712,0.999824,13.698740,419.543030,117.186066
703,7.030000,0.000137,-0.000691,0.017024,0.999855,12.955298,419.559784,117.103172
704,7.040000,-0.000780,-0.001094,0.018898,0.999821,12.133037,419.585938,117.111435
705,7.050000,0.000160,-0.000525,0.016461,0.999864,11.337422,419.561676,116.989677
706,7.060000,0.000206,-0.000880,0.016887,0.999857,10.646467,419.582306,116.952072
707,7.070000,0.000213,-0.001012,0.016770,0.999859,9.826272,419.588837,116.916283
708,7.080000,0.000286,-0.000656,0.016749,0.999860,9.106938,419.579529,116.889153
709,7.090000,0.000327,-0.000763,0.016782,0.999859,8.373825,419.580658,116.860832
710,7.100000,0.000334,-0.000780,0.016638,0.999861,7.643248,419.590057,116.836754
711,7.110000,-0.000683,-0.001301,0.019015,0.999818,7.026719,419.601044,116.879761
712,7.120000,0.000313,-0.000698,0.016763,0.999859,6.197505,419.586273,116.777367
713,7.130000,-0.000697,-0.001012,0.018725,0.999824,5.495788,419.596191,116.811356
714,7.140000,0.000248,-0.000891,0.017058,0.999854,4.807196,419.581635,116.713745
715,7.150000,0.000301,-0.000748,0.016754,0.999859,3.970739,419.579071,116.659431
716,7.160000,-0.000819,-0.001345,0.019024,0.999818,3.281115,419.595734,116.695236
717,7.170000,0.000282,-0.000644,0.016813,0.999858,2.497242,419.588623,116.580605
718,7.180000,-0.000906,-0.001490,0.019328,0.999812,1.804167,419.602539,116.617561
719,7.190000,0.000111,-0.000899,0.016974,0.999856,1.103271,419.591309,116.522903
720,7.200000,0.000349,-0.000599,0.016438,0.999865,0.294945,419.580444,116.473000
721,7.210000,0.000325,-0.000869,0.016942,0.999856,-0.418560,419.577820,116.433403
722,7.220000,0.000329,-0.000563,0.016566,0.999863,-1.079219,419.575531,116.404305
723,7.230000,-0.000858,-0.001547,0.019102,0.999816,-1.822546,419.591461,116.449829
724,7.240000,0.000275,-0.000724,0.016766,0.999859,-2.586369,419.581390,116.345169
725,7.250000,-0.000818,-0.001377,0.019011,0.999818,-3.243931,419.591705,116.386131
726,7.260000,0.000298,-0.000750,0.016500,0.999864,-4.016479,419.575989,116.274094
727,7.270000,-0.000756,-0.001444,0.019106,0.999816,-4.595612,419.584747,116.313347
728,7.280000,0.000303,-0.000569,0.016367,0.999866,-5.395528,419.558502,116.206642
729,7.290000,-0.000873,-0.001708,0.018988,0.999818,-6.041768,419.571259,116.254189
730,7.300000,0.000214,-0.001012,0.016923,0.999856,-6.687893,419.559937,116.159256
731,7.310000,0.000374,-0.000908,0.016974,0.999856,-7.455266,419.569672,116.112167
732,7.320000,0.000317,-0.001396,0.017123,0.999852,-8.126974,419.576630,116.067116
733,7.330000,0.000395,-0.000722,0.016515,0.999863,-8.819363,419.575195,116.053413
734,7.340000,0.000377,-0.001052,0.016837,0.999858,-9.499183,419.574768,116.023949
735,7.350000,0.000450,-0.000767,0.016683,0.999861,-10.135550,419.575195,115.989685
736,7.360000,0.000422,-0.000839,0.016576,0.999862,-10.905286,419.585754,115.948555
737,7.370000,0.000406,-0.000748,0.016822,0.999858,-11.628233,419.594086,115.920326
738,7.380000,0.001232,-0.001111,0.017283,0.999849,-12.257866,419.593872,115.849220
739,7.390000,0.000556,-0.000528,0.016245,0.999868,-13.056444,419.592743,115.864792
740,7.400000,0.000524,-0.000982,0.016747,0.999859,-13.729403,419.578583,115.842049
741,7.410000,0.000569,-0.000617,0.016319,0.999866,-14.410683,419.561401,115.821053
742,7.420000,0.000571,-0.000836,0.016540,0.999863,-15.034793,419.553955,115.800171
743,7.430000,0.000546,-0.001081,0.016805,0.999858,-15.566094,419.555237,115.760384
744,7.440000,0.001475,-0.001026,0.016858,0.999856,-16.202402,419.542267,115.693405
745,7.450000,0.000709,-0.000606,0.016262,0.999867,-16.761389,419.540375,115.724777
746,7.460000,0.000689,-0.000749,0.016457,0.999864,-17.225023,419.532715,115.699699
747,7.470000,0.000716,-0.000783,0.016490,0.999864,-17.770281,419.527802,115.669662
748,7.480000,0.000571,-0.000853,0.016205,0.999868,-18.273994,419.531342,115.637642
749,7.490000,0.000564,-0.000931,0.016284,0.999867,-18.745413,419.530853,115.608032
750,7.500000,0.000505,-0.000878,0.016264,0.999867,-19.201775,419.531494,115.568535
751,7.510000,0.000505,-0.000704,0.016067,0.999871,-19.602734,419.530640,115.547974
752,7.520000,0.000541,-0.001043,0.016309,0.999866,-20.072536,419.529083,115.525192
753,7.530000,0.000538,-0.001034,0.016262,0.999867,-20.493668,419.534729,115.515694
754,7.540000,0.000552,-0.001084,0.016568,0.999862,-20.849396,419.542084,115.498901
755,7.550000,0.000545,-0.001267,0.016787,0.999858,-21.264828,419.551819,115.465370
756,7.560000,0.000602,-0.001065,0.016633,0.999861,-21.636478,419.550476,115.481033
757,7.570000,0.000598,-0.000970,0.016302,0.999866,-21.970390,419.546082,115.461655
758,7.580000,0.001524,-0.000730,0.016369,0.999865,-22.289732,419.531281,115.379219
759,7.590000,0.000751,-0.000788,0.015970,0.999872,-22.589050,419.526733,115.434341
760,7.600000,0.000752,-0.001415,0.016586,0.999861,-22.893333,419.485199,115.449951
761,7.610000,0.000924,-0.000794,0.015619,0.999877,-23.110416,419.424530,115.472557
762,7.620000,0.001034,-0.000923,0.015526,0.999879,-23.252691,419.355377,115.497429
763,7.630000,0.001069,-0.001163,0.015159,0.999884,-23.393614,419.292542,115.514282
764,7.640000,0.001098,-0.001280,0.015162,0.999884,-23.458803,419.265869,115.501060
765,7.650000,0.001092,-0.001077,0.015047,0.999886,-23.490654,419.283325,115.489616
766,7.660000,0.001034,-0.001211,0.015214,0.999883,-23.473700,419.314758,115.485420
767,7.670000,0.001061,-0.001278,0.015335,0.999881,-23.439199,419.316803,115.490524
768,7.680000,0.001104,-0.001172,0.015076,0.999885,-23.372959,419.290863,115.503716
769,7.690000,0.001222,-0.001329,0.015344,0.999881,-23.312214,419.248901,115.517471
770,7.700000,0.001319,-0.001168,0.015108,0.999884,-23.280682,419.227600,115.540680
771,7.710000,0.001410,-0.001218,0.015032,0.999885,-23.264759,419.214325,115.557571
772,7.720000,0.001482,-0.001290,0.014906,0.999887,-23.248901,419.195862,115.561958
773,7.730000,0.001489,-0.001315,0.014792,0.999889,-23.232962,419.169281,115.554199
774,7.740000,0.001507,-0.001393,0.014640,0.999891,-23.214891,419.142548,115.556313
775,7.750000,0.001556,-0.001370,0.014580,0.999892,-23.205940,419.126526,115.565926
776,7.760000,0.001602,-0.001364,0.014578,0.999892,-23.199884,419.122345,115.583572
777,7.770000,0.001635,-0.001332,0.014579,0.999892,-23.193714,419.128204,115.600685
778,7.780000,0.001666,-0.001124,0.014405,0.999894,-23.176722,419.129974,115.606117
779,7.790000,0.001619,-0.001119,0.014379,0.999895,-23.159561,419.123840,115.598755
780,7.800000,0.001587,-0.001172,0.014282,0.999896,-23.147339,419.110870,115.585052
781,7.810000,0.001598,-0.001178,0.014236,0.999897,-23.147755,419.103607,115.576874
782,7.820000,0.001639,-0.001235,0.014271,0.999896,-23.156519,419.099915,115.578758
783,7.830000,0.001667,-0.001185,0.014319,0.999895,-23.166992,419.101929,115.586670
784,7.840000,0.001669,-0.001134,0.014301,0.999896,-23.171169,419.105408,115.599678
785,7.850000,0.001686,-0.001179,0.014372,0.999895,-23.170500,419.102539,115.607452
786,7.860000,0.001685,-0.001183,0.014479,0.999893,-23.167566,419.098511,115.609077
787,7.870000,0.001702,-0.001211,0.014482,0.999893,-23.172981,419.094635,115.605347
788,7.880000,0.001712,-0.001252,0.014500,0.999893,-23.179729,419.093933,115.597443
789,7.890000,0.001692,-0.001231,0.014347,0.999895,-23.186600,419.093719,115.591431
790,7.900000,0.001684,-0.001291,0.014545,0.999892,-23.176542,419.090668,115.588875
791,7.910000,0.001662,-0.001240,0.014340,0.999895,-23.168060,419.090668,115.590118
792,7.920000,0.001668,-0.001273,0.014424,0.999894,-23.149702,419.088684,115.597725
793,7.930000,0.001684,-0.001237,0.014392,0.999894,-23.147272,419.086578,115.605675
794,7.940000,0.001698,-0.001229,0.014389,0.999894,-23.151867,419.088379,115.608322
795,7.950000,0.001696,-0.001250,0.014456,0.999893,-23.159266,419.088806,115.605278
796,7.960000,0.001668,-0.001190,0.014282,0.999896,-23.168011,419.088013,115.596481
797,7.970000,0.001648,-0.001295,0.014435,0.999894,-23.155010,419.084106,115.587990
798,7.980000,0.001641,-0.001258,0.014363,0.999895,-23.148792,419.080841,115.584183
799,7.990000,0.001650,-0.001251,0.014357,0.999895,-23.146292,419.080353,115.588921
800,8.000000,0.001682,-0.001230,0.014361,0.999895,-23.146463,419.080200,115.600258
801,8.010000,0.000401,-0.001932,0.017303,0.999848,-23.089964,419.099670,115.698235
802,8.020000,0.001553,-0.001309,0.014723,0.999890,-23.134075,419.079559,115.622826
803,8.030000,0.000407,-0.001923,0.017227,0.999850,-23.081373,419.092133,115.691528
804,8.040000,0.001648,-0.001275,0.014367,0.999895,-23.133980,419.070251,115.598206
805,8.050000,0.001666,-0.001277,0.014301,0.999896,-23.143532,419.069702,115.590477
806,8.060000,0.001672,-0.001266,0.014322,0.999895,-23.157007,419.071899,115.592590
807,8.070000,0.001703,-0.001233,0.014399,0.999894,-23.169081,419.075928,115.600327
808,8.080000,0.000435,-0.001943,0.017338,0.999848,-23.120407,419.096375,115.697411
809,8.090000,0.000435,-0.001914,0.017292,0.999849,-23.118132,419.095306,115.698227
810,8.100000,0.000415,-0.001943,0.017242,0.999849,-23.109983,419.092041,115.695549
811,8.110000,0.000381,-0.001939,0.017231,0.999850,-23.103987,419.090210,115.688545
812,8.120000,0.001636,-0.001252,0.014389,0.999894,-23.154972,419.071228,115.598938
813,8.130000,0.000359,-0.001952,0.017261,0.999849,-23.097141,419.090790,115.682068
814,8.140000,0.001636,-0.001249,0.014370,0.999895,-23.137650,419.071564,115.598618
815,8.150000,0.000481,-0.001912,0.016877,0.999856,-23.070494,419.085205,115.678947
816,8.160000,0.001640,-0.001284,0.014247,0.999896,-23.106209,419.062958,115.605812
817,8.170000,0.001678,-0.001252,0.014217,0.999897,-23.107428,419.062042,115.603462
818,8.180000,0.000477,-0.001892,0.016867,0.999856,-23.065998,419.080719,115.683815
819,8.190000,0.000368,-0.001910,0.017196,0.999850,-23.081841,419.086090,115.688797
820,8.200000,0.000367,-0.001947,0.017211,0.999850,-23.090763,419.086914,115.687241
821,8.210000,0.000368,-0.001987,0.017268,0.999849,-23.095171,419.087555,115.685730
822,8.220000,0.001657,-0.001277,0.014357,0.999895,-23.149920,419.066406,115.602951
823,8.230000,0.001704,-0.001257,0.014307,0.999895,-23.152473,419.064850,115.604187
824,8.240000,0.000423,-0.001944,0.017180,0.999851,-23.102980,419.082764,115.696472
825,8.250000,0.000417,-0.001930,0.017181,0.999851,-23.101023,419.083221,115.700073
826,8.260000,0.000408,-0.001949,0.017215,0.999850,-23.096706,419.082550,115.698982
827,8.270000,0.001666,-0.001253,0.014295,0.999896,-23.140966,419.061035,115.608955
828,8.280000,0.000388,-0.001965,0.017148,0.999851,-23.084265,419.079376,115.689262
829,8.290000,0.000387,-0.001951,0.017133,0.999851,-23.083061,419.076477,115.687126
830,8.300000,0.001664,-0.001246,0.014284,0.999896,-23.135387,419.057770,115.604401
831,8.310000,0.000515,-0.001816,0.016802,0.999857,-23.089661,419.075317,115.684341
832,8.320000,0.000381,-0.001980,0.017136,0.999851,-23.075312,419.076538,115.697327
833,8.330000,0.000378,-0.001907,0.017176,0.999851,-23.080193,419.079041,115.696182
834,8.340000,0.000367,-0.001926,0.017215,0.999850,-23.078211,419.078247,115.693886
835,8.350000,0.000361,-0.001941,0.017225,0.999850,-23.076496,419.076263,115.689323
836,8.360000,0.001632,-0.001199,0.014287,0.999896,-23.129986,419.056824,115.600700
837,8.370000,0.001668,-0.001279,0.014245,0.999896,-23.121832,419.055908,115.598160
838,8.380000,0.001681,-0.001190,0.014223,0.999897,-23.126356,419.055450,115.600227
839,8.390000,0.000502,-0.001870,0.016744,0.999858,-23.067406,419.069916,115.683044
840,8.400000,0.000380,-0.001911,0.017090,0.999852,-23.069490,419.072693,115.694839
841,8.410000,0.001661,-0.001193,0.014198,0.999897,-23.128643,419.052063,115.610085
842,8.420000,0.001699,-0.001176,0.014146,0.999898,-23.139284,419.053741,115.606636
843,8.430000,0.000394,-0.001912,0.017118,0.999852,-23.095972,419.074585,115.692886
844,8.440000,0.001677,-0.001233,0.014291,0.999896,-23.152126,419.055511,115.607239
845,8.450000,0.001714,-0.001233,0.014224,0.999897,-23.152716,419.055115,115.603889
846,8.460000,0.001716,-0.001217,0.014214,0.999897,-23.148308,419.052765,115.606476
847,8.470000,0.000533,-0.001831,0.016790,0.999857,-23.096252,419.069489,115.688248
848,8.480000,0.000391,-0.001916,0.017153,0.999851,-23.086893,419.071472,115.699196
849,8.490000,0.000385,-0.001907,0.017156,0.999851,-23.080353,419.071533,115.697876
850,8.500000,0.001518,-0.001295,0.014568,0.999892,-23.120026,419.053619,115.617928
851,8.510000,0.000349,-0.002024,0.017127,0.999851,-23.054335,419.066742,115.692558
852,8.520000,0.000340,-0.002032,0.017117,0.999851,-23.048416,419.064331,115.690865
853,8.530000,0.000356,-0.001990,0.017084,0.999852,-23.052671,419.063721,115.690369
854,8.540000,0.000359,-0.001911,0.017145,0.999851,-23.067945,419.067200,115.692886
855,8.550000,0.000370,-0.001911,0.017154,0.999851,-23.074984,419.070007,115.693924
856,8.560000,0.000388,-0.001905,0.017131,0.999851,-23.080912,419.071686,115.693802
857,8.570000,0.000387,-0.001937,0.017153,0.999851,-23.082565,419.071747,115.691872
858,8.580000,0.000398,-0.001919,0.017101,0.999852,-23.085148,419.070221,115.691399
859,8.590000,0.001668,-0.001218,0.014242,0.999896,-23.140312,419.049683,115.604301
860,8.600000,0.000401,-0.001915,0.017120,0.999852,-23.090387,419.067963,115.689934
861,8.610000,0.000406,-0.001922,0.017148,0.999851,-23.090008,419.066528,115.692451
862,8.620000,0.000389,-0.001943,0.017128,0.999851,-23.082535,419.066071,115.694939
863,8.630000,0.000392,-0.001942,0.017126,0.999851,-23.075394,419.063721,115.695396
864,8.640000,0.000385,-0.002040,0.017103,0.999852,-23.062632,419.060150,115.697166
865,8.650000,0.000413,-0.001910,0.017034,0.999853,-23.072510,419.060150,115.695045
866,8.660000,0.000427,-0.001905,0.017050,0.999853,-23.076588,419.059692,115.694351
867,8.670000,0.000410,-0.001898,0.017061,0.999853,-23.080656,419.061951,115.694946
868,8.680000,0.001670,-0.001217,0.014211,0.999897,-23.132603,419.045258,115.608742
869,8.690000,0.000397,-0.001919,0.017063,0.999853,-23.078253,419.063599,115.692284
870,8.700000,0.000391,-0.001907,0.017080,0.999852,-23.075912,419.063843,115.692314
871,8.710000,0.000379,-0.001980,0.017073,0.999852,-23.067457,419.062134,115.693871
872,8.720000,0.000362,-0.001890,0.017134,0.999851,-23.076422,419.062897,115.693810
873,8.730000,0.000373,-0.001906,0.017134,0.999851,-23.074883,419.063965,115.693565
874,8.740000,0.000364,-0.001969,0.017087,0.999852,-23.064892,419.062592,115.693161
875,8.750000,0.000386,-0.001886,0.017073,0.999852,-23.068121,419.061646,115.689514
876,8.760000,0.000360,-0.001969,0.017053,0.999853,-23.058565,419.057465,115.690269
877,8.770000,0.000389,-0.001885,0.017057,0.999853,-23.069977,419.060059,115.691864
878,8.780000,0.000383,-0.001877,0.017112,0.999852,-23.076284,419.059753,115.693375
879,8.790000,0.000394,-0.001871,0.017099,0.999852,-23.079615,419.060760,115.694489
880,8.800000,0.000401,-0.001877,0.017083,0.999852,-23.081587,419.060516,115.695259
881,8.810000,0.000379,-0.001875,0.017036,0.999853,-23.082983,419.058960,115.692902
882,8.820000,0.000402,-0.001885,0.017029,0.999853,-23.079197,419.058167,115.693260
883,8.830000,0.000416,-0.001892,0.017013,0.999853,-23.077116,419.058289,115.693169
884,8.840000,0.000415,-0.001901,0.017046,0.999853,-23.076643,419.059357,115.697083
885,8.850000,0.000425,-0.001872,0.017008,0.999854,-23.076509,419.057159,115.698723
886,8.860000,0.001693,-0.001180,0.014153,0.999898,-23.125504,419.038513,115.614204
887,8.870000,0.001720,-0.001185,0.014112,0.999898,-23.122047,419.037537,115.609756
888,8.880000,0.000407,-0.001888,0.016990,0.999854,-23.067989,419.055450,115.695961
889,8.890000,0.000390,-0.001970,0.016984,0.999854,-23.062855,419.053192,115.693283
890,8.900000,0.000397,-0.001915,0.017054,0.999853,-23.073214,419.057861,115.694252
891,8.910000,0.000418,-0.001938,0.017067,0.999852,-23.076820,419.061279,115.694817
892,8.920000,0.000404,-0.002009,0.017046,0.999853,-23.069229,419.060181,115.696411
893,8.930000,0.000399,-0.001904,0.017071,0.999852,-23.074663,419.061554,115.693718
894,8.940000,0.000402,-0.001922,0.017024,0.999853,-23.074032,419.059814,115.694901
895,8.950000,0.000403,-0.001917,0.017037,0.999853,-23.074291,419.058258,115.695930
896,8.960000,0.000414,-0.001919,0.017036,0.999853,-23.075495,419.058655,115.694344
897,8.970000,0.000420,-0.001910,0.017001,0.999854,-23.075439,419.056763,115.693199
898,8.980000,0.000432,-0.001941,0.017030,0.999853,-23.071753,419.055603,115.692795
899,8.990000,0.000426,-0.002007,0.016975,0.999854,-23.059546,419.051422,115.692268
900,9.000000,0.000424,-0.001998,0.016899,0.999855,-23.058428,419.050446,115.690582
901,9.010000,0.000448,-0.001914,0.016932,0.999855,-23.072096,419.051422,115.690514
902,9.020000,0.000467,-0.001931,0.016993,0.999854,-23.078844,419.052948,115.692123
903,9.030000,0.000463,-0.001920,0.016980,0.999854,-23.084471,419.053284,115.692131
904,9.040000,0.000451,-0.001911,0.017025,0.999853,-23.090145,419.051880,115.691147
905,9.050000,0.000452,-0.001939,0.017022,0.999853,-23.090912,419.053894,115.691521
906,9.060000,0.000458,-0.001933,0.016986,0.999854,-23.089767,419.052185,115.687927
907,9.070000,0.001671,-0.001227,0.014177,0.999897,-23.139084,419.032898,115.600052
908,9.080000,0.000456,-0.001890,0.016970,0.999854,-23.083529,419.052917,115.684219
909,9.090000,0.000464,-0.001897,0.016969,0.999854,-23.077951,419.051514,115.686142
910,9.100000,0.000437,-0.001904,0.017042,0.999853,-23.069271,419.051910,115.686630
911,9.110000,0.000392,-0.001980,0.017009,0.999853,-23.050810,419.049622,115.689835
912,9.120000,0.000378,-0.001964,0.016976,0.999854,-23.042000,419.048218,115.689766
913,9.130000,0.000384,-0.001961,0.016969,0.999854,-23.039831,419.047760,115.688782
914,9.140000,0.000393,-0.001967,0.016948,0.999854,-23.045124,419.048492,115.687599
915,9.150000,0.000422,-0.001893,0.017046,0.999853,-23.062775,419.052521,115.687607
916,9.160000,0.000430,-0.001891,0.017010,0.999853,-23.070915,419.053131,115.687325
917,9.170000,0.000411,-0.001918,0.017051,0.999853,-23.076389,419.054077,115.686653
918,9.180000,0.001662,-0.001202,0.014167,0.999898,-23.138557,419.035278,115.600533
919,9.190000,0.001713,-0.001216,0.014148,0.999898,-23.144815,419.035828,115.598007
920,9.200000,0.000437,-0.001944,0.017015,0.999853,-23.098629,419.056061,115.684601
921,9.210000,0.000439,-0.001951,0.017035,0.999853,-23.102121,419.057648,115.682617
922,9.220000,0.000468,-0.001946,0.017003,0.999853,-23.099382,419.055298,115.682922
923,9.230000,0.000450,-0.001921,0.017018,0.999853,-23.091419,419.051849,115.683487
924,9.240000,0.001710,-0.001229,0.014142,0.999898,-23.134583,419.032776,115.598305
925,9.250000,0.000456,-0.001919,0.016964,0.999854,-23.077435,419.049103,115.682304
926,9.260000,0.000459,-0.001910,0.016947,0.999855,-23.073202,419.047119,115.683403
927,9.270000,0.000449,-0.001984,0.016944,0.999854,-23.061811,419.045624,115.685066
928,9.280000,0.000438,-0.001989,0.016942,0.999855,-23.058102,419.046112,115.684959
929,9.290000,0.001683,-0.001270,0.014097,0.999898,-23.110746,419.026825,115.598175
930,9.300000,0.000564,-0.001794,0.016633,0.999860,-23.071547,419.047058,115.674309
931,9.310000,0.000439,-0.001876,0.016946,0.999855,-23.072046,419.049469,115.681129
932,9.320000,0.000432,-0.001878,0.016985,0.999854,-23.079277,419.049896,115.679893
933,9.330000,0.000428,-0.001905,0.017014,0.999853,-23.082968,419.053375,115.681221
934,9.340000,0.001686,-0.001199,0.014162,0.999898,-23.134596,419.034821,115.595322
935,9.350000,0.001722,-0.001230,0.014064,0.999899,-23.127098,419.033295,115.592781
936,9.360000,0.001733,-0.001159,0.014076,0.999899,-23.133333,419.034790,115.590652
937,9.370000,0.000424,-0.001851,0.016953,0.999855,-23.081078,419.050629,115.679474
938,9.380000,0.000436,-0.001902,0.017007,0.999853,-23.079947,419.051422,115.679962
939,9.390000,0.001701,-0.001183,0.014142,0.999898,-23.130804,419.033051,115.594543
940,9.400000,0.001745,-0.001213,0.014157,0.999898,-23.129038,419.031006,115.590981
941,9.410000,0.000453,-0.001855,0.016919,0.999855,-23.074663,419.046936,115.677757
942,9.420000,0.001703,-0.001173,0.014108,0.999898,-23.125053,419.027557,115.595032
943,9.430000,0.000574,-0.001861,0.016609,0.999860,-23.071745,419.042786,115.671799
944,9.440000,0.001710,-0.001200,0.014145,0.999898,-23.127409,419.027863,115.596115
945,9.450000,0.001738,-0.001262,0.014103,0.999898,-23.118269,419.025879,115.592354
946,9.460000,0.000579,-0.001800,0.016681,0.999859,-23.074448,419.042389,115.669296
947,9.470000,0.000459,-0.001874,0.016947,0.999855,-23.068024,419.044006,115.676910
948,9.480000,0.000460,-0.001882,0.016983,0.999854,-23.068167,419.042725,115.677269
949,9.490000,0.001686,-0.001169,0.014129,0.999898,-23.124233,419.024658,115.593246
950,9.500000,0.000456,-0.001899,0.016958,0.999854,-23.077019,419.045380,115.678429
951,9.510000,0.000463,-0.001916,0.016986,0.999854,-23.082306,419.046082,115.678284
952,9.520000,0.000470,-0.001923,0.016979,0.999854,-23.087561,419.046326,115.676498
953,9.530000,0.001714,-0.001255,0.014210,0.999897,-23.141071,419.028931,115.590698
954,9.540000,0.000594,-0.001851,0.016672,0.999859,-23.097166,419.044830,115.665863
955,9.550000,0.001706,-0.001245,0.014168,0.999897,-23.144575,419.027771,115.589973
956,9.560000,0.001750,-0.001226,0.014126,0.999898,-23.146351,419.027679,115.588097
957,9.570000,0.001762,-0.001215,0.014130,0.999898,-23.144485,419.026031,115.590340
958,9.580000,0.000490,-0.001899,0.016895,0.999855,-23.089211,419.041779,115.677444
959,9.590000,0.000500,-0.001895,0.016895,0.999855,-23.083862,419.040924,115.677650
960,9.600000,0.000489,-0.001922,0.016897,0.999855,-23.079353,419.040497,115.677589
961,9.610000,0.001735,-0.001254,0.014155,0.999898,-23.128784,419.023315,115.593529
962,9.620000,0.000621,-0.001818,0.016621,0.999860,-23.086407,419.041168,115.668854
963,9.630000,0.001737,-0.001225,0.014166,0.999897,-23.134773,419.026093,115.592735
964,9.640000,0.001763,-0.001205,0.014104,0.999898,-23.139513,419.027039,115.589981
965,9.650000,0.001767,-0.001206,0.014103,0.999898,-23.139328,419.026367,115.589127
966,9.660000,0.001747,-0.001212,0.014101,0.999898,-23.141331,419.026917,115.587990
967,9.670000,0.001729,-0.001196,0.014080,0.999899,-23.144785,419.026703,115.588593
968,9.680000,0.001750,-0.001210,0.014114,0.999898,-23.146347,419.029144,115.589157
969,9.690000,0.001735,-0.001233,0.014167,0.999897,-23.146267,419.028961,115.587395
970,9.700000,0.000579,-0.001843,0.016681,0.999859,-23.095011,419.045013,115.665543
971,9.710000,0.001688,-0.001224,0.014147,0.999898,-23.135782,419.027893,115.588989
972,9.720000,0.001718,-0.001202,0.014120,0.999898,-23.132605,419.026398,115.585045
973,9.730000,0.001737,-0.001184,0.014057,0.999899,-23.130327,419.026093,115.586433
974,9.740000,0.001750,-0.001198,0.014087,0.999899,-23.130230,419.026154,115.588303
975,9.750000,0.001752,-0.001187,0.014086,0.999899,-23.130653,419.025238,115.590683
976,9.760000,0.000476,-0.001888,0.016902,0.999855,-23.077997,419.040741,115.679314
977,9.770000,0.001700,-0.001184,0.014108,0.999898,-23.131868,419.021637,115.593048
978,9.780000,0.000612,-0.001809,0.016584,0.999861,-23.087011,419.038757,115.667755
979,9.790000,0.000499,-0.001899,0.016898,0.999855,-23.083448,419.040649,115.676476
980,9.800000,0.001720,-0.001221,0.014163,0.999897,-23.137268,419.020782,115.592964
981,9.810000,0.001761,-0.001218,0.014130,0.999898,-23.139570,419.022400,115.589371
982,9.820000,0.001749,-0.001234,0.014118,0.999898,-23.140049,419.024841,115.590134
983,9.830000,0.001754,-0.001228,0.014109,0.999898,-23.138786,419.025330,115.589806
984,9.840000,0.000479,-0.001882,0.016887,0.999856,-23.086140,419.042023,115.673798
985,9.850000,0.000482,-0.001904,0.016908,0.999855,-23.085974,419.040649,115.671188
986,9.860000,0.001590,-0.001317,0.014479,0.999893,-23.132214,419.024323,115.598007
987,9.870000,0.001755,-0.001157,0.014076,0.999899,-23.135513,419.021271,115.588913
988,9.880000,0.000483,-0.001871,0.016874,0.999856,-23.077341,419.039307,115.677727
989,9.890000,0.001713,-0.001284,0.014095,0.999898,-23.116982,419.021027,115.593758
990,9.900000,0.000483,-0.001893,0.016897,0.999855,-23.071825,419.039917,115.677795
991,9.910000,0.001583,-0.001302,0.014445,0.999894,-23.119307,419.023285,115.601944
992,9.920000,0.001742,-0.001174,0.014057,0.999899,-23.128214,419.020691,115.588364
993,9.930000,0.000489,-0.001898,0.016903,0.999855,-23.077251,419.039124,115.677109
994,9.940000,0.000492,-0.001898,0.016919,0.999855,-23.080297,419.038971,115.678764
995,9.950000,0.001730,-0.001223,0.014136,0.999898,-23.135025,419.023010,115.594025
996,9.960000,0.000486,-0.001904,0.016903,0.999855,-23.089703,419.041595,115.677528
997,9.970000,0.000493,-0.001927,0.016982,0.999854,-23.091549,419.041687,115.677933
998,9.980000,0.000483,-0.001891,0.016919,0.999855,-23.091360,419.042236,115.677856
999,9.990000,0.000460,-0.001902,0.016965,0.999854,-23.092154,419.039825,115.676956
1000,10.000000,0.000476,-0.001876,0.016920,0.999855,-23.086273,419.038574,115.677597
