36,-3.00,203,0.00,200,-1.00,203,-2.00,203,-1.00,202,-2.00,203,-4.00,204,-3.00,1403,-1.00,1503,0.00,200,-2.00,204,0.00,200,4.00,200,-2.00,202,-1.00,201,0.00,1143,0.00,972,0.00,1650,0.00,1248,-4.00,247,3.00,1627,19.00,1433,0.08
72,-2.00,203,0.00,200,-2.00,203,-1.00,203,0.00,202,-1.00,203,-4.00,204,-3.00,1403,-2.00,1503,0.00,200,-2.00,204,0.00,200,7.00,200,-1.00,202,-1.00,201,0.00,1142,0.00,972,0.00,1650,0.00,1248,-3.00,247,5.00,1627,18.00,1433,0.08
108,-2.00,203,0.00,200,-2.00,203,-2.00,203,-1.00,202,-2.00,203,-5.00,204,-2.00,1403,-2.00,1503,0.00,200,-4.00,204,0.00,200,-1.00,200,-1.00,202,-1.00,201,0.00,1142,0.00,972,0.00,1650,0.00,1248,-2.00,247,5.00,1627,19.00,1433,0.16
143,-1.00,203,0.00,200,-2.00,203,-2.00,203,0.00,202,-2.00,203,-4.00,204,-3.00,1403,-2.00,1503,0.00,200,-3.00,204,0.00,200,1.00,200,-1.00,202,-1.00,201,0.00,1143,0.00,972,0.00,1650,0.00,1248,-3.00,247,5.00,1627,19.00,1433,0.00
179,-2.00,203,0.00,200,-3.00,203,-2.00,203,-1.00,202,-2.00,203,-4.00,204,-3.00,1403,-1.00,1503,0.00,200,-4.00,204,0.00,200,4.00,200,-1.00,202,-1.00,201,0.00,1142,0.00,972,0.00,1650,0.00,1248,-2.00,247,5.00,1627,19.00,1433,0.08
215,-3.00,203,0.00,200,-2.00,203,-3.00,203,-1.00,202,-1.00,203,-4.00,204,-3.00,1403,-1.00,1503,0.00,200,-4.00,204,0.00,200,0.00,200,-1.00,202,-1.00,201,0.00,1142,0.00,972,0.00,1650,0.00,1248,-2.00,247,4.00,1627,20.00,1433,0.08
251,-1.00,203,0.00,200,-3.00,203,-3.00,203,0.00,202,-1.00,203,-4.00,204,-4.00,1403,-7.00,1503,0.00,200,-3.00,204,0.00,200,7.00,200,-1.00,202,-1.00,201,0.00,1142,0.00,971,0.00,1650,0.00,1247,-4.00,247,4.00,1627,19.00,1433,0.16
286,-1.00,203,0.00,200,-2.00,203,-2.00,203,-1.00,202,-3.00,203,-4.00,204,-4.00,1403,-3.00,1503,0.00,200,-4.00,204,0.00,200,-9.00,200,-1.00,202,0.00,201,0.00,1143,0.00,972,0.00,1650,0.00,1248,-2.00,247,3.00,1627,19.00,1433,0.16
322,-2.00,203,0.00,200,-2.00,203,-2.00,203,-1.00,202,-2.00,203,-4.00,204,-2.00,1403,-2.00,1503,0.00,200,-4.00,204,0.00,200,1.00,200,-1.00,202,-1.00,201,0.00,1142,0.00,972,0.00,1650,0.00,1247,-3.00,247,5.00,1627,19.00,1433,0.00
358,-3.00,203,0.00,200,-2.00,203,-3.00,203,-2.00,202,-2.00,203,-4.00,204,-3.00,1403,-1.00,1503,0.00,200,-3.00,204,0.00,200,0.00,200,-1.00,202,-1.00,201,0.00,1142,0.00,972,0.00,1650,0.00,1248,-2.00,247,3.00,1627,19.00,1433,0.16
394,-2.00,203,0.00,200,-1.00,203,-2.00,203,-2.00,202,-2.00,203,-4.00,204,-4.00,1403,-2.00,1503,0.00,200,-4.00,204,0.00,200,-4.00,200,-1.00,202,-1.00,201,0.00,1142,0.00,972,0.00,1650,0.00,1248,-4.00,247,3.00,1627,19.00,1433,0.00
430,-3.00,203,0.00,200,-3.00,203,-3.00,203,-1.00,202,-2.00,203,-3.00,204,-2.00,1403,-2.00,1503,0.00,200,-2.00,204,0.00,200,9.00,200,-1.00,202,0.00,201,0.00,1142,0.00,972,0.00,1650,0.00,1247,-4.00,247,3.00,1627,19.00,1433,0.00
465,-2.00,203,0.00,200,-2.00,203,-2.00,203,-1.00,202,-2.00,203,-4.00,204,-2.00,1403,-3.00,1503,0.00,200,-2.00,204,0.00,200,-3.00,200,0.00,202,-1.00,201,0.00,1142,0.00,972,0.00,1650,0.00,1248,-3.00,247,3.00,1627,19.00,1433,0.16
501,-2.00,203,0.00,200,-3.00,203,-3.00,203,-1.00,202,-1.00,203,-4.00,204,-3.00,1403,-3.00,1503,0.00,200,-4.00,204,0.00,200,-1.00,200,0.00,202,0.00,201,0.00,1142,0.00,972,0.00,1650,0.00,1247,-4.00,247,4.00,1627,19.00,1433,0.08
537,-3.00,203,0.00,200,-2.00,203,-2.00,203,0.00,202,-3.00,203,-4.00,204,-3.00,1403,0.00,1503,0.00,200,-3.00,204,0.00,200,2.00,200,-1.00,202,-1.00,201,0.00,1143,0.00,972,0.00,1650,0.00,1248,-4.00,247,4.00,1627,19.00,1433,0.00
573,-2.00,203,0.00,200,-3.00,203,-1.00,203,-1.00,202,-2.00,203,-4.00,204,-2.00,1403,-3.00,1503,0.00,200,-2.00,204,0.00,200,4.00,200,-2.00,202,0.00,201,0.00,1143,0.00,972,0.00,1650,0.00,1247,-5.00,247,4.00,1627,19.00,1433,0.00
609,-2.00,203,0.00,200,-2.00,203,-1.00,203,-2.00,202,-2.00,203,-5.00,204,-4.00,1403,-3.00,1503,0.00,200,-2.00,204,0.00,200,0.00,200,-1.00,202,-1.00,201,0.00,1142,0.00,972,0.00,1650,0.00,1247,-4.00,247,4.00,1627,19.00,1433,0.00
644,-2.00,203,0.00,200,-2.00,203,-2.00,203,-1.00,202,-1.00,203,-4.00,204,-2.00,1403,-1.00,1503,0.00,200,-3.00,204,0.00,200,0.00,200,-2.00,202,-1.00,201,0.00,1142,0.00,972,0.00,1650,0.00,1248,-3.00,247,4.00,1627,19.00,1433,0.32
680,-3.00,203,0.00,200,-3.00,203,-2.00,203,-2.00,202,-1.00,203,-4.00,204,-3.00,1403,-2.00,1503,0.00,200,-3.00,204,0.00,200,-1.00,200,-1.00,202,-2.00,201,0.00,1142,0.00,972,0.00,1650,0.00,1247,-3.00,247,5.00,1627,19.00,1433,0.16
716,-3.00,203,0.00,200,-2.00,203,-2.00,203,0.00,202,-2.00,203,-5.00,204,-2.00,1403,-2.00,1503,0.00,200,-4.00,204,0.00,200,-1.00,200,-2.00,202,-1.00,201,0.00,1143,0.00,972,0.00,1650,0.00,1247,-4.00,247,4.00,1627,19.00,1433,0.40
751,-2.00,203,0.00,200,-2.00,203,-1.00,203,0.00,202,-3.00,203,-1.00,204,-3.00,1403,-2.00,1503,0.00,200,-5.00,204,0.00,200,0.00,200,-1.00,202,-1.00,201,0.00,1142,0.00,972,0.00,1650,0.00,1247,-3.00,247,4.00,1627,19.00,1433,0.08
787,-2.00,203,0.00,200,-2.00,203,-1.00,203,-1.00,202,-2.00,203,-4.00,204,-3.00,1403,-3.00,1503,0.00,200,-2.00,204,0.00,200,-2.00,199,-1.00,202,-1.00,201,0.00,1142,0.00,972,0.00,1650,0.00,1248,-3.00,247,3.00,1627,19.00,1433,0.08
823,-2.00,203,0.00,200,-1.00,203,-2.00,203,-1.00,202,-3.00,203,-4.00,204,-2.00,1403,-2.00,1503,0.00,200,-3.00,204,0.00,200,-1.00,200,-1.00,202,-1.00,201,0.00,1143,0.00,972,0.00,1650,0.00,1248,-3.00,247,5.00,1627,19.00,1433,0.24
859,-2.00,203,0.00,200,-1.00,203,-1.00,203,-1.00,202,-3.00,203,-4.00,204,-2.00,1403,-3.00,1503,0.00,200,-2.00,204,0.00,200,-2.00,199,-1.00,202,-1.00,201,0.00,1143,0.00,972,0.00,1650,0.00,1248,-4.00,247,3.00,1627,19.00,1433,0.08
894,-2.00,203,0.00,200,-1.00,203,-3.00,203,-1.00,202,-2.00,203,-4.00,204,-3.00,1403,-3.00,1503,0.00,200,-2.00,204,0.00,200,0.00,200,-2.00,202,-1.00,201,0.00,1142,0.00,972,0.00,1650,0.00,1247,-2.00,247,3.00,1627,19.00,1433,0.24
930,-2.00,203,0.00,200,-2.00,203,-2.00,203,0.00,202,-3.00,203,-4.00,204,-3.00,1403,-2.00,1503,0.00,200,-4.00,204,0.00,200,2.00,200,0.00,202,-1.00,201,0.00,1143,0.00,972,0.00,1650,0.00,1248,-5.00,247,4.00,1627,19.00,1433,0.16
966,-2.00,203,0.00,200,-2.00,203,-4.00,203,-1.00,202,-2.00,203,-4.00,204,-3.00,1403,-1.00,1503,0.00,200,-2.00,204,0.00,200,-2.00,200,-1.00,202,-1.00,201,0.00,1142,0.00,972,0.00,1650,0.00,1248,-3.00,247,4.00,1627,19.00,1433,0.08
1002,-4.00,203,0.00,200,-4.00,203,-2.00,203,0.00,202,-1.00,203,-4.00,204,-3.00,1403,-2.00,1503,0.00,200,-4.00,204,0.00,200,8.00,200,-1.00,202,-1.00,201,0.00,1143,0.00,972,0.00,1650,0.00,1247,-2.00,247,5.00,1627,19.00,1433,0.08
1037,-1.00,203,0.00,200,-1.00,203,-1.00,203,-2.00,202,-2.00,203,-4.00,204,-2.00,1403,-1.00,1503,0.00,200,-2.00,204,0.00,200,1.00,200,-1.00,202,-1.00,201,0.00,1143,0.00,972,0.00,1650,0.00,1248,-3.00,247,5.00,1627,19.00,1433,0.56
1073,-3.00,203,0.00,200,-3.00,203,-1.00,203,-1.00,202,-2.00,203,-4.00,204,-3.00,1403,-1.00,1503,0.00,200,-3.00,204,0.00,200,-3.00,200,-1.00,202,-2.00,201,0.00,1143,0.00,972,0.00,1650,0.00,1247,-4.00,247,4.00,1627,19.00,1433,0.16
1109,-3.00,203,0.00,200,-3.00,203,-3.00,203,-1.00,202,-3.00,203,-4.00,204,-2.00,1403,-1.00,1503,0.00,200,-5.00,204,0.00,200,-7.00,200,0.00,202,-2.00,201,0.00,1142,0.00,972,0.00,1650,0.00,1248,-4.00,247,4.00,1627,19.00,1433,0.08
1144,-3.00,203,0.00,200,-2.00,203,-2.00,203,-1.00,202,-1.00,203,-4.00,204,-3.00,1403,-4.00,1503,0.00,200,-3.00,204,0.00,200,-6.00,200,-1.00,202,-1.00,201,0.00,1142,0.00,972,0.00,1650,0.00,1247,-5.00,247,4.00,1627,19.00,1433,0.08
1180,-1.00,203,0.00,200,-2.00,203,-2.00,203,0.00,202,-2.00,203,-4.00,204,-3.00,1403,-2.00,1503,0.00,200,-4.00,204,0.00,200,0.00,199,-2.00,202,-1.00,201,0.00,1143,0.00,972,0.00,1650,0.00,1248,-4.00,247,5.00,1627,19.00,1433,0.08
1216,-1.00,203,0.00,200,-2.00,203,-3.00,203,-1.00,202,-2.00,203,-4.00,204,-2.00,1403,-2.00,1503,0.00,200,-4.00,204,0.00,200,-2.00,200,-1.00,202,-1.00,201,0.00,1142,0.00,972,0.00,1650,0.00,1247,-3.00,247,4.00,1627,19.00,1433,0.00
1252,-2.00,203,0.00,200,-1.00,203,-1.00,203,0.00,202,-2.00,203,-4.00,204,-4.00,1403,-3.00,1503,0.00,200,-3.00,204,0.00,200,-1.00,200,-1.00,202,0.00,201,0.00,1143,0.00,972,0.00,1650,0.00,1248,-3.00,247,5.00,1627,19.00,1433,0.08
1287,-2.00,203,0.00,200,-2.00,203,-2.00,203,-1.00,202,-3.00,203,-4.00,204,-4.00,1403,-2.00,1503,0.00,200,-5.00,204,0.00,200,-1.00,200,0.00,202,0.00,201,0.00,1142,0.00,972,0.00,1650,0.00,1248,-2.00,247,4.00,1627,19.00,1433,0.08
1323,-1.00,203,0.00,200,-1.00,203,-3.00,203,-2.00,202,-2.00,203,-3.00,204,-3.00,1403,-2.00,1503,0.00,200,-4.00,204,0.00,200,-1.00,199,0.00,202,-1.00,201,0.00,1143,0.00,972,0.00,1650,0.00,1247,-4.00,247,5.00,1627,19.00,1433,0.08
1359,-3.00,203,0.00,200,-2.00,203,-1.00,203,-1.00,202,-2.00,203,-4.00,204,-3.00,1403,-1.00,1503,0.00,200,-3.00,204,0.00,200,-9.00,199,-1.00,202,-1.00,201,0.00,1142,0.00,972,0.00,1650,0.00,1247,-3.00,247,4.00,1627,19.00,1433,0.08
1394,-2.00,203,0.00,200,-2.00,203,-3.00,203,-1.00,202,-1.00,203,-4.00,204,-3.00,1403,-1.00,1503,0.00,200,-4.00,203,0.00,200,7.00,199,-2.00,202,-1.00,201,0.00,1143,0.00,972,0.00,1650,0.00,1247,-1.00,247,3.00,1627,19.00,1433,0.16
1430,-3.00,203,0.00,200,-1.00,203,-1.00,203,-1.00,202,-3.00,203,-4.00,204,-4.00,1403,-2.00,1503,0.00,200,-3.00,204,0.00,200,-1.00,200,-1.00,202,-2.00,201,0.00,1142,0.00,972,0.00,1650,0.00,1247,-4.00,247,4.00,1627,19.00,1433,0.00
1466,-2.00,203,0.00,200,-2.00,203,-1.00,203,-1.00,202,-2.00,203,-4.00,204,-3.00,1403,-2.00,1503,0.00,200,-3.00,204,0.00,200,9.00,200,-1.00,202,-3.00,201,0.00,1143,0.00,972,0.00,1650,0.00,1247,-2.00,247,3.00,1627,19.00,1433,0.08
1502,-3.00,203,0.00,200,-2.00,203,-3.00,203,-1.00,202,-3.00,203,-4.00,204,-3.00,1403,-2.00,1503,0.00,200,-4.00,204,0.00,200,-1.00,200,-1.00,202,-1.00,201,0.00,1142,0.00,972,0.00,1650,0.00,1248,-5.00,247,5.00,1627,19.00,1433,0.08
1537,-2.00,203,0.00,200,-2.00,203,-1.00,203,-2.00,202,-3.00,203,-4.00,204,-3.00,1403,-1.00,1503,0.00,200,-2.00,204,0.00,200,-1.00,200,-1.00,202,0.00,201,0.00,1142,0.00,972,0.00,1650,0.00,1248,-4.00,247,5.00,1627,18.00,1433,0.16
1573,-1.00,203,0.00,200,-1.00,203,-2.00,203,-1.00,202,-3.00,203,-4.00,204,-3.00,1403,-1.00,1504,0.00,200,-2.00,204,0.00,200,-1.00,200,-1.00,202,-1.00,201,0.00,1142,0.00,972,0.00,1650,0.00,1248,-3.00,247,4.00,1627,19.00,1433,0.08
1609,-2.00,203,0.00,200,-2.00,203,-3.00,203,0.00,202,-2.00,203,-4.00,204,-3.00,1403,-1.00,1503,0.00,200,-2.00,204,0.00,200,-1.00,200,-1.00,202,-1.00,201,0.00,1143,0.00,972,0.00,1650,0.00,1248,-3.00,247,3.00,1627,19.00,1433,0.08
1645,-3.00,203,0.00,200,-2.00,203,-4.00,203,-1.00,202,-2.00,203,-4.00,204,-3.00,1403,-2.00,1503,0.00,200,-2.00,204,0.00,200,-2.00,200,-1.00,202,-1.00,201,0.00,1143,0.00,972,0.00,1650,0.00,1248,-3.00,247,3.00,1627,19.00,1433,0.40
1680,-2.00,203,0.00,200,-1.00,203,-2.00,203,-1.00,202,-2.00,203,-4.00,204,-3.00,1403,-1.00,1503,0.00,200,-5.00,204,0.00,200,0.00,200,-2.00,202,-1.00,201,0.00,1142,0.00,972,0.00,1650,0.00,1248,-3.00,247,4.00,1627,19.00,1433,0.08
1716,-2.00,203,0.00,200,-3.00,203,-2.00,203,-1.00,202,-3.00,203,-5.00,204,-2.00,1403,-1.00,1503,0.00,200,-4.00,204,0.00,200,-3.00,200,-1.00,202,-1.00,201,0.00,1143,0.00,972,0.00,1650,0.00,1248,-5.00,247,4.00,1627,19.00,1433,0.00
1752,-2.00,203,0.00,200,-1.00,203,-3.00,203,-1.00,202,-3.00,203,-5.00,204,-4.00,1403,-2.00,1503,0.00,200,-3.00,204,0.00,200,-2.00,200,-1.00,202,-1.00,201,0.00,1142,0.00,972,0.00,1650,0.00,1248,-1.00,247,5.00,1627,19.00,1433,0.08
1787,-2.00,203,0.00,200,-2.00,203,-2.00,203,-1.00,202,-2.00,203,-4.00,204,-3.00,1403,-5.00,1503,0.00,200,-4.00,204,0.00,200,0.00,200,-2.00,202,-2.00,201,0.00,1143,0.00,972,0.00,1650,0.00,1248,-4.00,247,4.00,1627,19.00,1433,0.08
1823,-2.00,203,0.00,200,-2.00,203,-3.00,203,-1.00,202,-1.00,203,-4.00,204,-3.00,1403,-3.00,1503,0.00,200,-4.00,204,0.00,200,1.00,200,-2.00,202,-1.00,201,0.00,1142,0.00,972,0.00,1650,0.00,1247,-4.00,247,5.00,1627,18.00,1433,0.08
1859,-3.00,203,0.00,200,-3.00,203,-1.00,203,-1.00,202,-1.00,203,-5.00,204,-3.00,1403,-2.00,1503,0.00,200,-2.00,204,0.00,200,-2.00,200,-1.00,202,0.00,201,0.00,1142,0.00,972,0.00,1650,0.00,1247,-2.00,247,4.00,1627,19.00,1433,0.08
1895,-2.00,203,0.00,200,-1.00,203,-3.00,203,-2.00,202,-2.00,203,-4.00,204,-4.00,1403,0.00,1503,0.00,200,-4.00,204,0.00,200,6.00,200,-2.00,202,-1.00,201,0.00,1142,0.00,972,0.00,1650,0.00,1248,-4.00,247,5.00,1627,19.00,1433,0.32
1930,-3.00,203,0.00,200,-2.00,203,-2.00,203,-1.00,202,-2.00,203,-4.00,204,-4.00,1403,-3.00,1503,0.00,200,-4.00,204,0.00,200,-3.00,200,-1.00,202,0.00,201,0.00,1143,0.00,972,0.00,1650,0.00,1247,-2.00,247,5.00,1627,19.00,1433,0.08
1966,-2.00,203,0.00,200,-1.00,203,-1.00,203,-1.00,202,-2.00,203,-4.00,204,-3.00,1403,-3.00,1503,0.00,200,-3.00,204,0.00,200,0.00,199,-1.00,202,-1.00,201,0.00,1142,0.00,972,0.00,1650,0.00,1248,-4.00,247,4.00,1627,19.00,1433,0.24
2002,-2.00,203,0.00,200,-2.00,203,-1.00,203,-1.00,202,-2.00,203,-4.00,204,-4.00,1403,-2.00,1503,0.00,200,-4.00,204,0.00,200,-1.00,200,-1.00,202,-1.00,201,0.00,1142,0.00,972,0.00,1650,0.00,1248,-1.00,247,3.00,1627,20.00,1433,0.00
2037,-2.00,203,0.00,200,-2.00,203,-2.00,203,-2.00,202,-2.00,203,-5.00,204,-2.00,1403,-2.00,1503,0.00,200,-3.00,204,0.00,200,-1.00,200,-2.00,202,0.00,201,0.00,1143,0.00,972,0.00,1650,0.00,1248,-4.00,247,4.00,1627,19.00,1433,0.16
2073,-2.00,203,0.00,200,-3.00,203,-4.00,203,-1.00,202,-1.00,203,-4.00,204,-4.00,1403,-1.00,1503,0.00,200,-3.00,204,0.00,200,-2.00,200,-1.00,202,-2.00,201,0.00,1143,0.00,972,0.00,1650,0.00,1247,-2.00,247,3.00,1627,19.00,1433,0.24
2109,-3.00,203,0.00,200,-3.00,203,-1.00,203,-1.00,202,-2.00,203,-4.00,204,-2.00,1403,-3.00,1503,0.00,200,-3.00,204,0.00,200,0.00,200,-1.00,202,-3.00,201,0.00,1142,0.00,972,0.00,1650,0.00,1248,-2.00,247,3.00,1627,18.00,1433,0.08
2144,-1.00,203,0.00,200,-1.00,203,-3.00,203,-1.00,202,-2.00,203,-4.00,204,-2.00,1403,-2.00,1503,0.00,200,-4.00,204,0.00,200,0.00,200,-1.00,202,-1.00,201,0.00,1143,0.00,972,0.00,1650,0.00,1248,-4.00,247,4.00,1627,19.00,1433,0.00
2180,-4.00,203,0.00,200,-2.00,203,-1.00,203,-2.00,202,-2.00,203,-3.00,204,-2.00,1403,-2.00,1503,0.00,200,-2.00,204,0.00,200,-1.00,200,-1.00,202,-2.00,201,0.00,1143,0.00,972,0.00,1650,0.00,1248,-3.00,247,3.00,1627,19.00,1433,0.08
2216,-3.00,203,0.00,200,-2.00,203,-3.00,203,0.00,202,-2.00,203,-4.00,204,-2.00,1403,-2.00,1503,0.00,200,-2.00,204,0.00,200,-3.00,200,-1.00,202,0.00,201,0.00,1142,0.00,972,0.00,1650,0.00,1247,-2.00,247,3.00,1627,19.00,1433,0.08
2252,-2.00,203,0.00,200,-2.00,203,-3.00,203,-1.00,202,-2.00,203,-4.00,204,-3.00,1403,-2.00,1503,0.00,200,-1.00,204,0.00,200,1.00,200,-1.00,202,-1.00,201,0.00,1142,0.00,972,0.00,1650,0.00,1247,-1.00,247,3.00,1627,19.00,1433,0.08
2287,-2.00,203,0.00,200,-2.00,203,-4.00,203,-2.00,202,-1.00,203,-4.00,204,-4.00,1403,-1.00,1503,0.00,200,-4.00,204,0.00,200,8.00,200,-1.00,202,-1.00,201,0.00,1143,0.00,972,0.00,1650,0.00,1248,-3.00,247,3.00,1627,19.00,1433,0.16
2323,-2.00,203,0.00,200,-3.00,203,-2.00,203,-1.00,202,-2.00,203,-4.00,204,-2.00,1403,-1.00,1503,0.00,200,-2.00,204,0.00,200,-2.00,200,-2.00,202,-1.00,201,0.00,1143,0.00,972,0.00,1650,0.00,1247,-2.00,247,5.00,1627,19.00,1433,0.08
2359,-1.00,203,0.00,200,-2.00,203,-3.00,203,-2.00,202,-1.00,203,-5.00,204,-2.00,1403,-2.00,1503,0.00,200,-3.00,204,0.00,200,0.00,200,-1.00,202,-1.00,201,0.00,1143,0.00,972,0.00,1650,0.00,1247,-4.00,247,3.00,1627,19.00,1433,0.16
2394,-1.00,203,0.00,200,-2.00,203,-2.00,203,-1.00,202,-2.00,203,-3.00,204,-3.00,1403,-2.00,1503,0.00,200,-4.00,204,0.00,200,-2.00,200,-1.00,202,-1.00,201,0.00,1142,0.00,972,0.00,1650,0.00,1247,-3.00,247,3.00,1627,19.00,1433,0.24
2430,-1.00,203,0.00,200,-1.00,203,-4.00,203,-1.00,202,-1.00,203,-4.00,204,-2.00,1403,-1.00,1503,0.00,200,-3.00,204,0.00,200,-1.00,199,0.00,202,0.00,201,0.00,1143,0.00,972,0.00,1650,0.00,1248,-2.00,247,3.00,1627,19.00,1433,0.08
2466,-2.00,203,0.00,200,-3.00,203,-3.00,203,-1.00,202,-1.00,203,-4.00,204,-2.00,1403,-3.00,1503,0.00,200,-2.00,204,0.00,200,-1.00,200,-1.00,202,0.00,201,0.00,1143,0.00,972,0.00,1650,0.00,1248,-4.00,247,4.00,1627,18.00,1433,0.16
2502,-3.00,203,0.00,200,-3.00,203,-1.00,203,-1.00,202,-1.00,203,-4.00,204,-4.00,1403,-3.00,1503,0.00,200,-3.00,204,0.00,200,-1.00,200,-2.00,202,-1.00,201,0.00,1143,0.00,972,0.00,1650,0.00,1248,-4.00,247,5.00,1627,19.00,1433,0.08
2537,-1.00,203,0.00,200,-3.00,203,-2.00,203,-1.00,202,-1.00,203,-4.00,204,-4.00,1403,-2.00,1503,0.00,200,-2.00,204,0.00,200,-3.00,200,-1.00,202,-1.00,201,0.00,1143,0.00,972,0.00,1650,0.00,1247,-2.00,247,4.00,1627,19.00,1433,0.00
2573,-2.00,203,0.00,200,-2.00,203,-3.00,203,-2.00,202,-3.00,203,-4.00,204,-2.00,1403,-2.00,1503,0.00,200,-2.00,204,0.00,200,5.00,199,-2.00,202,-2.00,201,0.00,1143,0.00,972,0.00,1650,0.00,1248,-4.00,247,4.00,1627,19.00,1433,0.65
2609,-2.00,203,0.00,200,-3.00,203,-2.00,203,-1.00,202,-1.00,203,-4.00,204,-3.00,1403,-3.00,1503,0.00,200,-2.00,204,0.00,200,-2.00,200,-1.00,202,-1.00,201,0.00,1143,0.00,972,0.00,1649,0.00,1247,-4.00,247,4.00,1627,19.00,1433,0.08
2645,-1.00,203,0.00,200,-3.00,203,-1.00,203,-1.00,202,-1.00,203,-4.00,204,-2.00,1403,-1.00,1503,0.00,200,-4.00,204,0.00,200,-7.00,200,-1.00,202,-1.00,201,0.00,1142,0.00,972,0.00,1650,0.00,1248,-3.00,247,4.00,1627,19.00,1433,0.00
2680,-2.00,203,0.00,200,-2.00,203,-4.00,203,0.00,202,-1.00,203,-4.00,204,-3.00,1403,-3.00,1503,0.00,200,-3.00,204,0.00,200,-2.00,200,-2.00,202,0.00,201,0.00,1143,0.00,972,0.00,1649,0.00,1248,-2.00,247,5.00,1627,19.00,1433,0.16
2716,-2.00,203,0.00,200,-2.00,203,-2.00,203,-1.00,202,-2.00,203,-4.00,204,-3.00,1403,-2.00,1503,0.00,200,-2.00,204,0.00,200,-4.00,200,-1.00,202,0.00,201,0.00,1143,0.00,972,0.00,1650,0.00,1248,-1.00,247,5.00,1627,20.00,1433,0.16
2752,-1.00,203,0.00,200,-2.00,203,-4.00,203,-1.00,202,-2.00,203,-4.00,204,-2.00,1403,-2.00,1503,0.00,200,-3.00,204,0.00,200,3.00,200,1.00,202,-1.00,201,0.00,1143,0.00,972,0.00,1650,0.00,1247,-2.00,247,4.00,1627,19.00,1433,0.24
2788,-3.00,203,0.00,200,-1.00,203,-2.00,203,-1.00,202,-1.00,203,-3.00,204,-3.00,1403,-2.00,1503,0.00,200,-4.00,204,0.00,200,8.00,200,-1.00,202,-1.00,201,0.00,1143,0.00,972,0.00,1650,0.00,1247,-4.00,247,3.00,1627,19.00,1433,0.08
2823,-1.00,203,0.00,200,-3.00,203,-1.00,203,-2.00,202,-2.00,203,-4.00,204,-3.00,1403,-2.00,1503,0.00,200,-3.00,204,0.00,200,-1.00,200,-1.00,202,-2.00,201,0.00,1143,0.00,972,0.00,1650,0.00,1248,-3.00,247,4.00,1627,19.00,1433,0.16
2859,-3.00,203,0.00,200,-2.00,203,-3.00,203,0.00,202,-2.00,203,-4.00,204,-2.00,1403,-1.00,1503,0.00,200,-2.00,204,0.00,200,-3.00,199,0.00,202,-1.00,201,0.00,1143,0.00,972,0.00,1649,0.00,1247,-3.00,247,4.00,1627,19.00,1433,0.16
2895,-1.00,203,0.00,200,-3.00,203,-1.00,203,-1.00,202,-1.00,203,-3.00,204,-3.00,1403,-3.00,1503,0.00,200,-3.00,204,0.00,200,-11.00,200,-1.00,202,0.00,201,0.00,1143,0.00,972,0.00,1650,0.00,1248,-2.00,247,4.00,1627,20.00,1433,0.08
2930,-1.00,203,0.00,200,-3.00,203,-3.00,203,-1.00,202,-2.00,203,-4.00,204,-3.00,1403,-1.00,1503,0.00,200,-3.00,204,0.00,200,0.00,199,0.00,202,-1.00,201,0.00,1143,0.00,972,0.00,1650,0.00,1248,-4.00,247,5.00,1627,19.00,1433,0.16
2966,-2.00,203,0.00,200,-2.00,203,-2.00,203,-2.00,202,-2.00,203,-4.00,204,-4.00,1403,-2.00,1503,0.00,200,-3.00,204,0.00,200,3.00,200,-1.00,202,-2.00,201,0.00,1143,0.00,972,0.00,1650,0.00,1247,-4.00,247,5.00,1627,19.00,1433,0.16
3002,-2.00,203,0.00,200,-2.00,203,-1.00,203,-1.00,202,-1.00,203,-4.00,204,-3.00,1403,-1.00,1503,0.00,200,-2.00,204,0.00,200,2.00,200,-1.00,202,-2.00,201,0.00,1143,0.00,972,0.00,1649,0.00,1247,-5.00,247,5.00,1627,19.00,1433,0.16
3037,-3.00,203,0.00,200,-2.00,203,-3.00,203,-1.00,202,-2.00,203,-5.00,204,-2.00,1403,-3.00,1503,0.00,200,-2.00,204,0.00,200,1.00,200,-2.00,202,0.00,201,0.00,1143,0.00,972,0.00,1650,0.00,1247,-3.00,247,4.00,1627,20.00,1433,0.08
3073,-4.00,203,0.00,200,-2.00,203,-3.00,203,-1.00,202,-3.00,203,-4.00,204,-3.00,1403,-1.00,1503,0.00,200,-4.00,204,0.00,200,-3.00,200,-1.00,202,-1.00,201,0.00,1142,0.00,972,0.00,1649,0.00,1248,-2.00,247,4.00,1627,19.00,1433,0.08
3109,-2.00,203,0.00,200,-3.00,203,-3.00,203,-1.00,202,-3.00,203,-4.00,204,-3.00,1403,-2.00,1503,0.00,200,-5.00,204,0.00,200,8.00,200,-1.00,202,-1.00,201,0.00,1143,0.00,972,0.00,1649,0.00,1248,-3.00,247,4.00,1627,19.00,1433,0.08
3145,-1.00,203,0.00,200,-3.00,203,-2.00,203,-1.00,202,-2.00,203,-4.00,204,-2.00,1403,-2.00,1503,0.00,200,-2.00,204,0.00,200,7.00,200,0.00,202,-1.00,201,0.00,1143,0.00,972,0.00,1650,0.00,1247,-1.00,247,4.00,1627,19.00,1433,0.08
3181,-3.00,203,0.00,200,-2.00,203,-3.00,203,0.00,202,-2.00,203,-4.00,204,-3.00,1403,-1.00,1503,0.00,200,-3.00,204,0.00,200,-3.00,199,-2.00,202,-1.00,201,0.00,1143,0.00,972,0.00,1650,0.00,1248,-3.00,247,4.00,1627,19.00,1433,0.16
3217,-1.00,203,0.00,200,-3.00,203,-3.00,203,0.00,202,-3.00,203,-4.00,204,-2.00,1403,-2.00,1503,0.00,200,-2.00,204,0.00,200,-1.00,200,-1.00,202,0.00,201,0.00,1143,0.00,972,0.00,1650,0.00,1248,-2.00,247,4.00,1627,19.00,1433,0.08
3252,-3.00,203,0.00,200,-1.00,203,-1.00,203,-1.00,202,-2.00,203,-4.00,204,-4.00,1403,-3.00,1503,0.00,200,-3.00,204,0.00,200,2.00,200,-2.00,202,0.00,201,0.00,1143,0.00,972,0.00,1649,0.00,1248,-2.00,247,5.00,1627,19.00,1433,0.16
3288,-1.00,203,0.00,200,-3.00,203,-3.00,203,-1.00,202,-2.00,203,-4.00,204,-3.00,1403,-3.00,1503,0.00,200,-5.00,204,0.00,200,5.00,200,-1.00,202,0.00,201,0.00,1143,0.00,972,0.00,1650,0.00,1248,-4.00,247,4.00,1627,19.00,1433,0.24
3324,-3.00,203,0.00,200,-2.00,203,-1.00,203,-1.00,202,-1.00,203,-4.00,204,-3.00,1403,-1.00,1503,0.00,200,-4.00,204,0.00,200,0.00,200,-1.00,202,-1.00,201,0.00,1143,0.00,972,0.00,1650,0.00,1248,-3.00,247,4.00,1627,19.00,1433,0.16
3359,-1.00,203,0.00,200,-1.00,203,-3.00,203,-1.00,202,-3.00,203,-4.00,204,-2.00,1403,-1.00,1503,0.00,200,-4.00,204,0.00,200,0.00,200,-1.00,202,-1.00,201,0.00,1143,0.00,972,0.00,1649,0.00,1247,-2.00,247,4.00,1627,20.00,1433,0.08
3395,-2.00,203,0.00,200,-1.00,203,-2.00,203,0.00,202,-2.00,203,-4.00,204,-2.00,1403,-2.00,1503,0.00,200,-3.00,204,0.00,200,2.00,199,-1.00,202,0.00,201,0.00,1143,0.00,972,0.00,1649,0.00,1248,-2.00,247,5.00,1627,19.00,1433,0.08
3431,-1.00,203,0.00,200,-1.00,203,0.00,203,0.00,202,-1.00,203,-3.00,204,-4.00,1403,-2.00,1503,0.00,200,-4.00,204,0.00,200,-2.00,200,-1.00,202,-1.00,201,0.00,1143,0.00,972,0.00,1649,0.00,1248,-3.00,247,4.00,1627,19.00,1433,0.16
3467,-2.00,203,0.00,200,-3.00,203,-3.00,203,0.00,202,-2.00,203,-4.00,204,-4.00,1403,-2.00,1503,0.00,200,-2.00,204,0.00,200,-3.00,200,-1.00,202,-1.00,201,0.00,1143,0.00,972,0.00,1650,0.00,1248,-3.00,247,3.00,1627,19.00,1433,0.08
3502,-3.00,203,0.00,200,-2.00,203,-2.00,203,0.00,202,-2.00,203,-4.00,204,-3.00,1403,-2.00,1503,0.00,200,-3.00,204,0.00,200,2.00,199,-1.00,202,-1.00,201,0.00,1143,0.00,972,0.00,1650,0.00,1247,-4.00,247,4.00,1627,19.00,1433,0.24
3538,-1.00,203,0.00,200,-4.00,203,-2.00,203,-1.00,202,-2.00,203,-5.00,204,-2.00,1403,-2.00,1503,0.00,200,-3.00,204,0.00,200,-2.00,200,-1.00,202,-1.00,201,0.00,1143,0.00,972,0.00,1650,0.00,1247,-4.00,247,4.00,1627,20.00,1433,0.08
3574,-2.00,203,0.00,200,-2.00,203,-2.00,203,-1.00,202,-2.00,203,-4.00,204,-3.00,1403,-1.00,1503,0.00,200,-4.00,204,0.00,200,0.00,199,0.00,202,0.00,201,0.00,1143,0.00,972,0.00,1650,0.00,1248,-4.00,247,3.00,1627,19.00,1433,0.08
3610,-2.00,203,0.00,200,-2.00,203,-1.00,203,-1.00,202,-2.00,203,-4.00,204,-2.00,1403,-2.00,1503,0.00,200,-2.00,204,0.00,200,0.00,200,-1.00,202,-1.00,201,0.00,1143,0.00,972,0.00,1649,0.00,1248,-1.00,247,4.00,1627,19.00,1433,0.16
3645,-1.00,203,0.00,200,-2.00,203,-1.00,203,-1.00,202,-3.00,203,-4.00,204,-3.00,1403,-3.00,1503,0.00,200,-4.00,204,0.00,200,5.00,199,-1.00,202,0.00,201,0.00,1143,0.00,972,0.00,1650,0.00,1248,-2.00,247,4.00,1627,19.00,1433,0.08
3681,-2.00,203,0.00,200,-1.00,203,-3.00,203,-1.00,202,-2.00,203,-4.00,204,-4.00,1403,-1.00,1503,0.00,200,-2.00,204,0.00,200,-10.00,200,0.00,202,0.00,201,0.00,1143,0.00,972,0.00,1650,0.00,1248,-4.00,247,5.00,1627,19.00,1433,0.32
3717,-3.00,203,0.00,200,-2.00,203,-4.00,203,-1.00,202,-1.00,203,-4.00,204,-4.00,1403,-2.00,1503,0.00,200,-5.00,204,0.00,200,-1.00,200,-2.00,202,-1.00,201,0.00,1143,0.00,972,0.00,1649,0.00,1247,-3.00,247,5.00,1627,19.00,1433,0.24
3753,-1.00,203,0.00,200,-2.00,203,-1.00,203,-1.00,202,-3.00,203,-5.00,204,-4.00,1403,-1.00,1503,0.00,200,-2.00,204,0.00,200,-3.00,199,-1.00,202,-2.00,201,0.00,1143,0.00,972,0.00,1649,0.00,1248,-3.00,247,3.00,1627,19.00,1433,0.16
3788,-1.00,203,0.00,200,-3.00,203,-2.00,203,-1.00,202,-2.00,203,-4.00,204,-4.00,1403,-1.00,1503,0.00,200,8.00,204,0.00,200,3.00,199,-1.00,202,-2.00,201,0.00,1143,0.00,972,0.00,1649,0.00,1248,-2.00,247,4.00,1627,19.00,1433,0.16
3824,-2.00,203,0.00,200,-3.00,203,-4.00,203,-1.00,202,-2.00,203,-4.00,204,-4.00,1403,-1.00,1503,0.00,200,-3.00,204,0.00,200,2.00,199,0.00,202,0.00,201,0.00,1143,0.00,972,0.00,1649,0.00,1248,-2.00,247,4.00,1627,19.00,1433,0.24
3860,-2.00,203,0.00,200,-3.00,203,-2.00,203,-1.00,202,-2.00,203,-4.00,204,-2.00,1403,-2.00,1503,0.00,200,-2.00,204,0.00,200,3.00,200,-1.00,202,-2.00,201,0.00,1143,0.00,972,0.00,1649,0.00,1248,-2.00,247,4.00,1627,19.00,1433,0.08
3896,-1.00,203,0.00,200,-3.00,203,-3.00,203,-1.00,202,-2.00,203,-3.00,204,-3.00,1403,-1.00,1503,0.00,200,-2.00,204,0.00,200,0.00,200,-1.00,202,-1.00,201,0.00,1143,0.00,972,0.00,1649,0.00,1247,-3.00,247,5.00,1627,19.00,1433,0.16
3931,-1.00,203,0.00,200,-3.00,203,-2.00,203,-1.00,202,-2.00,203,-5.00,204,-3.00,1403,-1.00,1503,0.00,200,2.00,204,0.00,200,3.00,200,0.00,202,0.00,201,0.00,1143,0.00,972,0.00,1649,0.00,1248,-4.00,247,3.00,1627,19.00,1433,0.48
3967,-2.00,203,0.00,200,-1.00,203,-1.00,203,-2.00,202,-3.00,203,-4.00,204,-4.00,1403,-2.00,1503,0.00,200,-3.00,204,0.00,200,6.00,200,-1.00,202,-1.00,201,0.00,1143,0.00,972,0.00,1649,0.00,1247,-4.00,247,5.00,1627,19.00,1433,0.24
4003,-1.00,203,0.00,200,-2.00,203,-2.00,203,-1.00,202,-1.00,203,-4.00,204,-2.00,1403,-3.00,1503,0.00,200,-5.00,204,0.00,200,3.00,200,-2.00,202,-1.00,201,0.00,1143,0.00,972,0.00,1649,0.00,1248,-3.00,247,5.00,1627,19.00,1433,0.16
4039,-3.00,203,0.00,200,-2.00,203,-2.00,203,-2.00,202,-3.00,203,-4.00,204,-2.00,1403,-2.00,1503,0.00,200,-3.00,204,0.00,200,0.00,200,-1.00,202,-1.00,201,0.00,1143,0.00,972,0.00,1649,0.00,1248,-2.00,247,4.00,1627,19.00,1433,0.24
4074,-2.00,203,0.00,200,-2.00,203,-3.00,203,-1.00,202,-3.00,203,-4.00,204,-3.00,1403,-2.00,1503,0.00,200,-3.00,204,0.00,200,3.00,200,-1.00,202,-2.00,201,0.00,1143,0.00,972,0.00,1649,0.00,1248,-3.00,247,5.00,1627,19.00,1433,0.16
4110,-2.00,203,0.00,200,-2.00,203,-1.00,203,-1.00,202,-1.00,203,-4.00,204,-2.00,1403,-1.00,1503,0.00,200,-3.00,204,0.00,200,2.00,200,-1.00,202,-1.00,201,0.00,1143,0.00,972,0.00,1649,0.00,1247,-4.00,247,3.00,1627,19.00,1433,0.40
4146,-2.00,203,0.00,200,-3.00,203,-1.00,203,-2.00,202,-2.00,203,-4.00,204,-2.00,1403,-2.00,1503,0.00,200,-2.00,204,0.00,200,0.00,199,0.00,202,-1.00,201,0.00,1143,0.00,972,0.00,1649,0.00,1248,-4.00,247,4.00,1627,19.00,1433,0.08
4181,-2.00,203,0.00,200,-3.00,203,-3.00,203,-2.00,202,-3.00,203,-4.00,204,-4.00,1403,-2.00,1503,0.00,200,-2.00,204,0.00,200,1.00,200,-1.00,202,-1.00,201,0.00,1143,0.00,972,0.00,1649,0.00,1247,-2.00,247,4.00,1627,19.00,1433,0.48
4217,-3.00,203,0.00,200,-1.00,203,-4.00,203,-1.00,202,-2.00,203,-3.00,204,-2.00,1403,-2.00,1503,0.00,200,-3.00,204,0.00,200,8.00,200,0.00,202,-2.00,201,0.00,1143,0.00,972,0.00,1649,0.00,1248,-3.00,247,3.00,1627,19.00,1433,0.16
4253,-1.00,203,0.00,200,-1.00,203,-2.00,203,-1.00,202,-3.00,203,-4.00,204,-3.00,1403,-2.00,1503,0.00,200,-5.00,204,0.00,200,-2.00,200,-1.00,202,-1.00,201,0.00,1143,0.00,972,0.00,1649,0.00,1247,-2.00,247,5.00,1627,19.00,1433,0.32
4289,-3.00,203,0.00,200,-3.00,203,-1.00,203,-1.00,202,-2.00,203,-4.00,204,-3.00,1403,-1.00,1503,0.00,200,-4.00,204,0.00,200,3.00,200,-1.00,202,-2.00,201,0.00,1144,0.00,972,0.00,1649,0.00,1247,-4.00,247,3.00,1627,19.00,1433,0.24
4325,-2.00,203,0.00,200,-3.00,203,-1.00,203,0.00,202,-2.00,203,-4.00,204,-4.00,1403,-2.00,1503,0.00,200,-2.00,204,0.00,200,-5.00,200,-1.00,202,-1.00,201,0.00,1143,0.00,972,0.00,1649,0.00,1248,-1.00,247,3.00,1627,19.00,1433,0.16
4360,-1.00,203,0.00,200,-3.00,203,-2.00,203,-1.00,202,-2.00,203,-4.00,204,-4.00,1403,-2.00,1503,0.00,200,-2.00,204,0.00,200,1.00,200,-2.00,202,-1.00,201,0.00,1143,0.00,972,0.00,1649,0.00,1248,-4.00,247,3.00,1627,19.00,1433,0.65
4396,-1.00,203,0.00,200,-2.00,203,-1.00,203,-1.00,202,-2.00,203,-3.00,204,-3.00,1403,-1.00,1503,0.00,200,-2.00,204,0.00,200,-1.00,200,-2.00,202,0.00,201,0.00,1144,0.00,972,0.00,1649,0.00,1248,-3.00,247,4.00,1627,19.00,1433,0.24
4432,-1.00,203,0.00,200,-2.00,203,-3.00,203,-1.00,202,-1.00,203,-4.00,204,-4.00,1403,-1.00,1503,0.00,200,-3.00,204,0.00,200,-6.00,200,-1.00,202,0.00,201,0.00,1144,0.00,972,0.00,1649,0.00,1247,-4.00,247,4.00,1627,19.00,1433,0.24
4468,-2.00,203,0.00,200,-1.00,203,-2.00,203,-2.00,202,-3.00,203,-3.00,204,-2.00,1403,-3.00,1503,0.00,200,-3.00,204,0.00,200,-2.00,200,-1.00,202,-2.00,201,0.00,1144,0.00,972,0.00,1649,0.00,1247,-3.00,247,5.00,1627,19.00,1433,0.24
4503,-1.00,203,0.00,200,-2.00,203,-3.00,203,-1.00,202,-2.00,203,-4.00,204,-3.00,1403,-2.00,1503,0.00,200,-3.00,204,0.00,200,-2.00,200,-1.00,202,-1.00,201,0.00,1144,0.00,972,0.00,1649,0.00,1248,-2.00,247,3.00,1627,19.00,1433,0.24
4539,-2.00,203,0.00,200,-2.00,203,-1.00,203,-1.00,202,-2.00,203,-4.00,204,-2.00,1403,-3.00,1503,0.00,200,-3.00,204,0.00,200,-1.00,200,-1.00,202,-1.00,201,0.00,1144,0.00,972,0.00,1649,0.00,1248,-3.00,247,3.00,1627,20.00,1433,0.08
4575,-2.00,203,0.00,200,-2.00,203,-3.00,203,-1.00,202,-2.00,203,-4.00,204,-2.00,1403,-2.00,1503,0.00,200,-3.00,204,0.00,200,4.00,200,0.00,202,-1.00,201,0.00,1144,0.00,972,0.00,1646,0.00,1248,-2.00,247,4.00,1627,19.00,1433,0.16
4611,-2.00,203,0.00,200,-1.00,203,-3.00,203,-2.00,202,-2.00,203,-4.00,204,-4.00,1403,-3.00,1503,0.00,200,-4.00,204,0.00,200,2.00,199,-1.00,202,0.00,201,0.00,1144,0.00,972,0.00,1645,0.00,1247,-4.00,247,4.00,1627,19.00,1433,0.32
4646,-2.00,203,0.00,200,-1.00,203,-1.00,203,-1.00,202,-2.00,203,-4.00,204,-3.00,1403,-1.00,1503,0.00,200,-3.00,204,0.00,200,1.00,200,-2.00,202,-2.00,201,0.00,1144,0.00,972,0.00,1645,0.00,1247,-2.00,247,5.00,1627,19.00,1433,0.40
4682,-3.00,203,0.00,200,-2.00,203,-2.00,203,-1.00,202,-2.00,203,-4.00,204,-2.00,1403,-1.00,1503,0.00,200,-4.00,204,0.00,200,-1.00,200,-1.00,202,-1.00,201,0.00,1144,0.00,972,0.00,1645,0.00,1247,-4.00,247,4.00,1627,19.00,1433,0.16
4718,-2.00,203,0.00,200,-2.00,203,-1.00,203,-1.00,202,-1.00,203,-4.00,204,-3.00,1403,-3.00,1503,0.00,200,-4.00,204,0.00,200,1.00,199,-1.00,202,0.00,201,0.00,1144,0.00,972,0.00,1645,0.00,1248,-4.00,247,4.00,1627,19.00,1433,0.24
4753,-1.00,203,0.00,200,-1.00,203,-1.00,203,-1.00,202,-2.00,203,-3.00,204,-2.00,1403,-2.00,1503,0.00,200,-3.00,204,0.00,200,4.00,199,-2.00,202,-1.00,201,0.00,1144,0.00,972,0.00,1645,0.00,1248,-4.00,247,4.00,1627,19.00,1433,0.24
4789,-1.00,203,0.00,200,-2.00,203,-4.00,203,-1.00,202,-2.00,203,-4.00,204,-3.00,1403,-1.00,1503,0.00,200,-2.00,204,0.00,200,1.00,199,-1.00,202,-1.00,201,0.00,1144,0.00,972,0.00,1645,0.00,1248,-4.00,247,5.00,1627,19.00,1433,0.24
4825,-1.00,203,0.00,200,-2.00,203,-1.00,203,0.00,202,-1.00,203,-5.00,204,-2.00,1403,-3.00,1503,0.00,200,-3.00,204,0.00,200,-4.00,200,-1.00,202,-1.00,201,0.00,1144,0.00,972,0.00,1645,0.00,1248,-3.00,247,4.00,1627,19.00,1433,0.32
4861,-1.00,203,0.00,200,-2.00,203,0.00,203,-1.00,202,-2.00,203,-4.00,204,-3.00,1403,-3.00,1503,0.00,200,-2.00,204,0.00,200,5.00,200,-1.00,202,-2.00,201,0.00,1144,0.00,972,0.00,1645,0.00,1248,-3.00,247,4.00,1627,19.00,1433,0.56
4897,-2.00,203,0.00,200,-3.00,203,-1.00,203,-2.00,202,-2.00,203,-4.00,204,-2.00,1403,-2.00,1503,0.00,200,-2.00,204,0.00,200,4.00,199,5.00,202,-1.00,201,0.00,1144,0.00,972,0.00,1645,0.00,1248,-3.00,247,3.00,1627,19.00,1433,0.32
4932,-2.00,203,0.00,200,-2.00,203,-1.00,203,-1.00,202,-2.00,203,-4.00,204,-3.00,1403,-3.00,1503,0.00,200,-4.00,204,0.00,200,-8.00,200,0.00,202,-1.00,201,0.00,1144,0.00,972,0.00,1645,0.00,1247,-2.00,247,3.00,1627,19.00,1433,0.32
4968,-3.00,203,0.00,200,-3.00,203,-3.00,203,-2.00,202,-1.00,203,-4.00,204,-2.00,1403,-2.00,1503,0.00,200,-3.00,204,0.00,200,-3.00,200,-1.00,202,0.00,201,0.00,1144,0.00,972,0.00,1645,0.00,1248,-3.00,247,4.00,1627,19.00,1433,0.08
5004,-2.00,203,0.00,200,-1.00,203,-2.00,203,-1.00,202,-1.00,203,-5.00,204,-3.00,1403,-1.00,1503,0.00,200,-2.00,204,0.00,200,1.00,200,-1.00,202,-1.00,201,0.00,1144,0.00,972,0.00,1645,0.00,1247,-2.00,247,5.00,1627,19.00,1433,0.16
5040,-3.00,203,0.00,200,-2.00,203,-3.00,203,-1.00,202,-1.00,203,-5.00,204,-4.00,1403,-2.00,1503,0.00,200,-3.00,204,0.00,200,-1.00,200,-1.00,202,-2.00,201,0.00,1144,0.00,972,0.00,1645,0.00,1247,-4.00,247,4.00,1627,19.00,1433,0.40
5075,-1.00,203,0.00,200,-1.00,203,-2.00,203,-1.00,202,-2.00,203,-4.00,204,-3.00,1403,-3.00,1503,0.00,200,-4.00,204,0.00,200,0.00,199,-2.00,202,-1.00,201,0.00,1144,0.00,972,0.00,1644,0.00,1247,-4.00,247,3.00,1627,19.00,1433,0.32
5111,-3.00,203,0.00,200,-2.00,203,-1.00,203,-2.00,202,-1.00,203,-4.00,204,-2.00,1403,-2.00,1503,0.00,200,-2.00,204,0.00,200,-6.00,200,0.00,202,-3.00,201,0.00,1144,0.00,972,0.00,1642,0.00,1247,-2.00,247,5.00,1627,19.00,1433,0.24
5147,-3.00,203,0.00,200,-2.00,203,-1.00,203,-1.00,202,-2.00,203,-4.00,204,-4.00,1403,-1.00,1503,0.00,200,-3.00,204,0.00,200,-2.00,199,-1.00,202,-1.00,201,0.00,1144,0.00,972,0.00,1637,0.00,1248,-3.00,247,5.00,1627,19.00,1433,0.24
5182,-1.00,203,0.00,200,-1.00,203,-2.00,203,0.00,202,-2.00,203,-5.00,204,-2.00,1403,-2.00,1503,0.00,200,-3.00,204,0.00,200,1.00,200,-1.00,202,0.00,201,0.00,1144,0.00,972,0.00,1630,0.00,1247,-2.00,247,5.00,1627,19.00,1433,0.16
5218,-3.00,203,0.00,200,-2.00,203,-2.00,203,-1.00,202,-3.00,203,-4.00,204,-4.00,1403,-6.00,1503,0.00,200,-4.00,204,0.00,200,-2.00,200,-1.00,202,-1.00,201,0.00,1144,0.00,972,0.00,1623,0.00,1248,-1.00,247,5.00,1627,19.00,1433,0.16
5254,-1.00,203,0.00,200,-2.00,203,-2.00,203,-1.00,202,-1.00,203,-4.00,204,-3.00,1403,-1.00,1503,0.00,200,-3.00,204,0.00,200,0.00,200,-1.00,202,-2.00,201,0.00,1144,0.00,972,0.00,1615,0.00,1248,-5.00,247,3.00,1627,19.00,1433,0.16
5290,-3.00,203,0.00,200,-2.00,203,-1.00,203,-1.00,202,-1.00,203,-4.00,204,-3.00,1403,-2.00,1503,0.00,200,-4.00,204,0.00,200,2.00,200,-1.00,202,-1.00,201,0.00,1144,0.00,972,0.00,1607,0.00,1248,-1.00,247,3.00,1627,19.00,1433,0.40
5325,-2.00,203,0.00,200,-3.00,203,-4.00,203,0.00,202,-3.00,203,-5.00,204,-4.00,1403,-1.00,1503,0.00,200,-3.00,204,0.00,200,2.00,200,-1.00,202,-1.00,201,0.00,1144,0.00,972,0.00,1599,0.00,1248,-4.00,247,3.00,1627,19.00,1433,0.16
5361,-2.00,203,0.00,200,-2.00,203,-2.00,203,-2.00,202,-2.00,203,-5.00,204,-2.00,1403,-1.00,1503,0.00,200,-4.00,204,0.00,200,7.00,200,-1.00,202,-1.00,201,0.00,1144,0.00,972,0.00,1593,0.00,1248,-2.00,247,4.00,1627,19.00,1433,0.16
5397,-2.00,203,0.00,200,-3.00,203,-1.00,203,-1.00,202,-2.00,203,-4.00,204,-3.00,1403,-2.00,1503,0.00,200,-3.00,204,0.00,200,-2.00,200,-1.00,202,-1.00,201,0.00,1144,0.00,972,0.00,1587,0.00,1247,-2.00,247,5.00,1627,19.00,1433,0.08
5433,-1.00,203,0.00,200,-3.00,203,-3.00,203,-2.00,202,-2.00,203,-4.00,204,-2.00,1403,-1.00,1503,0.00,200,-3.00,204,0.00,200,-3.00,199,-2.00,202,-1.00,201,0.00,1144,0.00,972,0.00,1582,0.00,1248,-4.00,247,4.00,1627,17.00,1433,0.08
5468,-3.00,203,0.00,200,-2.00,203,-4.00,203,0.00,202,-2.00,203,-3.00,204,-3.00,1403,-3.00,1503,0.00,200,-1.00,204,0.00,200,3.00,200,-1.00,202,0.00,201,0.00,1144,0.00,972,0.00,1578,0.00,1247,-4.00,247,3.00,1627,19.00,1433,0.08
5504,-3.00,203,0.00,200,-1.00,203,-3.00,203,0.00,202,-2.00,203,-4.00,204,-3.00,1403,-2.00,1503,0.00,200,-2.00,204,0.00,200,0.00,199,-1.00,202,-1.00,201,0.00,1144,0.00,972,0.00,1576,0.00,1247,-3.00,247,3.00,1627,19.00,1433,0.16
5540,-3.00,203,0.00,200,-2.00,203,-2.00,203,-1.00,202,-1.00,203,-3.00,204,-3.00,1403,-3.00,1503,0.00,200,-2.00,204,0.00,200,-1.00,200,-1.00,202,-1.00,201,0.00,1144,0.00,972,0.00,1576,0.00,1248,-4.00,247,4.00,1627,19.00,1433,0.16
5576,-3.00,203,0.00,200,-2.00,203,-2.00,203,-1.00,202,-1.00,203,-4.00,204,-4.00,1403,-3.00,1503,0.00,200,-2.00,204,0.00,200,0.00,200,-2.00,202,-1.00,201,0.00,1144,0.00,972,0.00,1576,0.00,1248,-2.00,247,4.00,1627,19.00,1433,0.08
5611,-2.00,203,0.00,200,-2.00,203,-3.00,203,-1.00,202,-2.00,203,-4.00,204,-3.00,1403,-1.00,1503,0.00,200,-4.00,204,0.00,200,8.00,200,-1.00,202,-1.00,201,0.00,1144,0.00,972,0.00,1575,0.00,1247,-3.00,247,4.00,1627,19.00,1433,0.08
5647,-2.00,203,0.00,200,-2.00,203,-1.00,203,-1.00,202,-2.00,203,-4.00,204,-3.00,1403,-3.00,1503,0.00,200,-3.00,204,0.00,200,-1.00,199,-1.00,202,-1.00,201,0.00,1144,0.00,972,0.00,1575,0.00,1248,-2.00,247,5.00,1627,19.00,1433,0.08
5683,-2.00,203,0.00,200,-2.00,203,-3.00,203,-1.00,202,-2.00,203,-4.00,204,-2.00,1403,-2.00,1503,0.00,200,-3.00,204,0.00,200,3.00,200,-1.00,202,-1.00,201,0.00,1144,0.00,972,0.00,1575,0.00,1248,-5.00,247,4.00,1627,19.00,1433,0.00
5719,-2.00,203,0.00,200,-2.00,203,-2.00,203,-1.00,202,-3.00,203,-4.00,204,-3.00,1403,-3.00,1503,0.00,200,-2.00,204,0.00,200,-3.00,200,-1.00,202,0.00,201,0.00,1144,0.00,972,0.00,1575,0.00,1248,-3.00,247,4.00,1627,19.00,1433,0.24
5754,-2.00,203,0.00,200,-2.00,203,-2.00,203,-1.00,202,-3.00,203,-4.00,204,-3.00,1403,-2.00,1503,0.00,200,-4.00,204,0.00,200,-4.00,199,-1.00,202,-1.00,201,0.00,1144,0.00,972,0.00,1575,0.00,1248,-2.00,247,3.00,1627,19.00,1433,0.08
5790,-2.00,203,0.00,200,-3.00,203,-4.00,203,0.00,202,-1.00,203,-4.00,204,-2.00,1403,-2.00,1503,0.00,200,-3.00,204,0.00,200,0.00,200,-1.00,202,-1.00,201,0.00,1144,0.00,972,0.00,1575,0.00,1248,-4.00,247,4.00,1627,19.00,1433,0.24
5826,-2.00,203,0.00,200,-2.00,203,-1.00,203,-2.00,202,-1.00,203,-4.00,204,-2.00,1403,-2.00,1503,0.00,200,-3.00,204,0.00,200,1.00,199,-1.00,202,0.00,201,0.00,1144,0.00,972,0.00,1575,0.00,1248,-4.00,247,5.00,1627,19.00,1433,0.08
5862,-1.00,203,0.00,200,-4.00,203,-3.00,203,-1.00,202,-3.00,203,-4.00,204,-3.00,1403,-2.00,1503,0.00,200,-2.00,204,0.00,200,-3.00,200,-1.00,202,-2.00,201,0.00,1144,0.00,972,0.00,1575,0.00,1247,-3.00,247,4.00,1627,19.00,1433,0.08
5897,-2.00,203,0.00,200,-3.00,203,-2.00,203,-2.00,202,-2.00,203,-4.00,204,-3.00,1403,-7.00,1503,0.00,200,-2.00,204,0.00,200,-1.00,199,-1.00,202,-1.00,201,0.00,1144,0.00,972,0.00,1575,0.00,1247,-4.00,247,4.00,1627,19.00,1433,0.08
5933,-1.00,203,0.00,200,-2.00,203,0.00,203,-1.00,202,-1.00,203,-4.00,204,-2.00,1403,-3.00,1503,0.00,200,-3.00,204,0.00,200,0.00,200,-1.00,202,0.00,201,0.00,1144,0.00,972,0.00,1575,0.00,1248,-2.00,247,4.00,1627,19.00,1433,0.08
5969,-2.00,203,0.00,200,-2.00,203,-4.00,203,-2.00,202,-1.00,203,-4.00,204,-3.00,1403,-2.00,1503,0.00,200,-2.00,204,0.00,200,-1.00,199,-1.00,202,-1.00,201,0.00,1144,0.00,972,0.00,1575,0.00,1248,-1.00,247,4.00,1627,19.00,1433,0.40
6005,-1.00,203,0.00,200,-2.00,203,-1.00,203,-1.00,202,-3.00,203,-3.00,204,-4.00,1403,-2.00,1503,0.00,200,-4.00,204,0.00,200,2.00,200,-1.00,202,-2.00,201,0.00,1144,0.00,972,0.00,1575,0.00,1248,-2.00,247,5.00,1627,18.00,1433,0.16
6040,-2.00,203,0.00,200,-3.00,203,-1.00,203,-2.00,202,-2.00,203,-4.00,204,-3.00,1403,-2.00,1503,0.00,200,-3.00,204,0.00,200,0.00,200,-1.00,202,-2.00,201,0.00,1144,0.00,972,0.00,1575,0.00,1248,-5.00,247,5.00,1627,19.00,1433,0.65
6076,-1.00,203,0.00,200,-2.00,203,-3.00,203,-1.00,202,-1.00,203,-5.00,204,-3.00,1403,-2.00,1503,0.00,200,-3.00,204,0.00,200,0.00,200,-1.00,202,-1.00,201,0.00,1144,0.00,972,0.00,1575,0.00,1247,-2.00,247,4.00,1627,19.00,1433,0.16
6112,-2.00,203,0.00,200,-1.00,203,-2.00,203,-1.00,202,-2.00,203,-5.00,204,-2.00,1403,-1.00,1503,0.00,200,-4.00,204,0.00,200,0.00,200,-2.00,202,-1.00,201,0.00,1144,0.00,972,0.00,1575,0.00,1248,-4.00,247,5.00,1627,19.00,1433,0.08
6148,-1.00,203,0.00,200,-2.00,203,-2.00,203,-1.00,202,-1.00,203,-3.00,204,-2.00,1403,-2.00,1503,0.00,200,-5.00,204,0.00,200,-2.00,200,-2.00,202,0.00,201,0.00,1144,0.00,972,0.00,1575,0.00,1247,-1.00,247,5.00,1627,19.00,1433,0.24
6183,-2.00,203,0.00,200,-3.00,203,-2.00,203,-1.00,202,-1.00,203,-4.00,204,-3.00,1403,-1.00,1503,0.00,200,-4.00,204,0.00,200,3.00,199,-1.00,202,-1.00,201,0.00,1144,0.00,972,0.00,1575,0.00,1248,-1.00,247,5.00,1627,19.00,1433,0.16
6219,-3.00,203,0.00,200,-1.00,203,-2.00,203,0.00,202,-2.00,203,-3.00,204,-3.00,1403,-2.00,1503,0.00,200,-3.00,204,0.00,200,-1.00,200,-2.00,202,0.00,201,0.00,1144,0.00,972,0.00,1575,0.00,1247,-2.00,247,5.00,1627,19.00,1433,0.24
6255,-1.00,203,0.00,200,-2.00,203,-2.00,203,-1.00,202,-2.00,203,-4.00,204,-3.00,1403,-2.00,1503,0.00,200,-4.00,204,0.00,200,0.00,200,-1.00,202,-1.00,201,0.00,1144,0.00,972,0.00,1575,0.00,1248,-2.00,247,4.00,1627,19.00,1433,0.16
6291,-2.00,203,0.00,200,-2.00,203,-1.00,203,-1.00,202,-1.00,203,-5.00,204,-2.00,1403,-2.00,1503,0.00,200,-2.00,204,0.00,200,-2.00,199,0.00,202,0.00,201,0.00,1144,0.00,972,0.00,1575,0.00,1248,-3.00,247,4.00,1627,19.00,1433,0.08
6326,-1.00,203,0.00,200,-1.00,203,-1.00,203,-1.00,202,-2.00,203,-4.00,204,-3.00,1403,-1.00,1503,0.00,200,-4.00,204,0.00,200,6.00,199,-1.00,202,-1.00,201,0.00,1144,0.00,972,0.00,1575,0.00,1248,-5.00,247,4.00,1627,19.00,1433,0.08
6362,-2.00,203,0.00,200,-3.00,203,-2.00,203,-1.00,202,-2.00,203,-4.00,204,-3.00,1403,-3.00,1503,0.00,200,-3.00,204,0.00,200,0.00,200,-1.00,202,-1.00,201,0.00,1144,0.00,972,0.00,1575,0.00,1247,-2.00,247,4.00,1627,19.00,1433,0.00
6398,-2.00,203,0.00,200,-1.00,203,-4.00,203,-1.00,202,-3.00,203,-4.00,204,-2.00,1403,-2.00,1503,0.00,200,-4.00,204,0.00,200,-1.00,200,-1.00,202,0.00,201,0.00,1144,0.00,972,0.00,1575,0.00,1247,-5.00,247,4.00,1627,20.00,1433,0.16
6434,-3.00,203,0.00,200,-1.00,203,-1.00,203,-1.00,202,-3.00,203,-4.00,204,-3.00,1403,-2.00,1503,0.00,200,-3.00,204,0.00,200,-1.00,199,-1.00,202,-2.00,201,0.00,1144,0.00,972,0.00,1575,0.00,1247,-3.00,247,4.00,1627,19.00,1433,0.08
6469,-2.00,203,0.00,200,-1.00,203,-2.00,203,-1.00,202,-1.00,203,-4.00,204,-3.00,1403,-1.00,1503,0.00,200,-4.00,204,0.00,200,0.00,200,-1.00,202,-3.00,201,0.00,1144,0.00,972,0.00,1575,0.00,1247,-4.00,247,4.00,1627,19.00,1433,0.08
6505,-1.00,203,0.00,200,-2.00,203,-4.00,203,0.00,202,-2.00,203,-5.00,204,-3.00,1403,-2.00,1503,0.00,200,-4.00,204,0.00,200,0.00,200,-1.00,202,-1.00,201,0.00,1144,0.00,972,0.00,1575,0.00,1248,-5.00,247,4.00,1627,19.00,1433,0.16
6541,-2.00,203,0.00,200,-2.00,203,-3.00,203,-1.00,202,-2.00,203,-4.00,204,-2.00,1403,-3.00,1503,0.00,200,-3.00,204,0.00,200,3.00,200,-2.00,202,-1.00,201,0.00,1144,0.00,972,0.00,1575,0.00,1248,-4.00,247,4.00,1627,19.00,1433,0.32
6577,-3.00,203,0.00,200,-3.00,203,-3.00,203,-1.00,202,-1.00,203,-5.00,204,-3.00,1403,-2.00,1503,0.00,200,-3.00,204,0.00,200,-6.00,200,-2.00,202,-1.00,201,0.00,1144,0.00,972,0.00,1575,0.00,1247,-3.00,247,3.00,1627,19.00,1433,0.16
6612,-1.00,203,0.00,200,-2.00,203,-1.00,203,-1.00,202,-2.00,203,-3.00,204,-2.00,1403,-1.00,1503,0.00,200,-3.00,204,0.00,200,3.00,200,-1.00,202,0.00,201,0.00,1144,0.00,972,0.00,1575,0.00,1247,-4.00,247,3.00,1627,19.00,1433,0.65
6648,-3.00,203,0.00,200,-2.00,203,-4.00,203,-1.00,202,-3.00,203,-5.00,204,-2.00,1403,-2.00,1503,0.00,200,-4.00,204,0.00,200,0.00,200,0.00,202,-1.00,201,0.00,1144,0.00,972,0.00,1575,0.00,1248,-3.00,247,3.00,1627,19.00,1433,0.16
6684,-1.00,203,0.00,200,-1.00,203,-3.00,203,-1.00,202,-1.00,203,-4.00,204,-3.00,1403,-2.00,1503,0.00,200,-3.00,204,0.00,200,2.00,199,-1.00,202,-1.00,201,0.00,1144,0.00,972,0.00,1575,0.00,1248,-2.00,247,4.00,1627,18.00,1433,0.08
6719,-1.00,203,0.00,200,-2.00,203,-1.00,203,-1.00,202,-2.00,203,-5.00,204,-3.00,1403,-1.00,1503,0.00,200,-3.00,204,0.00,200,2.00,199,-1.00,202,0.00,201,0.00,1144,0.00,972,0.00,1575,0.00,1248,-2.00,247,4.00,1627,19.00,1433,0.16
6755,-3.00,203,0.00,200,-1.00,203,-1.00,203,-2.00,202,-2.00,203,-4.00,204,-3.00,1403,-2.00,1503,0.00,200,-4.00,204,0.00,200,-1.00,200,-1.00,202,-1.00,201,0.00,1144,0.00,972,0.00,1575,0.00,1248,-2.00,247,3.00,1627,19.00,1433,0.08
6791,-1.00,203,0.00,200,-1.00,203,-1.00,203,-2.00,202,-3.00,203,-4.00,204,-3.00,1403,-2.00,1503,0.00,200,-3.00,204,0.00,200,-5.00,200,0.00,202,-2.00,201,0.00,1144,0.00,972,0.00,1575,0.00,1247,-4.00,247,4.00,1627,19.00,1433,0.08
6827,-2.00,203,0.00,200,-2.00,203,-3.00,203,-1.00,202,-1.00,203,-5.00,204,-4.00,1403,-1.00,1503,0.00,200,-4.00,204,0.00,200,-5.00,200,-1.00,202,-2.00,201,0.00,1144,0.00,972,0.00,1575,0.00,1248,-2.00,247,4.00,1627,19.00,1433,0.24
6863,-3.00,203,0.00,200,-2.00,203,-1.00,203,-1.00,202,-2.00,203,-4.00,204,-2.00,1403,-2.00,1503,0.00,200,-2.00,204,0.00,200,-1.00,200,0.00,202,-1.00,201,0.00,1144,0.00,972,0.00,1575,0.00,1248,-3.00,247,4.00,1627,19.00,1433,0.08
6898,-1.00,203,0.00,200,-3.00,203,-3.00,203,-1.00,202,-3.00,203,-4.00,204,-3.00,1403,-2.00,1503,0.00,200,-3.00,204,0.00,200,0.00,200,-1.00,202,-1.00,201,0.00,1144,0.00,972,0.00,1575,0.00,1248,-2.00,247,4.00,1627,19.00,1433,0.08
6934,-2.00,203,0.00,200,-1.00,203,-1.00,203,-2.00,202,-1.00,203,-4.00,204,-2.00,1403,-1.00,1503,0.00,200,-2.00,204,0.00,200,4.00,200,-1.00,202,-1.00,201,0.00,1144,0.00,972,0.00,1575,0.00,1248,-3.00,247,4.00,1627,19.00,1433,0.24
6970,-3.00,203,0.00,200,-2.00,203,-2.00,203,-1.00,202,-2.00,203,-4.00,204,-4.00,1403,-2.00,1503,0.00,200,-2.00,204,0.00,200,0.00,199,-1.00,202,-1.00,201,0.00,1144,0.00,972,0.00,1575,0.00,1247,-2.00,247,4.00,1627,19.00,1433,0.16
7006,-3.00,203,0.00,200,-4.00,203,-2.00,203,-1.00,202,-2.00,203,-4.00,204,-3.00,1403,-2.00,1503,0.00,200,-2.00,204,0.00,200,4.00,199,-1.00,202,0.00,201,0.00,1144,0.00,972,0.00,1574,0.00,1248,-3.00,247,3.00,1627,19.00,1433,0.16
7041,-2.00,203,0.00,200,-1.00,203,-4.00,203,-1.00,202,-2.00,203,-4.00,204,-3.00,1403,-3.00,1503,0.00,200,-3.00,204,0.00,200,0.00,200,-1.00,202,-2.00,201,0.00,1144,0.00,972,0.00,1575,0.00,1248,-4.00,247,3.00,1627,19.00,1433,0.08
7077,-3.00,203,0.00,200,-2.00,203,0.00,203,-1.00,202,-2.00,203,-4.00,204,-4.00,1403,-2.00,1503,0.00,200,-5.00,204,0.00,200,-2.00,199,-1.00,202,0.00,201,0.00,1144,0.00,972,0.00,1575,0.00,1247,-2.00,247,4.00,1627,19.00,1433,0.40
7113,-3.00,203,0.00,200,-3.00,203,-1.00,203,-1.00,202,-3.00,203,-4.00,204,-4.00,1403,-3.00,1503,0.00,200,-3.00,204,0.00,200,5.00,200,0.00,202,-1.00,201,0.00,1144,0.00,972,0.00,1574,0.00,1248,-4.00,247,4.00,1627,20.00,1433,0.08
7149,-3.00,203,0.00,200,-2.00,203,-2.00,203,-1.00,202,-2.00,203,-3.00,204,-3.00,1403,-2.00,1503,0.00,200,-3.00,204,0.00,200,0.00,200,-2.00,202,-2.00,201,0.00,1144,0.00,972,0.00,1574,0.00,1248,-3.00,247,5.00,1627,19.00,1433,0.24
7185,-1.00,203,0.00,200,-3.00,203,-3.00,203,-2.00,202,-1.00,203,-5.00,204,-4.00,1403,-1.00,1503,0.00,200,-4.00,204,0.00,200,0.00,200,0.00,202,-1.00,201,0.00,1144,0.00,972,0.00,1574,0.00,1247,-2.00,247,3.00,1627,19.00,1433,0.16
7220,-3.00,203,0.00,200,-3.00,203,0.00,203,-2.00,202,-1.00,203,-4.00,204,-4.00,1403,-3.00,1503,0.00,200,-3.00,204,0.00,200,2.00,199,-1.00,202,-1.00,201,0.00,1144,0.00,972,0.00,1574,0.00,1247,-4.00,247,3.00,1627,18.00,1433,0.08
7256,-3.00,203,0.00,200,-2.00,203,-3.00,203,0.00,202,-2.00,203,-4.00,204,-2.00,1403,-3.00,1503,0.00,200,-3.00,204,0.00,200,0.00,199,-2.00,202,-2.00,201,0.00,1144,0.00,972,0.00,1574,0.00,1247,-2.00,247,4.00,1627,19.00,1433,0.40
7292,-2.00,203,0.00,200,-2.00,203,-2.00,203,-1.00,202,-3.00,203,-4.00,204,-3.00,1403,-3.00,1503,0.00,200,1.00,204,0.00,200,1.00,200,-1.00,202,0.00,201,0.00,1144,0.00,972,0.00,1574,0.00,1248,-4.00,247,4.00,1627,19.00,1433,0.08
7328,-1.00,203,0.00,200,-3.00,203,-1.00,203,-1.00,202,-2.00,203,-4.00,204,-4.00,1403,-2.00,1503,0.00,200,-3.00,204,0.00,200,2.00,200,-1.00,202,-2.00,201,0.00,1144,0.00,972,0.00,1574,0.00,1248,-4.00,247,4.00,1627,19.00,1433,0.24
7363,-3.00,203,0.00,200,-2.00,203,-1.00,203,-1.00,202,-2.00,203,-4.00,204,-3.00,1403,-3.00,1503,0.00,200,-4.00,204,0.00,200,-4.00,200,-1.00,202,-1.00,201,0.00,1144,0.00,972,0.00,1574,0.00,1248,-2.00,247,5.00,1627,18.00,1433,0.08
7399,-2.00,203,0.00,200,-3.00,203,-2.00,203,0.00,202,-3.00,203,-4.00,204,-3.00,1403,-3.00,1503,0.00,200,-2.00,204,0.00,200,-3.00,200,0.00,202,-1.00,201,0.00,1144,0.00,972,0.00,1574,0.00,1247,-2.00,247,3.00,1627,19.00,1433,0.08
7435,-2.00,203,0.00,200,-2.00,203,-3.00,203,-1.00,202,-1.00,203,-4.00,204,-3.00,1403,-1.00,1503,0.00,200,-4.00,204,0.00,200,-2.00,200,-2.00,202,-1.00,201,0.00,1144,0.00,972,0.00,1574,0.00,1248,-3.00,247,4.00,1627,19.00,1433,0.16
7471,-3.00,203,0.00,200,-1.00,203,-1.00,203,-1.00,202,-2.00,203,-4.00,204,-3.00,1403,-2.00,1503,0.00,200,-2.00,204,0.00,200,2.00,200,-1.00,202,-1.00,201,0.00,1144,0.00,972,0.00,1574,0.00,1248,-2.00,247,5.00,1627,19.00,1433,0.16
7506,-1.00,203,0.00,200,-2.00,203,-3.00,203,0.00,202,-2.00,203,-4.00,204,-4.00,1403,-3.00,1503,0.00,200,-1.00,204,0.00,200,0.00,200,-1.00,202,0.00,201,0.00,1144,0.00,972,0.00,1574,0.00,1248,-4.00,247,4.00,1627,19.00,1433,0.08
7542,-4.00,203,0.00,200,-2.00,203,-2.00,203,-2.00,202,-2.00,203,-4.00,204,-4.00,1403,-2.00,1503,0.00,200,-4.00,204,0.00,200,1.00,200,0.00,202,-1.00,201,0.00,1144,0.00,972,0.00,1574,0.00,1247,-2.00,247,4.00,1627,19.00,1433,0.08
7578,-1.00,203,0.00,200,-3.00,203,-3.00,203,-1.00,202,-3.00,203,-4.00,204,-3.00,1403,-2.00,1503,0.00,200,-2.00,204,0.00,200,-1.00,200,0.00,202,-1.00,201,0.00,1144,0.00,972,0.00,1574,0.00,1247,-2.00,247,5.00,1627,19.00,1433,0.16
7613,-2.00,203,0.00,200,-1.00,203,-1.00,203,-1.00,202,-2.00,203,-4.00,204,-2.00,1403,-3.00,1503,0.00,200,-3.00,204,0.00,200,1.00,200,-1.00,202,0.00,201,0.00,1144,0.00,972,0.00,1574,0.00,1248,-4.00,247,3.00,1627,18.00,1433,0.24
7649,-3.00,203,0.00,200,-2.00,203,-2.00,203,-1.00,202,-1.00,203,-4.00,204,-2.00,1403,-1.00,1503,0.00,200,-3.00,204,0.00,200,5.00,200,-2.00,202,0.00,201,0.00,1144,0.00,972,0.00,1574,0.00,1248,-3.00,247,4.00,1627,19.00,1433,0.08
7685,-1.00,203,0.00,200,-3.00,203,-3.00,203,-1.00,202,-2.00,203,-4.00,204,-3.00,1403,-3.00,1503,0.00,200,-4.00,204,0.00,200,2.00,200,-1.00,202,-1.00,201,0.00,1144,0.00,972,0.00,1574,0.00,1248,-2.00,247,3.00,1627,19.00,1433,0.24
7721,-4.00,203,0.00,200,-3.00,203,-2.00,203,-1.00,202,-2.00,203,-4.00,204,-3.00,1403,-1.00,1503,0.00,200,-3.00,204,0.00,200,3.00,199,-1.00,202,-1.00,201,0.00,1144,0.00,972,0.00,1574,0.00,1247,-5.00,247,4.00,1627,20.00,1433,0.24
7756,-2.00,203,0.00,200,-2.00,203,-3.00,203,-1.00,202,-2.00,203,-4.00,204,-3.00,1403,-2.00,1503,0.00,200,-4.00,204,0.00,200,4.00,200,-1.00,202,-1.00,201,0.00,1144,0.00,972,0.00,1574,0.00,1248,-2.00,247,4.00,1627,19.00,1433,0.56
7792,-3.00,203,0.00,200,-2.00,203,-3.00,203,-1.00,202,-2.00,203,-4.00,204,-3.00,1403,-2.00,1503,0.00,200,-1.00,204,0.00,200,1.00,200,-1.00,202,0.00,201,0.00,1144,0.00,972,0.00,1574,0.00,1248,-4.00,247,4.00,1627,19.00,1433,0.32
7828,-1.00,203,0.00,200,-2.00,203,-1.00,203,-1.00,202,-2.00,203,-4.00,204,-3.00,1403,-1.00,1503,0.00,200,-2.00,204,0.00,200,9.00,200,-5.00,202,-1.00,201,0.00,1144,0.00,972,0.00,1574,0.00,1247,-3.00,247,3.00,1627,20.00,1433,0.08
7863,-1.00,203,0.00,200,-2.00,203,-2.00,203,-2.00,202,-3.00,203,-4.00,204,-3.00,1403,-2.00,1503,0.00,200,-2.00,204,0.00,200,3.00,199,0.00,202,0.00,201,0.00,1144,0.00,972,0.00,1574,0.00,1248,-5.00,247,4.00,1627,19.00,1433,0.24
7899,-2.00,203,0.00,200,-1.00,203,-2.00,203,0.00,202,-2.00,203,-4.00,204,-4.00,1403,-2.00,1503,0.00,200,-2.00,204,0.00,200,-5.00,200,0.00,202,-1.00,201,0.00,1144,0.00,972,0.00,1574,0.00,1247,-3.00,247,4.00,1627,19.00,1433,0.08
7935,-2.00,203,0.00,200,-2.00,203,-2.00,203,-1.00,202,-2.00,203,-3.00,204,-3.00,1403,-1.00,1503,0.00,200,-4.00,204,0.00,200,0.00,200,-1.00,202,-1.00,201,0.00,1144,0.00,972,0.00,1574,0.00,1248,-2.00,247,3.00,1627,19.00,1433,0.00
7971,-2.00,203,0.00,200,-2.00,203,-3.00,203,-1.00,202,-2.00,203,-4.00,204,-3.00,1403,-3.00,1503,0.00,200,-3.00,204,0.00,200,2.00,199,-1.00,202,-1.00,201,0.00,1144,0.00,972,0.00,1574,0.00,1247,-4.00,247,4.00,1627,19.00,1433,0.16
8006,-4.00,203,0.00,200,-2.00,203,-3.00,203,-1.00,202,-1.00,203,-4.00,204,-4.00,1403,-3.00,1503,0.00,200,-2.00,204,0.00,200,1.00,199,0.00,202,-2.00,201,0.00,1144,0.00,972,0.00,1574,0.00,1248,-3.00,247,3.00,1627,19.00,1433,0.65
8042,-2.00,203,0.00,200,-3.00,203,-2.00,203,-2.00,202,-1.00,203,-4.00,204,-2.00,1403,-3.00,1503,0.00,200,-3.00,204,0.00,200,-3.00,199,-1.00,202,0.00,201,0.00,1144,0.00,972,0.00,1574,0.00,1248,-2.00,247,5.00,1627,19.00,1433,0.08
8078,-2.00,203,0.00,200,-2.00,203,-4.00,203,-1.00,202,-2.00,203,-4.00,204,-2.00,1403,-2.00,1503,0.00,200,-4.00,204,0.00,200,-1.00,200,-1.00,202,-1.00,201,0.00,1144,0.00,972,0.00,1574,0.00,1248,-4.00,247,3.00,1627,19.00,1433,0.08
8114,-2.00,203,0.00,200,-3.00,203,-2.00,203,-1.00,202,-2.00,203,-5.00,204,-4.00,1403,-1.00,1503,0.00,200,-1.00,204,0.00,200,3.00,200,-1.00,202,-1.00,201,0.00,1144,0.00,972,0.00,1574,0.00,1248,-4.00,247,4.00,1627,19.00,1433,0.16
8150,-2.00,203,0.00,200,-2.00,203,-3.00,203,-1.00,202,-3.00,203,-4.00,204,-3.00,1403,-1.00,1503,0.00,200,-3.00,204,0.00,200,-4.00,200,-1.00,202,-1.00,201,0.00,1144,0.00,972,0.00,1574,0.00,1247,-1.00,247,4.00,1627,19.00,1433,0.16
8185,-3.00,203,0.00,200,-1.00,203,-2.00,203,-1.00,202,-2.00,203,-3.00,204,-3.00,1403,-2.00,1503,0.00,200,-3.00,204,0.00,200,-3.00,200,-2.00,202,-1.00,201,0.00,1144,0.00,972,0.00,1574,0.00,1247,-4.00,247,5.00,1627,18.00,1433,0.32
8221,-3.00,203,0.00,200,-1.00,203,-3.00,203,-1.00,202,-2.00,203,-4.00,204,-3.00,1403,-3.00,1503,0.00,200,-2.00,204,0.00,200,1.00,200,-1.00,202,-1.00,201,0.00,1144,0.00,972,0.00,1574,0.00,1247,-3.00,247,3.00,1627,19.00,1433,0.08
8257,-2.00,203,0.00,200,-1.00,203,-2.00,203,0.00,202,-2.00,203,-4.00,204,-2.00,1403,-2.00,1503,0.00,200,-1.00,204,0.00,200,7.00,199,-1.00,202,-1.00,201,0.00,1144,0.00,972,0.00,1574,0.00,1248,-3.00,247,4.00,1627,19.00,1433,0.08
8292,-3.00,203,0.00,200,-3.00,203,0.00,203,-2.00,202,-2.00,203,-4.00,204,-4.00,1403,-1.00,1503,0.00,200,-4.00,204,0.00,200,-1.00,200,-1.00,202,-2.00,201,0.00,1144,0.00,972,0.00,1574,0.00,1247,-4.00,247,4.00,1627,19.00,1433,0.08
8328,-2.00,203,0.00,200,-3.00,203,0.00,203,-2.00,202,-2.00,203,-4.00,204,-4.00,1403,-1.00,1503,0.00,200,-3.00,204,0.00,200,0.00,200,-1.00,202,-1.00,201,0.00,1144,0.00,972,0.00,1574,0.00,1247,-3.00,247,3.00,1627,20.00,1433,0.08
8364,-2.00,203,0.00,200,-2.00,203,-1.00,203,-2.00,202,-3.00,203,-4.00,204,-4.00,1403,-2.00,1503,0.00,200,-3.00,204,0.00,200,7.00,200,-1.00,202,-1.00,201,0.00,1144,0.00,972,0.00,1574,0.00,1248,-2.00,247,4.00,1627,19.00,1433,0.16
8399,-2.00,203,0.00,200,-3.00,203,-3.00,203,-1.00,202,-3.00,203,-4.00,204,-3.00,1403,-1.00,1503,0.00,200,-4.00,204,0.00,200,2.00,200,0.00,202,-2.00,201,0.00,1144,0.00,972,0.00,1574,0.00,1248,-3.00,247,3.00,1627,19.00,1433,0.00
8435,-3.00,203,0.00,200,-2.00,203,-2.00,203,0.00,202,-3.00,203,-4.00,204,-3.00,1403,-2.00,1503,0.00,200,-2.00,204,0.00,200,-2.00,200,-2.00,202,-1.00,201,0.00,1144,0.00,972,0.00,1574,0.00,1247,-1.00,247,4.00,1627,19.00,1433,0.08
8471,-1.00,203,0.00,200,-3.00,203,0.00,203,-1.00,202,-1.00,203,-4.00,204,-2.00,1403,-2.00,1503,0.00,200,-3.00,204,0.00,200,-1.00,199,-1.00,202,-1.00,201,0.00,1144,0.00,972,0.00,1574,0.00,1247,-2.00,247,4.00,1627,20.00,1433,0.08
8507,-1.00,203,0.00,200,-2.00,203,-3.00,203,-1.00,202,-3.00,203,-5.00,204,-2.00,1403,-2.00,1503,0.00,200,-3.00,204,0.00,200,-2.00,200,-1.00,202,-2.00,201,0.00,1144,0.00,972,0.00,1574,0.00,1248,-4.00,247,4.00,1627,19.00,1433,0.00
8542,-4.00,203,0.00,200,-2.00,203,-3.00,203,0.00,202,-2.00,203,-4.00,204,-3.00,1403,-2.00,1503,0.00,200,-4.00,204,0.00,200,0.00,199,-1.00,202,-1.00,201,0.00,1144,0.00,972,0.00,1574,0.00,1248,-3.00,247,5.00,1627,19.00,1433,0.08
8578,-2.00,203,0.00,200,-3.00,203,-4.00,203,0.00,202,-2.00,203,-4.00,204,-4.00,1403,-2.00,1503,0.00,200,-4.00,204,0.00,200,8.00,200,-1.00,202,-1.00,201,0.00,1144,0.00,972,0.00,1574,0.00,1247,-4.00,247,4.00,1627,19.00,1433,0.08
8614,-3.00,203,0.00,200,-3.00,203,-1.00,203,-1.00,202,-2.00,203,-4.00,204,-2.00,1403,-2.00,1503,0.00,200,-3.00,204,0.00,200,0.00,200,-1.00,202,-1.00,201,0.00,1144,0.00,972,0.00,1574,0.00,1248,-2.00,247,5.00,1627,13.00,1433,0.00
8650,-1.00,203,0.00,200,-2.00,203,-2.00,203,0.00,202,-1.00,203,-5.00,204,-4.00,1403,-3.00,1503,0.00,200,-3.00,204,0.00,200,4.00,200,0.00,202,-1.00,201,0.00,1144,0.00,972,0.00,1574,0.00,1247,-4.00,247,4.00,1627,19.00,1433,0.24
8685,-1.00,203,0.00,200,-1.00,203,-3.00,203,-1.00,202,-3.00,203,-5.00,204,-3.00,1403,-2.00,1503,0.00,200,-3.00,204,0.00,200,-1.00,200,-2.00,202,0.00,201,0.00,1144,0.00,972,0.00,1574,0.00,1247,-5.00,247,4.00,1627,19.00,1433,0.16
8721,-2.00,203,0.00,200,-2.00,203,-2.00,203,-1.00,202,-1.00,203,-5.00,204,-4.00,1403,-3.00,1503,0.00,200,-3.00,204,0.00,200,-4.00,199,-1.00,202,-1.00,201,0.00,1144,0.00,972,0.00,1574,0.00,1248,-4.00,247,3.00,1627,19.00,1433,0.08
8757,-2.00,203,0.00,200,-2.00,203,-2.00,203,-1.00,202,-2.00,203,-4.00,204,-4.00,1403,-1.00,1503,0.00,200,-3.00,204,0.00,200,0.00,200,-1.00,202,-2.00,201,0.00,1144,0.00,972,0.00,1574,0.00,1247,-2.00,247,5.00,1627,19.00,1433,0.73
8792,-3.00,203,0.00,200,-2.00,203,-3.00,203,-1.00,202,-2.00,203,-4.00,204,-3.00,1403,-1.00,1503,0.00,200,-3.00,204,0.00,200,1.00,200,0.00,202,-1.00,201,0.00,1144,0.00,972,0.00,1574,0.00,1248,-4.00,247,3.00,1627,19.00,1433,0.32
8828,-1.00,203,0.00,200,-2.00,203,0.00,203,-1.00,202,-2.00,203,-4.00,204,-2.00,1403,-3.00,1503,0.00,200,-4.00,204,0.00,200,-1.00,200,-1.00,202,-2.00,201,0.00,1144,0.00,972,0.00,1574,0.00,1247,-3.00,247,5.00,1627,19.00,1433,0.00
8864,-2.00,203,0.00,200,-2.00,203,-1.00,203,-1.00,202,-1.00,203,-4.00,204,-3.00,1403,-1.00,1503,0.00,200,-4.00,204,0.00,200,-1.00,200,-1.00,202,-1.00,201,0.00,1144,0.00,972,0.00,1574,0.00,1247,-2.00,247,5.00,1627,19.00,1433,0.40
8900,-2.00,203,0.00,200,-2.00,203,-1.00,203,-1.00,202,-2.00,203,-4.00,204,-3.00,1403,-2.00,1503,0.00,200,-4.00,204,0.00,200,9.00,200,-1.00,202,-1.00,201,0.00,1144,0.00,972,0.00,1574,0.00,1247,-4.00,247,3.00,1627,19.00,1433,0.00
8935,-1.00,203,0.00,200,-2.00,203,-1.00,203,-2.00,202,-2.00,203,-4.00,204,-4.00,1403,-2.00,1503,0.00,200,-4.00,204,0.00,200,-1.00,200,-2.00,202,0.00,201,0.00,1144,0.00,972,0.00,1574,0.00,1248,-2.00,247,3.00,1627,19.00,1433,0.16
8971,-2.00,203,0.00,200,-2.00,203,-1.00,203,-1.00,202,-3.00,203,-4.00,204,-2.00,1403,-2.00,1503,0.00,200,-4.00,204,0.00,200,-1.00,199,0.00,202,-1.00,201,0.00,1144,0.00,972,0.00,1574,0.00,1247,-4.00,247,4.00,1627,19.00,1433,0.16
9007,-4.00,203,0.00,200,-3.00,203,-1.00,203,0.00,202,-1.00,203,-4.00,204,-3.00,1403,-1.00,1503,0.00,200,-4.00,204,0.00,200,5.00,199,-1.00,202,-1.00,201,0.00,1144,0.00,972,0.00,1574,0.00,1247,-1.00,247,3.00,1627,19.00,1433,0.16
9043,-2.00,203,0.00,200,-2.00,203,-2.00,203,-1.00,202,-2.00,203,-4.00,204,-3.00,1403,-1.00,1503,0.00,200,4.00,204,0.00,200,-1.00,200,0.00,202,-1.00,201,0.00,1144,0.00,972,0.00,1574,0.00,1248,-2.00,247,3.00,1627,18.00,1433,0.08
9079,-2.00,203,0.00,200,-2.00,203,-1.00,203,-1.00,202,-2.00,203,-3.00,204,-3.00,1403,-2.00,1503,0.00,200,-4.00,204,0.00,200,-1.00,200,0.00,202,-1.00,201,0.00,1144,0.00,972,0.00,1574,0.00,1247,-2.00,247,5.00,1627,19.00,1433,0.00
9114,-2.00,203,0.00,200,-4.00,203,-4.00,203,-1.00,202,-2.00,203,-4.00,204,-3.00,1403,-2.00,1503,0.00,200,-3.00,204,0.00,200,3.00,200,-1.00,202,-1.00,201,0.00,1144,0.00,972,0.00,1574,0.00,1248,-2.00,247,5.00,1627,19.00,1433,0.16
9150,-3.00,203,0.00,200,-2.00,203,-3.00,203,-1.00,202,-2.00,203,-3.00,204,-3.00,1403,-3.00,1503,0.00,200,-4.00,204,0.00,200,0.00,200,0.00,202,0.00,201,0.00,1144,0.00,972,0.00,1574,0.00,1247,-4.00,247,5.00,1627,19.00,1433,0.08
9186,-3.00,203,0.00,200,-3.00,203,-2.00,203,-1.00,202,-2.00,203,-4.00,204,-3.00,1403,-2.00,1503,0.00,200,-4.00,204,0.00,200,-1.00,200,-1.00,202,-2.00,201,0.00,1144,0.00,972,0.00,1574,0.00,1247,-2.00,247,3.00,1627,19.00,1433,0.08
9222,-2.00,203,0.00,200,-1.00,203,-2.00,203,-1.00,202,-3.00,203,-5.00,204,-3.00,1403,-1.00,1503,0.00,200,-2.00,204,0.00,200,3.00,200,0.00,202,-1.00,201,0.00,1144,0.00,972,0.00,1574,0.00,1247,-3.00,247,3.00,1627,19.00,1433,0.00
9258,-3.00,203,0.00,200,-1.00,203,-1.00,203,0.00,202,-2.00,203,-4.00,204,-4.00,1403,-2.00,1503,0.00,200,-2.00,204,0.00,200,-3.00,200,-1.00,202,-2.00,201,0.00,1144,0.00,972,0.00,1574,0.00,1247,-2.00,247,3.00,1627,19.00,1433,0.08
9293,-2.00,203,0.00,200,-1.00,203,-2.00,203,-1.00,202,-1.00,203,-3.00,204,-3.00,1403,-3.00,1503,0.00,200,-2.00,204,0.00,200,-2.00,200,-1.00,202,-2.00,201,0.00,1144,0.00,972,0.00,1574,0.00,1248,-5.00,247,4.00,1627,19.00,1433,0.24
9329,-2.00,203,0.00,200,-3.00,203,-1.00,203,-2.00,202,-2.00,203,-4.00,204,-4.00,1403,-3.00,1503,0.00,200,-2.00,204,0.00,200,0.00,200,-1.00,202,-1.00,201,0.00,1144,0.00,972,0.00,1574,0.00,1247,-4.00,247,4.00,1627,19.00,1433,0.08
9365,-2.00,203,0.00,200,-3.00,203,-1.00,203,-1.00,202,-2.00,203,-4.00,204,-4.00,1403,-1.00,1503,0.00,200,-4.00,204,0.00,200,1.00,200,-1.00,202,0.00,201,0.00,1144,0.00,972,0.00,1574,0.00,1248,-2.00,247,4.00,1627,19.00,1433,0.24
9401,-1.00,203,0.00,200,-2.00,203,-4.00,203,-1.00,202,-2.00,203,-3.00,204,-4.00,1403,-3.00,1503,0.00,200,-4.00,204,0.00,200,-1.00,200,-1.00,202,-1.00,201,0.00,1144,0.00,972,0.00,1574,0.00,1247,-5.00,247,4.00,1627,19.00,1433,0.00
9437,-1.00,203,0.00,200,-3.00,203,0.00,203,-1.00,202,-3.00,203,-3.00,204,-3.00,1403,-1.00,1503,0.00,200,-2.00,204,0.00,200,6.00,200,-2.00,202,-1.00,201,0.00,1144,0.00,972,0.00,1574,0.00,1248,-4.00,247,4.00,1627,19.00,1433,0.08
9472,-2.00,203,0.00,200,-3.00,203,-2.00,203,-1.00,202,-2.00,203,-3.00,204,-3.00,1403,-2.00,1503,0.00,200,-3.00,204,0.00,200,4.00,200,-1.00,202,-1.00,201,0.00,1144,0.00,972,0.00,1574,0.00,1247,-1.00,247,3.00,1627,19.00,1433,0.24
9508,-2.00,203,0.00,200,-3.00,203,-3.00,203,0.00,202,-3.00,203,-4.00,204,-3.00,1403,-3.00,1503,0.00,200,-3.00,204,0.00,200,-2.00,200,-1.00,202,0.00,201,0.00,1144,0.00,972,0.00,1574,0.00,1247,-4.00,247,4.00,1627,19.00,1433,0.00
9544,-2.00,203,0.00,200,-2.00,203,-1.00,203,-1.00,202,-3.00,203,-4.00,204,-2.00,1403,-3.00,1503,0.00,200,-4.00,204,0.00,200,-1.00,200,-1.00,202,-1.00,201,0.00,1144,0.00,972,0.00,1574,0.00,1247,-4.00,247,5.00,1627,19.00,1433,0.08
9580,-1.00,203,0.00,200,-2.00,203,-3.00,203,-1.00,202,-3.00,203,-3.00,204,-3.00,1403,-3.00,1503,0.00,200,-2.00,204,0.00,200,-1.00,200,-1.00,202,-1.00,201,0.00,1144,0.00,972,0.00,1573,0.00,1247,-2.00,247,4.00,1627,18.00,1433,0.08
9616,-1.00,203,0.00,200,-2.00,203,-1.00,203,-1.00,202,-2.00,203,-3.00,204,-3.00,1403,-3.00,1503,0.00,200,-3.00,204,0.00,200,-1.00,200,0.00,202,-1.00,201,0.00,1144,0.00,972,0.00,1570,0.00,1248,-2.00,247,3.00,1627,19.00,1433,0.08
9651,-3.00,203,0.00,200,-1.00,203,-2.00,203,-2.00,202,-1.00,203,-4.00,204,-2.00,1403,-3.00,1503,0.00,200,-4.00,204,0.00,200,0.00,200,-1.00,202,-1.00,201,0.00,1144,0.00,972,0.00,1566,0.00,1247,-2.00,247,3.00,1627,19.00,1433,0.16
9687,-1.00,203,0.00,200,-1.00,203,-1.00,203,0.00,202,-3.00,203,-4.00,204,-3.00,1403,-3.00,1503,0.00,200,-4.00,204,0.00,200,-1.00,200,-2.00,202,0.00,201,0.00,1144,0.00,972,0.00,1562,0.00,1247,-2.00,247,4.00,1627,19.00,1433,0.24
9723,-3.00,203,0.00,200,-2.00,203,-1.00,203,-2.00,202,-1.00,203,-4.00,204,-3.00,1403,-2.00,1503,0.00,200,-3.00,204,0.00,200,-4.00,200,0.00,202,-1.00,201,0.00,1144,0.00,972,0.00,1558,0.00,1248,-4.00,247,4.00,1627,18.00,1433,0.40
9759,-2.00,203,0.00,200,-2.00,203,-3.00,203,-1.00,202,-2.00,203,-5.00,204,-3.00,1403,-1.00,1503,0.00,200,-4.00,204,0.00,200,8.00,200,-1.00,202,-1.00,201,0.00,1144,0.00,972,0.00,1554,0.00,1248,-2.00,247,5.00,1627,19.00,1433,0.08
9794,-3.00,203,0.00,200,-2.00,203,-2.00,203,-1.00,202,-2.00,203,-4.00,204,-4.00,1403,-3.00,1503,0.00,200,-2.00,204,0.00,200,2.00,200,-1.00,202,-1.00,201,0.00,1144,0.00,972,0.00,1550,0.00,1247,-2.00,247,4.00,1627,19.00,1433,0.08
9830,-2.00,203,0.00,200,-3.00,203,-2.00,203,-2.00,202,-2.00,203,-4.00,204,-4.00,1403,-2.00,1503,0.00,200,-2.00,204,0.00,200,-1.00,200,-1.00,202,-1.00,201,0.00,1144,0.00,972,0.00,1547,0.00,1247,-3.00,247,5.00,1627,19.00,1433,0.00
9866,-1.00,203,0.00,200,-1.00,203,-1.00,203,-1.00,202,-2.00,203,-4.00,204,-3.00,1403,-2.00,1503,0.00,200,-2.00,204,0.00,200,9.00,200,-1.00,202,-1.00,201,0.00,1144,0.00,972,0.00,1546,0.00,1248,-4.00,247,5.00,1627,19.00,1433,0.00
9902,-2.00,203,0.00,200,-1.00,203,-4.00,203,-1.00,202,-2.00,203,-4.00,204,-4.00,1403,-2.00,1503,0.00,200,-3.00,204,0.00,200,1.00,200,0.00,202,0.00,201,0.00,1144,0.00,972,0.00,1546,0.00,1248,-4.00,247,4.00,1627,19.00,1433,0.00
9937,-1.00,203,0.00,200,-2.00,203,-4.00,203,-2.00,202,-2.00,203,-4.00,204,-3.00,1403,-2.00,1503,0.00,200,-3.00,204,0.00,200,-7.00,200,-1.00,202,-1.00,201,0.00,1144,0.00,972,0.00,1546,0.00,1247,-3.00,247,5.00,1627,19.00,1433,0.00
9973,-1.00,203,0.00,200,-2.00,203,-2.00,203,-1.00,202,-3.00,203,-4.00,204,-3.00,1403,-3.00,1503,0.00,200,-3.00,204,0.00,200,0.00,199,-1.00,202,0.00,201,0.00,1144,0.00,972,0.00,1546,0.00,1247,-5.00,247,4.00,1627,19.00,1433,0.08
10009,-1.00,203,0.00,200,-3.00,203,-2.00,203,-1.00,202,-1.00,203,-4.00,204,-4.00,1403,-2.00,1503,0.00,200,-4.00,204,0.00,200,2.00,200,0.00,202,-1.00,201,0.00,1144,0.00,972,0.00,1546,0.00,1247,-4.00,247,3.00,1627,19.00,1433,0.00
10045,-1.00,203,0.00,200,-1.00,203,-3.00,203,-2.00,202,-2.00,203,-3.00,204,-3.00,1403,-2.00,1503,0.00,200,-4.00,204,0.00,200,-2.00,200,0.00,202,-1.00,201,0.00,1144,0.00,972,0.00,1546,0.00,1247,-4.00,247,3.00,1627,18.00,1433,0.08
10080,-3.00,203,0.00,200,-1.00,203,-1.00,203,-1.00,202,-3.00,203,-4.00,204,-4.00,1402,-1.00,1503,0.00,200,-2.00,204,0.00,200,0.00,200,-1.00,202,-1.00,201,0.00,1144,0.00,972,0.00,1546,0.00,1247,-3.00,247,5.00,1627,19.00,1433,0.56
10116,-1.00,203,0.00,200,-1.00,203,0.00,203,-1.00,202,-3.00,203,-4.00,204,-3.00,1403,-2.00,1503,0.00,200,-4.00,204,0.00,200,1.00,200,0.00,202,-1.00,201,0.00,1144,0.00,972,0.00,1546,0.00,1248,-4.00,247,3.00,1627,19.00,1433,0.00
10152,-3.00,203,0.00,200,-2.00,203,-1.00,203,0.00,202,-2.00,203,-4.00,204,-3.00,1403,-2.00,1503,0.00,200,-3.00,204,0.00,200,-1.00,200,-1.00,202,-1.00,201,0.00,1144,0.00,972,0.00,1546,0.00,1248,-2.00,247,5.00,1627,19.00,1433,0.08
10188,-1.00,203,0.00,200,-1.00,203,-2.00,203,-1.00,202,-1.00,203,-4.00,204,-4.00,1403,-2.00,1503,0.00,200,-3.00,204,0.00,200,9.00,199,-1.00,202,-1.00,201,0.00,1144,0.00,972,0.00,1545,0.00,1247,-2.00,247,4.00,1627,19.00,1433,0.08
10224,-2.00,203,0.00,200,-2.00,203,-2.00,203,0.00,202,-2.00,203,-4.00,204,-3.00,1403,-2.00,1503,0.00,200,-2.00,204,0.00,200,-2.00,200,-1.00,202,0.00,201,0.00,1144,0.00,972,0.00,1546,0.00,1247,-2.00,247,4.00,1627,19.00,1433,0.16
10260,-2.00,203,0.00,200,-1.00,203,0.00,203,-2.00,202,-1.00,203,-4.00,204,-3.00,1403,-2.00,1503,0.00,200,-4.00,204,0.00,200,-3.00,200,-1.00,202,-2.00,201,0.00,1144,0.00,972,0.00,1545,0.00,1247,-3.00,247,3.00,1627,19.00,1433,0.08
10295,-2.00,203,0.00,200,0.00,203,-1.00,203,-2.00,202,-2.00,203,-4.00,204,-3.00,1403,-2.00,1503,0.00,200,-3.00,204,0.00,200,2.00,199,-2.00,202,0.00,201,0.00,1144,0.00,972,0.00,1545,0.00,1248,-4.00,247,5.00,1627,19.00,1433,0.16
10331,-2.00,203,0.00,200,-1.00,203,-2.00,203,-1.00,202,-1.00,203,-4.00,204,-2.00,1403,-3.00,1503,0.00,200,-4.00,204,0.00,200,-3.00,200,-2.00,202,-1.00,201,0.00,1144,0.00,972,0.00,1546,0.00,1247,-2.00,247,4.00,1627,19.00,1433,0.08
10367,-3.00,203,0.00,200,-2.00,203,-4.00,203,-1.00,202,-2.00,203,-5.00,204,-4.00,1403,-1.00,1503,0.00,200,-4.00,204,0.00,200,-3.00,200,-1.00,202,-1.00,201,0.00,1144,0.00,972,0.00,1545,0.00,1248,-2.00,247,4.00,1627,19.00,1433,0.08
10403,-3.00,203,0.00,200,-2.00,203,-4.00,203,-1.00,202,-1.00,203,-3.00,204,-3.00,1403,-3.00,1503,0.00,200,-3.00,204,0.00,200,-3.00,200,0.00,202,-1.00,201,0.00,1144,0.00,972,0.00,1546,0.00,1247,-3.00,247,3.00,1627,19.00,1433,0.08
10439,-1.00,203,0.00,200,-1.00,203,-1.00,203,-2.00,202,-1.00,203,-4.00,204,-4.00,1403,-1.00,1503,0.00,200,-4.00,204,0.00,200,2.00,200,0.00,202,-1.00,201,0.00,1144,0.00,972,0.00,1546,0.00,1248,-4.00,247,5.00,1627,19.00,1433,0.00
10475,-1.00,203,0.00,200,-2.00,203,-2.00,203,0.00,202,-2.00,203,-4.00,204,-3.00,1403,-3.00,1503,0.00,200,-3.00,204,0.00,200,0.00,200,0.00,202,-1.00,201,0.00,1144,0.00,972,0.00,1545,0.00,1247,-3.00,247,5.00,1627,19.00,1433,0.08
10510,-2.00,203,0.00,200,-3.00,203,-2.00,203,-1.00,202,-1.00,203,-4.00,204,-3.00,1403,-2.00,1503,0.00,200,-3.00,204,0.00,200,1.00,200,-1.00,202,-1.00,201,0.00,1144,0.00,972,0.00,1546,0.00,1248,-4.00,247,4.00,1627,19.00,1433,0.08
10546,-2.00,203,0.00,200,-3.00,203,-3.00,203,-1.00,202,-2.00,203,-4.00,204,-4.00,1403,-2.00,1503,0.00,200,-3.00,204,0.00,200,0.00,199,-1.00,202,-1.00,201,0.00,1144,0.00,972,0.00,1546,0.00,1247,-3.00,247,4.00,1627,19.00,1433,0.00
10582,-2.00,203,0.00,200,-3.00,203,-1.00,203,-1.00,202,-2.00,203,-4.00,204,-4.00,1403,-3.00,1503,0.00,200,-4.00,204,0.00,200,-1.00,199,-1.00,202,-1.00,201,0.00,1144,0.00,972,0.00,1546,0.00,1248,-5.00,247,4.00,1627,19.00,1433,0.08
10617,-2.00,203,0.00,200,-2.00,203,-3.00,203,-1.00,202,-2.00,203,-5.00,204,-3.00,1403,-3.00,1503,0.00,200,-5.00,203,0.00,200,-1.00,200,-1.00,202,-2.00,201,0.00,1144,0.00,972,0.00,1546,0.00,1248,-5.00,247,5.00,1627,19.00,1433,0.24
10653,-1.00,203,0.00,200,-2.00,203,-1.00,203,0.00,202,-2.00,203,-4.00,204,-3.00,1403,-2.00,1503,0.00,200,-4.00,204,0.00,200,3.00,200,0.00,202,-1.00,201,0.00,1144,0.00,972,0.00,1546,0.00,1247,-3.00,247,5.00,1627,19.00,1433,0.08
10689,-1.00,203,0.00,200,-1.00,203,-3.00,203,-2.00,202,-2.00,203,-4.00,204,-3.00,1403,-3.00,1503,0.00,200,-4.00,204,0.00,200,7.00,200,-1.00,202,-2.00,201,0.00,1144,0.00,972,0.00,1545,0.00,1248,-4.00,247,4.00,1627,19.00,1433,0.08
10725,-2.00,203,0.00,200,-1.00,203,-1.00,203,-1.00,202,-2.00,203,-4.00,204,-4.00,1403,-3.00,1503,0.00,200,-4.00,204,0.00,200,-3.00,199,-2.00,202,-1.00,201,0.00,1144,0.00,972,0.00,1546,0.00,1247,-2.00,247,4.00,1627,19.00,1433,0.00
10760,-1.00,203,0.00,200,-3.00,203,0.00,203,0.00,202,-2.00,203,-4.00,204,-3.00,1403,-2.00,1503,0.00,200,-4.00,204,0.00,200,0.00,200,-1.00,202,-1.00,201,0.00,1144,0.00,972,0.00,1546,0.00,1247,-1.00,247,4.00,1627,19.00,1433,0.08
10796,-1.00,203,0.00,200,-3.00,203,-2.00,203,-1.00,202,-2.00,203,-5.00,204,-4.00,1403,-1.00,1503,0.00,200,-4.00,204,0.00,200,-5.00,200,-1.00,202,0.00,201,0.00,1144,0.00,972,0.00,1545,0.00,1247,-3.00,247,4.00,1627,19.00,1433,0.08
10832,-3.00,203,0.00,200,-3.00,203,-3.00,203,-1.00,202,-2.00,203,-4.00,204,-2.00,1403,-2.00,1503,0.00,200,-4.00,204,0.00,200,4.00,200,-2.00,202,-2.00,201,0.00,1144,0.00,972,0.00,1545,0.00,1248,-2.00,247,4.00,1627,19.00,1433,0.08
10867,-1.00,203,0.00,200,-2.00,203,-2.00,203,0.00,202,-2.00,203,-4.00,204,-4.00,1403,-3.00,1503,0.00,200,-2.00,204,0.00,200,-1.00,200,-1.00,202,0.00,201,0.00,1144,0.00,972,0.00,1545,0.00,1248,-4.00,247,3.00,1627,19.00,1433,0.08
10903,-3.00,203,0.00,200,-1.00,203,-1.00,203,0.00,202,-2.00,203,-4.00,204,-2.00,1403,-1.00,1503,0.00,200,-3.00,204,0.00,200,7.00,200,-1.00,202,-1.00,201,0.00,1144,0.00,972,0.00,1545,0.00,1247,-3.00,247,4.00,1627,19.00,1433,0.00
10939,-2.00,203,0.00,200,-2.00,203,-2.00,203,-1.00,202,-3.00,203,-4.00,204,-2.00,1403,-3.00,1503,0.00,200,-4.00,204,0.00,200,-1.00,199,-1.00,202,0.00,201,0.00,1144,0.00,972,0.00,1546,0.00,1247,-2.00,247,4.00,1627,19.00,1433,0.08
10975,-1.00,203,0.00,200,-1.00,203,-3.00,203,-1.00,202,-2.00,203,-4.00,204,-3.00,1403,-2.00,1503,0.00,200,-4.00,204,0.00,200,0.00,200,0.00,202,-1.00,201,0.00,1144,0.00,972,0.00,1546,0.00,1247,-4.00,247,4.00,1627,19.00,1433,0.08
11010,-3.00,203,0.00,200,-1.00,203,-2.00,203,-2.00,202,-2.00,203,-5.00,204,-3.00,1403,-3.00,1503,0.00,200,-3.00,204,0.00,200,8.00,200,-1.00,202,-1.00,201,0.00,1144,0.00,972,0.00,1545,0.00,1248,-4.00,247,4.00,1627,19.00,1433,0.32
11046,-2.00,203,0.00,200,-2.00,203,-3.00,203,-1.00,202,-2.00,203,-4.00,204,-4.00,1403,-3.00,1503,0.00,200,-4.00,204,0.00,200,-2.00,199,-1.00,202,-1.00,201,0.00,1144,0.00,972,0.00,1545,0.00,1248,-4.00,247,4.00,1627,19.00,1433,0.00
11082,-3.00,203,0.00,200,-1.00,203,-2.00,203,-2.00,202,-2.00,203,-4.00,204,-4.00,1403,-1.00,1503,0.00,200,-2.00,204,0.00,200,2.00,200,-1.00,202,-1.00,201,0.00,1144,0.00,972,0.00,1546,0.00,1248,-2.00,247,5.00,1627,19.00,1433,0.08
11118,-2.00,203,0.00,200,-2.00,203,-2.00,203,-1.00,202,-1.00,203,-4.00,204,-3.00,1403,-2.00,1503,0.00,200,-3.00,204,0.00,200,9.00,200,-1.00,202,-1.00,201,0.00,1144,0.00,972,0.00,1545,0.00,1248,-3.00,247,3.00,1627,19.00,1433,0.00
11154,-2.00,203,0.00,200,-3.00,203,-1.00,203,-1.00,202,-2.00,203,-4.00,204,-3.00,1403,-2.00,1503,0.00,200,-3.00,204,0.00,200,-5.00,200,-1.00,202,0.00,201,0.00,1144,0.00,972,0.00,1545,0.00,1248,-2.00,247,4.00,1627,20.00,1433,0.00
11189,-1.00,203,0.00,200,-3.00,203,-1.00,203,-1.00,202,-2.00,203,-4.00,204,-3.00,1403,-2.00,1503,0.00,200,-2.00,204,0.00,200,-1.00,199,-1.00,202,-2.00,201,0.00,1144,0.00,972,0.00,1545,0.00,1248,-1.00,247,4.00,1627,18.00,1433,0.08
11225,-3.00,203,0.00,200,-2.00,203,-1.00,203,-1.00,202,-2.00,203,-4.00,204,-4.00,1403,-1.00,1503,0.00,200,5.00,204,0.00,200,-2.00,200,-1.00,202,-1.00,201,0.00,1144,0.00,972,0.00,1545,0.00,1248,-5.00,247,4.00,1627,19.00,1433,0.00
11261,-2.00,203,0.00,200,-2.00,203,-3.00,203,-1.00,202,-3.00,203,-4.00,204,-2.00,1403,-2.00,1503,0.00,200,-4.00,204,0.00,200,-1.00,200,-1.00,202,0.00,201,0.00,1144,0.00,972,0.00,1545,0.00,1248,-2.00,247,4.00,1627,19.00,1433,0.40
11297,-2.00,203,0.00,200,-2.00,203,-1.00,203,-1.00,202,-1.00,203,-4.00,204,-3.00,1403,-2.00,1503,0.00,200,-1.00,204,0.00,200,11.00,200,-1.00,202,-1.00,201,0.00,1144,0.00,972,0.00,1545,0.00,1248,-3.00,247,3.00,1627,20.00,1433,0.08
11333,-1.00,203,0.00,200,-3.00,203,-1.00,203,-2.00,202,-2.00,203,-4.00,204,-4.00,1403,-2.00,1503,0.00,200,-2.00,204,0.00,200,-7.00,200,0.00,202,0.00,201,0.00,1144,0.00,972,0.00,1545,0.00,1248,-2.00,247,4.00,1627,19.00,1433,0.08
11368,-1.00,203,0.00,200,-3.00,203,-2.00,203,-1.00,202,-2.00,203,-4.00,204,-3.00,1403,-3.00,1503,0.00,200,-2.00,204,0.00,200,-1.00,200,-3.00,202,-1.00,201,0.00,1144,0.00,972,0.00,1545,0.00,1247,-1.00,247,5.00,1627,19.00,1433,0.08
11404,-1.00,203,0.00,200,-2.00,203,-3.00,203,0.00,202,-2.00,203,-4.00,204,-2.00,1403,-2.00,1503,0.00,200,-2.00,204,0.00,200,-1.00,200,-2.00,202,-2.00,201,0.00,1144,0.00,972,0.00,1546,0.00,1247,-4.00,247,4.00,1627,19.00,1433,0.08
11440,-2.00,203,0.00,200,-2.00,203,-2.00,203,-2.00,202,-3.00,203,-4.00,204,-4.00,1403,-2.00,1503,0.00,200,-3.00,204,0.00,200,0.00,200,-1.00,202,-1.00,201,0.00,1144,0.00,972,0.00,1545,0.00,1248,-3.00,247,3.00,1627,19.00,1433,0.00
11476,-3.00,203,0.00,200,-1.00,203,-3.00,203,-2.00,202,-2.00,203,-4.00,204,-4.00,1403,-2.00,1503,0.00,200,-4.00,204,0.00,200,-1.00,200,-1.00,202,-1.00,201,0.00,1144,0.00,972,0.00,1545,0.00,1247,-2.00,247,4.00,1627,19.00,1433,0.16
11511,-2.00,203,0.00,200,-2.00,203,-3.00,203,-1.00,202,-2.00,203,-4.00,204,-3.00,1403,-2.00,1503,0.00,200,-4.00,204,0.00,200,0.00,200,-1.00,202,0.00,201,0.00,1144,0.00,972,0.00,1545,0.00,1247,-2.00,247,4.00,1627,19.00,1433,0.00
11547,-3.00,203,0.00,200,-3.00,203,-1.00,203,0.00,202,-3.00,203,-4.00,204,-3.00,1403,-2.00,1503,0.00,200,-4.00,204,0.00,200,-3.00,200,-1.00,202,-1.00,201,0.00,1144,0.00,972,0.00,1545,0.00,1247,-4.00,247,4.00,1627,19.00,1433,0.08
11583,-2.00,203,0.00,200,-2.00,203,-2.00,203,0.00,202,-1.00,203,-4.00,204,-3.00,1403,-2.00,1503,0.00,200,-2.00,204,0.00,200,4.00,200,-1.00,202,-1.00,201,0.00,1144,0.00,972,0.00,1545,0.00,1247,-2.00,247,3.00,1627,19.00,1433,0.16
11619,-3.00,203,0.00,200,-2.00,203,-1.00,203,-1.00,202,-2.00,203,-4.00,204,-3.00,1403,-1.00,1503,0.00,200,-4.00,204,0.00,200,4.00,200,-2.00,202,-1.00,201,0.00,1144,0.00,972,0.00,1545,0.00,1247,-3.00,247,5.00,1627,20.00,1433,0.08
11654,-1.00,203,0.00,200,-2.00,203,-4.00,203,-1.00,202,-3.00,203,-4.00,204,-3.00,1403,-1.00,1503,0.00,200,-3.00,204,0.00,200,0.00,200,0.00,202,-1.00,201,0.00,1144,0.00,972,0.00,1545,0.00,1248,-4.00,247,3.00,1627,19.00,1433,0.08
11690,-2.00,203,0.00,200,-2.00,203,-4.00,203,-1.00,202,-2.00,203,-4.00,204,-3.00,1403,-2.00,1503,0.00,200,-2.00,204,0.00,200,3.00,200,-1.00,202,-1.00,201,0.00,1144,0.00,972,0.00,1545,0.00,1247,-3.00,247,3.00,1627,18.00,1433,0.24
11726,-1.00,203,0.00,200,-2.00,203,-3.00,203,-1.00,202,-2.00,203,-4.00,204,-2.00,1403,-3.00,1503,0.00,200,-1.00,204,0.00,200,-4.00,200,-1.00,202,0.00,201,0.00,1144,0.00,972,0.00,1545,0.00,1248,-3.00,247,3.00,1627,19.00,1433,0.08
11761,-2.00,203,0.00,200,-1.00,203,-1.00,203,-2.00,202,-3.00,203,-4.00,204,-4.00,1403,-1.00,1503,0.00,200,-2.00,204,0.00,200,9.00,200,-1.00,202,-1.00,201,0.00,1144,0.00,972,0.00,1545,0.00,1248,-4.00,247,3.00,1627,19.00,1433,0.08
11797,-3.00,203,0.00,200,-3.00,203,-2.00,203,-1.00,202,-3.00,203,-4.00,204,-3.00,1403,-3.00,1503,0.00,200,-5.00,204,0.00,200,-2.00,200,-1.00,202,-1.00,201,0.00,1144,0.00,972,0.00,1546,0.00,1247,-2.00,247,4.00,1627,19.00,1433,0.00
11833,-2.00,203,0.00,200,-2.00,203,-4.00,203,-1.00,202,-3.00,203,-4.00,204,-2.00,1403,-2.00,1503,0.00,200,-4.00,204,0.00,200,-3.00,199,0.00,202,0.00,201,0.00,1144,0.00,972,0.00,1545,0.00,1248,-2.00,247,3.00,1627,19.00,1433,0.08
11868,-1.00,203,0.00,200,-3.00,203,-4.00,203,0.00,202,-2.00,203,-4.00,204,-2.00,1403,-2.00,1503,0.00,200,-4.00,204,0.00,200,8.00,200,-2.00,202,-1.00,201,0.00,1144,0.00,972,0.00,1545,0.00,1247,-2.00,247,4.00,1627,19.00,1433,0.08
11904,-2.00,203,0.00,200,-1.00,203,-1.00,203,-1.00,202,-2.00,203,-4.00,204,-2.00,1403,-2.00,1503,0.00,200,-4.00,204,0.00,200,9.00,200,-1.00,202,0.00,201,0.00,1144,0.00,972,0.00,1545,0.00,1248,-3.00,247,4.00,1627,19.00,1433,0.08
11940,-1.00,203,0.00,200,-3.00,203,-1.00,203,-1.00,202,-2.00,203,-4.00,204,-2.00,1403,-2.00,1503,0.00,200,-4.00,204,0.00,200,-3.00,199,-1.00,202,-1.00,201,0.00,1144,0.00,972,0.00,1545,0.00,1247,-2.00,247,3.00,1627,19.00,1433,0.40
11976,-3.00,203,0.00,200,-2.00,203,-3.00,203,-1.00,202,-1.00,203,-3.00,204,-3.00,1403,-3.00,1503,0.00,200,-4.00,204,0.00,200,5.00,199,-1.00,202,-1.00,201,0.00,1144,0.00,972,0.00,1545,0.00,1247,-3.00,247,3.00,1627,19.00,1433,0.32
12011,-2.00,203,0.00,200,-3.00,203,-3.00,203,-1.00,202,-1.00,203,-4.00,204,-4.00,1403,-2.00,1503,0.00,200,-3.00,204,0.00,200,-7.00,200,0.00,202,-1.00,201,0.00,1144,0.00,972,0.00,1545,0.00,1248,-3.00,247,4.00,1627,20.00,1433,0.08
12047,-1.00,203,0.00,200,-1.00,203,-1.00,203,-1.00,202,-2.00,203,-4.00,204,-2.00,1403,-2.00,1503,0.00,200,-4.00,204,0.00,200,1.00,199,-1.00,202,0.00,201,0.00,1144,0.00,972,0.00,1545,0.00,1247,-2.00,247,5.00,1627,19.00,1433,0.00
12083,-3.00,203,0.00,200,-3.00,203,-1.00,203,0.00,202,-1.00,203,-4.00,204,-3.00,1403,-1.00,1503,0.00,200,-4.00,204,0.00,200,6.00,199,-1.00,202,-1.00,201,0.00,1144,0.00,972,0.00,1545,0.00,1248,-2.00,247,4.00,1627,19.00,1433,0.08
12119,-3.00,203,0.00,200,-1.00,203,-1.00,203,-1.00,202,-3.00,203,-4.00,204,-4.00,1403,-2.00,1503,0.00,200,-4.00,204,0.00,200,-3.00,200,-1.00,202,0.00,201,0.00,1144,0.00,972,0.00,1545,0.00,1247,-3.00,247,3.00,1627,19.00,1433,0.08
12154,-1.00,203,0.00,200,-1.00,203,-4.00,203,-2.00,202,-2.00,203,-4.00,204,-4.00,1403,-1.00,1503,0.00,200,-3.00,204,0.00,200,-2.00,200,-1.00,202,-1.00,201,0.00,1144,0.00,972,0.00,1545,0.00,1248,-5.00,247,4.00,1627,19.00,1433,0.16
12190,-2.00,203,0.00,200,-1.00,203,-3.00,203,-1.00,202,-2.00,203,-4.00,204,-2.00,1403,-2.00,1503,0.00,200,-4.00,204,0.00,200,6.00,200,0.00,202,-2.00,201,0.00,1144,0.00,972,0.00,1545,0.00,1248,-3.00,247,4.00,1627,19.00,1433,0.00
12226,-3.00,203,0.00,200,-2.00,203,-4.00,203,-1.00,202,-2.00,203,-4.00,204,-3.00,1403,-1.00,1503,0.00,200,-3.00,204,0.00,200,-2.00,199,-1.00,202,-1.00,201,0.00,1144,0.00,972,0.00,1545,0.00,1247,-3.00,247,4.00,1627,18.00,1433,0.08
12262,-3.00,203,0.00,200,-1.00,203,-1.00,203,-1.00,202,-2.00,203,-4.00,204,-4.00,1403,-2.00,1503,0.00,200,-4.00,204,0.00,200,-3.00,200,-1.00,202,0.00,201,0.00,1144,0.00,972,0.00,1545,0.00,1247,-2.00,247,3.00,1627,20.00,1433,0.08
12297,-1.00,203,0.00,200,-1.00,203,-3.00,203,-2.00,202,-2.00,203,-4.00,204,-4.00,1403,-2.00,1503,0.00,200,-1.00,204,0.00,200,-2.00,200,-1.00,202,-1.00,201,0.00,1144,0.00,972,0.00,1545,0.00,1248,-4.00,247,4.00,1627,19.00,1433,0.00
12333,-2.00,203,0.00,200,-2.00,203,-2.00,203,-1.00,202,-1.00,203,-4.00,204,-2.00,1403,-2.00,1503,0.00,200,-2.00,204,0.00,200,-1.00,199,-1.00,202,0.00,201,0.00,1144,0.00,972,0.00,1545,0.00,1248,-3.00,247,3.00,1627,19.00,1433,0.08
12369,-2.00,203,0.00,200,-1.00,203,-3.00,203,-1.00,202,-2.00,203,-3.00,204,-4.00,1403,-1.00,1503,0.00,200,-4.00,204,0.00,200,0.00,200,0.00,202,-1.00,201,0.00,1144,0.00,972,0.00,1545,0.00,1248,-3.00,247,5.00,1627,19.00,1433,0.24
12405,-2.00,203,0.00,200,-1.00,203,-1.00,203,-1.00,202,-2.00,203,-4.00,204,-4.00,1403,-2.00,1503,0.00,200,-3.00,204,0.00,200,10.00,200,0.00,202,-1.00,201,0.00,1144,0.00,972,0.00,1545,0.00,1248,-3.00,247,3.00,1627,19.00,1433,0.16
12441,-1.00,203,0.00,200,-1.00,203,-1.00,203,-2.00,202,-2.00,203,-4.00,204,-2.00,1403,-3.00,1503,0.00,200,-1.00,204,0.00,200,8.00,200,-1.00,202,-1.00,201,0.00,1144,0.00,972,0.00,1545,0.00,1248,-2.00,247,4.00,1627,19.00,1433,0.08
12476,-3.00,203,0.00,200,-2.00,203,-4.00,203,-1.00,202,-2.00,203,-3.00,204,-3.00,1403,-3.00,1503,0.00,200,-2.00,204,0.00,200,-1.00,200,-1.00,202,-1.00,201,0.00,1144,0.00,972,0.00,1545,0.00,1248,-4.00,247,4.00,1627,19.00,1433,0.16
12512,-2.00,203,0.00,200,-3.00,203,-2.00,203,-1.00,202,-2.00,203,-5.00,204,-2.00,1403,-3.00,1503,0.00,200,-2.00,204,0.00,200,-4.00,200,-1.00,202,-1.00,201,0.00,1144,0.00,972,0.00,1545,0.00,1247,-3.00,247,3.00,1627,19.00,1433,0.08
12548,-3.00,203,0.00,200,-3.00,203,-1.00,203,-1.00,202,-2.00,203,-3.00,204,-3.00,1403,-1.00,1503,0.00,200,-5.00,204,0.00,200,-1.00,200,-1.00,202,-1.00,201,0.00,1144,0.00,972,0.00,1545,0.00,1247,-4.00,247,5.00,1627,20.00,1433,0.08
12583,-3.00,203,0.00,200,-2.00,203,-2.00,203,-1.00,202,-2.00,203,-4.00,204,-2.00,1403,-1.00,1503,0.00,200,-3.00,204,0.00,200,-6.00,200,-2.00,202,-2.00,201,0.00,1144,0.00,972,0.00,1545,0.00,1248,-4.00,247,4.00,1627,18.00,1433,0.00
12619,-2.00,203,0.00,200,-2.00,203,-1.00,203,-1.00,202,-2.00,203,-4.00,204,-3.00,1403,-1.00,1503,0.00,200,-2.00,204,0.00,200,-1.00,200,-1.00,202,0.00,201,0.00,1144,0.00,972,0.00,1545,0.00,1247,-3.00,247,4.00,1627,19.00,1433,0.16
12655,-2.00,203,0.00,200,-2.00,203,-1.00,203,0.00,202,-3.00,203,-4.00,204,-3.00,1403,-1.00,1503,0.00,200,-2.00,204,0.00,200,-6.00,200,0.00,202,-1.00,201,0.00,1144,0.00,972,0.00,1545,0.00,1248,-4.00,247,5.00,1627,19.00,1433,0.24
12691,-3.00,203,0.00,200,-3.00,203,-2.00,203,-1.00,202,-3.00,203,-4.00,204,-2.00,1403,-1.00,1503,0.00,200,-5.00,204,0.00,200,-2.00,200,-1.00,202,-1.00,201,0.00,1144,0.00,972,0.00,1545,0.00,1247,-4.00,247,4.00,1627,19.00,1433,0.00
12726,-2.00,203,0.00,200,-1.00,203,-1.00,203,-1.00,202,-2.00,203,-4.00,204,-3.00,1403,-3.00,1503,0.00,200,-4.00,204,0.00,200,4.00,199,-1.00,202,0.00,201,0.00,1144,0.00,972,0.00,1545,0.00,1248,-3.00,247,4.00,1627,20.00,1433,0.08
12762,-2.00,203,0.00,200,-4.00,203,-3.00,203,-1.00,202,-2.00,203,-4.00,204,-3.00,1403,-3.00,1503,0.00,200,-3.00,204,0.00,200,0.00,200,-1.00,202,-1.00,201,0.00,1144,0.00,972,0.00,1545,0.00,1247,-2.00,247,4.00,1627,19.00,1433,0.08
12798,-3.00,203,0.00,200,-3.00,203,-1.00,203,-2.00,202,-2.00,203,-5.00,204,-4.00,1403,-2.00,1503,0.00,200,-3.00,204,0.00,200,-1.00,200,0.00,202,-1.00,201,0.00,1144,0.00,972,0.00,1545,0.00,1248,-4.00,247,3.00,1627,19.00,1433,0.08
12833,-1.00,203,0.00,200,-3.00,203,-1.00,203,-1.00,202,-2.00,203,-5.00,204,-3.00,1403,-2.00,1503,0.00,200,-3.00,204,0.00,200,1.00,199,0.00,202,-1.00,201,0.00,1144,0.00,972,0.00,1545,0.00,1248,-5.00,247,4.00,1627,19.00,1433,0.08
12869,-2.00,203,0.00,200,-2.00,203,-1.00,203,-1.00,202,-3.00,203,-4.00,204,-3.00,1403,-1.00,1503,0.00,200,-2.00,204,0.00,200,-2.00,199,-2.00,202,-1.00,201,0.00,1144,0.00,972,0.00,1545,0.00,1247,-4.00,247,4.00,1627,18.00,1433,0.08
12905,-2.00,203,0.00,200,-2.00,203,-3.00,203,-1.00,202,-1.00,203,-4.00,204,-3.00,1403,-1.00,1503,0.00,200,-1.00,204,0.00,200,0.00,200,-1.00,202,-2.00,201,0.00,1144,0.00,972,0.00,1545,0.00,1248,-3.00,247,4.00,1627,19.00,1433,0.08
12941,-2.00,203,0.00,200,-2.00,203,-2.00,203,0.00,202,-3.00,203,-4.00,204,-4.00,1403,-1.00,1503,0.00,200,-3.00,204,0.00,200,-2.00,200,0.00,202,-1.00,201,0.00,1144,0.00,972,0.00,1545,0.00,1247,-5.00,247,4.00,1627,19.00,1433,0.16
12976,-1.00,203,0.00,200,-2.00,203,-2.00,203,-2.00,202,-2.00,203,-4.00,204,-3.00,1403,-1.00,1503,0.00,200,-4.00,204,0.00,200,11.00,200,-1.00,202,-1.00,201,0.00,1144,0.00,972,0.00,1545,0.00,1248,-3.00,247,4.00,1627,20.00,1433,0.00
13012,-1.00,203,0.00,200,-1.00,203,-2.00,203,-1.00,202,-3.00,203,-5.00,204,-3.00,1403,-3.00,1503,0.00,200,-2.00,204,0.00,200,4.00,199,0.00,202,0.00,201,0.00,1144,0.00,972,0.00,1545,0.00,1247,-1.00,247,3.00,1627,19.00,1433,0.08
13048,-1.00,203,0.00,200,-1.00,203,-2.00,203,-1.00,202,-2.00,203,-4.00,204,-3.00,1403,-1.00,1503,0.00,200,-1.00,204,0.00,200,0.00,200,-1.00,202,-1.00,201,0.00,1144,0.00,972,0.00,1545,0.00,1248,-5.00,247,4.00,1627,19.00,1433,0.00
13084,-2.00,203,0.00,200,-2.00,203,-2.00,203,0.00,202,-2.00,203,-4.00,204,-3.00,1403,-1.00,1503,0.00,200,-4.00,204,0.00,200,0.00,200,-1.00,202,-1.00,201,0.00,1144,0.00,972,0.00,1545,0.00,1247,-5.00,247,4.00,1627,19.00,1433,0.16
13119,-3.00,203,0.00,200,-1.00,203,-1.00,203,0.00,202,-3.00,203,-4.00,204,-3.00,1403,-2.00,1503,0.00,200,-3.00,204,0.00,200,8.00,200,-3.00,202,-2.00,201,0.00,1144,0.00,972,0.00,1545,0.00,1248,-3.00,247,5.00,1627,19.00,1433,0.08
13155,-1.00,203,0.00,200,-2.00,203,-2.00,203,-1.00,202,-2.00,203,-3.00,204,-3.00,1403,-1.00,1503,0.00,200,-2.00,204,0.00,200,3.00,200,-1.00,202,0.00,201,0.00,1144,0.00,972,0.00,1545,0.00,1248,-5.00,247,5.00,1627,19.00,1433,0.08
13191,-2.00,203,0.00,200,-1.00,203,-1.00,203,-1.00,202,-2.00,203,-3.00,204,-3.00,1403,-2.00,1503,0.00,200,-2.00,204,0.00,200,6.00,200,-2.00,202,0.00,201,0.00,1144,0.00,972,0.00,1545,0.00,1247,-3.00,247,4.00,1627,19.00,1433,0.08
13227,-2.00,203,0.00,200,-1.00,203,-2.00,203,0.00,202,-2.00,203,-4.00,204,-4.00,1403,-2.00,1503,0.00,200,-3.00,204,0.00,200,1.00,200,-1.00,202,-1.00,201,0.00,1144,0.00,972,0.00,1545,0.00,1247,-1.00,247,3.00,1627,20.00,1433,0.08
13262,-3.00,203,0.00,200,-1.00,203,-2.00,203,0.00,202,-2.00,203,-5.00,204,-3.00,1403,-2.00,1503,0.00,200,-3.00,204,0.00,200,-1.00,200,0.00,202,-1.00,201,0.00,1144,0.00,972,0.00,1545,0.00,1248,-4.00,247,3.00,1627,19.00,1433,0.00
13298,-2.00,203,0.00,200,-1.00,203,-1.00,203,-1.00,202,-3.00,203,-4.00,204,-4.00,1403,-2.00,1503,0.00,200,-3.00,204,0.00,200,2.00,200,0.00,202,-1.00,201,0.00,1144,0.00,972,0.00,1545,0.00,1247,-3.00,247,4.00,1627,19.00,1433,0.16
13334,-1.00,203,0.00,200,-3.00,203,-3.00,203,-1.00,202,-2.00,203,-4.00,204,-3.00,1403,-3.00,1503,0.00,200,-3.00,204,0.00,200,-4.00,200,-1.00,202,0.00,201,0.00,1144,0.00,972,0.00,1545,0.00,1247,-1.00,247,4.00,1627,19.00,1433,0.08
13370,-4.00,203,0.00,200,-1.00,203,-3.00,203,-1.00,202,-2.00,203,-4.00,204,-3.00,1403,-2.00,1503,0.00,200,-3.00,204,0.00,200,0.00,200,-2.00,202,-1.00,201,0.00,1144,0.00,972,0.00,1545,0.00,1248,-2.00,247,3.00,1627,19.00,1433,0.16
13405,-2.00,203,0.00,200,-1.00,203,-2.00,203,-2.00,202,-2.00,203,-4.00,204,-3.00,1403,-3.00,1503,0.00,200,-4.00,204,0.00,200,-1.00,200,-1.00,202,0.00,201,0.00,1144,0.00,972,0.00,1545,0.00,1248,-2.00,247,3.00,1627,19.00,1433,0.16
13441,-1.00,203,0.00,200,-2.00,203,-1.00,203,-1.00,202,-1.00,203,-4.00,204,-2.00,1403,-1.00,1503,0.00,200,-1.00,204,0.00,200,-2.00,200,-1.00,202,-2.00,201,0.00,1144,0.00,972,0.00,1545,0.00,1248,-1.00,247,4.00,1627,20.00,1433,0.08
13477,-1.00,203,0.00,200,-3.00,203,-3.00,203,0.00,202,-2.00,203,-4.00,204,-2.00,1403,-1.00,1503,0.00,200,-3.00,204,0.00,200,-4.00,199,-1.00,202,-1.00,201,0.00,1144,0.00,972,0.00,1545,0.00,1248,-2.00,247,3.00,1627,19.00,1433,0.32
13513,-3.00,203,0.00,200,-3.00,203,-1.00,203,-1.00,202,-2.00,203,-4.00,204,-4.00,1403,-1.00,1503,0.00,200,-4.00,204,0.00,200,1.00,200,-1.00,202,-1.00,201,0.00,1144,0.00,972,0.00,1545,0.00,1247,-2.00,247,4.00,1627,18.00,1433,0.08
13548,-1.00,203,0.00,200,-2.00,203,-2.00,203,-1.00,202,-1.00,203,-4.00,204,-2.00,1403,-3.00,1503,0.00,200,-3.00,204,0.00,200,-2.00,200,-2.00,202,0.00,201,0.00,1144,0.00,972,0.00,1545,0.00,1247,-3.00,247,4.00,1627,19.00,1433,0.00
13584,-1.00,203,0.00,200,-2.00,203,-1.00,203,-1.00,202,-2.00,203,-4.00,204,-2.00,1403,-3.00,1503,0.00,200,-2.00,204,0.00,200,-1.00,199,-1.00,202,0.00,201,0.00,1144,0.00,972,0.00,1545,0.00,1247,-2.00,247,5.00,1627,19.00,1433,0.00
13620,-2.00,203,0.00,200,-3.00,203,-3.00,203,-1.00,202,-2.00,203,-4.00,204,-4.00,1403,-2.00,1503,0.00,200,-4.00,204,0.00,200,-1.00,200,-1.00,202,0.00,201,0.00,1144,0.00,972,0.00,1545,0.00,1247,-4.00,247,4.00,1627,19.00,1433,0.00
13656,-3.00,203,0.00,200,-1.00,203,-2.00,203,0.00,202,-3.00,203,-3.00,204,-2.00,1403,-1.00,1503,0.00,200,-3.00,204,0.00,200,0.00,200,0.00,202,0.00,201,0.00,1144,0.00,972,0.00,1545,0.00,1247,-2.00,247,5.00,1627,19.00,1433,0.00
13691,-2.00,203,0.00,200,-1.00,203,0.00,203,0.00,202,-3.00,203,-4.00,204,-2.00,1403,-3.00,1503,0.00,200,-4.00,204,0.00,200,1.00,200,-1.00,202,-2.00,201,0.00,1144,0.00,972,0.00,1545,0.00,1247,-4.00,247,3.00,1627,19.00,1433,0.08
13727,-2.00,203,0.00,200,-2.00,203,-1.00,203,-1.00,202,-2.00,203,-4.00,204,-3.00,1403,-2.00,1503,0.00,200,-3.00,204,0.00,200,-1.00,200,-1.00,202,-2.00,201,0.00,1144,0.00,972,0.00,1545,0.00,1248,-3.00,247,4.00,1627,18.00,1433,0.40
13763,-3.00,203,0.00,200,-1.00,203,0.00,203,-1.00,202,-3.00,203,-4.00,204,-3.00,1403,-2.00,1503,0.00,200,0.00,204,0.00,200,3.00,200,0.00,202,-1.00,201,0.00,1144,0.00,972,0.00,1546,0.00,1248,-4.00,247,4.00,1627,19.00,1433,0.08
13799,-3.00,203,0.00,200,-3.00,203,-2.00,203,-1.00,202,-2.00,203,-4.00,204,-4.00,1403,-2.00,1503,0.00,200,-3.00,204,0.00,200,6.00,199,-1.00,202,-1.00,201,0.00,1144,0.00,972,0.00,1545,0.00,1248,-3.00,247,5.00,1627,19.00,1433,0.16
13835,-2.00,203,0.00,200,-2.00,203,-2.00,203,-1.00,202,-3.00,203,-4.00,204,-3.00,1403,-3.00,1503,0.00,200,-4.00,204,0.00,200,6.00,199,-1.00,202,-1.00,201,0.00,1144,0.00,972,0.00,1545,0.00,1247,-2.00,247,4.00,1627,19.00,1433,0.00
13870,-3.00,203,0.00,200,-1.00,203,-2.00,203,-1.00,202,-2.00,203,-4.00,204,-4.00,1403,-2.00,1503,0.00,200,-3.00,204,0.00,200,8.00,199,-1.00,202,-2.00,201,0.00,1144,0.00,972,0.00,1545,0.00,1247,-4.00,247,4.00,1627,19.00,1433,0.32
13906,-1.00,203,0.00,200,-3.00,203,-3.00,203,-2.00,202,-1.00,203,-4.00,204,-2.00,1403,-3.00,1503,0.00,200,-3.00,204,0.00,200,-1.00,200,-1.00,202,0.00,201,0.00,1144,0.00,972,0.00,1545,0.00,1247,-4.00,247,3.00,1627,19.00,1433,0.00
13942,-3.00,203,0.00,200,-2.00,203,-2.00,203,-1.00,202,-3.00,203,-4.00,204,-3.00,1403,-2.00,1503,0.00,200,-4.00,204,0.00,200,-3.00,200,-1.00,202,-1.00,201,0.00,1144,0.00,972,0.00,1545,0.00,1247,-4.00,247,4.00,1627,19.00,1433,0.08
13977,-2.00,203,0.00,200,-2.00,203,-1.00,203,-1.00,202,-2.00,203,-4.00,204,-3.00,1403,-2.00,1503,0.00,200,-4.00,204,0.00,200,-3.00,199,-1.00,202,-2.00,201,0.00,1144,0.00,972,0.00,1545,0.00,1247,-4.00,247,4.00,1627,19.00,1433,0.08
14013,-2.00,203,0.00,200,-3.00,203,-2.00,203,-1.00,202,-2.00,203,-4.00,204,-4.00,1403,-3.00,1503,0.00,200,-5.00,204,0.00,200,9.00,200,-1.00,202,0.00,201,0.00,1144,0.00,972,0.00,1545,0.00,1247,-2.00,247,4.00,1627,19.00,1433,0.00
14049,-1.00,203,0.00,200,-2.00,203,-2.00,203,-1.00,202,-2.00,203,-4.00,204,-3.00,1403,-3.00,1503,0.00,200,-4.00,204,0.00,200,-1.00,200,-1.00,202,-1.00,201,0.00,1144,0.00,972,0.00,1545,0.00,1247,-3.00,247,5.00,1627,19.00,1433,0.16
14084,-1.00,203,0.00,200,-2.00,203,-3.00,203,-2.00,202,-2.00,203,-4.00,204,-4.00,1403,-2.00,1503,0.00,200,-4.00,204,0.00,200,0.00,200,-2.00,202,-1.00,201,0.00,1144,0.00,972,0.00,1545,0.00,1248,-4.00,247,3.00,1627,19.00,1433,0.08
14120,-2.00,203,0.00,200,-2.00,203,-1.00,203,-1.00,202,-2.00,203,-3.00,204,-4.00,1403,-1.00,1503,0.00,200,-4.00,204,0.00,200,0.00,199,-2.00,202,-2.00,201,0.00,1144,0.00,972,0.00,1545,0.00,1248,-1.00,247,4.00,1627,19.00,1433,0.00
14156,-2.00,203,0.00,200,-2.00,203,-2.00,203,-2.00,202,-3.00,203,-4.00,204,-3.00,1403,-1.00,1503,0.00,200,-4.00,204,0.00,200,1.00,199,-1.00,202,0.00,201,0.00,1144,0.00,972,0.00,1545,0.00,1248,-2.00,247,5.00,1627,19.00,1433,0.00
14191,-2.00,203,0.00,200,-2.00,203,-4.00,203,-1.00,202,-1.00,203,-4.00,204,-3.00,1403,-2.00,1503,0.00,200,-2.00,204,0.00,200,4.00,200,0.00,202,-1.00,201,0.00,1144,0.00,972,0.00,1545,0.00,1247,-2.00,247,4.00,1627,19.00,1433,0.08
14227,-2.00,203,0.00,200,-1.00,203,0.00,203,-1.00,202,-3.00,203,-4.00,204,-2.00,1403,-2.00,1503,0.00,200,-3.00,204,0.00,200,0.00,200,-1.00,202,-1.00,201,0.00,1144,0.00,972,0.00,1545,0.00,1248,-3.00,247,3.00,1627,19.00,1433,0.16
14263,-2.00,203,0.00,200,-1.00,203,-1.00,203,-1.00,202,-2.00,203,-4.00,204,-3.00,1403,-1.00,1503,0.00,200,-4.00,204,0.00,200,6.00,200,-1.00,202,-1.00,201,0.00,1144,0.00,972,0.00,1545,0.00,1248,-3.00,247,4.00,1627,19.00,1433,0.00
14299,-3.00,203,0.00,200,-2.00,203,-1.00,203,0.00,202,-2.00,203,-4.00,204,-2.00,1403,-3.00,1503,0.00,200,0.00,204,0.00,200,-2.00,200,-1.00,202,-1.00,201,0.00,1144,0.00,972,0.00,1545,0.00,1248,-4.00,247,3.00,1627,19.00,1433,0.00
14335,-1.00,203,0.00,200,-2.00,203,-1.00,203,-1.00,202,-2.00,203,-4.00,204,-3.00,1403,-2.00,1503,0.00,200,-5.00,204,0.00,200,4.00,200,-1.00,202,-1.00,201,0.00,1144,0.00,972,0.00,1545,0.00,1248,-4.00,247,4.00,1627,19.00,1433,0.16
14370,-1.00,203,0.00,200,-3.00,203,-1.00,203,-1.00,202,-3.00,203,-4.00,204,-2.00,1403,0.00,1503,0.00,200,-1.00,204,0.00,200,6.00,200,-1.00,202,-1.00,201,0.00,1144,0.00,972,0.00,1545,0.00,1247,-2.00,247,4.00,1627,19.00,1433,0.08
14406,-1.00,203,0.00,200,-1.00,203,-1.00,203,-1.00,202,-3.00,203,-4.00,204,-3.00,1403,-3.00,1503,0.00,200,-2.00,204,0.00,200,8.00,200,-2.00,202,-1.00,201,0.00,1144,0.00,972,0.00,1545,0.00,1248,-4.00,247,4.00,1627,19.00,1433,0.16
14442,-2.00,203,0.00,200,-3.00,203,-1.00,203,-1.00,202,-3.00,203,-5.00,204,-3.00,1403,-3.00,1503,0.00,200,-4.00,204,0.00,200,-1.00,200,-2.00,202,0.00,201,0.00,1144,0.00,972,0.00,1546,0.00,1248,-2.00,247,5.00,1627,19.00,1433,0.00
14478,-1.00,203,0.00,200,-1.00,203,-2.00,203,-1.00,202,-1.00,203,-4.00,204,-3.00,1403,-1.00,1503,0.00,200,-3.00,204,0.00,200,-1.00,200,-1.00,202,0.00,201,0.00,1144,0.00,972,0.00,1545,0.00,1247,-2.00,247,4.00,1627,19.00,1433,0.00
14514,-3.00,203,0.00,200,-2.00,203,-2.00,203,-2.00,202,-3.00,203,-4.00,204,-4.00,1403,-2.00,1503,0.00,200,-4.00,204,0.00,200,-1.00,200,-1.00,202,-1.00,201,0.00,1144,0.00,972,0.00,1545,0.00,1248,-2.00,247,3.00,1627,19.00,1433,0.16
14549,-1.00,203,0.00,200,-1.00,203,-1.00,203,0.00,202,-2.00,203,-4.00,204,-4.00,1403,-2.00,1503,0.00,200,-2.00,204,0.00,200,-5.00,199,-1.00,202,-1.00,201,0.00,1144,0.00,972,0.00,1545,0.00,1248,-1.00,247,4.00,1627,19.00,1433,0.00
14585,-2.00,203,0.00,200,-1.00,203,0.00,203,-1.00,202,-3.00,203,-4.00,204,-3.00,1403,-2.00,1503,0.00,200,-2.00,204,0.00,200,-1.00,200,-1.00,202,-1.00,201,0.00,1144,0.00,972,0.00,1545,0.00,1248,-4.00,247,3.00,1627,19.00,1433,0.16
14621,-1.00,203,0.00,200,-2.00,203,-3.00,203,0.00,202,-3.00,203,-5.00,204,-3.00,1403,-1.00,1503,0.00,200,-2.00,204,0.00,200,-1.00,200,-2.00,202,0.00,201,0.00,1144,0.00,972,0.00,1545,0.00,1248,-3.00,247,3.00,1627,19.00,1433,0.00
14656,-1.00,203,0.00,200,-2.00,203,-2.00,203,-1.00,202,-2.00,203,-4.00,204,-3.00,1403,-2.00,1503,0.00,200,-3.00,204,0.00,200,0.00,200,-1.00,202,-2.00,201,0.00,1144,0.00,972,0.00,1545,0.00,1247,-3.00,247,5.00,1627,19.00,1433,0.08
14692,-3.00,203,0.00,200,-2.00,203,-1.00,203,-1.00,202,-2.00,203,-4.00,204,-3.00,1403,-3.00,1503,0.00,200,-4.00,204,0.00,200,-1.00,200,-1.00,202,-1.00,201,0.00,1144,0.00,972,0.00,1545,0.00,1247,-3.00,247,4.00,1627,19.00,1433,0.08
14728,-3.00,203,0.00,200,-3.00,203,-2.00,203,0.00,202,-3.00,203,-4.00,204,-3.00,1403,-1.00,1503,0.00,200,-4.00,204,0.00,200,-2.00,199,0.00,202,-2.00,201,0.00,1144,0.00,972,0.00,1545,0.00,1247,-2.00,247,5.00,1627,19.00,1433,0.00
14763,-2.00,203,0.00,200,-1.00,203,0.00,203,0.00,202,-2.00,203,-4.00,204,-3.00,1403,-2.00,1503,0.00,200,-4.00,204,0.00,200,-4.00,200,-1.00,202,-1.00,201,0.00,1144,0.00,972,0.00,1545,0.00,1247,-1.00,247,5.00,1627,19.00,1433,0.00
14799,-1.00,203,0.00,200,-4.00,203,-4.00,203,-1.00,202,-2.00,203,-3.00,204,-3.00,1403,-3.00,1503,0.00,200,-4.00,204,0.00,200,-1.00,200,-1.00,202,-2.00,201,0.00,1144,0.00,972,0.00,1545,0.00,1247,-4.00,247,5.00,1627,20.00,1433,0.00
14835,-2.00,203,0.00,200,-2.00,203,-3.00,203,-1.00,202,-2.00,203,-4.00,204,-2.00,1403,-1.00,1503,0.00,200,-2.00,204,0.00,200,-1.00,200,-1.00,202,0.00,201,0.00,1144,0.00,972,0.00,1545,0.00,1248,-3.00,247,4.00,1627,19.00,1433,0.40
14870,-3.00,203,0.00,200,-1.00,203,-3.00,203,0.00,202,-1.00,203,-4.00,204,-3.00,1403,-1.00,1503,0.00,200,-2.00,204,0.00,200,0.00,200,0.00,202,-1.00,201,0.00,1144,0.00,972,0.00,1545,0.00,1247,-1.00,247,5.00,1627,19.00,1433,0.00
14906,-2.00,203,0.00,200,-3.00,203,-3.00,203,-1.00,202,-3.00,203,-4.00,204,-3.00,1403,-2.00,1503,0.00,200,-4.00,204,0.00,200,-3.00,199,-1.00,202,-1.00,201,0.00,1144,0.00,972,0.00,1545,0.00,1247,-5.00,247,4.00,1627,19.00,1433,0.00
14942,-2.00,203,0.00,200,-2.00,203,-2.00,203,-1.00,202,-3.00,203,-4.00,204,-2.00,1403,-3.00,1503,0.00,200,-2.00,204,0.00,200,0.00,200,0.00,202,-2.00,201,0.00,1144,0.00,972,0.00,1545,0.00,1247,-2.00,247,4.00,1627,19.00,1433,0.08
14978,-2.00,203,0.00,200,-3.00,203,-1.00,203,-1.00,202,-2.00,203,-5.00,204,-3.00,1403,-3.00,1503,0.00,200,-3.00,204,0.00,200,6.00,199,-1.00,202,-1.00,201,0.00,1144,0.00,972,0.00,1545,0.00,1248,-5.00,247,5.00,1627,19.00,1434,0.16
15013,-3.00,203,0.00,200,-2.00,203,-4.00,203,0.00,202,-2.00,203,-4.00,204,-3.00,1403,-1.00,1503,0.00,200,-4.00,204,0.00,200,1.00,200,-1.00,202,-1.00,201,0.00,1144,0.00,972,0.00,1545,0.00,1248,-3.00,247,4.00,1627,19.00,1433,0.08
15049,-2.00,203,0.00,200,-1.00,203,-1.00,203,-2.00,202,-3.00,203,-4.00,204,-2.00,1403,-3.00,1503,0.00,200,-3.00,204,0.00,200,0.00,200,-1.00,202,-1.00,201,0.00,1144,0.00,972,0.00,1545,0.00,1247,-5.00,247,5.00,1627,19.00,1433,0.08
15085,-1.00,203,0.00,200,-2.00,203,-2.00,203,-1.00,202,-2.00,203,-5.00,204,-3.00,1403,-2.00,1503,0.00,200,-4.00,204,0.00,200,-1.00,200,-1.00,202,-1.00,201,0.00,1144,0.00,972,0.00,1545,0.00,1248,-2.00,247,4.00,1627,19.00,1433,0.08
15121,-3.00,203,0.00,200,-2.00,203,-2.00,203,0.00,202,-3.00,203,-4.00,204,-3.00,1403,-1.00,1503,0.00,200,-4.00,204,0.00,200,-1.00,200,0.00,202,-2.00,201,0.00,1144,0.00,972,0.00,1545,0.00,1247,-2.00,247,4.00,1627,19.00,1433,0.08
15156,-3.00,203,0.00,200,-2.00,203,-1.00,203,-2.00,202,-2.00,203,-4.00,204,-2.00,1403,-2.00,1503,0.00,200,-4.00,204,0.00,200,-2.00,199,0.00,202,0.00,201,0.00,1144,0.00,972,0.00,1545,0.00,1247,-3.00,247,5.00,1627,19.00,1433,0.00
15192,-3.00,203,0.00,200,-3.00,203,-4.00,203,0.00,202,-3.00,203,-5.00,204,-3.00,1403,-2.00,1503,0.00,200,-2.00,204,0.00,200,-1.00,200,-2.00,202,0.00,201,0.00,1144,0.00,972,0.00,1545,0.00,1247,-4.00,247,3.00,1627,19.00,1433,0.08
15228,-2.00,203,0.00,200,-2.00,203,-2.00,203,-1.00,202,-1.00,203,-4.00,204,-3.00,1403,-2.00,1503,0.00,200,-4.00,204,0.00,200,0.00,200,-1.00,202,-2.00,201,0.00,1144,0.00,972,0.00,1545,0.00,1247,-3.00,247,4.00,1627,19.00,1433,0.00
15264,-2.00,203,0.00,200,-2.00,203,-4.00,203,-1.00,202,-2.00,203,-4.00,204,-3.00,1403,-1.00,1503,0.00,200,-3.00,204,0.00,200,-3.00,200,0.00,202,-1.00,201,0.00,1144,0.00,972,0.00,1545,0.00,1248,-3.00,247,4.00,1627,20.00,1433,0.00
15299,-2.00,203,0.00,200,-2.00,203,-1.00,203,-1.00,202,-2.00,203,-4.00,204,-3.00,1403,-2.00,1503,0.00,200,-4.00,204,0.00,200,8.00,200,-1.00,202,-1.00,201,0.00,1144,0.00,972,0.00,1545,0.00,1247,-4.00,247,4.00,1627,19.00,1433,0.08
15335,-2.00,203,0.00,200,-3.00,203,-3.00,203,-1.00,202,-3.00,203,-4.00,204,-2.00,1403,-1.00,1503,0.00,200,-2.00,204,0.00,200,2.00,200,-1.00,202,-1.00,201,0.00,1144,0.00,972,0.00,1545,0.00,1247,-2.00,247,4.00,1627,19.00,1433,0.00
15371,-1.00,203,0.00,200,-1.00,203,-2.00,203,0.00,202,-3.00,203,-4.00,204,-2.00,1403,-1.00,1503,0.00,200,-3.00,204,0.00,200,-2.00,200,-1.00,202,0.00,201,0.00,1144,0.00,972,0.00,1545,0.00,1247,-4.00,247,5.00,1627,19.00,1433,0.00
15406,-2.00,203,0.00,200,-1.00,203,-4.00,203,-1.00,202,-2.00,203,-4.00,204,-4.00,1403,-2.00,1503,0.00,200,-2.00,204,0.00,200,1.00,200,-1.00,202,0.00,201,0.00,1144,0.00,972,0.00,1545,0.00,1248,-4.00,247,4.00,1627,19.00,1433,0.00
15442,-2.00,203,0.00,200,-2.00,203,-4.00,203,-1.00,202,-1.00,203,-4.00,204,-2.00,1403,-2.00,1503,0.00,200,6.00,204,0.00,200,6.00,200,0.00,202,0.00,201,0.00,1144,0.00,972,0.00,1545,0.00,1247,-4.00,247,3.00,1627,19.00,1433,0.24
15478,-3.00,203,0.00,200,-3.00,203,-1.00,203,-1.00,202,-2.00,203,-5.00,204,-2.00,1403,-2.00,1503,0.00,200,-3.00,204,0.00,200,-1.00,200,0.00,202,-1.00,201,0.00,1144,0.00,972,0.00,1545,0.00,1247,-2.00,247,5.00,1627,20.00,1433,0.08
15514,-1.00,203,0.00,200,-2.00,203,-4.00,203,-1.00,202,-3.00,203,-4.00,204,-3.00,1403,-3.00,1503,0.00,200,-2.00,203,0.00,200,0.00,200,0.00,202,-1.00,201,0.00,1144,0.00,972,0.00,1545,0.00,1248,-1.00,247,3.00,1627,19.00,1433,0.24