36,60.00,3007,59.00,3752,21.00,1767,60.00,2133,59.00,1872,16.00,2882,3.00,5855,4.00,4692,9.00,1510,20.00,1875,20.00,2386,40.00,2243,13.00,1129,34.00,3725,15.00,1345,0.00,1023,0.00,1160,0.00,1665,0.00,1556,-14.00,1606,-3.00,899,-9.00,10,0.16
72,60.00,3007,60.00,3752,20.00,1767,60.00,2133,60.00,1872,18.00,2882,3.00,5855,4.00,4692,8.00,1510,20.00,1875,20.00,2386,40.00,2243,13.00,1129,34.00,3725,15.00,1345,0.00,1023,0.00,1160,0.00,1665,0.00,1556,-14.00,1606,-3.00,899,-9.00,10,0.08
107,60.00,3007,60.00,3752,20.00,1767,61.00,2133,60.00,1872,16.00,2882,3.00,5855,4.00,4692,8.00,1510,20.00,1875,20.00,2386,40.00,2243,13.00,1129,34.00,3725,15.00,1345,0.00,1023,0.00,1160,0.00,1665,0.00,1556,-14.00,1606,-5.00,899,-9.00,10,0.00
143,60.00,3007,60.00,3752,20.00,1768,60.00,2133,60.00,1872,16.00,2882,4.00,5855,4.00,4692,8.00,1510,20.00,1875,20.00,2386,40.00,2243,13.00,1129,34.00,3725,15.00,1345,0.00,1023,0.00,1160,0.00,1665,0.00,1555,-14.00,1606,-4.00,899,-9.00,10,0.16
179,60.00,3007,61.00,3752,20.00,1768,60.00,2133,60.00,1872,16.00,2882,3.00,5855,4.00,4692,8.00,1510,20.00,1875,20.00,2386,40.00,2243,13.00,1129,34.00,3725,15.00,1345,0.00,1023,0.00,1160,0.00,1665,0.00,1556,-14.00,1606,-4.00,899,-9.00,10,0.08
215,60.00,3007,61.00,3752,20.00,1767,60.00,2133,60.00,1872,16.00,2882,3.00,5855,4.00,4692,8.00,1510,20.00,1875,20.00,2386,40.00,2243,14.00,1129,34.00,3725,15.00,1345,0.00,1023,0.00,1160,0.00,1665,0.00,1556,-14.00,1606,-5.00,899,-9.00,10,0.40
250,60.00,3007,60.00,3752,21.00,1768,60.00,2133,60.00,1872,16.00,2882,3.00,5855,3.00,4692,8.00,1510,20.00,1875,20.00,2386,40.00,2243,13.00,1129,35.00,3725,15.00,1345,0.00,1023,0.00,1160,0.00,1665,0.00,1555,-14.00,1606,-4.00,899,-9.00,10,0.00
286,60.00,3007,60.00,3752,20.00,1768,60.00,2133,60.00,1872,16.00,2882,3.00,5855,5.00,4692,8.00,1510,20.00,1875,20.00,2386,40.00,2243,13.00,1129,34.00,3725,15.00,1345,0.00,1023,0.00,1160,0.00,1665,0.00,1555,-14.00,1606,-5.00,899,-9.00,10,0.08
322,60.00,3007,60.00,3752,20.00,1767,60.00,2133,60.00,1872,16.00,2882,3.00,5855,4.00,4692,7.00,1510,20.00,1875,20.00,2386,40.00,2243,13.00,1129,34.00,3725,14.00,1345,0.00,1023,0.00,1160,0.00,1665,0.00,1555,-14.00,1606,-3.00,899,-8.00,10,0.16
358,60.00,3007,60.00,3752,20.00,1767,60.00,2133,60.00,1872,16.00,2882,1.00,5855,5.00,4692,6.00,1510,20.00,1875,20.00,2386,40.00,2243,13.00,1129,34.00,3725,15.00,1345,0.00,1023,0.00,1160,0.00,1665,0.00,1555,-14.00,1606,-4.00,899,-10.00,10,0.16
394,60.00,3007,60.00,3752,20.00,1767,60.00,2133,60.00,1872,16.00,2882,3.00,5855,4.00,4692,8.00,1510,21.00,1875,20.00,2386,40.00,2243,13.00,1129,34.00,3725,15.00,1345,0.00,1023,0.00,1160,0.00,1665,0.00,1556,-14.00,1606,-5.00,899,-10.00,10,0.00
429,60.00,3007,60.00,3752,20.00,1767,60.00,2133,60.00,1872,16.00,2882,3.00,5855,4.00,4692,8.00,1510,20.00,1875,20.00,2386,40.00,2243,13.00,1129,34.00,3725,15.00,1345,0.00,1023,0.00,1160,0.00,1665,0.00,1556,-14.00,1606,-4.00,899,-9.00,10,0.08
465,60.00,3007,60.00,3752,20.00,1768,61.00,2133,60.00,1872,16.00,2882,2.00,5855,5.00,4692,8.00,1510,20.00,1875,20.00,2386,40.00,2243,13.00,1129,35.00,3725,15.00,1345,0.00,1023,0.00,1160,0.00,1665,0.00,1556,-14.00,1606,-4.00,899,-10.00,10,0.08
501,59.00,3007,60.00,3752,20.00,1767,60.00,2133,60.00,1872,16.00,2882,4.00,5855,4.00,4692,7.00,1510,20.00,1875,20.00,2386,40.00,2243,13.00,1129,34.00,3725,16.00,1345,0.00,1023,0.00,1160,0.00,1665,0.00,1555,-14.00,1606,-4.00,899,-9.00,10,0.08
537,60.00,3007,60.00,3752,20.00,1767,59.00,2133,60.00,1872,16.00,2882,3.00,5855,3.00,4692,9.00,1510,20.00,1875,20.00,2386,39.00,2243,13.00,1129,34.00,3725,15.00,1345,0.00,1023,0.00,1160,0.00,1665,0.00,1555,-14.00,1606,-3.00,899,-9.00,10,0.08
573,61.00,3007,60.00,3752,21.00,1768,61.00,2133,60.00,1872,16.00,2882,3.00,5855,4.00,4692,8.00,1510,20.00,1875,20.00,2386,40.00,2243,13.00,1129,34.00,3725,16.00,1345,0.00,1023,0.00,1160,0.00,1665,0.00,1556,-14.00,1606,-5.00,899,-9.00,10,0.16
608,60.00,3007,60.00,3752,20.00,1767,61.00,2133,60.00,1872,16.00,2882,3.00,5855,4.00,4692,8.00,1510,20.00,1875,20.00,2386,40.00,2243,14.00,1129,34.00,3725,15.00,1345,0.00,1023,0.00,1160,0.00,1665,0.00,1556,-14.00,1606,-5.00,899,-9.00,10,0.08
644,60.00,3007,61.00,3752,20.00,1767,60.00,2133,60.00,1872,16.00,2882,3.00,5855,3.00,4692,8.00,1510,20.00,1875,20.00,2386,40.00,2243,13.00,1129,34.00,3725,15.00,1345,0.00,1023,0.00,1160,0.00,1665,0.00,1555,-14.00,1606,-3.00,899,-9.00,10,0.00
680,59.00,3007,60.00,3752,19.00,1768,60.00,2133,60.00,1872,16.00,2882,3.00,5855,4.00,4692,7.00,1510,20.00,1875,20.00,2386,40.00,2243,13.00,1129,34.00,3725,15.00,1345,0.00,1023,0.00,1160,0.00,1665,0.00,1555,-14.00,1606,-5.00,899,-10.00,10,0.08
715,61.00,3007,60.00,3753,20.00,1767,60.00,2133,60.00,1872,16.00,2882,4.00,5855,4.00,4692,9.00,1510,21.00,1875,20.00,2386,40.00,2243,12.00,1129,34.00,3725,15.00,1345,0.00,1023,0.00,1160,0.00,1665,0.00,1556,-14.00,1606,-4.00,899,-8.00,10,0.00
751,60.00,3007,59.00,3752,20.00,1767,60.00,2133,60.00,1872,16.00,2882,3.00,5855,4.00,4692,8.00,1510,20.00,1875,20.00,2386,40.00,2243,13.00,1129,34.00,3725,15.00,1345,0.00,1023,0.00,1160,0.00,1665,0.00,1555,-14.00,1606,-4.00,899,-9.00,10,0.08
787,61.00,3007,60.00,3753,20.00,1767,60.00,2133,60.00,1872,16.00,2882,3.00,5855,4.00,4692,8.00,1510,20.00,1875,20.00,2386,40.00,2242,14.00,1129,33.00,3725,15.00,1345,0.00,1023,0.00,1160,0.00,1665,0.00,1555,-14.00,1606,-4.00,899,-9.00,10,0.00
823,60.00,3007,59.00,3752,20.00,1768,60.00,2133,60.00,1872,16.00,2882,3.00,5855,4.00,4692,7.00,1510,20.00,1875,20.00,2386,40.00,2243,13.00,1129,34.00,3725,15.00,1345,0.00,1023,0.00,1160,0.00,1665,0.00,1555,-14.00,1606,-4.00,899,-10.00,10,0.08
858,60.00,3007,60.00,3752,20.00,1768,60.00,2133,60.00,1872,16.00,2882,3.00,5855,4.00,4692,9.00,1510,20.00,1875,20.00,2386,40.00,2243,13.00,1129,34.00,3725,15.00,1345,0.00,1023,0.00,1160,0.00,1665,0.00,1556,-14.00,1606,-3.00,899,-10.00,10,0.08
894,60.00,3007,60.00,3752,19.00,1767,60.00,2133,60.00,1872,16.00,2882,3.00,5855,4.00,4692,8.00,1510,20.00,1875,20.00,2386,39.00,2243,13.00,1129,34.00,3725,15.00,1345,0.00,1023,0.00,1160,0.00,1665,0.00,1555,-14.00,1606,-4.00,899,-10.00,10,0.00
930,61.00,3007,60.00,3752,20.00,1768,60.00,2133,60.00,1872,16.00,2882,3.00,5855,3.00,4692,9.00,1510,20.00,1875,20.00,2386,40.00,2243,12.00,1129,34.00,3725,15.00,1345,0.00,1023,0.00,1160,0.00,1665,0.00,1556,-14.00,1606,-3.00,899,-10.00,10,0.08
966,60.00,3007,60.00,3752,19.00,1768,60.00,2133,60.00,1872,16.00,2882,3.00,5855,4.00,4692,8.00,1510,20.00,1875,20.00,2386,40.00,2243,13.00,1129,34.00,3725,14.00,1345,0.00,1023,0.00,1160,0.00,1665,0.00,1555,-14.00,1606,-5.00,899,-9.00,10,0.00
1002,60.00,3007,60.00,3752,20.00,1768,62.00,2133,60.00,1872,16.00,2882,2.00,5855,4.00,4692,9.00,1510,20.00,1875,20.00,2386,40.00,2243,14.00,1129,34.00,3725,14.00,1345,0.00,1023,0.00,1160,0.00,1665,0.00,1555,-15.00,1606,-3.00,899,-9.00,10,0.08
1037,60.00,3007,60.00,3752,20.00,1768,60.00,2133,60.00,1872,16.00,2882,3.00,5855,4.00,4692,8.00,1510,20.00,1875,20.00,2386,40.00,2243,13.00,1129,34.00,3725,15.00,1345,0.00,1023,0.00,1160,0.00,1665,0.00,1556,-14.00,1606,-4.00,899,-9.00,10,0.08
1073,60.00,3007,60.00,3752,19.00,1768,60.00,2133,61.00,1872,16.00,2882,3.00,5855,4.00,4692,7.00,1510,20.00,1875,21.00,2386,40.00,2243,13.00,1129,33.00,3725,15.00,1345,0.00,1023,0.00,1160,0.00,1665,0.00,1555,-14.00,1606,-4.00,899,-9.00,10,0.08
1109,61.00,3007,59.00,3752,20.00,1768,61.00,2133,60.00,1872,16.00,2882,3.00,5855,4.00,4692,9.00,1510,20.00,1875,20.00,2386,40.00,2243,13.00,1129,35.00,3725,15.00,1345,0.00,1023,0.00,1160,0.00,1665,0.00,1556,-14.00,1606,-5.00,899,-9.00,10,0.00
1145,60.00,3007,60.00,3752,20.00,1768,60.00,2133,60.00,1872,16.00,2882,3.00,5855,4.00,4692,8.00,1510,20.00,1875,20.00,2386,40.00,2243,13.00,1129,34.00,3725,15.00,1345,0.00,1023,0.00,1160,0.00,1665,0.00,1555,-14.00,1606,-3.00,899,-9.00,10,0.16
1180,59.00,3007,60.00,3752,20.00,1768,61.00,2133,60.00,1872,16.00,2882,3.00,5855,5.00,4692,8.00,1510,20.00,1875,19.00,2386,40.00,2243,13.00,1129,33.00,3725,15.00,1345,0.00,1023,0.00,1160,0.00,1665,0.00,1555,-14.00,1606,-3.00,899,-9.00,10,0.08
1216,60.00,3007,60.00,3752,19.00,1768,59.00,2133,60.00,1872,16.00,2882,3.00,5855,3.00,4692,8.00,1510,20.00,1875,20.00,2386,40.00,2243,12.00,1129,34.00,3725,15.00,1345,0.00,1023,0.00,1160,0.00,1665,0.00,1556,-14.00,1606,-4.00,899,-9.00,10,0.00
1252,60.00,3007,60.00,3752,21.00,1768,60.00,2133,59.00,1872,16.00,2882,3.00,5855,4.00,4692,7.00,1510,20.00,1875,20.00,2386,40.00,2243,13.00,1129,31.00,3725,14.00,1345,0.00,1023,0.00,1160,0.00,1665,0.00,1555,-15.00,1606,-4.00,899,-9.00,10,0.16
1288,60.00,3007,61.00,3752,20.00,1768,60.00,2133,60.00,1872,16.00,2882,2.00,5855,3.00,4692,7.00,1510,20.00,1875,19.00,2386,40.00,2243,13.00,1129,34.00,3725,15.00,1345,0.00,1023,0.00,1160,0.00,1665,0.00,1555,-14.00,1606,-5.00,899,-10.00,10,0.08
1324,61.00,3007,60.00,3753,20.00,1768,60.00,2133,61.00,1872,16.00,2882,3.00,5855,4.00,4692,8.00,1510,20.00,1875,20.00,2386,40.00,2243,13.00,1129,34.00,3725,15.00,1345,0.00,1023,0.00,1160,0.00,1665,0.00,1556,-14.00,1606,-3.00,899,-9.00,10,0.08
1359,60.00,3007,59.00,3752,20.00,1768,61.00,2133,60.00,1872,16.00,2882,4.00,5855,4.00,4692,8.00,1510,20.00,1875,20.00,2386,40.00,2243,13.00,1129,29.00,3726,15.00,1345,0.00,1023,0.00,1160,0.00,1665,0.00,1555,-14.00,1606,-4.00,899,-9.00,10,0.08
1395,60.00,3007,58.00,3752,20.00,1768,60.00,2133,60.00,1872,16.00,2882,4.00,5855,4.00,4692,8.00,1510,20.00,1875,21.00,2386,40.00,2243,13.00,1129,33.00,3726,16.00,1345,0.00,1023,0.00,1160,0.00,1665,0.00,1556,-14.00,1606,-4.00,899,-9.00,10,0.00
1431,59.00,3007,60.00,3753,20.00,1768,60.00,2133,60.00,1872,16.00,2882,4.00,5855,4.00,4692,7.00,1510,20.00,1875,20.00,2386,40.00,2243,13.00,1129,31.00,3728,15.00,1345,0.00,1023,0.00,1160,0.00,1665,0.00,1555,-14.00,1606,-3.00,899,-9.00,10,0.16
1466,60.00,3007,60.00,3752,20.00,1768,61.00,2133,60.00,1872,16.00,2882,3.00,5855,4.00,4692,8.00,1510,20.00,1875,20.00,2386,40.00,2243,13.00,1129,28.00,3730,15.00,1345,0.00,1023,0.00,1160,0.00,1665,0.00,1555,-14.00,1606,-5.00,899,-9.00,10,0.08
1502,60.00,3007,60.00,3752,20.00,1768,60.00,2133,60.00,1872,16.00,2882,3.00,5855,4.00,4692,8.00,1510,20.00,1875,20.00,2386,40.00,2243,13.00,1129,29.00,3730,16.00,1345,0.00,1023,0.00,1160,0.00,1665,0.00,1556,-13.00,1606,-4.00,899,-9.00,10,0.16
1538,60.00,3007,60.00,3753,20.00,1768,61.00,2133,59.00,1872,16.00,2882,3.00,5855,4.00,4692,8.00,1510,20.00,1875,20.00,2386,40.00,2243,13.00,1129,28.00,3730,15.00,1345,0.00,1023,0.00,1160,0.00,1665,0.00,1555,-14.00,1606,-4.00,899,-9.00,10,0.00
1574,61.00,3007,59.00,3753,19.00,1768,61.00,2133,60.00,1872,16.00,2882,3.00,5855,4.00,4692,9.00,1510,20.00,1875,20.00,2386,40.00,2243,13.00,1129,29.00,3730,15.00,1345,0.00,1023,0.00,1160,0.00,1665,0.00,1555,-14.00,1606,-3.00,899,-8.00,10,0.00
1610,60.00,3007,60.00,3752,20.00,1768,60.00,2133,60.00,1872,16.00,2882,3.00,5855,4.00,4692,7.00,1510,20.00,1875,20.00,2386,40.00,2243,13.00,1129,29.00,3730,15.00,1345,0.00,1023,0.00,1160,0.00,1665,0.00,1555,-14.00,1606,-4.00,899,-8.00,10,0.24
1645,60.00,3007,60.00,3752,21.00,1768,60.00,2133,60.00,1872,16.00,2882,3.00,5855,3.00,4692,9.00,1510,20.00,1875,21.00,2386,41.00,2243,14.00,1129,29.00,3730,15.00,1345,0.00,1023,0.00,1160,0.00,1665,0.00,1555,-14.00,1606,-5.00,899,-10.00,10,0.24
1681,60.00,3007,60.00,3752,21.00,1768,60.00,2133,61.00,1872,16.00,2882,3.00,5855,4.00,4692,9.00,1510,20.00,1875,20.00,2386,40.00,2242,13.00,1129,29.00,3730,15.00,1345,0.00,1023,0.00,1160,0.00,1665,0.00,1555,-14.00,1606,-4.00,899,-8.00,10,0.40
1717,60.00,3007,60.00,3752,20.00,1768,61.00,2133,59.00,1872,16.00,2882,3.00,5855,4.00,4692,9.00,1510,20.00,1875,21.00,2386,40.00,2243,13.00,1129,29.00,3730,14.00,1345,0.00,1023,0.00,1160,0.00,1665,0.00,1556,-14.00,1606,-4.00,899,-9.00,10,0.24
1753,60.00,3007,60.00,3753,20.00,1768,60.00,2133,59.00,1872,16.00,2882,4.00,5855,3.00,4692,9.00,1510,20.00,1875,20.00,2386,40.00,2243,13.00,1129,29.00,3730,15.00,1345,0.00,1023,0.00,1160,0.00,1665,0.00,1555,-14.00,1606,-5.00,899,-8.00,10,0.08
1788,60.00,3007,60.00,3753,19.00,1768,61.00,2133,59.00,1872,16.00,2882,2.00,5855,5.00,4692,8.00,1510,20.00,1875,20.00,2386,40.00,2243,13.00,1129,30.00,3730,15.00,1345,0.00,1023,0.00,1160,0.00,1665,0.00,1555,-14.00,1606,-5.00,899,-8.00,10,0.40
1824,60.00,3007,60.00,3753,20.00,1768,60.00,2133,60.00,1872,16.00,2882,3.00,5855,4.00,4692,9.00,1510,20.00,1875,20.00,2386,40.00,2243,13.00,1129,29.00,3730,15.00,1345,0.00,1023,0.00,1160,0.00,1665,0.00,1555,-14.00,1606,-4.00,899,-10.00,10,0.32
1860,61.00,3007,60.00,3753,19.00,1768,60.00,2133,60.00,1873,16.00,2882,3.00,5855,4.00,4692,8.00,1510,19.00,1875,20.00,2386,40.00,2243,13.00,1129,29.00,3730,15.00,1345,0.00,1023,0.00,1160,0.00,1665,0.00,1555,-15.00,1606,-3.00,899,-9.00,10,0.40
1896,59.00,3007,60.00,3753,20.00,1768,60.00,2133,60.00,1872,16.00,2882,3.00,5855,3.00,4692,8.00,1510,19.00,1875,20.00,2386,40.00,2243,13.00,1129,29.00,3730,15.00,1345,0.00,1023,0.00,1160,0.00,1665,0.00,1555,-14.00,1606,-5.00,899,-9.00,10,0.40
1932,60.00,3007,60.00,3753,20.00,1768,60.00,2133,60.00,1872,16.00,2882,3.00,5855,4.00,4692,8.00,1510,20.00,1875,20.00,2386,40.00,2243,13.00,1129,30.00,3730,15.00,1345,0.00,1023,0.00,1160,0.00,1665,0.00,1555,-13.00,1606,-5.00,899,-9.00,10,0.48
1967,60.00,3007,60.00,3753,19.00,1768,60.00,2133,59.00,1872,16.00,2882,4.00,5855,4.00,4692,9.00,1510,20.00,1875,20.00,2386,40.00,2243,13.00,1129,29.00,3730,15.00,1345,0.00,1023,0.00,1160,0.00,1665,0.00,1555,-14.00,1606,-4.00,899,-9.00,10,0.24
2003,60.00,3007,60.00,3753,20.00,1768,60.00,2133,60.00,1872,16.00,2882,3.00,5855,3.00,4692,8.00,1510,20.00,1875,20.00,2386,41.00,2243,13.00,1129,29.00,3730,15.00,1345,0.00,1023,0.00,1160,0.00,1665,0.00,1556,-13.00,1606,-4.00,899,-9.00,10,0.48
2039,60.00,3007,58.00,3756,20.00,1768,60.00,2133,60.00,1872,16.00,2882,2.00,5855,4.00,4692,8.00,1510,20.00,1875,20.00,2386,40.00,2242,13.00,1129,29.00,3730,14.00,1345,0.00,1023,0.00,1160,0.00,1665,0.00,1555,-14.00,1606,-3.00,899,-9.00,10,0.40
2075,60.00,3007,59.00,3765,20.00,1768,60.00,2134,59.00,1872,16.00,2882,2.00,5855,5.00,4692,8.00,1510,20.00,1875,19.00,2386,40.00,2243,13.00,1129,29.00,3730,15.00,1345,0.00,1023,0.00,1160,0.00,1665,0.00,1555,-14.00,1606,-3.00,899,-10.00,10,0.48
2110,60.00,3007,59.00,3775,20.00,1768,60.00,2133,60.00,1872,13.00,2884,3.00,5855,4.00,4692,8.00,1510,20.00,1875,20.00,2386,40.00,2243,13.00,1129,29.00,3730,15.00,1345,0.00,1023,0.00,1160,0.00,1665,0.00,1555,-15.00,1606,-4.00,899,-9.00,10,0.56
2146,60.00,3007,61.00,3782,20.00,1768,60.00,2134,60.00,1873,13.00,2884,3.00,5855,5.00,4692,8.00,1510,20.00,1875,20.00,2386,40.00,2243,13.00,1129,29.00,3730,15.00,1345,0.00,1023,0.00,1160,0.00,1665,0.00,1555,-14.00,1606,-7.00,899,-9.00,10,0.56
2182,60.00,3007,62.00,3788,20.00,1768,60.00,2134,60.00,1872,13.00,2884,3.00,5855,4.00,4692,7.00,1510,20.00,1875,21.00,2386,40.00,2242,13.00,1129,29.00,3730,15.00,1345,0.00,1023,0.00,1160,0.00,1665,0.00,1555,-14.00,1606,-4.00,899,-8.00,10,0.40
2218,59.00,3007,60.00,3791,19.00,1768,60.00,2135,60.00,1873,14.00,2884,3.00,5855,4.00,4692,8.00,1510,20.00,1875,20.00,2386,40.00,2243,13.00,1129,31.00,3730,15.00,1345,0.00,1023,0.00,1160,0.00,1665,0.00,1555,-14.00,1606,-3.00,899,-9.00,10,0.65
2253,60.00,3007,61.00,3793,19.00,1768,59.00,2143,60.00,1872,14.00,2884,3.00,5855,4.00,4692,8.00,1510,20.00,1875,20.00,2386,40.00,2243,14.00,1129,29.00,3730,15.00,1345,0.00,1023,0.00,1160,0.00,1665,0.00,1555,-15.00,1606,-3.00,899,-9.00,10,0.65
2289,60.00,3007,60.00,3793,20.00,1768,60.00,2153,59.00,1873,14.00,2884,3.00,5855,5.00,4692,8.00,1510,20.00,1875,20.00,2386,40.00,2243,13.00,1129,29.00,3730,15.00,1345,0.00,1023,0.00,1160,0.00,1665,0.00,1555,-14.00,1606,-4.00,899,-9.00,10,0.73
2325,61.00,3007,60.00,3793,20.00,1768,61.00,2160,60.00,1873,13.00,2884,3.00,5855,3.00,4692,7.00,1510,20.00,1875,20.00,2386,41.00,2242,13.00,1129,29.00,3730,15.00,1345,0.00,1023,0.00,1160,0.00,1665,0.00,1555,-14.00,1606,-4.00,899,-9.00,10,0.65
2361,61.00,3007,60.00,3793,20.00,1768,61.00,2163,59.00,1873,14.00,2884,3.00,5855,3.00,4692,6.00,1510,19.00,1875,20.00,2386,40.00,2243,13.00,1129,29.00,3730,15.00,1345,0.00,1023,0.00,1160,0.00,1665,0.00,1555,-14.00,1606,-5.00,899,-10.00,10,0.89
2396,60.00,3007,59.00,3793,20.00,1768,60.00,2164,60.00,1873,14.00,2884,2.00,5855,3.00,4692,8.00,1510,20.00,1875,20.00,2386,40.00,2242,13.00,1129,29.00,3730,15.00,1345,0.00,1023,0.00,1160,0.00,1665,0.00,1555,-14.00,1606,-5.00,899,-9.00,10,0.56
2432,61.00,3007,62.00,3795,20.00,1768,61.00,2164,61.00,1873,14.00,2884,3.00,5855,4.00,4692,8.00,1510,20.00,1875,20.00,2386,40.00,2242,13.00,1129,29.00,3730,15.00,1345,0.00,1023,0.00,1160,0.00,1665,0.00,1555,-14.00,1606,-5.00,899,-9.00,10,0.89
2468,60.00,3007,60.00,3799,20.00,1768,60.00,2164,61.00,1873,14.00,2884,3.00,5855,5.00,4692,8.00,1510,20.00,1875,20.00,2386,40.00,2242,13.00,1129,29.00,3730,15.00,1345,0.00,1023,0.00,1160,0.00,1665,0.00,1555,-14.00,1606,-4.00,899,-10.00,10,0.97
2503,60.00,3008,62.00,3800,20.00,1768,60.00,2164,60.00,1873,13.00,2884,3.00,5855,3.00,4692,7.00,1510,20.00,1875,19.00,2386,40.00,2242,13.00,1129,29.00,3730,15.00,1345,0.00,1023,0.00,1160,0.00,1665,0.00,1556,-14.00,1606,-5.00,899,-10.00,10,0.97
2539,58.00,3013,60.00,3800,20.00,1769,60.00,2164,60.00,1873,14.00,2884,3.00,5855,3.00,4692,9.00,1510,21.00,1875,20.00,2386,39.00,2242,13.00,1129,29.00,3730,16.00,1345,0.00,1023,0.00,1160,0.00,1665,0.00,1555,-14.00,1606,-4.00,899,-9.00,10,0.89
2575,61.00,3020,61.00,3800,19.00,1774,60.00,2165,60.00,1873,14.00,2884,3.00,5855,4.00,4692,8.00,1510,20.00,1875,20.00,2386,40.00,2242,13.00,1129,29.00,3730,15.00,1345,0.00,1023,0.00,1160,0.00,1665,0.00,1555,-14.00,1606,-4.00,899,-9.00,10,0.65
2610,60.00,3027,60.00,3800,19.00,1780,60.00,2165,60.00,1873,14.00,2884,3.00,5855,4.00,4692,8.00,1510,20.00,1875,20.00,2386,40.00,2242,12.00,1129,29.00,3730,15.00,1345,0.00,1023,0.00,1160,0.00,1665,0.00,1555,-14.00,1606,-4.00,899,-10.00,10,1.37
2646,62.00,3034,60.00,3800,19.00,1786,60.00,2165,60.00,1873,14.00,2884,3.00,5855,4.00,4692,8.00,1510,20.00,1875,20.00,2386,41.00,2242,13.00,1129,29.00,3730,15.00,1345,0.00,1023,0.00,1160,0.00,1665,0.00,1555,-14.00,1606,-4.00,899,-8.00,10,1.05
2682,59.00,3039,60.00,3800,20.00,1791,60.00,2165,61.00,1873,14.00,2884,3.00,5855,3.00,4692,8.00,1510,20.00,1875,20.00,2386,40.00,2242,13.00,1129,29.00,3730,15.00,1345,0.00,1023,0.00,1160,0.00,1665,0.00,1555,-14.00,1606,-3.00,899,-9.00,10,1.13
2717,60.00,3041,60.00,3800,21.00,1797,60.00,2165,60.00,1873,14.00,2884,3.00,5855,4.00,4692,8.00,1510,20.00,1875,20.00,2386,40.00,2242,13.00,1129,29.00,3730,15.00,1345,0.00,1023,0.00,1160,0.00,1665,0.00,1555,-15.00,1606,-4.00,899,-10.00,10,1.13
2753,59.00,3044,59.00,3800,21.00,1800,60.00,2165,59.00,1873,14.00,2885,4.00,5855,4.00,4692,8.00,1510,20.00,1875,20.00,2386,40.00,2242,13.00,1129,29.00,3730,14.00,1345,0.00,1023,0.00,1160,0.00,1665,0.00,1555,-14.00,1606,-5.00,899,-9.00,10,1.13
2789,61.00,3044,60.00,3800,21.00,1804,60.00,2165,60.00,1875,10.00,2884,2.00,5855,4.00,4692,8.00,1510,20.00,1875,20.00,2386,40.00,2242,14.00,1129,28.00,3730,15.00,1345,0.00,1023,0.00,1160,0.00,1665,0.00,1555,-14.00,1606,-3.00,899,-9.00,10,1.21
2824,61.00,3044,62.00,3800,20.00,1804,60.00,2165,55.00,1884,13.00,2885,3.00,5855,4.00,4692,8.00,1510,20.00,1875,19.00,2386,40.00,2242,13.00,1129,29.00,3730,15.00,1345,0.00,1023,0.00,1160,0.00,1665,0.00,1555,-14.00,1606,-3.00,899,-10.00,10,1.13
2860,60.00,3044,60.00,3805,20.00,1805,60.00,2165,60.00,1898,13.00,2885,3.00,5855,4.00,4692,8.00,1510,20.00,1875,20.00,2386,40.00,2242,13.00,1129,29.00,3730,15.00,1345,0.00,1023,0.00,1160,0.00,1665,0.00,1555,-13.00,1606,-5.00,899,-10.00,10,1.37
2896,59.00,3044,60.00,3813,20.00,1805,61.00,2170,61.00,1911,13.00,2885,2.00,5855,5.00,4692,8.00,1510,20.00,1875,20.00,2386,40.00,2242,13.00,1129,29.00,3730,15.00,1345,0.00,1023,0.00,1160,0.00,1665,0.00,1555,-14.00,1606,-4.00,899,-9.00,10,0.97
2932,61.00,3044,60.00,3821,20.00,1805,61.00,2175,61.00,1921,12.00,2885,3.00,5855,4.00,4692,7.00,1510,20.00,1875,20.00,2386,40.00,2242,13.00,1129,29.00,3730,15.00,1345,0.00,1023,0.00,1160,0.00,1665,0.00,1555,-14.00,1606,-4.00,899,-9.00,10,1.05
2967,61.00,3044,61.00,3829,19.00,1805,59.00,2182,60.00,1927,13.00,2885,3.00,5855,4.00,4692,8.00,1510,20.00,1875,20.00,2386,40.00,2241,13.00,1129,28.00,3730,15.00,1345,0.00,1023,0.00,1160,0.00,1665,0.00,1555,-14.00,1606,-5.00,899,-8.00,10,1.05
3003,59.00,3044,62.00,3833,20.00,1805,60.00,2189,60.00,1930,13.00,2885,3.00,5855,4.00,4692,8.00,1510,20.00,1875,20.00,2386,40.00,2241,13.00,1129,29.00,3730,15.00,1345,0.00,1023,0.00,1160,0.00,1665,0.00,1555,-14.00,1606,-4.00,899,-9.00,10,1.21
3039,60.00,3044,57.00,3836,20.00,1805,61.00,2195,61.00,1931,13.00,2885,4.00,5855,4.00,4692,8.00,1510,20.00,1874,20.00,2386,40.00,2241,13.00,1129,29.00,3730,15.00,1345,0.00,1023,0.00,1160,0.00,1665,0.00,1555,-14.00,1606,-4.00,899,-8.00,10,1.13
3074,60.00,3044,62.00,3838,20.00,1805,59.00,2201,59.00,1933,13.00,2885,3.00,5855,5.00,4692,8.00,1510,20.00,1874,20.00,2386,40.00,2241,13.00,1129,29.00,3730,15.00,1345,0.00,1024,0.00,1160,0.00,1665,0.00,1555,-14.00,1606,-5.00,899,-9.00,10,1.37
3110,60.00,3044,60.00,3838,20.00,1805,61.00,2207,61.00,1933,13.00,2885,3.00,5855,3.00,4692,8.00,1510,20.00,1874,19.00,2386,40.00,2241,13.00,1129,29.00,3730,15.00,1345,0.00,1023,0.00,1161,0.00,1665,0.00,1555,-14.00,1606,-4.00,899,-9.00,10,1.37
3146,60.00,3045,60.00,3838,20.00,1805,60.00,2212,60.00,1933,12.00,2885,2.00,5855,5.00,4692,8.00,1510,20.00,1874,19.00,2386,40.00,2241,13.00,1129,29.00,3730,15.00,1345,0.00,1024,0.00,1160,0.00,1665,0.00,1555,-14.00,1606,-4.00,899,-10.00,10,1.29
3182,60.00,3045,60.00,3838,20.00,1805,60.00,2216,60.00,1933,14.00,2885,4.00,5855,3.00,4692,9.00,1510,20.00,1874,20.00,2386,40.00,2241,13.00,1129,29.00,3730,15.00,1345,0.00,1024,0.00,1161,0.00,1665,0.00,1555,-14.00,1606,-3.00,899,-9.00,10,1.53
3217,60.00,3045,60.00,3838,20.00,1805,60.00,2219,60.00,1933,13.00,2885,3.00,5855,4.00,4692,8.00,1510,20.00,1874,20.00,2386,40.00,2241,13.00,1129,29.00,3730,15.00,1345,0.00,1024,0.00,1161,0.00,1664,0.00,1555,-14.00,1606,-4.00,899,-9.00,10,1.53
3253,66.00,3045,60.00,3838,20.00,1805,61.00,2221,59.00,1933,13.00,2885,2.00,5855,4.00,4692,9.00,1510,20.00,1874,20.00,2386,40.00,2241,13.00,1129,29.00,3730,15.00,1345,0.00,1024,0.00,1161,0.00,1665,0.00,1555,-14.00,1606,-4.00,899,-10.00,10,1.53
3289,60.00,3045,60.00,3838,18.00,1809,60.00,2221,59.00,1934,13.00,2885,3.00,5855,5.00,4692,8.00,1510,20.00,1874,20.00,2385,40.00,2241,13.00,1129,29.00,3730,15.00,1345,0.00,1024,0.00,1161,0.00,1665,0.00,1555,-14.00,1606,-4.00,899,-9.00,10,1.61
3325,59.00,3050,60.00,3838,20.00,1815,60.00,2221,60.00,1933,13.00,2885,2.00,5855,3.00,4692,8.00,1510,20.00,1874,20.00,2386,40.00,2241,13.00,1129,29.00,3730,15.00,1345,0.00,1024,0.00,1161,0.00,1664,0.00,1555,-14.00,1606,-3.00,899,-9.00,10,1.53
3360,59.00,3061,60.00,3838,20.00,1820,60.00,2221,59.00,1934,13.00,2885,4.00,5855,3.00,4692,9.00,1510,20.00,1874,20.00,2385,40.00,2241,13.00,1129,29.00,3730,15.00,1345,0.00,1024,0.00,1161,0.00,1664,0.00,1555,-14.00,1606,-4.00,899,-9.00,10,1.69
3396,59.00,3071,60.00,3838,20.00,1826,60.00,2221,59.00,1933,13.00,2885,2.00,5855,5.00,4692,8.00,1510,20.00,1874,20.00,2386,40.00,2241,13.00,1129,29.00,3730,15.00,1345,0.00,1024,0.00,1161,0.00,1665,0.00,1555,-14.00,1606,-3.00,899,-8.00,10,1.61
3432,61.00,3078,59.00,3838,21.00,1830,60.00,2221,61.00,1934,14.00,2885,3.00,5855,4.00,4692,8.00,1510,20.00,1874,20.00,2386,40.00,2241,13.00,1129,29.00,3730,15.00,1345,0.00,1024,0.00,1161,0.00,1664,0.00,1555,-14.00,1606,-5.00,899,-9.00,10,1.69
3468,61.00,3083,60.00,3839,20.00,1835,60.00,2221,60.00,1934,13.00,2885,3.00,5855,4.00,4692,8.00,1510,20.00,1874,20.00,2385,40.00,2240,14.00,1129,29.00,3730,15.00,1345,0.00,1024,0.00,1160,0.00,1664,0.00,1555,-14.00,1606,-3.00,899,-10.00,10,1.53
3503,61.00,3086,60.00,3839,20.00,1838,60.00,2221,61.00,1934,13.00,2885,3.00,5855,4.00,4692,7.00,1510,20.00,1874,20.00,2385,40.00,2240,13.00,1129,29.00,3730,15.00,1345,0.00,1024,0.00,1161,0.00,1664,0.00,1555,-14.00,1606,-5.00,899,-10.00,10,1.94
3539,61.00,3086,58.00,3842,20.00,1841,59.00,2221,60.00,1934,13.00,2885,4.00,5855,5.00,4692,7.00,1510,19.00,1874,20.00,2385,40.00,2240,13.00,1129,29.00,3730,15.00,1345,0.00,1024,0.00,1161,0.00,1664,0.00,1555,-14.00,1606,-5.00,899,-10.00,10,1.85
3575,60.00,3086,58.00,3851,21.00,1842,58.00,2224,59.00,1934,13.00,2885,3.00,5855,4.00,4692,7.00,1510,20.00,1874,20.00,2385,41.00,2240,13.00,1129,29.00,3730,15.00,1345,0.00,1024,0.00,1160,0.00,1664,0.00,1555,-13.00,1606,-4.00,899,-9.00,10,1.69
3611,60.00,3086,59.00,3861,20.00,1842,59.00,2231,61.00,1934,12.00,2885,3.00,5855,4.00,4692,8.00,1510,20.00,1874,20.00,2386,40.00,2240,13.00,1129,29.00,3730,15.00,1345,0.00,1024,0.00,1161,0.00,1664,0.00,1555,-14.00,1606,-3.00,899,-10.00,10,1.61
3646,61.00,3086,61.00,3868,20.00,1843,61.00,2239,57.00,1938,13.00,2885,3.00,5855,4.00,4692,7.00,1510,20.00,1874,20.00,2385,40.00,2240,13.00,1129,29.00,3730,15.00,1345,0.00,1024,0.00,1161,0.00,1664,0.00,1555,-14.00,1606,-4.00,899,-9.00,10,1.69
3682,59.00,3087,59.00,3873,20.00,1843,60.00,2246,57.00,1950,12.00,2885,3.00,5855,4.00,4692,8.00,1510,20.00,1874,20.00,2385,40.00,2240,13.00,1129,29.00,3730,15.00,1345,0.00,1024,0.00,1161,0.00,1664,0.00,1555,-14.00,1606,-4.00,899,-9.00,10,1.77
3718,60.00,3086,61.00,3877,20.00,1843,61.00,2253,59.00,1963,13.00,2885,3.00,5855,4.00,4692,8.00,1510,20.00,1874,21.00,2385,40.00,2240,13.00,1129,29.00,3730,15.00,1345,0.00,1024,0.00,1161,0.00,1664,0.00,1555,-14.00,1606,-4.00,899,-10.00,10,1.61
3754,60.00,3087,61.00,3877,20.00,1843,60.00,2258,63.00,1974,12.00,2885,2.00,5855,3.00,4692,7.00,1510,20.00,1874,20.00,2385,40.00,2240,13.00,1129,29.00,3730,15.00,1345,0.00,1024,0.00,1161,0.00,1664,0.00,1555,-14.00,1606,-3.00,899,-10.00,10,1.61
3789,60.00,3087,60.00,3877,20.00,1843,60.00,2264,63.00,1981,13.00,2885,3.00,5855,4.00,4692,9.00,1510,20.00,1874,20.00,2385,40.00,2240,13.00,1129,29.00,3730,15.00,1345,0.00,1024,0.00,1161,0.00,1664,0.00,1555,-14.00,1606,-4.00,899,-10.00,10,1.94
3825,59.00,3087,61.00,3877,20.00,1843,60.00,2269,62.00,1984,12.00,2885,3.00,5855,4.00,4692,8.00,1510,20.00,1873,20.00,2385,40.00,2240,13.00,1129,29.00,3730,15.00,1345,0.00,1024,0.00,1161,0.00,1663,0.00,1555,-14.00,1606,-3.00,899,-9.00,10,1.69
3861,60.00,3087,59.00,3877,20.00,1843,60.00,2272,61.00,1984,12.00,2885,3.00,5855,4.00,4692,8.00,1510,20.00,1873,21.00,2385,41.00,2240,13.00,1129,29.00,3730,15.00,1345,0.00,1024,0.00,1161,0.00,1660,0.00,1555,-14.00,1606,-3.00,899,-9.00,10,1.94
3897,60.00,3087,60.00,3877,20.00,1843,60.00,2272,60.00,1984,12.00,2885,4.00,5855,4.00,4692,8.00,1510,20.00,1873,20.00,2385,40.00,2239,14.00,1129,29.00,3730,15.00,1345,0.00,1024,0.00,1161,0.00,1657,0.00,1555,-14.00,1606,-4.00,899,-9.00,10,2.02
3932,61.00,3087,60.00,3877,21.00,1843,60.00,2272,60.00,1984,13.00,2885,3.00,5855,4.00,4692,9.00,1510,20.00,1874,20.00,2385,40.00,2239,14.00,1129,29.00,3730,15.00,1345,0.00,1024,0.00,1161,0.00,1653,0.00,1555,-14.00,1606,-4.00,899,-9.00,10,1.85
3968,60.00,3087,61.00,3877,20.00,1843,59.00,2272,60.00,1984,13.00,2885,3.00,5855,4.00,4692,8.00,1510,19.00,1873,20.00,2385,41.00,2239,13.00,1129,29.00,3730,14.00,1345,0.00,1024,0.00,1161,0.00,1648,0.00,1555,-14.00,1606,-5.00,899,-9.00,10,1.85
4004,60.00,3087,60.00,3877,20.00,1843,60.00,2272,59.00,1984,13.00,2885,3.00,5855,4.00,4692,7.00,1510,20.00,1873,20.00,2385,40.00,2239,13.00,1129,29.00,3730,15.00,1345,0.00,1024,0.00,1161,0.00,1643,0.00,1555,-14.00,1606,-5.00,899,-9.00,10,2.18
4040,59.00,3087,60.00,3877,19.00,1846,60.00,2272,60.00,1984,13.00,2885,2.00,5855,4.00,4692,8.00,1510,20.00,1874,20.00,2385,40.00,2239,13.00,1129,29.00,3730,15.00,1345,0.00,1024,0.00,1161,0.00,1639,0.00,1555,-14.00,1606,-4.00,899,-9.00,10,1.77
4075,62.00,3087,60.00,3877,20.00,1851,61.00,2272,60.00,1984,12.00,2885,3.00,5855,4.00,4692,8.00,1510,20.00,1874,20.00,2385,40.00,2239,13.00,1129,29.00,3730,15.00,1345,0.00,1024,0.00,1161,0.00,1634,0.00,1555,-14.00,1606,-3.00,899,-9.00,10,1.94
4111,60.00,3087,60.00,3877,20.00,1855,60.00,2272,60.00,1985,14.00,2886,3.00,5855,4.00,4692,8.00,1510,20.00,1873,20.00,2385,41.00,2239,13.00,1129,29.00,3730,15.00,1345,0.00,1024,0.00,1161,0.00,1629,0.00,1555,-15.00,1606,-3.00,899,-10.00,10,1.94
4147,58.00,3090,60.00,3877,21.00,1859,60.00,2272,60.00,1985,10.00,2888,3.00,5855,4.00,4692,8.00,1510,20.00,1873,20.00,2385,40.00,2239,13.00,1129,29.00,3730,15.00,1345,0.00,1024,0.00,1161,0.00,1627,0.00,1555,-14.00,1606,-3.00,899,-9.00,10,2.10
4182,60.00,3098,60.00,3878,20.00,1862,60.00,2272,59.00,1985,9.00,2888,3.00,5855,5.00,4692,9.00,1510,21.00,1873,20.00,2385,40.00,2239,13.00,1129,29.00,3730,14.00,1345,0.00,1024,0.00,1161,0.00,1624,0.00,1555,-14.00,1606,-4.00,899,-9.00,10,1.94
4218,60.00,3107,60.00,3877,20.00,1862,60.00,2272,60.00,1985,10.00,2888,4.00,5855,4.00,4692,8.00,1510,20.00,1873,20.00,2385,40.00,2239,13.00,1129,29.00,3730,15.00,1345,0.00,1024,0.00,1161,0.00,1622,0.00,1555,-14.00,1606,-4.00,899,-10.00,10,1.85
4254,60.00,3114,59.00,3878,20.00,1862,59.00,2272,60.00,1985,10.00,2888,3.00,5855,4.00,4692,8.00,1510,20.00,1873,20.00,2385,40.00,2239,14.00,1129,29.00,3730,15.00,1345,0.00,1024,0.00,1161,0.00,1622,0.00,1555,-14.00,1606,-4.00,899,-9.00,10,2.10
4289,61.00,3119,59.00,3883,20.00,1862,60.00,2272,58.00,1992,10.00,2888,3.00,5855,4.00,4692,7.00,1510,20.00,1873,20.00,2385,40.00,2239,13.00,1129,29.00,3730,15.00,1345,0.00,1024,0.00,1161,0.00,1622,0.00,1555,-14.00,1606,-5.00,899,-9.00,10,2.02
4325,61.00,3119,57.00,3890,20.00,1862,59.00,2273,59.00,2001,10.00,2888,3.00,5855,3.00,4692,9.00,1510,20.00,1873,20.00,2385,40.00,2239,13.00,1129,28.00,3730,15.00,1345,0.00,1024,0.00,1161,0.00,1622,0.00,1555,-14.00,1606,-5.00,899,-9.00,10,1.94
4361,60.00,3119,59.00,3898,20.00,1862,60.00,2273,60.00,2009,9.00,2889,4.00,5855,3.00,4692,9.00,1510,20.00,1873,20.00,2385,40.00,2239,13.00,1129,29.00,3730,15.00,1345,0.00,1024,0.00,1161,0.00,1622,0.00,1555,-14.00,1606,-5.00,899,-9.00,10,1.94
4396,61.00,3119,58.00,3906,20.00,1862,59.00,2280,61.00,2016,9.00,2889,2.00,5855,4.00,4692,8.00,1510,19.00,1873,20.00,2385,40.00,2239,13.00,1129,29.00,3730,15.00,1345,0.00,1024,0.00,1161,0.00,1622,0.00,1555,-13.00,1606,-3.00,899,-9.00,10,1.85
4432,59.00,3119,60.00,3911,20.00,1863,60.00,2289,61.00,2020,9.00,2889,4.00,5855,4.00,4692,9.00,1510,20.00,1873,20.00,2385,40.00,2238,13.00,1129,29.00,3730,15.00,1345,0.00,1024,0.00,1161,0.00,1622,0.00,1555,-14.00,1606,-4.00,899,-9.00,10,1.94
4468,62.00,3119,58.00,3914,20.00,1862,61.00,2298,61.00,2020,9.00,2889,3.00,5855,4.00,4692,9.00,1510,20.00,1873,20.00,2385,40.00,2238,12.00,1129,29.00,3730,15.00,1345,0.00,1024,0.00,1161,0.00,1622,0.00,1555,-15.00,1606,-3.00,899,-9.00,10,2.02
4504,60.00,3119,62.00,3916,20.00,1863,61.00,2307,60.00,2020,9.00,2889,3.00,5855,5.00,4692,9.00,1510,21.00,1873,20.00,2385,40.00,2238,13.00,1129,29.00,3730,14.00,1345,0.00,1024,0.00,1161,0.00,1622,0.00,1555,-14.00,1606,-4.00,899,-9.00,10,2.02
4539,60.00,3119,61.00,3916,19.00,1865,60.00,2315,61.00,2020,9.00,2889,2.00,5855,4.00,4692,8.00,1510,20.00,1873,20.00,2385,40.00,2238,13.00,1129,30.00,3730,15.00,1345,0.00,1024,0.00,1161,0.00,1622,0.00,1555,-14.00,1606,-5.00,899,-9.00,10,1.85
4575,60.00,3119,60.00,3916,20.00,1869,60.00,2320,60.00,2020,9.00,2889,3.00,5855,4.00,4692,9.00,1510,20.00,1873,20.00,2385,40.00,2238,12.00,1129,29.00,3730,15.00,1345,0.00,1024,0.00,1161,0.00,1622,0.00,1555,-14.00,1606,-3.00,899,-9.00,10,2.10
4611,60.00,3119,59.00,3918,20.00,1872,61.00,2322,60.00,2021,9.00,2889,3.00,5855,3.00,4692,8.00,1510,20.00,1873,20.00,2385,40.00,2238,13.00,1129,29.00,3730,15.00,1345,0.00,1024,0.00,1161,0.00,1622,0.00,1555,-14.00,1606,-4.00,899,-10.00,10,1.61
4647,60.00,3119,61.00,3922,20.00,1872,61.00,2323,60.00,2020,9.00,2889,3.00,5855,4.00,4692,8.00,1510,21.00,1873,20.00,2385,40.00,2238,13.00,1129,29.00,3730,14.00,1345,0.00,1024,0.00,1161,0.00,1622,0.00,1555,-14.00,1606,-4.00,899,-8.00,10,2.10
4683,60.00,3119,60.00,3926,20.00,1875,60.00,2323,60.00,2021,9.00,2889,3.00,5855,5.00,4692,8.00,1510,20.00,1873,20.00,2385,40.00,2238,13.00,1129,29.00,3730,15.00,1345,0.00,1024,0.00,1161,0.00,1622,0.00,1555,-14.00,1606,-4.00,899,-9.00,9,2.10
4718,60.00,3119,58.00,3931,21.00,1876,60.00,2323,60.00,2021,9.00,2889,2.00,5855,4.00,4692,8.00,1510,20.00,1873,20.00,2385,40.00,2238,13.00,1129,29.00,3730,15.00,1345,0.00,1024,0.00,1161,0.00,1622,0.00,1555,-14.00,1606,-4.00,899,-9.00,10,2.26
4754,60.00,3119,60.00,3934,20.00,1877,60.00,2323,60.00,2021,9.00,2889,3.00,5855,4.00,4692,8.00,1510,20.00,1873,20.00,2385,40.00,2238,13.00,1129,29.00,3730,15.00,1345,0.00,1024,0.00,1161,0.00,1622,0.00,1555,-14.00,1606,-5.00,899,-9.00,10,2.10
4790,60.00,3119,65.00,3935,20.00,1876,60.00,2323,60.00,2021,9.00,2889,3.00,5855,3.00,4692,8.00,1510,20.00,1873,20.00,2385,40.00,2238,13.00,1129,29.00,3730,15.00,1345,0.00,1024,0.00,1161,0.00,1622,0.00,1555,-14.00,1606,-4.00,899,-9.00,10,2.10
4826,60.00,3119,60.00,3935,20.00,1876,60.00,2323,60.00,2021,9.00,2889,3.00,5855,4.00,4692,7.00,1510,20.00,1873,20.00,2385,40.00,2238,13.00,1129,29.00,3730,15.00,1345,0.00,1024,0.00,1161,0.00,1622,0.00,1555,-14.00,1606,-4.00,899,-10.00,10,2.10
4861,60.00,3119,60.00,3935,20.00,1877,60.00,2323,60.00,2021,9.00,2889,2.00,5855,4.00,4692,8.00,1510,20.00,1873,20.00,2385,40.00,2238,13.00,1129,29.00,3730,15.00,1345,0.00,1024,0.00,1161,0.00,1622,0.00,1555,-14.00,1606,-5.00,899,-4.00,10,2.10
4897,59.00,3119,60.00,3935,20.00,1876,59.00,2323,60.00,2021,9.00,2889,3.00,5855,4.00,4692,8.00,1510,20.00,1873,20.00,2385,40.00,2238,13.00,1129,29.00,3730,15.00,1345,0.00,1024,0.00,1161,0.00,1622,0.00,1555,-15.00,1606,-5.00,899,-10.00,10,2.18
4933,60.00,3119,60.00,3935,20.00,1876,60.00,2323,59.00,2021,9.00,2889,4.00,5855,4.00,4692,8.00,1510,20.00,1873,20.00,2385,40.00,2238,14.00,1129,29.00,3730,15.00,1345,0.00,1024,0.00,1161,0.00,1622,0.00,1555,-14.00,1606,-3.00,899,-9.00,10,2.26
4969,60.00,3119,60.00,3935,20.00,1877,60.00,2323,61.00,2021,9.00,2889,3.00,5855,3.00,4692,7.00,1510,20.00,1873,20.00,2385,40.00,2238,13.00,1129,29.00,3730,15.00,1345,0.00,1024,0.00,1161,0.00,1622,0.00,1555,-14.00,1606,-3.00,899,-9.00,10,2.02
5004,60.00,3119,60.00,3935,19.00,1877,60.00,2324,60.00,2021,9.00,2889,3.00,5855,4.00,4692,8.00,1510,20.00,1873,20.00,2385,40.00,2238,13.00,1129,29.00,3730,15.00,1345,0.00,1024,0.00,1161,0.00,1622,0.00,1555,-14.00,1606,-3.00,899,-9.00,10,2.18
5040,60.00,3119,60.00,3935,19.00,1877,60.00,2323,60.00,2021,9.00,2889,4.00,5855,5.00,4692,8.00,1510,20.00,1873,20.00,2385,40.00,2238,13.00,1129,29.00,3730,15.00,1345,0.00,1024,0.00,1161,0.00,1622,0.00,1555,-14.00,1606,-5.00,899,-10.00,10,2.02
5076,60.00,3119,60.00,3935,20.00,1877,60.00,2324,60.00,2021,9.00,2889,3.00,5855,4.00,4692,8.00,1510,20.00,1873,20.00,2385,40.00,2238,13.00,1129,30.00,3730,15.00,1345,0.00,1024,0.00,1161,0.00,1622,0.00,1555,-14.00,1606,-4.00,899,-10.00,10,2.10
5112,60.00,3119,60.00,3935,20.00,1877,60.00,2324,60.00,2021,9.00,2889,3.00,5855,4.00,4692,9.00,1510,20.00,1873,19.00,2385,40.00,2238,12.00,1129,29.00,3730,15.00,1345,0.00,1024,0.00,1161,0.00,1622,0.00,1555,-14.00,1606,-4.00,899,-11.00,10,2.18
5147,59.00,3119,60.00,3935,20.00,1877,59.00,2324,60.00,2021,9.00,2889,4.00,5855,5.00,4692,8.00,1510,20.00,1873,20.00,2385,40.00,2238,13.00,1129,29.00,3730,15.00,1345,0.00,1024,0.00,1161,0.00,1622,0.00,1555,-14.00,1606,-3.00,899,-9.00,10,2.26
5183,60.00,3119,61.00,3935,19.00,1877,60.00,2324,60.00,2021,10.00,2889,3.00,5855,4.00,4692,8.00,1510,20.00,1873,20.00,2385,40.00,2238,13.00,1129,29.00,3730,15.00,1345,0.00,1024,0.00,1161,0.00,1622,0.00,1555,-14.00,1606,-4.00,899,-10.00,10,2.18
5219,60.00,3120,59.00,3935,20.00,1877,60.00,2324,60.00,2021,9.00,2889,3.00,5855,4.00,4692,7.00,1510,20.00,1873,19.00,2385,41.00,2238,13.00,1129,29.00,3730,14.00,1345,0.00,1024,0.00,1161,0.00,1622,0.00,1555,-14.00,1606,-3.00,899,-9.00,10,2.42
5254,60.00,3119,60.00,3935,20.00,1877,60.00,2324,60.00,2021,9.00,2889,3.00,5855,3.00,4692,8.00,1510,20.00,1873,20.00,2385,40.00,2238,14.00,1129,29.00,3730,15.00,1345,0.00,1024,0.00,1161,0.00,1622,0.00,1555,-14.00,1606,-5.00,899,-9.00,10,2.34
5290,59.00,3120,60.00,3935,18.00,1877,60.00,2324,60.00,2021,9.00,2889,3.00,5855,4.00,4692,8.00,1510,20.00,1873,20.00,2385,40.00,2237,13.00,1129,29.00,3730,15.00,1345,0.00,1024,0.00,1161,0.00,1622,0.00,1555,-14.00,1606,-4.00,899,-11.00,10,2.42
5326,60.00,3120,57.00,3935,20.00,1877,60.00,2324,60.00,2021,2.00,2889,3.00,5855,5.00,4692,9.00,1510,20.00,1873,20.00,2385,40.00,2237,13.00,1129,29.00,3730,15.00,1345,0.00,1024,0.00,1161,0.00,1622,0.00,1555,-13.00,1606,-5.00,899,-10.00,10,2.50
5362,59.00,3122,60.00,3935,20.00,1877,60.00,2324,60.00,2021,6.00,2889,3.00,5855,4.00,4692,9.00,1510,20.00,1873,20.00,2385,40.00,2237,13.00,1129,29.00,3730,15.00,1345,0.00,1024,0.00,1161,0.00,1622,0.00,1555,-14.00,1606,-5.00,899,-9.00,10,2.42
5397,60.00,3131,60.00,3935,20.00,1877,60.00,2324,60.00,2022,0.00,2889,3.00,5855,5.00,4692,7.00,1510,20.00,1872,20.00,2385,40.00,2237,13.00,1129,29.00,3730,15.00,1345,0.00,1024,0.00,1161,0.00,1622,0.00,1555,-14.00,1606,-4.00,899,-10.00,10,2.42
5433,61.00,3145,60.00,3935,19.00,1877,61.00,2324,58.00,2028,8.00,2889,3.00,5855,5.00,4692,8.00,1510,20.00,1872,20.00,2385,40.00,2237,14.00,1129,29.00,3730,15.00,1345,0.00,1024,0.00,1161,0.00,1622,0.00,1555,-14.00,1606,-4.00,899,-10.00,10,2.34
5469,62.00,3157,60.00,3935,20.00,1877,59.00,2326,57.00,2045,8.00,2890,3.00,5855,4.00,4692,8.00,1510,21.00,1873,20.00,2385,40.00,2237,13.00,1129,29.00,3730,15.00,1345,0.00,1024,0.00,1161,0.00,1622,0.00,1555,-13.00,1606,-3.00,899,-9.00,10,2.26
5505,60.00,3165,60.00,3935,20.00,1879,58.00,2335,59.00,2066,8.00,2890,3.00,5855,4.00,4692,9.00,1510,20.00,1872,20.00,2385,42.00,2237,13.00,1129,29.00,3730,14.00,1345,0.00,1024,0.00,1161,0.00,1622,0.00,1555,-14.00,1606,-4.00,899,-8.00,10,2.26
5540,59.00,3172,60.00,3935,19.00,1885,60.00,2348,60.00,2081,8.00,2890,4.00,5855,4.00,4692,8.00,1510,20.00,1872,19.00,2385,40.00,2237,13.00,1129,29.00,3730,15.00,1345,0.00,1024,0.00,1161,0.00,1621,0.00,1555,-14.00,1606,-5.00,899,-9.00,10,2.10
5576,60.00,3176,60.00,3936,18.00,1894,61.00,2360,62.00,2091,8.00,2890,3.00,5855,4.00,4692,8.00,1510,20.00,1872,20.00,2385,39.00,2237,13.00,1129,29.00,3730,15.00,1345,0.00,1024,0.00,1161,0.00,1621,0.00,1555,-13.00,1606,-3.00,899,-10.00,10,2.18
5612,62.00,3179,60.00,3936,19.00,1904,60.00,2371,61.00,2096,8.00,2890,3.00,5855,5.00,4692,7.00,1510,20.00,1872,20.00,2385,39.00,2235,13.00,1129,29.00,3730,15.00,1345,0.00,1024,0.00,1161,0.00,1621,0.00,1555,-14.00,1606,-4.00,899,-9.00,10,2.18
5648,59.00,3184,58.00,3941,20.00,1915,60.00,2377,60.00,2101,8.00,2890,3.00,5855,4.00,4692,8.00,1510,20.00,1872,21.00,2385,39.00,2235,13.00,1129,29.00,3730,15.00,1345,0.00,1024,0.00,1161,0.00,1621,0.00,1555,-14.00,1606,-5.00,899,-10.00,10,2.26
5683,61.00,3190,60.00,3949,20.00,1925,59.00,2381,59.00,2106,8.00,2890,4.00,5855,5.00,4692,7.00,1510,20.00,1872,20.00,2385,40.00,2235,13.00,1129,29.00,3730,15.00,1345,0.00,1024,0.00,1161,0.00,1617,0.00,1555,-14.00,1606,-3.00,899,-8.00,10,2.02
5719,62.00,3197,63.00,3957,20.00,1934,59.00,2384,57.00,2112,8.00,2890,2.00,5855,4.00,4692,7.00,1510,20.00,1872,20.00,2385,39.00,2235,13.00,1129,29.00,3730,15.00,1345,0.00,1024,0.00,1161,0.00,1609,0.00,1555,-14.00,1606,-5.00,899,-9.00,10,1.85
5755,59.00,3206,63.00,3963,20.00,1942,61.00,2388,60.00,2122,8.00,2890,3.00,5855,4.00,4692,8.00,1510,20.00,1871,20.00,2385,40.00,2235,13.00,1129,29.00,3730,15.00,1345,0.00,1024,0.00,1161,0.00,1598,0.00,1555,-14.00,1606,-5.00,899,-8.00,10,1.77
5790,60.00,3214,60.00,3965,20.00,1949,59.00,2393,60.00,2132,8.00,2890,2.00,5855,5.00,4692,9.00,1510,20.00,1871,20.00,2385,41.00,2235,13.00,1129,29.00,3730,15.00,1345,0.00,1024,0.00,1161,0.00,1584,0.00,1555,-14.00,1606,-4.00,899,-8.00,10,1.77
5826,59.00,3219,58.00,3969,20.00,1956,60.00,2401,59.00,2141,8.00,2890,4.00,5855,4.00,4692,8.00,1510,20.00,1869,20.00,2385,39.00,2235,13.00,1129,29.00,3730,15.00,1345,0.00,1024,0.00,1161,0.00,1569,0.00,1555,-14.00,1606,-5.00,899,-9.00,10,1.53
5862,61.00,3222,61.00,3969,20.00,1961,61.00,2406,59.00,2147,8.00,2890,4.00,5855,3.00,4692,8.00,1510,20.00,1866,20.00,2385,40.00,2235,13.00,1129,29.00,3730,15.00,1345,0.00,1025,0.00,1161,0.00,1553,0.00,1555,-14.00,1606,-5.00,899,-8.00,10,1.45
5898,61.00,3222,60.00,3969,20.00,1965,60.00,2410,60.00,2150,8.00,2890,3.00,5855,5.00,4692,8.00,1510,20.00,1863,20.00,2385,39.00,2235,13.00,1129,29.00,3730,17.00,1345,0.00,1024,0.00,1161,0.00,1540,0.00,1555,-14.00,1606,-4.00,899,-9.00,10,1.29
5933,61.00,3222,60.00,3969,21.00,1968,61.00,2411,61.00,2151,8.00,2890,3.00,5855,4.00,4692,9.00,1510,20.00,1858,20.00,2385,40.00,2235,13.00,1129,29.00,3730,15.00,1345,0.00,1024,0.00,1161,0.00,1529,0.00,1555,-14.00,1606,-3.00,899,-9.00,10,1.37
5969,60.00,3222,61.00,3969,20.00,1970,60.00,2411,61.00,2151,8.00,2890,3.00,5855,3.00,4692,8.00,1510,20.00,1855,20.00,2384,40.00,2235,13.00,1129,29.00,3730,15.00,1345,0.00,1024,0.00,1161,0.00,1520,0.00,1555,-14.00,1606,-4.00,899,-8.00,10,1.21
6005,60.00,3222,60.00,3969,22.00,1971,60.00,2411,60.00,2151,8.00,2890,3.00,5855,4.00,4692,7.00,1510,19.00,1852,20.00,2385,40.00,2235,13.00,1129,29.00,3730,15.00,1345,0.00,1024,0.00,1161,0.00,1516,0.00,1555,-14.00,1606,-5.00,899,-10.00,10,1.21
6040,61.00,3222,60.00,3969,20.00,1971,60.00,2411,60.00,2151,8.00,2890,3.00,5855,4.00,4692,7.00,1510,21.00,1851,20.00,2385,40.00,2235,13.00,1129,29.00,3730,15.00,1345,0.00,1024,0.00,1161,0.00,1514,0.00,1555,-13.00,1606,-3.00,899,-9.00,10,1.05
6076,60.00,3222,60.00,3969,20.00,1971,60.00,2411,60.00,2151,8.00,2890,3.00,5855,4.00,4692,9.00,1510,20.00,1850,20.00,2385,40.00,2235,13.00,1129,30.00,3730,15.00,1345,0.00,1024,0.00,1161,0.00,1513,0.00,1555,-14.00,1606,-4.00,899,-9.00,10,1.37
6112,60.00,3222,60.00,3969,20.00,1971,60.00,2411,60.00,2151,8.00,2890,4.00,5855,5.00,4692,8.00,1510,20.00,1849,20.00,2385,40.00,2235,13.00,1129,29.00,3730,15.00,1345,0.00,1024,0.00,1161,0.00,1513,0.00,1555,-14.00,1606,-5.00,899,-9.00,10,0.97
6148,60.00,3222,60.00,3969,20.00,1971,60.00,2411,60.00,2151,8.00,2890,3.00,5855,4.00,4692,7.00,1510,20.00,1849,20.00,2385,39.00,2235,13.00,1129,29.00,3730,15.00,1345,0.00,1024,0.00,1161,0.00,1513,0.00,1555,-15.00,1606,-4.00,899,-8.00,10,0.97
6183,59.00,3222,60.00,3969,20.00,1971,60.00,2411,60.00,2151,8.00,2890,3.00,5855,4.00,4692,9.00,1510,20.00,1849,19.00,2385,40.00,2235,13.00,1129,29.00,3730,15.00,1345,0.00,1024,0.00,1161,0.00,1513,0.00,1555,-14.00,1606,-4.00,899,-8.00,10,0.40
6219,60.00,3222,59.00,3969,20.00,1971,61.00,2411,60.00,2151,8.00,2890,4.00,5855,4.00,4692,8.00,1510,20.00,1849,20.00,2385,40.00,2235,13.00,1129,29.00,3730,15.00,1345,0.00,1024,0.00,1161,0.00,1513,0.00,1555,-14.00,1606,-4.00,899,-9.00,10,0.32
6255,60.00,3222,61.00,3969,20.00,1971,61.00,2411,60.00,2151,8.00,2890,3.00,5855,3.00,4692,8.00,1510,20.00,1849,20.00,2385,40.00,2235,13.00,1129,29.00,3730,15.00,1345,0.00,1024,0.00,1161,0.00,1513,0.00,1555,-14.00,1606,-4.00,899,-9.00,10,0.16
6291,60.00,3222,60.00,3969,20.00,1971,60.00,2411,60.00,2151,8.00,2890,2.00,5855,3.00,4692,8.00,1510,20.00,1849,20.00,2385,39.00,2235,13.00,1129,29.00,3730,15.00,1345,0.00,1024,0.00,1161,0.00,1513,0.00,1555,-14.00,1606,-4.00,899,-10.00,10,0.08
6326,60.00,3222,59.00,3969,20.00,1972,59.00,2411,60.00,2151,8.00,2890,3.00,5855,5.00,4692,8.00,1510,20.00,1849,19.00,2385,40.00,2235,13.00,1129,29.00,3730,15.00,1345,0.00,1024,0.00,1161,0.00,1513,0.00,1555,-14.00,1606,-4.00,899,-9.00,10,0.00
6362,60.00,3222,61.00,3969,20.00,1971,61.00,2411,60.00,2151,8.00,2890,3.00,5855,4.00,4692,8.00,1510,20.00,1849,20.00,2385,39.00,2235,13.00,1129,29.00,3730,15.00,1345,0.00,1024,0.00,1161,0.00,1513,0.00,1555,-14.00,1606,-3.00,899,-9.00,10,0.00
6398,60.00,3222,60.00,3969,20.00,1972,60.00,2411,60.00,2151,8.00,2890,3.00,5855,3.00,4692,8.00,1510,20.00,1849,21.00,2385,40.00,2235,13.00,1129,29.00,3730,15.00,1345,0.00,1024,0.00,1161,0.00,1513,0.00,1555,-14.00,1606,-4.00,899,-9.00,10,1.29
6434,60.00,3222,60.00,3969,20.00,1971,60.00,2411,60.00,2151,8.00,2890,2.00,5855,4.00,4692,8.00,1510,20.00,1850,20.00,2385,40.00,2235,13.00,1129,29.00,3730,15.00,1345,0.00,1024,0.00,1161,0.00,1513,0.00,1555,-14.00,1606,-4.00,899,-9.00,10,0.08
6469,61.00,3222,60.00,3969,20.00,1971,60.00,2411,60.00,2151,7.00,2890,3.00,5855,3.00,4692,8.00,1510,20.00,1849,20.00,2385,40.00,2235,13.00,1129,29.00,3730,15.00,1345,0.00,1024,0.00,1161,0.00,1513,0.00,1555,-13.00,1606,-4.00,899,-10.00,10,0.16
6505,60.00,3222,60.00,3969,20.00,1971,60.00,2411,60.00,2151,8.00,2890,3.00,5855,5.00,4692,7.00,1510,21.00,1849,20.00,2385,40.00,2235,14.00,1129,29.00,3730,15.00,1345,0.00,1024,0.00,1161,0.00,1513,0.00,1555,-14.00,1606,-4.00,899,-9.00,10,0.08
6541,60.00,3222,61.00,3969,19.00,1971,60.00,2411,60.00,2151,8.00,2890,3.00,5855,5.00,4692,8.00,1510,20.00,1849,20.00,2385,40.00,2235,13.00,1129,29.00,3730,15.00,1345,0.00,1024,0.00,1161,0.00,1513,0.00,1555,-14.00,1606,-3.00,899,-8.00,10,0.16
6577,60.00,3222,60.00,3969,20.00,1971,61.00,2411,60.00,2151,8.00,2890,3.00,5855,4.00,4692,8.00,1510,20.00,1849,20.00,2385,40.00,2235,12.00,1129,29.00,3730,15.00,1345,0.00,1025,0.00,1161,0.00,1513,0.00,1555,-14.00,1606,-5.00,899,-9.00,10,0.08
6612,60.00,3222,60.00,3969,20.00,1971,60.00,2411,60.00,2151,9.00,2890,3.00,5855,4.00,4692,7.00,1510,20.00,1849,20.00,2385,39.00,2235,13.00,1129,29.00,3730,15.00,1345,0.00,1024,0.00,1161,0.00,1513,0.00,1555,-14.00,1606,-4.00,899,-9.00,10,0.08
6648,60.00,3222,60.00,3969,20.00,1972,60.00,2411,60.00,2151,8.00,2890,3.00,5855,3.00,4692,9.00,1510,20.00,1849,20.00,2385,40.00,2235,14.00,1129,29.00,3730,15.00,1345,0.00,1024,0.00,1161,0.00,1513,0.00,1555,-14.00,1606,-3.00,899,-8.00,10,0.08
6684,60.00,3222,60.00,3969,20.00,1971,60.00,2411,60.00,2151,8.00,2890,3.00,5855,4.00,4692,8.00,1510,20.00,1849,20.00,2385,40.00,2235,14.00,1129,28.00,3730,15.00,1345,0.00,1024,0.00,1161,0.00,1513,0.00,1555,-14.00,1606,-4.00,899,-8.00,10,0.08
6720,59.00,3222,61.00,3969,20.00,1971,61.00,2411,60.00,2151,9.00,2890,2.00,5855,5.00,4692,8.00,1510,21.00,1849,20.00,2385,40.00,2235,13.00,1129,29.00,3730,15.00,1345,0.00,1024,0.00,1161,0.00,1513,0.00,1555,-14.00,1606,-4.00,899,-8.00,10,0.08
6756,60.00,3222,60.00,3969,20.00,1971,60.00,2411,60.00,2151,8.00,2890,3.00,5855,4.00,4692,7.00,1510,21.00,1849,20.00,2385,40.00,2235,12.00,1129,29.00,3730,15.00,1345,0.00,1024,0.00,1161,0.00,1513,0.00,1555,-14.00,1606,-3.00,899,-9.00,10,0.08
6791,60.00,3222,60.00,3969,21.00,1971,60.00,2411,60.00,2151,8.00,2890,3.00,5855,4.00,4692,8.00,1510,21.00,1849,20.00,2385,40.00,2235,12.00,1129,30.00,3730,15.00,1345,0.00,1024,0.00,1161,0.00,1513,0.00,1555,-14.00,1606,-4.00,899,-10.00,10,0.00
6827,60.00,3222,60.00,3969,20.00,1972,60.00,2411,60.00,2151,9.00,2890,3.00,5855,5.00,4692,7.00,1510,20.00,1849,20.00,2384,40.00,2235,14.00,1129,29.00,3730,15.00,1345,0.00,1024,0.00,1161,0.00,1513,0.00,1555,-14.00,1606,-5.00,899,-8.00,10,0.16
6863,61.00,3222,60.00,3969,20.00,1971,60.00,2411,61.00,2151,8.00,2890,3.00,5855,3.00,4692,8.00,1510,20.00,1849,21.00,2385,40.00,2235,13.00,1129,29.00,3730,15.00,1345,0.00,1024,0.00,1161,0.00,1513,0.00,1555,-14.00,1606,-5.00,899,-8.00,10,0.00
6898,60.00,3222,61.00,3969,20.00,1971,59.00,2411,61.00,2151,8.00,2890,2.00,5855,4.00,4692,7.00,1510,21.00,1849,20.00,2384,40.00,2235,12.00,1129,29.00,3730,15.00,1345,0.00,1024,0.00,1161,0.00,1513,0.00,1555,-14.00,1606,-4.00,899,-8.00,10,0.00
6934,59.00,3222,60.00,3969,21.00,1971,60.00,2411,60.00,2151,7.00,2890,3.00,5855,4.00,4692,8.00,1510,20.00,1849,20.00,2385,40.00,2235,13.00,1129,29.00,3730,15.00,1345,0.00,1024,0.00,1161,0.00,1513,0.00,1555,-14.00,1606,-4.00,899,-9.00,10,0.24
6970,60.00,3222,60.00,3969,20.00,1971,60.00,2411,60.00,2151,8.00,2890,3.00,5855,4.00,4692,8.00,1510,20.00,1849,20.00,2385,40.00,2235,13.00,1129,29.00,3730,15.00,1345,0.00,1024,0.00,1161,0.00,1513,0.00,1555,-14.00,1606,-3.00,899,-8.00,10,0.08
7006,61.00,3222,59.00,3969,20.00,1971,60.00,2411,60.00,2151,8.00,2890,3.00,5855,4.00,4692,9.00,1510,20.00,1849,20.00,2384,41.00,2235,14.00,1129,29.00,3730,15.00,1345,0.00,1024,0.00,1161,0.00,1513,0.00,1555,-14.00,1606,-3.00,899,-10.00,10,0.08
7041,60.00,3222,61.00,3969,20.00,1972,60.00,2411,60.00,2151,8.00,2890,4.00,5855,4.00,4692,9.00,1510,21.00,1849,20.00,2384,40.00,2235,13.00,1129,29.00,3730,15.00,1345,0.00,1024,0.00,1161,0.00,1513,0.00,1555,-14.00,1606,-4.00,899,-9.00,10,0.08
7077,59.00,3222,59.00,3969,20.00,1971,60.00,2411,60.00,2151,8.00,2890,2.00,5855,3.00,4692,8.00,1510,20.00,1849,20.00,2385,40.00,2235,12.00,1129,29.00,3730,15.00,1345,0.00,1024,0.00,1161,0.00,1513,0.00,1555,-14.00,1606,-3.00,899,-8.00,10,0.48
7113,60.00,3222,60.00,3969,20.00,1971,59.00,2411,60.00,2151,8.00,2890,3.00,5855,4.00,4692,8.00,1510,20.00,1850,20.00,2384,40.00,2235,13.00,1129,29.00,3730,16.00,1345,0.00,1024,0.00,1161,0.00,1513,0.00,1555,-14.00,1606,-4.00,899,-9.00,10,0.08
7149,60.00,3222,60.00,3969,20.00,1971,60.00,2411,60.00,2151,8.00,2890,3.00,5855,4.00,4692,8.00,1510,20.00,1849,20.00,2385,40.00,2235,13.00,1129,29.00,3730,15.00,1345,0.00,1024,0.00,1161,0.00,1513,0.00,1555,-14.00,1606,-3.00,899,-9.00,10,0.08
7184,60.00,3222,60.00,3969,20.00,1971,60.00,2411,60.00,2151,8.00,2890,3.00,5855,4.00,4692,9.00,1510,20.00,1849,20.00,2384,40.00,2235,13.00,1129,29.00,3730,15.00,1345,0.00,1024,0.00,1161,0.00,1513,0.00,1555,-15.00,1606,-5.00,899,-9.00,10,0.08
7220,60.00,3222,60.00,3969,20.00,1971,61.00,2411,60.00,2151,8.00,2890,3.00,5855,4.00,4692,8.00,1510,19.00,1850,21.00,2385,40.00,2235,13.00,1129,28.00,3730,15.00,1345,0.00,1024,0.00,1161,0.00,1513,0.00,1555,-13.00,1606,-4.00,899,-9.00,10,0.08
7256,60.00,3222,59.00,3969,20.00,1971,60.00,2411,60.00,2151,8.00,2890,3.00,5855,4.00,4692,8.00,1510,20.00,1850,20.00,2385,40.00,2235,13.00,1129,31.00,3730,15.00,1345,0.00,1024,0.00,1161,0.00,1513,0.00,1555,-14.00,1606,-4.00,899,-8.00,10,0.08
7292,60.00,3222,60.00,3969,20.00,1971,60.00,2411,60.00,2151,8.00,2890,3.00,5855,3.00,4692,7.00,1510,20.00,1850,20.00,2385,40.00,2235,13.00,1129,29.00,3730,15.00,1345,0.00,1024,0.00,1161,0.00,1513,0.00,1555,-14.00,1606,-5.00,899,-5.00,10,0.08
7327,60.00,3222,60.00,3969,20.00,1971,61.00,2411,60.00,2151,8.00,2890,3.00,5855,4.00,4692,8.00,1510,20.00,1849,20.00,2385,40.00,2235,13.00,1129,29.00,3730,15.00,1345,0.00,1024,0.00,1161,0.00,1513,0.00,1555,-14.00,1606,-5.00,899,-9.00,10,0.08
7363,60.00,3222,61.00,3969,21.00,1972,60.00,2411,60.00,2151,8.00,2890,3.00,5855,4.00,4692,8.00,1510,20.00,1849,20.00,2385,40.00,2235,13.00,1129,29.00,3730,14.00,1345,0.00,1024,0.00,1161,0.00,1513,0.00,1555,-14.00,1606,-4.00,899,-10.00,10,0.16
7399,60.00,3222,60.00,3969,21.00,1971,60.00,2411,60.00,2151,8.00,2890,3.00,5855,4.00,4692,7.00,1510,20.00,1850,20.00,2385,39.00,2235,13.00,1129,29.00,3730,15.00,1345,0.00,1024,0.00,1161,0.00,1513,0.00,1555,-14.00,1606,-4.00,899,-9.00,10,0.08
7435,60.00,3222,60.00,3969,20.00,1971,60.00,2411,60.00,2151,8.00,2890,3.00,5855,5.00,4692,9.00,1510,21.00,1849,20.00,2385,40.00,2235,13.00,1129,29.00,3730,15.00,1345,0.00,1025,0.00,1161,0.00,1513,0.00,1555,-14.00,1606,-5.00,899,-9.00,10,0.00
7471,60.00,3222,60.00,3969,20.00,1971,60.00,2411,60.00,2151,8.00,2890,3.00,5855,5.00,4692,8.00,1510,20.00,1849,20.00,2385,40.00,2235,13.00,1129,29.00,3730,15.00,1345,0.00,1024,0.00,1161,0.00,1513,0.00,1555,-15.00,1606,-4.00,899,-9.00,10,0.08
7507,59.00,3222,60.00,3969,20.00,1971,60.00,2411,60.00,2151,8.00,2890,4.00,5855,4.00,4692,8.00,1510,20.00,1849,20.00,2385,40.00,2235,13.00,1129,29.00,3730,15.00,1345,0.00,1024,0.00,1161,0.00,1513,0.00,1555,-14.00,1606,-4.00,899,-8.00,10,0.08
7542,60.00,3222,60.00,3969,20.00,1971,60.00,2411,59.00,2151,8.00,2890,3.00,5855,5.00,4692,7.00,1510,20.00,1849,21.00,2385,40.00,2235,14.00,1129,30.00,3730,15.00,1345,0.00,1024,0.00,1161,0.00,1513,0.00,1555,-14.00,1606,-5.00,899,-7.00,10,0.08
7578,60.00,3222,60.00,3969,20.00,1971,60.00,2411,60.00,2151,8.00,2890,3.00,5855,4.00,4692,9.00,1510,20.00,1850,20.00,2385,40.00,2235,13.00,1129,30.00,3730,15.00,1345,0.00,1024,0.00,1161,0.00,1513,0.00,1555,-14.00,1606,-3.00,899,-8.00,10,0.00
7614,60.00,3222,60.00,3969,20.00,1971,60.00,2411,60.00,2151,9.00,2890,3.00,5855,3.00,4692,8.00,1510,19.00,1849,20.00,2384,40.00,2235,13.00,1129,29.00,3730,15.00,1345,0.00,1024,0.00,1161,0.00,1513,0.00,1555,-14.00,1606,-4.00,899,-3.00,10,0.00
7650,60.00,3222,60.00,3969,20.00,1971,60.00,2411,60.00,2151,8.00,2890,3.00,5855,4.00,4692,8.00,1510,19.00,1849,20.00,2385,40.00,2235,13.00,1129,29.00,3730,15.00,1345,0.00,1024,0.00,1161,0.00,1513,0.00,1555,-14.00,1606,-4.00,899,-8.00,10,0.08
7685,60.00,3222,60.00,3969,20.00,1971,60.00,2411,60.00,2151,8.00,2890,2.00,5855,4.00,4692,9.00,1510,20.00,1849,20.00,2385,40.00,2235,13.00,1129,28.00,3730,15.00,1345,0.00,1024,0.00,1161,0.00,1513,0.00,1555,-14.00,1606,-5.00,899,-9.00,10,0.16
7721,60.00,3222,60.00,3969,20.00,1972,61.00,2411,60.00,2151,8.00,2890,3.00,5855,4.00,4692,7.00,1510,20.00,1850,20.00,2385,40.00,2235,13.00,1129,29.00,3730,15.00,1345,0.00,1024,0.00,1161,0.00,1513,0.00,1555,-15.00,1606,-4.00,899,-10.00,10,0.00
7757,60.00,3222,59.00,3969,20.00,1971,61.00,2411,60.00,2151,8.00,2890,3.00,5855,3.00,4692,8.00,1510,20.00,1849,20.00,2385,41.00,2235,14.00,1129,29.00,3730,15.00,1345,0.00,1024,0.00,1161,0.00,1513,0.00,1555,-14.00,1606,-4.00,899,-8.00,10,0.16
7793,60.00,3222,60.00,3969,20.00,1971,60.00,2411,59.00,2151,8.00,2890,4.00,5855,4.00,4692,9.00,1510,20.00,1850,20.00,2385,40.00,2235,13.00,1129,29.00,3730,15.00,1345,0.00,1024,0.00,1161,0.00,1513,0.00,1555,-14.00,1606,-3.00,899,-8.00,10,0.00
7828,60.00,3222,60.00,3969,20.00,1971,59.00,2411,60.00,2151,8.00,2890,3.00,5855,4.00,4692,8.00,1510,20.00,1849,21.00,2385,39.00,2235,13.00,1129,29.00,3730,14.00,1345,0.00,1024,0.00,1161,0.00,1513,0.00,1555,-13.00,1606,-4.00,899,-11.00,10,0.08
7864,59.00,3222,61.00,3969,20.00,1971,60.00,2411,60.00,2151,8.00,2890,3.00,5855,4.00,4692,8.00,1510,19.00,1850,20.00,2385,40.00,2235,13.00,1129,29.00,3730,15.00,1345,0.00,1024,0.00,1161,0.00,1513,0.00,1555,-14.00,1606,-3.00,899,-9.00,10,0.00
7900,59.00,3222,60.00,3969,20.00,1972,60.00,2411,61.00,2151,8.00,2890,4.00,5855,4.00,4692,8.00,1510,20.00,1849,20.00,2385,40.00,2235,12.00,1129,29.00,3730,15.00,1345,0.00,1024,0.00,1161,0.00,1513,0.00,1555,-14.00,1606,-5.00,899,-9.00,10,0.00
7935,59.00,3222,60.00,3969,20.00,1971,60.00,2411,60.00,2151,8.00,2890,3.00,5855,4.00,4692,8.00,1510,20.00,1849,20.00,2384,40.00,2235,14.00,1129,29.00,3730,15.00,1345,0.00,1024,0.00,1161,0.00,1513,0.00,1555,-14.00,1606,-3.00,899,-9.00,10,0.08
7971,59.00,3222,60.00,3969,20.00,1972,61.00,2411,60.00,2151,8.00,2890,3.00,5855,4.00,4692,8.00,1510,21.00,1849,20.00,2385,40.00,2235,13.00,1129,29.00,3730,15.00,1345,0.00,1024,0.00,1161,0.00,1513,0.00,1555,-14.00,1606,-5.00,899,-8.00,10,0.00
8007,60.00,3222,60.00,3969,20.00,1971,60.00,2411,60.00,2151,8.00,2890,3.00,5855,4.00,4692,8.00,1510,20.00,1849,20.00,2385,40.00,2235,14.00,1129,29.00,3730,15.00,1345,0.00,1024,0.00,1161,0.00,1513,0.00,1555,-14.00,1606,-4.00,899,-9.00,10,0.40
8043,60.00,3222,60.00,3969,20.00,1971,59.00,2411,60.00,2151,9.00,2890,2.00,5855,4.00,4692,8.00,1510,20.00,1849,21.00,2385,40.00,2235,13.00,1129,29.00,3730,15.00,1345,0.00,1024,0.00,1161,0.00,1513,0.00,1555,-14.00,1606,-4.00,899,-10.00,10,0.00
8078,60.00,3222,61.00,3969,20.00,1972,60.00,2411,60.00,2151,8.00,2890,3.00,5855,4.00,4692,9.00,1510,20.00,1849,20.00,2385,40.00,2235,13.00,1129,29.00,3730,15.00,1345,0.00,1024,0.00,1161,0.00,1513,0.00,1555,-14.00,1606,-5.00,899,-10.00,10,0.00
8114,59.00,3222,60.00,3969,19.00,1971,59.00,2411,60.00,2151,8.00,2890,3.00,5855,4.00,4692,8.00,1510,20.00,1849,20.00,2385,40.00,2235,13.00,1129,29.00,3730,15.00,1345,0.00,1024,0.00,1161,0.00,1513,0.00,1555,-13.00,1606,-5.00,899,-9.00,10,0.08
8150,60.00,3222,60.00,3969,20.00,1971,60.00,2411,60.00,2151,8.00,2890,3.00,5855,4.00,4692,8.00,1510,20.00,1849,20.00,2385,40.00,2235,12.00,1129,29.00,3730,15.00,1345,0.00,1024,0.00,1161,0.00,1513,0.00,1555,-14.00,1606,-5.00,899,-8.00,10,0.00
8186,60.00,3222,60.00,3969,21.00,1971,60.00,2411,60.00,2151,8.00,2890,4.00,5855,4.00,4692,8.00,1510,20.00,1849,20.00,2385,40.00,2235,13.00,1129,29.00,3730,15.00,1345,0.00,1024,0.00,1161,0.00,1513,0.00,1555,-14.00,1606,-3.00,899,-9.00,10,0.16
8221,60.00,3222,60.00,3969,20.00,1971,60.00,2411,60.00,2151,8.00,2890,2.00,5855,5.00,4692,9.00,1510,20.00,1850,20.00,2385,40.00,2235,13.00,1129,29.00,3730,15.00,1345,0.00,1024,0.00,1161,0.00,1513,0.00,1555,-14.00,1606,-4.00,899,-10.00,10,0.00
8257,61.00,3222,60.00,3969,20.00,1971,60.00,2411,60.00,2151,8.00,2890,3.00,5855,5.00,4692,8.00,1510,20.00,1849,20.00,2385,39.00,2235,13.00,1129,29.00,3730,15.00,1345,0.00,1024,0.00,1161,0.00,1512,0.00,1555,-15.00,1606,-4.00,899,-10.00,10,0.08
8293,60.00,3222,60.00,3969,20.00,1972,60.00,2411,60.00,2151,8.00,2890,3.00,5855,4.00,4692,8.00,1510,19.00,1849,20.00,2385,40.00,2235,13.00,1129,29.00,3730,15.00,1345,0.00,1024,0.00,1161,0.00,1512,0.00,1555,-14.00,1606,-5.00,899,-9.00,10,0.08
8329,60.00,3222,60.00,3969,20.00,1971,60.00,2411,60.00,2151,8.00,2890,4.00,5855,5.00,4692,9.00,1510,19.00,1850,20.00,2385,40.00,2235,13.00,1129,30.00,3730,15.00,1345,0.00,1024,0.00,1161,0.00,1513,0.00,1555,-14.00,1606,-3.00,899,-9.00,10,0.16
8364,60.00,3222,60.00,3969,20.00,1971,60.00,2411,60.00,2151,8.00,2890,2.00,5855,4.00,4692,7.00,1510,20.00,1849,20.00,2385,40.00,2235,14.00,1129,29.00,3730,15.00,1345,0.00,1024,0.00,1161,0.00,1513,0.00,1555,-14.00,1606,-4.00,899,-9.00,10,0.08
8400,60.00,3222,60.00,3969,20.00,1971,60.00,2411,61.00,2151,8.00,2890,3.00,5855,4.00,4692,7.00,1510,20.00,1850,20.00,2385,39.00,2235,13.00,1129,29.00,3730,15.00,1345,0.00,1024,0.00,1161,0.00,1513,0.00,1555,-14.00,1606,-3.00,899,-9.00,10,0.16
8436,59.00,3222,60.00,3969,20.00,1971,60.00,2411,60.00,2151,8.00,2890,4.00,5855,4.00,4692,7.00,1510,20.00,1850,20.00,2385,39.00,2235,13.00,1129,30.00,3730,15.00,1345,0.00,1024,0.00,1161,0.00,1513,0.00,1555,-15.00,1606,-4.00,899,-8.00,10,0.16
8472,60.00,3222,60.00,3969,20.00,1971,60.00,2411,60.00,2151,8.00,2890,3.00,5855,4.00,4692,8.00,1510,20.00,1850,20.00,2385,40.00,2235,13.00,1129,29.00,3730,15.00,1345,0.00,1024,0.00,1161,0.00,1513,0.00,1555,-14.00,1606,-5.00,899,-9.00,10,0.00
8508,60.00,3222,60.00,3969,21.00,1972,59.00,2411,60.00,2151,7.00,2890,3.00,5855,4.00,4692,8.00,1510,20.00,1849,20.00,2385,40.00,2235,13.00,1129,29.00,3730,15.00,1345,0.00,1024,0.00,1161,0.00,1513,0.00,1555,-14.00,1606,-5.00,899,-10.00,10,0.00
8543,60.00,3222,61.00,3969,20.00,1971,60.00,2411,60.00,2151,8.00,2890,3.00,5855,4.00,4692,8.00,1510,20.00,1849,20.00,2385,40.00,2235,13.00,1129,29.00,3730,15.00,1345,0.00,1024,0.00,1161,0.00,1513,0.00,1555,-14.00,1606,-4.00,899,-9.00,10,0.08
8579,60.00,3222,60.00,3969,21.00,1971,60.00,2411,60.00,2151,8.00,2890,3.00,5855,4.00,4692,7.00,1510,20.00,1849,20.00,2385,40.00,2235,13.00,1129,28.00,3730,15.00,1345,0.00,1024,0.00,1161,0.00,1513,0.00,1555,-14.00,1606,-4.00,899,-8.00,10,0.08
8615,60.00,3222,60.00,3969,20.00,1971,60.00,2411,60.00,2151,8.00,2890,3.00,5855,4.00,4692,8.00,1510,20.00,1849,20.00,2385,39.00,2235,13.00,1129,29.00,3730,15.00,1345,0.00,1024,0.00,1161,0.00,1513,0.00,1555,-14.00,1606,-3.00,899,-3.00,10,0.00
8651,60.00,3222,59.00,3969,20.00,1971,60.00,2411,60.00,2151,9.00,2890,3.00,5855,3.00,4692,8.00,1510,20.00,1849,20.00,2385,40.00,2235,13.00,1129,29.00,3730,15.00,1345,0.00,1025,0.00,1161,0.00,1512,0.00,1555,-14.00,1606,-5.00,899,-9.00,10,0.00
8686,61.00,3222,60.00,3969,20.00,1971,60.00,2411,60.00,2151,8.00,2890,3.00,5855,4.00,4692,8.00,1510,20.00,1850,20.00,2385,40.00,2235,13.00,1129,29.00,3730,14.00,1345,0.00,1024,0.00,1161,0.00,1513,0.00,1555,-14.00,1606,-4.00,899,-9.00,10,0.16
8722,60.00,3222,60.00,3969,20.00,1971,60.00,2411,60.00,2151,8.00,2890,4.00,5855,3.00,4692,9.00,1510,20.00,1849,20.00,2385,40.00,2235,13.00,1129,29.00,3730,15.00,1345,0.00,1024,0.00,1161,0.00,1513,0.00,1555,-14.00,1606,-4.00,899,-8.00,10,0.00
8758,59.00,3222,60.00,3969,20.00,1971,60.00,2411,59.00,2151,8.00,2890,4.00,5855,5.00,4692,8.00,1510,20.00,1849,20.00,2385,40.00,2235,13.00,1129,29.00,3730,15.00,1345,0.00,1024,0.00,1161,0.00,1513,0.00,1555,-14.00,1606,-5.00,899,-4.00,10,0.08
8793,60.00,3222,60.00,3969,20.00,1972,60.00,2411,60.00,2151,8.00,2890,3.00,5855,3.00,4692,8.00,1510,20.00,1850,20.00,2385,40.00,2235,13.00,1129,29.00,3730,15.00,1345,0.00,1024,0.00,1161,0.00,1513,0.00,1555,-15.00,1606,-3.00,899,-10.00,10,0.00
8829,60.00,3222,60.00,3969,20.00,1972,60.00,2411,60.00,2151,8.00,2890,3.00,5855,5.00,4692,8.00,1510,20.00,1850,20.00,2385,40.00,2235,13.00,1129,29.00,3730,15.00,1345,0.00,1024,0.00,1161,0.00,1513,0.00,1555,-14.00,1606,-4.00,899,-9.00,10,0.00
8865,59.00,3222,60.00,3969,20.00,1971,59.00,2411,61.00,2151,8.00,2890,2.00,5855,5.00,4692,8.00,1510,20.00,1850,20.00,2385,41.00,2235,12.00,1129,29.00,3730,15.00,1345,0.00,1024,0.00,1161,0.00,1513,0.00,1555,-14.00,1606,-4.00,899,-9.00,10,0.08
8901,61.00,3222,59.00,3969,20.00,1971,61.00,2411,60.00,2151,8.00,2890,3.00,5855,4.00,4692,8.00,1510,20.00,1849,20.00,2384,40.00,2235,12.00,1129,29.00,3730,15.00,1345,0.00,1024,0.00,1161,0.00,1512,0.00,1555,-14.00,1606,-4.00,899,-9.00,10,0.08
8936,60.00,3222,60.00,3969,20.00,1971,60.00,2411,60.00,2151,8.00,2890,2.00,5855,3.00,4692,9.00,1510,20.00,1850,20.00,2385,40.00,2235,13.00,1129,29.00,3730,15.00,1345,0.00,1024,0.00,1161,0.00,1512,0.00,1555,-14.00,1606,-3.00,899,-10.00,10,0.00
8972,60.00,3222,59.00,3969,20.00,1971,60.00,2411,59.00,2151,8.00,2890,3.00,5855,4.00,4692,9.00,1510,20.00,1849,20.00,2385,40.00,2235,13.00,1129,29.00,3730,15.00,1345,0.00,1024,0.00,1161,0.00,1513,0.00,1555,-14.00,1606,-5.00,899,-2.00,10,0.08
9008,60.00,3222,59.00,3969,19.00,1972,60.00,2411,61.00,2151,8.00,2890,3.00,5855,5.00,4692,8.00,1510,20.00,1850,20.00,2385,40.00,2235,13.00,1129,29.00,3730,16.00,1345,0.00,1024,0.00,1161,0.00,1512,0.00,1555,-14.00,1606,-4.00,899,-8.00,10,0.16
9043,60.00,3222,60.00,3969,20.00,1971,60.00,2411,61.00,2151,8.00,2890,3.00,5855,3.00,4692,9.00,1510,20.00,1850,20.00,2385,40.00,2235,13.00,1129,29.00,3730,15.00,1345,0.00,1024,0.00,1161,0.00,1513,0.00,1555,-14.00,1606,-3.00,899,-9.00,10,0.00
9079,60.00,3222,61.00,3969,21.00,1971,59.00,2411,60.00,2151,8.00,2890,3.00,5855,3.00,4692,8.00,1510,20.00,1850,20.00,2385,40.00,2235,13.00,1129,29.00,3730,15.00,1345,0.00,1024,0.00,1161,0.00,1513,0.00,1555,-14.00,1606,-4.00,899,-10.00,10,0.00
9115,61.00,3222,60.00,3969,20.00,1971,61.00,2411,60.00,2151,8.00,2890,2.00,5855,4.00,4692,8.00,1510,20.00,1850,19.00,2385,40.00,2235,13.00,1129,29.00,3730,15.00,1345,0.00,1024,0.00,1161,0.00,1513,0.00,1555,-14.00,1606,-4.00,899,-9.00,10,0.00
9151,60.00,3222,60.00,3969,20.00,1972,60.00,2411,60.00,2151,8.00,2890,3.00,5855,4.00,4692,7.00,1510,20.00,1850,20.00,2385,40.00,2235,13.00,1129,29.00,3730,15.00,1345,0.00,1024,0.00,1161,0.00,1513,0.00,1555,-14.00,1606,-4.00,899,-8.00,10,0.00
9186,61.00,3222,60.00,3969,20.00,1971,60.00,2411,60.00,2151,8.00,2890,4.00,5855,4.00,4692,8.00,1510,20.00,1849,20.00,2385,39.00,2235,13.00,1129,29.00,3730,16.00,1345,0.00,1025,0.00,1161,0.00,1513,0.00,1555,-14.00,1606,-3.00,899,-10.00,10,0.00
9222,60.00,3222,60.00,3969,20.00,1971,60.00,2411,60.00,2151,8.00,2890,3.00,5855,5.00,4692,8.00,1510,20.00,1850,20.00,2384,40.00,2235,13.00,1129,29.00,3730,15.00,1345,0.00,1024,0.00,1161,0.00,1512,0.00,1555,-13.00,1606,-3.00,899,-10.00,10,0.08
9258,60.00,3222,60.00,3969,19.00,1971,60.00,2411,60.00,2151,8.00,2890,4.00,5855,4.00,4692,8.00,1510,20.00,1850,20.00,2385,39.00,2235,13.00,1129,29.00,3730,15.00,1345,0.00,1024,0.00,1161,0.00,1513,0.00,1555,-14.00,1606,-4.00,899,-10.00,10,0.00
9294,60.00,3222,61.00,3969,20.00,1971,60.00,2411,60.00,2151,8.00,2890,4.00,5855,4.00,4692,8.00,1510,20.00,1850,20.00,2385,40.00,2235,13.00,1129,29.00,3730,15.00,1345,0.00,1024,0.00,1161,0.00,1513,0.00,1555,-14.00,1606,-5.00,899,-8.00,10,0.08
9329,60.00,3222,60.00,3969,20.00,1971,61.00,2411,60.00,2151,8.00,2890,2.00,5855,4.00,4692,8.00,1510,20.00,1850,20.00,2385,40.00,2235,13.00,1129,29.00,3730,15.00,1345,0.00,1024,0.00,1161,0.00,1513,0.00,1555,-14.00,1606,-5.00,899,-9.00,10,0.00
9365,59.00,3222,61.00,3969,20.00,1972,60.00,2411,60.00,2151,9.00,2890,4.00,5855,4.00,4692,7.00,1510,20.00,1849,21.00,2385,40.00,2235,13.00,1129,29.00,3730,15.00,1345,0.00,1024,0.00,1161,0.00,1513,0.00,1555,-14.00,1606,-4.00,899,-9.00,10,0.00
9401,60.00,3222,59.00,3969,20.00,1971,60.00,2411,60.00,2151,8.00,2890,4.00,5855,3.00,4692,8.00,1510,20.00,1850,20.00,2385,40.00,2235,13.00,1129,29.00,3730,15.00,1345,0.00,1024,0.00,1161,0.00,1513,0.00,1555,-14.00,1606,-4.00,899,-8.00,10,0.08
9437,60.00,3222,59.00,3969,20.00,1971,60.00,2411,60.00,2151,8.00,2890,3.00,5855,4.00,4692,7.00,1510,20.00,1849,20.00,2385,40.00,2235,13.00,1129,29.00,3730,14.00,1345,0.00,1024,0.00,1161,0.00,1513,0.00,1555,-14.00,1606,-5.00,899,-9.00,10,0.00
9473,60.00,3222,60.00,3969,21.00,1971,60.00,2411,60.00,2151,8.00,2890,4.00,5855,4.00,4692,9.00,1510,20.00,1849,20.00,2385,40.00,2235,13.00,1129,29.00,3730,15.00,1345,0.00,1024,0.00,1161,0.00,1513,0.00,1555,-13.00,1606,-5.00,899,-9.00,10,0.08
9508,59.00,3222,60.00,3969,20.00,1971,59.00,2411,60.00,2151,8.00,2890,3.00,5855,4.00,4692,9.00,1510,20.00,1849,20.00,2384,40.00,2235,14.00,1129,29.00,3730,15.00,1345,0.00,1024,0.00,1161,0.00,1513,0.00,1555,-14.00,1606,-4.00,899,-8.00,10,0.16
9544,60.00,3222,59.00,3969,20.00,1971,60.00,2411,60.00,2151,8.00,2890,3.00,5855,4.00,4692,9.00,1510,20.00,1850,20.00,2385,39.00,2235,13.00,1129,29.00,3730,15.00,1345,0.00,1024,0.00,1161,0.00,1513,0.00,1555,-13.00,1606,-5.00,899,-9.00,10,0.24
9580,60.00,3222,60.00,3969,20.00,1972,60.00,2411,60.00,2151,8.00,2890,3.00,5855,4.00,4692,7.00,1510,20.00,1850,20.00,2385,41.00,2235,12.00,1129,29.00,3730,15.00,1345,0.00,1024,0.00,1161,0.00,1513,0.00,1555,-14.00,1606,-4.00,899,-10.00,10,0.00
9615,60.00,3222,59.00,3969,20.00,1971,60.00,2411,60.00,2151,8.00,2890,4.00,5855,4.00,4692,8.00,1510,20.00,1849,18.00,2385,40.00,2235,13.00,1129,29.00,3730,14.00,1345,0.00,1024,0.00,1161,0.00,1513,0.00,1555,-14.00,1606,-5.00,899,-9.00,10,0.40
9651,60.00,3222,60.00,3969,20.00,1971,60.00,2411,60.00,2151,8.00,2890,3.00,5855,3.00,4692,9.00,1510,20.00,1850,20.00,2385,39.00,2235,13.00,1129,29.00,3730,15.00,1345,0.00,1024,0.00,1161,0.00,1513,0.00,1555,-14.00,1606,-4.00,899,-9.00,10,0.00
9687,60.00,3222,60.00,3969,20.00,1971,60.00,2411,60.00,2151,8.00,2890,2.00,5855,3.00,4692,7.00,1510,20.00,1850,20.00,2385,40.00,2235,12.00,1129,29.00,3730,15.00,1345,0.00,1024,0.00,1161,0.00,1513,0.00,1555,-14.00,1606,-4.00,899,-8.00,10,0.08
9723,60.00,3222,60.00,3969,21.00,1971,60.00,2411,61.00,2151,8.00,2890,2.00,5855,5.00,4692,8.00,1510,20.00,1849,20.00,2385,40.00,2235,13.00,1129,29.00,3730,15.00,1345,0.00,1024,0.00,1161,0.00,1513,0.00,1555,-14.00,1606,-4.00,899,-9.00,10,0.08
9758,60.00,3222,60.00,3969,20.00,1971,60.00,2411,60.00,2151,8.00,2890,3.00,5855,5.00,4692,8.00,1510,21.00,1849,20.00,2385,40.00,2235,13.00,1129,29.00,3730,15.00,1345,0.00,1024,0.00,1161,0.00,1513,0.00,1555,-14.00,1606,-4.00,899,-10.00,10,0.08
9794,60.00,3222,60.00,3969,20.00,1972,60.00,2411,60.00,2151,8.00,2890,3.00,5855,5.00,4692,8.00,1510,20.00,1850,20.00,2385,40.00,2235,13.00,1129,29.00,3730,15.00,1345,0.00,1024,0.00,1161,0.00,1513,0.00,1555,-14.00,1606,-3.00,899,-9.00,10,0.24
9830,60.00,3222,60.00,3969,20.00,1971,60.00,2411,60.00,2151,8.00,2890,2.00,5855,4.00,4692,8.00,1510,20.00,1850,20.00,2385,40.00,2235,13.00,1129,29.00,3730,15.00,1345,0.00,1024,0.00,1161,0.00,1512,0.00,1555,-14.00,1606,-4.00,899,-10.00,10,0.00
9866,61.00,3222,59.00,3969,20.00,1971,60.00,2411,60.00,2151,8.00,2890,4.00,5855,4.00,4692,7.00,1510,19.00,1849,20.00,2385,40.00,2235,13.00,1129,29.00,3730,15.00,1345,0.00,1024,0.00,1161,0.00,1512,0.00,1555,-14.00,1606,-4.00,899,-9.00,10,0.00
9901,59.00,3222,60.00,3969,21.00,1971,60.00,2411,60.00,2151,8.00,2890,2.00,5855,4.00,4692,9.00,1510,19.00,1850,21.00,2385,40.00,2235,13.00,1129,29.00,3730,15.00,1345,0.00,1024,0.00,1161,0.00,1513,0.00,1555,-14.00,1606,-3.00,899,-8.00,10,0.00
9937,60.00,3222,60.00,3969,20.00,1971,60.00,2411,60.00,2151,8.00,2890,3.00,5855,4.00,4692,7.00,1510,20.00,1849,20.00,2385,40.00,2235,13.00,1129,29.00,3730,15.00,1345,0.00,1024,0.00,1161,0.00,1513,0.00,1555,-14.00,1606,-5.00,899,-9.00,10,0.08
9973,60.00,3222,60.00,3969,20.00,1971,60.00,2411,59.00,2151,8.00,2890,4.00,5855,5.00,4692,8.00,1510,20.00,1849,20.00,2385,40.00,2235,13.00,1129,29.00,3730,15.00,1345,0.00,1024,0.00,1161,0.00,1513,0.00,1555,-14.00,1606,-4.00,899,-8.00,10,0.00
10009,60.00,3222,60.00,3969,20.00,1971,60.00,2411,60.00,2151,8.00,2890,2.00,5855,5.00,4692,8.00,1510,20.00,1850,19.00,2385,40.00,2235,13.00,1129,29.00,3730,15.00,1345,0.00,1024,0.00,1161,0.00,1513,0.00,1555,-14.00,1606,-4.00,899,-9.00,10,0.08