36,20.00,2264,20.00,2741,20.00,1891,20.00,1199,20.00,1600,3.00,2895,12.00,5846,30.00,4666,4.00,1515,20.00,2071,20.00,2089,40.00,2778,0.00,1144,0.00,3760,0.00,1361,20.00,795,20.00,1338,20.00,1819,20.00,1715,-6.00,1597,-1.00,896,-2.00,4,0.00
72,19.00,2264,20.00,2741,20.00,1891,19.00,1199,20.00,1600,3.00,2895,12.00,5846,30.00,4666,2.00,1515,20.00,2071,20.00,2089,40.00,2778,-1.00,1144,0.00,3760,0.00,1361,20.00,795,20.00,1338,20.00,1819,20.00,1715,-6.00,1597,-1.00,896,-4.00,4,0.48
108,21.00,2264,19.00,2741,19.00,1891,20.00,1199,20.00,1600,4.00,2895,11.00,5846,30.00,4666,3.00,1515,20.00,2071,20.00,2089,40.00,2778,-2.00,1144,0.00,3760,0.00,1361,20.00,795,20.00,1338,20.00,1819,20.00,1715,-4.00,1597,-1.00,896,-3.00,4,0.56
144,20.00,2264,20.00,2741,20.00,1891,20.00,1199,20.00,1600,3.00,2895,12.00,5846,30.00,4666,3.00,1515,20.00,2071,20.00,2089,40.00,2778,-1.00,1144,0.00,3760,0.00,1361,20.00,795,21.00,1338,20.00,1819,20.00,1715,-5.00,1597,-1.00,896,-3.00,4,0.08
179,20.00,2264,20.00,2741,21.00,1891,20.00,1199,20.00,1600,3.00,2895,12.00,5846,30.00,4666,1.00,1515,20.00,2071,20.00,2089,40.00,2778,-1.00,1144,0.00,3760,0.00,1361,20.00,795,20.00,1338,20.00,1819,20.00,1715,-3.00,1597,-1.00,896,-4.00,4,0.16
215,20.00,2264,21.00,2741,20.00,1891,21.00,1199,20.00,1600,3.00,2895,12.00,5846,30.00,4666,4.00,1515,21.00,2071,20.00,2089,40.00,2778,-2.00,1144,0.00,3760,0.00,1361,20.00,795,21.00,1338,20.00,1819,20.00,1715,-5.00,1597,-1.00,896,-2.00,4,0.08
251,20.00,2264,20.00,2741,21.00,1891,20.00,1199,20.00,1600,4.00,2895,12.00,5846,29.00,4666,4.00,1515,20.00,2071,20.00,2089,41.00,2778,0.00,1144,0.00,3760,0.00,1361,20.00,795,20.00,1338,20.00,1819,20.00,1715,-3.00,1597,-2.00,896,-3.00,4,0.08
287,19.00,2264,20.00,2741,20.00,1891,20.00,1199,20.00,1600,3.00,2895,13.00,5846,30.00,4666,4.00,1515,20.00,2071,20.00,2089,40.00,2778,-2.00,1144,0.00,3760,0.00,1361,20.00,795,20.00,1338,21.00,1819,20.00,1715,-6.00,1597,-1.00,896,-4.00,4,0.00
322,20.00,2264,20.00,2741,20.00,1891,20.00,1199,20.00,1600,3.00,2895,12.00,5846,30.00,4666,4.00,1515,20.00,2071,20.00,2089,40.00,2778,0.00,1144,0.00,3760,0.00,1361,20.00,795,20.00,1338,20.00,1819,20.00,1715,-4.00,1597,-2.00,896,-1.00,4,0.00
358,20.00,2266,20.00,2741,20.00,1891,20.00,1199,20.00,1600,4.00,2895,13.00,5846,30.00,4666,3.00,1515,21.00,2071,20.00,2089,40.00,2778,-1.00,1144,0.00,3760,0.00,1361,20.00,795,20.00,1338,20.00,1819,21.00,1715,-4.00,1597,-1.00,896,-2.00,4,0.08
394,19.00,2268,21.00,2741,20.00,1891,20.00,1199,20.00,1600,3.00,2895,12.00,5846,30.00,4666,2.00,1515,20.00,2071,20.00,2089,39.00,2778,-1.00,1144,0.00,3760,0.00,1361,20.00,795,19.00,1338,20.00,1819,20.00,1715,-5.00,1597,0.00,896,-2.00,4,0.16
430,21.00,2269,21.00,2741,20.00,1891,20.00,1199,20.00,1600,3.00,2895,14.00,5846,30.00,4666,4.00,1515,20.00,2071,20.00,2089,40.00,2778,-1.00,1144,0.00,3760,0.00,1361,20.00,795,21.00,1338,20.00,1819,20.00,1715,-6.00,1597,0.00,896,-2.00,4,0.16
466,20.00,2269,20.00,2741,20.00,1891,20.00,1199,20.00,1600,4.00,2895,13.00,5846,30.00,4666,4.00,1515,19.00,2071,20.00,2089,40.00,2778,-2.00,1144,0.00,3760,0.00,1361,19.00,795,20.00,1338,20.00,1819,20.00,1715,-6.00,1597,0.00,896,-2.00,4,0.08
501,20.00,2268,21.00,2741,20.00,1891,20.00,1199,20.00,1600,3.00,2895,16.00,5847,30.00,4666,4.00,1515,20.00,2071,20.00,2089,40.00,2778,-1.00,1144,0.00,3760,0.00,1361,20.00,795,19.00,1338,20.00,1819,20.00,1715,-4.00,1597,-2.00,896,-3.00,4,0.24
537,20.00,2269,20.00,2741,19.00,1891,20.00,1199,20.00,1600,2.00,2895,11.00,5847,30.00,4666,2.00,1515,20.00,2071,20.00,2089,40.00,2778,-1.00,1144,0.00,3760,0.00,1361,20.00,795,20.00,1338,20.00,1819,20.00,1715,-4.00,1597,-1.00,896,-3.00,4,0.08
573,20.00,2269,20.00,2741,20.00,1891,21.00,1199,20.00,1600,3.00,2895,13.00,5847,30.00,4666,4.00,1515,20.00,2071,20.00,2089,40.00,2778,-1.00,1144,0.00,3760,0.00,1361,20.00,795,20.00,1338,20.00,1819,19.00,1715,-6.00,1597,-2.00,896,-3.00,4,0.16
608,20.00,2269,21.00,2741,21.00,1891,20.00,1199,20.00,1600,3.00,2895,14.00,5846,30.00,4666,2.00,1515,20.00,2071,20.00,2089,40.00,2778,0.00,1144,0.00,3760,0.00,1361,20.00,795,20.00,1338,20.00,1819,20.00,1715,-4.00,1597,-1.00,896,-2.00,4,0.16
644,20.00,2269,20.00,2741,20.00,1891,20.00,1199,20.00,1600,3.00,2895,13.00,5847,30.00,4666,4.00,1515,20.00,2071,20.00,2089,40.00,2778,-2.00,1144,0.00,3760,0.00,1361,20.00,795,20.00,1338,20.00,1819,21.00,1715,-5.00,1597,-1.00,896,-2.00,4,0.08
680,20.00,2269,20.00,2741,20.00,1891,20.00,1199,20.00,1600,4.00,2895,11.00,5847,30.00,4666,3.00,1515,20.00,2071,20.00,2089,40.00,2778,0.00,1144,0.00,3760,0.00,1361,20.00,795,20.00,1338,20.00,1819,20.00,1715,-5.00,1597,-1.00,896,-3.00,4,0.08
716,19.00,2269,20.00,2741,20.00,1891,19.00,1199,20.00,1600,2.00,2895,11.00,5847,30.00,4666,1.00,1515,20.00,2071,20.00,2089,40.00,2778,0.00,1144,0.00,3760,0.00,1361,20.00,795,20.00,1338,20.00,1819,20.00,1715,-6.00,1597,0.00,896,-4.00,4,0.16
752,20.00,2269,19.00,2741,19.00,1891,20.00,1199,20.00,1600,4.00,2895,11.00,5847,30.00,4666,4.00,1515,20.00,2071,20.00,2089,40.00,2778,-2.00,1144,0.00,3760,0.00,1361,20.00,795,20.00,1338,21.00,1819,20.00,1715,-5.00,1597,0.00,896,-4.00,4,0.08
787,20.00,2269,20.00,2741,20.00,1891,20.00,1199,20.00,1600,3.00,2895,11.00,5847,30.00,4666,3.00,1515,20.00,2071,20.00,2089,40.00,2778,-1.00,1144,0.00,3760,0.00,1361,20.00,795,20.00,1338,20.00,1819,20.00,1715,-6.00,1597,-1.00,896,-2.00,4,0.16
823,19.00,2269,20.00,2741,20.00,1891,20.00,1199,20.00,1600,2.00,2895,10.00,5847,30.00,4666,2.00,1515,20.00,2071,20.00,2089,40.00,2778,-1.00,1144,0.00,3760,0.00,1361,20.00,795,20.00,1338,20.00,1819,20.00,1715,-6.00,1597,-1.00,896,-4.00,4,0.16
859,20.00,2269,19.00,2741,20.00,1891,20.00,1199,20.00,1600,4.00,2895,11.00,5847,30.00,4666,3.00,1515,20.00,2071,20.00,2089,40.00,2778,-1.00,1144,0.00,3760,0.00,1361,20.00,795,20.00,1338,19.00,1819,20.00,1715,-6.00,1597,-1.00,896,-2.00,4,0.40
895,20.00,2269,21.00,2741,20.00,1891,20.00,1199,21.00,1600,3.00,2895,11.00,5847,30.00,4666,2.00,1515,20.00,2071,19.00,2089,40.00,2778,0.00,1144,0.00,3760,0.00,1361,20.00,795,20.00,1338,20.00,1819,20.00,1715,-5.00,1597,0.00,896,-4.00,4,0.24
930,20.00,2269,20.00,2741,20.00,1891,20.00,1199,20.00,1600,2.00,2895,11.00,5847,30.00,4666,2.00,1515,20.00,2071,20.00,2089,40.00,2778,-1.00,1144,0.00,3760,0.00,1361,20.00,795,20.00,1338,20.00,1819,20.00,1715,-4.00,1597,-1.00,896,-3.00,4,0.65
966,20.00,2269,20.00,2741,21.00,1891,20.00,1199,20.00,1600,2.00,2895,11.00,5847,29.00,4666,4.00,1515,20.00,2071,20.00,2089,40.00,2778,-2.00,1144,0.00,3760,0.00,1361,20.00,795,20.00,1338,19.00,1819,19.00,1715,-6.00,1597,-2.00,896,-3.00,4,0.32
1002,20.00,2269,19.00,2741,19.00,1891,20.00,1199,20.00,1600,4.00,2895,11.00,5847,30.00,4666,4.00,1515,20.00,2071,20.00,2089,40.00,2778,-2.00,1144,0.00,3760,0.00,1361,20.00,795,20.00,1338,20.00,1819,20.00,1715,-5.00,1597,-1.00,896,-4.00,4,0.40
1037,21.00,2269,19.00,2741,20.00,1891,20.00,1199,20.00,1600,2.00,2895,11.00,5847,29.00,4666,2.00,1515,20.00,2071,20.00,2089,40.00,2778,-1.00,1144,0.00,3760,0.00,1361,20.00,795,20.00,1338,20.00,1819,21.00,1715,-5.00,1597,-1.00,896,-3.00,4,0.56
1073,19.00,2269,20.00,2741,20.00,1891,20.00,1199,20.00,1600,3.00,2895,11.00,5847,30.00,4666,3.00,1515,20.00,2071,19.00,2089,40.00,2778,-2.00,1144,0.00,3760,0.00,1361,20.00,795,21.00,1338,20.00,1819,21.00,1715,-6.00,1597,0.00,896,-4.00,4,0.65
1109,20.00,2269,20.00,2741,20.00,1891,20.00,1199,20.00,1600,3.00,2895,11.00,5847,30.00,4666,3.00,1515,20.00,2071,20.00,2089,40.00,2778,0.00,1144,0.00,3760,0.00,1361,20.00,795,20.00,1338,20.00,1819,19.00,1715,-4.00,1597,-1.00,896,-2.00,4,0.73
1145,20.00,2269,21.00,2741,20.00,1891,20.00,1199,20.00,1600,4.00,2895,11.00,5847,29.00,4666,5.00,1515,20.00,2071,21.00,2089,40.00,2778,-1.00,1144,0.00,3760,0.00,1361,20.00,795,19.00,1338,20.00,1819,20.00,1715,-5.00,1597,-1.00,896,-2.00,4,0.73
1181,19.00,2269,20.00,2741,20.00,1891,20.00,1199,20.00,1600,3.00,2895,11.00,5847,31.00,4666,2.00,1515,21.00,2071,20.00,2089,40.00,2778,-1.00,1144,0.00,3760,0.00,1361,20.00,795,20.00,1338,20.00,1819,20.00,1715,-5.00,1597,-1.00,896,-3.00,4,0.97
1216,20.00,2269,20.00,2741,20.00,1891,20.00,1199,20.00,1600,3.00,2895,11.00,5847,30.00,4666,1.00,1515,20.00,2071,21.00,2089,41.00,2778,-2.00,1144,0.00,3760,0.00,1361,20.00,795,20.00,1338,20.00,1819,20.00,1715,-4.00,1597,-1.00,896,-4.00,4,0.97
1252,20.00,2268,20.00,2741,19.00,1891,20.00,1199,20.00,1600,3.00,2895,11.00,5847,30.00,4666,3.00,1515,19.00,2071,19.00,2089,40.00,2778,-2.00,1144,0.00,3760,0.00,1361,20.00,795,20.00,1338,20.00,1819,20.00,1715,-5.00,1597,-1.00,896,-2.00,4,1.05
1288,20.00,2269,20.00,2741,20.00,1891,20.00,1199,20.00,1600,2.00,2895,10.00,5847,30.00,4666,2.00,1515,20.00,2071,20.00,2089,40.00,2778,-1.00,1144,0.00,3760,0.00,1361,20.00,795,20.00,1338,20.00,1819,20.00,1715,-4.00,1597,-2.00,896,-2.00,4,1.21
1323,20.00,2269,20.00,2741,20.00,1891,20.00,1199,20.00,1600,3.00,2895,11.00,5847,30.00,4666,3.00,1515,20.00,2071,20.00,2089,40.00,2778,-1.00,1144,0.00,3760,0.00,1361,20.00,795,20.00,1338,19.00,1819,20.00,1715,-5.00,1597,0.00,896,-2.00,4,1.21
1359,20.00,2269,20.00,2741,19.00,1891,20.00,1199,20.00,1600,4.00,2895,11.00,5847,30.00,4666,3.00,1515,20.00,2071,20.00,2089,40.00,2778,-2.00,1144,0.00,3760,0.00,1361,20.00,795,20.00,1338,20.00,1819,20.00,1715,-5.00,1597,-1.00,896,-2.00,4,1.37
1395,20.00,2269,19.00,2741,21.00,1891,20.00,1199,20.00,1600,4.00,2895,11.00,5847,29.00,4666,3.00,1515,20.00,2071,20.00,2089,40.00,2778,-1.00,1144,0.00,3760,0.00,1361,20.00,795,20.00,1338,20.00,1820,20.00,1715,-4.00,1597,-1.00,896,-2.00,4,1.29
1431,20.00,2269,20.00,2741,20.00,1891,19.00,1201,20.00,1600,3.00,2895,11.00,5847,30.00,4666,3.00,1515,20.00,2071,20.00,2089,40.00,2778,-1.00,1144,0.00,3760,0.00,1361,20.00,795,20.00,1339,20.00,1819,20.00,1715,-6.00,1597,-1.00,896,-4.00,4,1.69
1466,20.00,2269,20.00,2741,20.00,1891,20.00,1207,20.00,1600,3.00,2895,11.00,5847,30.00,4666,1.00,1515,20.00,2071,21.00,2089,40.00,2778,-1.00,1144,0.00,3760,0.00,1361,20.00,795,20.00,1339,20.00,1819,20.00,1715,-6.00,1597,-1.00,896,-3.00,4,1.77
1502,20.00,2269,20.00,2742,20.00,1891,19.00,1213,20.00,1600,3.00,2895,11.00,5847,30.00,4666,3.00,1515,20.00,2071,20.00,2089,40.00,2778,0.00,1144,0.00,3760,0.00,1361,20.00,795,19.00,1342,20.00,1820,20.00,1715,-5.00,1597,-1.00,896,-3.00,4,1.94
1538,20.00,2269,21.00,2742,20.00,1891,20.00,1220,20.00,1600,4.00,2895,11.00,5847,30.00,4666,2.00,1515,20.00,2071,20.00,2089,40.00,2778,-1.00,1144,0.00,3760,0.00,1361,21.00,795,19.00,1349,19.00,1819,20.00,1715,-6.00,1597,-2.00,896,-4.00,4,1.85
1574,20.00,2269,19.00,2745,20.00,1891,20.00,1227,20.00,1600,3.00,2895,11.00,5847,30.00,4666,2.00,1515,21.00,2071,20.00,2089,40.00,2778,0.00,1144,0.00,3760,0.00,1361,20.00,795,20.00,1359,20.00,1819,20.00,1715,-5.00,1597,-1.00,896,-2.00,4,2.02
1609,20.00,2269,18.00,2750,19.00,1892,20.00,1235,19.00,1601,3.00,2895,11.00,5847,30.00,4666,3.00,1515,20.00,2071,20.00,2089,40.00,2778,-1.00,1144,0.00,3760,0.00,1361,20.00,795,21.00,1368,21.00,1819,20.00,1715,-5.00,1597,-1.00,896,-3.00,4,2.10
1645,20.00,2269,19.00,2758,19.00,1894,20.00,1242,20.00,1600,2.00,2895,12.00,5847,30.00,4666,1.00,1515,20.00,2070,20.00,2089,40.00,2778,-2.00,1144,0.00,3760,0.00,1361,20.00,795,20.00,1377,19.00,1820,20.00,1715,-3.00,1597,-1.00,896,-2.00,4,2.18
1681,19.00,2268,20.00,2765,20.00,1900,20.00,1249,20.00,1601,3.00,2895,11.00,5847,30.00,4666,3.00,1515,20.00,2070,19.00,2089,40.00,2778,0.00,1144,0.00,3760,0.00,1361,20.00,795,22.00,1383,19.00,1819,20.00,1715,-5.00,1597,-1.00,896,-4.00,4,2.34
1717,20.00,2269,20.00,2772,20.00,1908,20.00,1255,20.00,1601,3.00,2895,10.00,5847,30.00,4666,2.00,1515,20.00,2070,20.00,2088,40.00,2778,-1.00,1144,0.00,3760,0.00,1361,20.00,795,20.00,1387,20.00,1820,19.00,1715,-5.00,1597,-1.00,896,-3.00,4,2.42
1752,21.00,2269,20.00,2777,21.00,1916,20.00,1261,20.00,1601,2.00,2895,11.00,5847,29.00,4667,2.00,1515,20.00,2070,19.00,2088,39.00,2777,-1.00,1144,0.00,3760,0.00,1361,20.00,796,21.00,1390,20.00,1820,20.00,1715,-6.00,1597,-1.00,896,-2.00,4,2.58
1788,20.00,2269,20.00,2782,21.00,1924,20.00,1268,20.00,1601,3.00,2895,11.00,5847,29.00,4667,4.00,1515,20.00,2070,20.00,2088,40.00,2777,0.00,1144,0.00,3760,0.00,1361,20.00,796,20.00,1393,20.00,1820,20.00,1715,-6.00,1597,0.00,896,-2.00,4,2.82
1824,20.00,2269,19.00,2786,20.00,1930,20.00,1274,21.00,1601,4.00,2895,11.00,5847,29.00,4667,4.00,1515,20.00,2070,20.00,2088,40.00,2777,-1.00,1144,0.00,3760,0.00,1361,19.00,800,20.00,1396,20.00,1819,20.00,1715,-5.00,1597,-2.00,896,-4.00,4,2.90
1859,20.00,2269,20.00,2790,21.00,1937,20.00,1281,21.00,1601,4.00,2895,10.00,5847,29.00,4667,2.00,1515,20.00,2070,20.00,2088,40.00,2777,-1.00,1144,0.00,3760,0.00,1361,20.00,807,20.00,1400,20.00,1819,20.00,1715,-4.00,1597,-1.00,896,-2.00,4,3.15
1895,20.00,2269,21.00,2795,20.00,1942,19.00,1287,19.00,1601,4.00,2895,11.00,5847,30.00,4667,4.00,1515,20.00,2070,21.00,2088,39.00,2777,-1.00,1144,0.00,3760,0.00,1361,20.00,815,20.00,1405,20.00,1819,18.00,1715,-4.00,1597,-2.00,896,-2.00,4,3.06
1931,20.00,2269,20.00,2799,20.00,1948,21.00,1293,19.00,1601,2.00,2895,11.00,5847,29.00,4667,3.00,1515,20.00,2070,20.00,2088,40.00,2777,-1.00,1144,0.00,3760,0.00,1361,20.00,823,20.00,1412,21.00,1819,20.00,1715,-4.00,1597,0.00,896,-3.00,4,2.90
1967,20.00,2269,20.00,2803,20.00,1953,20.00,1299,20.00,1604,4.00,2895,11.00,5847,29.00,4667,4.00,1515,20.00,2070,20.00,2088,40.00,2777,-1.00,1144,0.00,3760,0.00,1361,19.00,831,20.00,1417,20.00,1819,20.00,1715,-6.00,1597,0.00,896,-3.00,4,3.31
2002,20.00,2269,19.00,2808,20.00,1957,20.00,1304,20.00,1609,2.00,2895,11.00,5847,29.00,4667,4.00,1515,20.00,2070,20.00,2088,40.00,2777,-1.00,1144,0.00,3760,0.00,1361,21.00,839,20.00,1423,20.00,1819,20.00,1715,-5.00,1597,0.00,896,-4.00,4,3.31
2038,20.00,2269,20.00,2812,20.00,1961,19.00,1311,21.00,1616,2.00,2895,11.00,5847,29.00,4667,2.00,1515,20.00,2070,20.00,2088,40.00,2776,-2.00,1144,0.00,3760,0.00,1361,21.00,845,20.00,1428,21.00,1819,20.00,1715,-5.00,1597,-1.00,896,-3.00,4,3.39
2074,20.00,2269,21.00,2817,20.00,1965,20.00,1317,21.00,1622,2.00,2895,11.00,5847,29.00,4667,4.00,1515,20.00,2070,20.00,2088,40.00,2776,0.00,1144,0.00,3760,0.00,1361,21.00,851,20.00,1434,20.00,1819,20.00,1715,-5.00,1597,-1.00,896,-2.00,4,3.55
2110,19.00,2269,21.00,2821,22.00,1969,19.00,1323,20.00,1628,2.00,2895,11.00,5847,29.00,4667,4.00,1515,20.00,2070,20.00,2088,40.00,2776,0.00,1144,0.00,3760,0.00,1361,20.00,856,19.00,1439,20.00,1819,21.00,1715,-5.00,1597,-1.00,896,-3.00,4,3.47
2145,21.00,2269,19.00,2825,20.00,1972,20.00,1329,20.00,1633,3.00,2895,11.00,5847,29.00,4667,3.00,1515,20.00,2070,20.00,2088,40.00,2776,-1.00,1144,0.00,3760,0.00,1361,20.00,861,20.00,1445,20.00,1819,20.00,1715,-6.00,1597,-1.00,896,-5.00,4,3.63
2181,20.00,2269,21.00,2829,20.00,1973,21.00,1335,19.00,1638,4.00,2895,10.00,5847,29.00,4667,2.00,1515,20.00,2069,20.00,2087,40.00,2776,-1.00,1144,0.00,3760,0.00,1361,20.00,866,19.00,1450,20.00,1819,20.00,1715,-5.00,1597,-1.00,896,-2.00,4,3.95
2217,19.00,2269,19.00,2833,20.00,1976,20.00,1341,20.00,1642,3.00,2895,11.00,5847,29.00,4667,2.00,1515,21.00,2069,20.00,2087,40.00,2776,-1.00,1144,0.00,3760,0.00,1361,20.00,871,21.00,1456,20.00,1819,20.00,1715,-5.00,1597,-1.00,896,-3.00,4,3.55
2253,20.00,2269,20.00,2837,20.00,1977,20.00,1347,20.00,1645,3.00,2895,11.00,5847,29.00,4667,3.00,1515,20.00,2069,20.00,2087,40.00,2775,-2.00,1144,0.00,3760,0.00,1361,20.00,875,20.00,1462,20.00,1819,20.00,1715,-4.00,1597,-1.00,896,-3.00,4,4.11
2288,20.00,2269,19.00,2842,21.00,1977,20.00,1353,20.00,1649,4.00,2895,11.00,5847,29.00,4667,3.00,1515,20.00,2069,20.00,2087,40.00,2775,-3.00,1144,0.00,3760,0.00,1361,20.00,879,20.00,1468,20.00,1819,20.00,1715,-6.00,1597,-1.00,896,-2.00,4,3.87
2324,20.00,2269,20.00,2846,20.00,1977,20.00,1358,20.00,1652,4.00,2895,11.00,5847,30.00,4667,1.00,1515,20.00,2069,21.00,2087,40.00,2775,-2.00,1144,0.00,3760,0.00,1361,20.00,882,20.00,1474,20.00,1819,20.00,1715,-4.00,1597,-1.00,896,-1.00,4,4.11
2360,20.00,2269,19.00,2852,20.00,1977,20.00,1364,19.00,1656,4.00,2895,10.00,5847,29.00,4667,4.00,1515,20.00,2069,20.00,2087,40.00,2775,0.00,1144,0.00,3760,0.00,1361,20.00,886,20.00,1479,20.00,1819,20.00,1715,-5.00,1597,-1.00,896,-1.00,4,4.27
2396,19.00,2269,20.00,2858,20.00,1977,20.00,1369,21.00,1659,4.00,2895,11.00,5847,29.00,4667,4.00,1515,20.00,2069,20.00,2087,40.00,2775,-3.00,1144,0.00,3760,0.00,1361,21.00,890,20.00,1483,19.00,1819,20.00,1715,-3.00,1597,-1.00,896,-4.00,4,4.52
2431,20.00,2269,19.00,2864,20.00,1977,19.00,1375,20.00,1662,2.00,2895,11.00,5847,29.00,4667,3.00,1515,20.00,2069,20.00,2087,40.00,2775,-1.00,1144,0.00,3760,0.00,1361,21.00,895,20.00,1487,20.00,1819,20.00,1715,-6.00,1597,0.00,896,-2.00,4,4.35
2467,19.00,2269,20.00,2870,19.00,1977,20.00,1381,20.00,1666,3.00,2895,11.00,5847,29.00,4667,2.00,1515,20.00,2069,20.00,2087,39.00,2775,0.00,1144,0.00,3760,0.00,1361,20.00,898,20.00,1491,20.00,1819,20.00,1715,-5.00,1597,-1.00,896,-2.00,4,4.44
2503,20.00,2269,21.00,2875,20.00,1977,20.00,1386,20.00,1669,2.00,2895,12.00,5847,29.00,4667,2.00,1515,20.00,2069,20.00,2086,40.00,2775,-1.00,1144,0.00,3760,0.00,1361,21.00,903,19.00,1495,20.00,1819,21.00,1715,-5.00,1597,-1.00,896,-4.00,4,4.52
2539,20.00,2269,19.00,2882,20.00,1977,20.00,1390,20.00,1673,2.00,2895,11.00,5847,28.00,4667,5.00,1515,20.00,2069,20.00,2086,40.00,2775,0.00,1144,0.00,3760,0.00,1361,20.00,909,21.00,1499,20.00,1819,20.00,1715,-6.00,1597,-2.00,896,-3.00,4,4.52
2574,20.00,2269,20.00,2887,20.00,1977,20.00,1395,20.00,1676,2.00,2895,11.00,5847,29.00,4667,3.00,1515,20.00,2069,20.00,2086,39.00,2775,0.00,1144,0.00,3760,0.00,1360,20.00,915,20.00,1504,20.00,1819,20.00,1714,-5.00,1597,-1.00,896,-3.00,4,4.84
2610,20.00,2269,19.00,2892,20.00,1977,20.00,1399,20.00,1680,3.00,2895,11.00,5847,29.00,4667,4.00,1515,20.00,2069,20.00,2086,40.00,2774,-1.00,1144,0.00,3760,-1.00,1361,20.00,921,21.00,1509,21.00,1818,19.00,1714,-6.00,1597,-1.00,896,-5.00,4,4.76
2646,19.00,2269,19.00,2897,20.00,1977,20.00,1404,19.00,1684,4.00,2895,11.00,5847,30.00,4667,4.00,1515,20.00,2069,20.00,2086,40.00,2774,-1.00,1144,0.00,3760,1.00,1361,20.00,927,20.00,1514,20.00,1818,19.00,1715,-5.00,1597,-2.00,896,-3.00,4,5.00
2682,20.00,2269,20.00,2903,21.00,1977,20.00,1407,22.00,1688,3.00,2895,11.00,5847,29.00,4667,2.00,1515,20.00,2069,20.00,2086,40.00,2774,-1.00,1144,0.00,3760,0.00,1361,21.00,932,20.00,1518,20.00,1818,20.00,1715,-5.00,1597,-2.00,896,-3.00,4,5.08
2717,20.00,2269,20.00,2908,20.00,1977,20.00,1410,21.00,1693,3.00,2895,11.00,5847,29.00,4667,5.00,1515,20.00,2069,20.00,2086,39.00,2774,0.00,1144,0.00,3760,-1.00,1361,20.00,937,20.00,1523,20.00,1818,20.00,1714,-5.00,1597,-1.00,896,-3.00,4,5.24
2753,20.00,2269,19.00,2913,20.00,1977,20.00,1413,20.00,1698,2.00,2895,11.00,5847,29.00,4667,5.00,1515,20.00,2068,20.00,2086,40.00,2774,-1.00,1144,0.00,3760,-1.00,1361,20.00,943,21.00,1526,19.00,1818,21.00,1714,-5.00,1597,-1.00,896,-4.00,4,5.08
2789,19.00,2272,20.00,2918,20.00,1977,20.00,1415,20.00,1701,3.00,2895,11.00,5847,29.00,4667,3.00,1515,20.00,2068,20.00,2086,40.00,2774,0.00,1144,0.00,3760,-1.00,1361,20.00,948,20.00,1531,20.00,1818,20.00,1715,-5.00,1597,0.00,896,-2.00,3,4.60
2825,20.00,2274,19.00,2924,19.00,1977,20.00,1418,20.00,1705,4.00,2895,11.00,5847,30.00,4667,2.00,1515,20.00,2069,20.00,2086,40.00,2774,-1.00,1144,0.00,3760,0.00,1361,20.00,952,20.00,1535,20.00,1818,20.00,1714,-6.00,1597,-1.00,896,-4.00,4,5.40
2860,20.00,2276,20.00,2928,20.00,1977,20.00,1419,20.00,1709,2.00,2895,11.00,5847,29.00,4667,3.00,1515,20.00,2069,20.00,2086,39.00,2774,-1.00,1144,0.00,3760,-1.00,1361,19.00,958,20.00,1537,21.00,1818,20.00,1714,-4.00,1597,-1.00,896,-4.00,4,5.16
2896,20.00,2277,19.00,2932,20.00,1977,20.00,1419,20.00,1712,3.00,2895,11.00,5847,29.00,4667,4.00,1515,20.00,2068,20.00,2086,40.00,2774,-1.00,1144,0.00,3760,2.00,1361,19.00,963,21.00,1540,20.00,1818,20.00,1714,-6.00,1597,0.00,896,-3.00,4,5.16
2932,21.00,2277,20.00,2936,20.00,1977,20.00,1419,21.00,1715,3.00,2895,11.00,5847,28.00,4667,1.00,1515,20.00,2068,20.00,2086,40.00,2774,-1.00,1144,0.00,3760,-1.00,1361,20.00,969,21.00,1544,20.00,1818,20.00,1714,-6.00,1597,-1.00,896,-3.00,4,5.16
2968,20.00,2277,20.00,2940,20.00,1977,20.00,1419,20.00,1719,4.00,2895,11.00,5847,29.00,4667,3.00,1515,19.00,2068,20.00,2085,40.00,2773,-1.00,1144,0.00,3760,0.00,1361,20.00,973,20.00,1549,20.00,1818,20.00,1714,-6.00,1597,0.00,896,-4.00,4,5.16
3003,21.00,2277,19.00,2943,19.00,1977,20.00,1419,20.00,1722,3.00,2895,11.00,5847,29.00,4667,5.00,1515,20.00,2068,19.00,2086,40.00,2773,-2.00,1144,0.00,3760,0.00,1361,21.00,978,19.00,1553,20.00,1818,20.00,1714,-4.00,1597,0.00,896,-3.00,4,5.32
3039,21.00,2277,19.00,2946,20.00,1977,20.00,1419,21.00,1726,3.00,2895,11.00,5847,29.00,4667,4.00,1515,20.00,2068,20.00,2086,40.00,2773,-1.00,1144,0.00,3760,0.00,1361,20.00,982,20.00,1557,20.00,1818,20.00,1714,-5.00,1597,-1.00,896,6.00,4,5.24
3075,19.00,2277,19.00,2950,20.00,1977,20.00,1419,20.00,1728,3.00,2895,11.00,5847,29.00,4667,4.00,1515,21.00,2068,20.00,2085,40.00,2773,-2.00,1144,0.00,3760,-4.00,1361,20.00,986,20.00,1562,20.00,1818,20.00,1714,-5.00,1597,-1.00,896,-2.00,4,5.00
3111,20.00,2277,20.00,2953,20.00,1977,21.00,1419,20.00,1729,2.00,2895,11.00,5847,29.00,4667,4.00,1515,20.00,2068,21.00,2085,40.00,2773,0.00,1144,0.00,3760,-1.00,1361,21.00,987,21.00,1564,19.00,1818,20.00,1714,-5.00,1597,-2.00,896,-4.00,4,4.76
3146,20.00,2277,21.00,2957,20.00,1977,20.00,1419,20.00,1729,4.00,2895,11.00,5847,29.00,4667,4.00,1515,20.00,2068,20.00,2086,40.00,2773,-1.00,1144,0.00,3760,-1.00,1361,20.00,988,20.00,1565,21.00,1818,20.00,1714,-5.00,1597,-2.00,896,-6.00,3,4.19
3182,20.00,2277,21.00,2960,20.00,1977,21.00,1419,19.00,1729,4.00,2895,12.00,5847,29.00,4667,1.00,1515,20.00,2068,20.00,2085,40.00,2773,-1.00,1144,0.00,3760,-1.00,1361,20.00,990,20.00,1565,21.00,1817,20.00,1714,-6.00,1597,-1.00,896,3.00,3,4.19
3218,20.00,2277,20.00,2962,20.00,1977,20.00,1419,20.00,1729,2.00,2895,11.00,5847,29.00,4667,2.00,1515,20.00,2068,20.00,2085,40.00,2773,-1.00,1144,0.00,3760,1.00,1361,21.00,990,20.00,1565,20.00,1817,20.00,1714,-5.00,1597,-1.00,896,-1.00,3,3.79
3253,20.00,2277,20.00,2965,20.00,1977,20.00,1419,21.00,1730,3.00,2895,12.00,5847,29.00,4667,4.00,1515,20.00,2068,20.00,2086,40.00,2773,-1.00,1144,0.00,3760,1.00,1361,20.00,990,19.00,1565,20.00,1817,20.00,1714,-5.00,1597,-1.00,896,-1.00,3,3.23
3289,19.00,2278,20.00,2966,19.00,1977,20.00,1419,20.00,1730,3.00,2895,11.00,5847,29.00,4667,1.00,1515,20.00,2068,20.00,2086,40.00,2773,-1.00,1144,0.00,3760,2.00,1361,20.00,990,20.00,1565,19.00,1818,20.00,1714,-5.00,1597,-1.00,896,-2.00,3,2.42
3325,21.00,2277,19.00,2967,21.00,1977,20.00,1419,20.00,1734,2.00,2895,11.00,5847,29.00,4667,2.00,1515,20.00,2068,20.00,2086,40.00,2773,-1.00,1144,0.00,3760,-1.00,1361,21.00,990,20.00,1565,20.00,1817,20.00,1714,-5.00,1597,-1.00,896,-3.00,3,1.85
3360,20.00,2278,21.00,2967,20.00,1977,21.00,1419,20.00,1738,2.00,2895,11.00,5847,29.00,4667,2.00,1515,20.00,2068,20.00,2086,41.00,2774,-1.00,1144,0.00,3760,0.00,1361,20.00,990,21.00,1565,20.00,1817,20.00,1714,-5.00,1597,0.00,896,-2.00,3,1.21
3396,20.00,2278,20.00,2967,20.00,1977,20.00,1419,20.00,1741,3.00,2895,11.00,5847,29.00,4667,3.00,1515,20.00,2068,20.00,2087,40.00,2774,-1.00,1144,0.00,3760,0.00,1361,20.00,990,20.00,1565,19.00,1817,20.00,1714,-5.00,1597,0.00,896,-4.00,3,0.65
3432,20.00,2278,20.00,2967,20.00,1977,21.00,1419,20.00,1743,3.00,2895,11.00,5847,29.00,4667,2.00,1515,20.00,2068,20.00,2087,40.00,2774,-1.00,1144,0.00,3760,0.00,1361,20.00,990,20.00,1565,20.00,1817,19.00,1715,-4.00,1597,0.00,896,-4.00,4,0.24
3468,20.00,2277,21.00,2967,20.00,1977,19.00,1419,21.00,1743,3.00,2895,11.00,5847,28.00,4667,3.00,1515,20.00,2069,20.00,2088,40.00,2775,-1.00,1144,0.00,3760,0.00,1361,20.00,990,20.00,1565,19.00,1817,20.00,1715,-4.00,1597,-1.00,896,-2.00,4,0.32
3504,20.00,2278,20.00,2967,19.00,1977,20.00,1419,20.00,1743,4.00,2895,11.00,5847,29.00,4667,4.00,1515,20.00,2069,19.00,2088,40.00,2775,0.00,1144,0.00,3760,0.00,1361,20.00,990,20.00,1565,20.00,1817,20.00,1715,-3.00,1597,-2.00,896,-2.00,4,0.16
3539,21.00,2278,20.00,2967,20.00,1977,20.00,1419,20.00,1743,3.00,2895,11.00,5847,28.00,4667,2.00,1515,20.00,2069,20.00,2088,40.00,2775,-1.00,1144,0.00,3760,0.00,1361,20.00,990,20.00,1565,20.00,1817,21.00,1715,-5.00,1597,-1.00,896,-3.00,4,0.08
3575,21.00,2277,19.00,2967,20.00,1977,20.00,1419,20.00,1743,3.00,2895,11.00,5847,30.00,4667,4.00,1515,20.00,2069,20.00,2088,40.00,2775,-2.00,1144,0.00,3760,0.00,1361,20.00,990,20.00,1565,20.00,1817,20.00,1715,-6.00,1597,-1.00,896,-3.00,4,0.00
3611,21.00,2278,20.00,2967,20.00,1977,20.00,1419,20.00,1743,3.00,2895,11.00,5847,25.00,4667,2.00,1515,20.00,2069,20.00,2088,41.00,2775,-1.00,1144,0.00,3760,0.00,1361,20.00,990,20.00,1565,20.00,1818,20.00,1715,-4.00,1597,-1.00,896,-4.00,4,0.00
3646,20.00,2278,20.00,2967,20.00,1977,20.00,1419,20.00,1743,2.00,2895,11.00,5847,34.00,4667,3.00,1515,20.00,2069,18.00,2088,40.00,2775,-1.00,1144,0.00,3760,0.00,1361,20.00,990,20.00,1565,20.00,1817,20.00,1715,-5.00,1597,-1.00,896,-3.00,4,0.16
3682,20.00,2277,20.00,2967,20.00,1977,20.00,1419,20.00,1743,3.00,2895,11.00,5847,29.00,4668,4.00,1515,20.00,2069,20.00,2088,40.00,2775,-2.00,1144,0.00,3760,0.00,1361,20.00,990,20.00,1565,20.00,1817,20.00,1715,-5.00,1597,-1.00,896,-4.00,4,0.08
3718,20.00,2278,21.00,2967,20.00,1977,20.00,1419,20.00,1743,3.00,2895,11.00,5847,29.00,4668,4.00,1515,20.00,2069,20.00,2088,40.00,2775,-2.00,1144,0.00,3760,0.00,1361,20.00,990,20.00,1565,20.00,1817,20.00,1715,-5.00,1597,-1.00,896,-5.00,4,0.24
3754,20.00,2278,20.00,2967,21.00,1977,20.00,1419,20.00,1743,3.00,2895,11.00,5847,31.00,4667,3.00,1515,20.00,2069,20.00,2088,40.00,2775,-2.00,1144,0.00,3760,0.00,1361,19.00,990,20.00,1565,20.00,1817,20.00,1715,-5.00,1597,-1.00,896,-4.00,4,0.08
3789,20.00,2278,19.00,2967,20.00,1977,20.00,1419,20.00,1743,4.00,2895,12.00,5847,23.00,4668,2.00,1515,20.00,2069,20.00,2088,40.00,2775,-3.00,1144,0.00,3760,0.00,1361,20.00,990,21.00,1565,20.00,1817,19.00,1715,-5.00,1597,-1.00,896,-4.00,4,0.16
3825,20.00,2278,20.00,2967,20.00,1977,20.00,1419,20.00,1743,3.00,2895,11.00,5847,28.00,4668,4.00,1515,20.00,2069,20.00,2088,40.00,2775,0.00,1144,0.00,3760,0.00,1361,20.00,990,20.00,1565,20.00,1817,20.00,1715,-5.00,1597,0.00,896,-2.00,4,0.00
3861,19.00,2278,20.00,2967,19.00,1977,20.00,1419,20.00,1743,4.00,2895,11.00,5847,20.00,4668,3.00,1515,20.00,2069,20.00,2088,40.00,2775,0.00,1144,0.00,3760,0.00,1361,20.00,990,20.00,1565,20.00,1817,20.00,1715,-3.00,1597,0.00,896,-2.00,4,0.08
3897,20.00,2277,20.00,2967,20.00,1977,20.00,1419,20.00,1743,3.00,2895,11.00,5847,31.00,4667,2.00,1515,20.00,2069,19.00,2088,40.00,2775,-1.00,1144,0.00,3760,0.00,1361,20.00,990,20.00,1565,20.00,1817,20.00,1715,-6.00,1597,-1.00,896,-4.00,4,0.16
3933,20.00,2278,20.00,2967,21.00,1977,20.00,1419,19.00,1743,3.00,2895,11.00,5847,34.00,4667,2.00,1515,20.00,2069,20.00,2088,40.00,2775,-2.00,1144,0.00,3760,0.00,1361,20.00,990,20.00,1565,19.00,1817,20.00,1715,-4.00,1597,-1.00,896,-2.00,4,0.08
3968,20.00,2277,20.00,2967,21.00,1977,20.00,1419,20.00,1743,3.00,2895,11.00,5847,30.00,4668,1.00,1515,20.00,2069,20.00,2088,40.00,2775,-1.00,1144,0.00,3760,0.00,1361,20.00,990,20.00,1565,19.00,1817,20.00,1715,-6.00,1597,-1.00,896,-2.00,4,0.08
4004,20.00,2278,20.00,2967,19.00,1977,20.00,1419,20.00,1743,3.00,2895,11.00,5847,26.00,4667,5.00,1515,20.00,2069,20.00,2088,40.00,2775,-2.00,1144,-1.00,3760,0.00,1361,20.00,990,20.00,1565,19.00,1817,20.00,1715,-5.00,1597,-1.00,896,-4.00,4,0.16
4040,21.00,2278,20.00,2967,20.00,1977,20.00,1419,20.00,1743,3.00,2895,11.00,5847,27.00,4667,2.00,1515,21.00,2069,20.00,2088,41.00,2775,-1.00,1144,0.00,3760,0.00,1361,20.00,990,20.00,1565,20.00,1818,20.00,1715,-5.00,1597,-1.00,896,-4.00,4,0.08
4076,20.00,2278,19.00,2967,20.00,1977,20.00,1419,20.00,1743,3.00,2895,11.00,5847,28.00,4668,1.00,1515,20.00,2069,20.00,2088,40.00,2775,-2.00,1144,0.00,3760,0.00,1361,20.00,990,20.00,1565,20.00,1817,20.00,1715,-6.00,1597,0.00,896,-4.00,4,0.00
4111,21.00,2278,20.00,2967,20.00,1977,20.00,1419,20.00,1743,4.00,2895,11.00,5847,26.00,4668,4.00,1515,20.00,2069,20.00,2088,40.00,2775,-7.00,1144,0.00,3760,0.00,1361,20.00,990,20.00,1565,20.00,1817,20.00,1715,-4.00,1597,0.00,896,-3.00,4,0.08
4147,21.00,2278,20.00,2967,20.00,1977,20.00,1419,20.00,1743,3.00,2895,11.00,5847,36.00,4668,2.00,1515,20.00,2069,20.00,2088,40.00,2775,0.00,1144,0.00,3760,0.00,1361,20.00,990,20.00,1565,20.00,1817,20.00,1715,-6.00,1597,-2.00,896,-4.00,4,0.32
4183,20.00,2278,20.00,2967,19.00,1977,20.00,1419,20.00,1743,4.00,2895,11.00,5847,31.00,4667,1.00,1515,20.00,2069,19.00,2088,40.00,2775,-1.00,1144,0.00,3760,0.00,1361,20.00,990,20.00,1565,20.00,1817,19.00,1715,-4.00,1597,-2.00,896,-2.00,4,0.16
4219,19.00,2278,21.00,2967,20.00,1977,21.00,1419,20.00,1743,3.00,2895,11.00,5847,29.00,4668,4.00,1515,20.00,2069,20.00,2088,40.00,2775,2.00,1145,0.00,3760,0.00,1361,21.00,990,20.00,1565,20.00,1817,20.00,1715,-5.00,1597,-2.00,896,-4.00,4,0.00
4254,20.00,2277,20.00,2967,20.00,1977,21.00,1419,20.00,1743,2.00,2895,11.00,5847,23.00,4667,2.00,1515,20.00,2069,20.00,2088,40.00,2775,-5.00,1144,0.00,3760,0.00,1361,20.00,990,20.00,1565,20.00,1817,20.00,1715,-5.00,1597,-2.00,896,-3.00,4,0.00
4290,19.00,2278,20.00,2967,20.00,1977,20.00,1419,20.00,1743,4.00,2895,11.00,5847,29.00,4667,4.00,1515,20.00,2069,20.00,2088,40.00,2775,3.00,1145,-1.00,3760,0.00,1361,20.00,990,20.00,1565,20.00,1817,20.00,1715,-6.00,1597,-2.00,896,-2.00,4,0.32
4326,20.00,2278,21.00,2967,20.00,1977,19.00,1419,20.00,1743,4.00,2895,11.00,5847,28.00,4668,2.00,1515,20.00,2069,21.00,2088,40.00,2775,-4.00,1145,0.00,3760,0.00,1361,20.00,990,20.00,1565,20.00,1817,20.00,1715,-5.00,1597,-1.00,896,-3.00,4,0.00
4362,20.00,2277,20.00,2967,20.00,1977,19.00,1419,20.00,1743,4.00,2895,11.00,5847,29.00,4667,3.00,1515,20.00,2069,20.00,2088,41.00,2775,-4.00,1145,0.00,3760,0.00,1361,20.00,990,20.00,1565,20.00,1817,20.00,1715,-5.00,1597,-1.00,896,-4.00,4,0.24
4397,20.00,2277,20.00,2967,20.00,1977,19.00,1419,20.00,1743,4.00,2895,11.00,5847,27.00,4667,5.00,1515,20.00,2069,20.00,2088,40.00,2775,0.00,1145,0.00,3760,0.00,1361,20.00,990,20.00,1565,20.00,1817,20.00,1715,-5.00,1597,-2.00,896,-3.00,4,0.00
4433,21.00,2277,20.00,2967,20.00,1977,21.00,1419,20.00,1743,4.00,2895,11.00,5847,23.00,4667,5.00,1515,20.00,2069,20.00,2088,40.00,2775,-5.00,1144,0.00,3760,0.00,1361,20.00,990,19.00,1565,20.00,1817,20.00,1715,-4.00,1597,-2.00,896,-4.00,4,0.00
4469,19.00,2278,20.00,2967,20.00,1977,20.00,1419,20.00,1743,2.00,2895,11.00,5847,30.00,4667,3.00,1515,20.00,2069,20.00,2088,40.00,2775,10.00,1144,-1.00,3760,0.00,1361,20.00,990,20.00,1565,21.00,1817,20.00,1715,-4.00,1597,-2.00,896,-5.00,4,0.00
4504,20.00,2278,20.00,2967,19.00,1977,20.00,1419,20.00,1743,3.00,2895,11.00,5847,31.00,4667,3.00,1515,20.00,2069,21.00,2088,39.00,2775,-6.00,1145,0.00,3760,0.00,1361,20.00,990,20.00,1565,20.00,1817,21.00,1715,-6.00,1597,0.00,896,-2.00,4,0.00
4540,20.00,2278,20.00,2967,20.00,1977,20.00,1419,20.00,1743,3.00,2895,11.00,5847,29.00,4668,4.00,1515,19.00,2069,20.00,2088,40.00,2775,-3.00,1145,0.00,3760,0.00,1361,20.00,990,20.00,1565,20.00,1817,20.00,1715,-5.00,1597,-2.00,896,-2.00,4,0.00
4576,20.00,2278,20.00,2967,20.00,1977,20.00,1419,20.00,1743,3.00,2895,11.00,5847,33.00,4667,3.00,1515,20.00,2069,21.00,2088,39.00,2775,-5.00,1145,0.00,3759,0.00,1361,20.00,990,20.00,1565,20.00,1817,20.00,1715,-6.00,1597,-1.00,896,-4.00,4,0.00
4612,21.00,2278,20.00,2967,20.00,1977,20.00,1419,20.00,1743,3.00,2895,11.00,5847,25.00,4667,2.00,1515,20.00,2069,20.00,2088,40.00,2775,-4.00,1144,0.00,3760,0.00,1361,21.00,990,20.00,1565,20.00,1817,20.00,1715,-6.00,1597,-1.00,896,-3.00,4,0.00
4647,20.00,2278,20.00,2967,20.00,1977,20.00,1419,20.00,1743,4.00,2895,14.00,5847,21.00,4668,3.00,1515,20.00,2069,20.00,2088,40.00,2775,-1.00,1144,0.00,3760,0.00,1361,20.00,990,20.00,1565,20.00,1817,20.00,1715,-3.00,1597,-2.00,896,-4.00,4,0.00
4683,19.00,2278,20.00,2967,21.00,1977,19.00,1419,20.00,1743,3.00,2895,11.00,5847,28.00,4667,2.00,1515,20.00,2069,20.00,2088,39.00,2775,-5.00,1144,0.00,3760,0.00,1361,20.00,990,21.00,1565,20.00,1817,20.00,1715,-6.00,1597,-1.00,896,-1.00,4,0.00
4719,20.00,2278,20.00,2967,20.00,1977,20.00,1419,21.00,1743,3.00,2895,11.00,5847,28.00,4667,1.00,1515,20.00,2069,20.00,2088,40.00,2776,-5.00,1145,-1.00,3760,0.00,1361,21.00,990,20.00,1565,20.00,1817,20.00,1715,-3.00,1597,-1.00,896,-3.00,4,0.08
4754,20.00,2277,20.00,2967,19.00,1977,21.00,1419,20.00,1743,3.00,2895,11.00,5847,29.00,4667,4.00,1515,20.00,2069,20.00,2088,40.00,2775,5.00,1145,0.00,3760,0.00,1361,20.00,990,20.00,1565,20.00,1817,20.00,1715,-4.00,1597,-1.00,896,-1.00,4,0.00
4790,20.00,2278,20.00,2967,19.00,1977,20.00,1419,20.00,1743,3.00,2895,11.00,5847,28.00,4668,3.00,1515,20.00,2069,20.00,2088,40.00,2775,3.00,1145,0.00,3760,0.00,1361,20.00,990,20.00,1565,20.00,1817,19.00,1715,-5.00,1597,0.00,896,-3.00,4,0.00
4826,20.00,2278,21.00,2967,20.00,1977,20.00,1419,20.00,1743,4.00,2895,11.00,5847,30.00,4668,3.00,1515,20.00,2069,20.00,2088,40.00,2775,-5.00,1144,0.00,3760,0.00,1361,20.00,990,20.00,1565,20.00,1817,20.00,1715,-3.00,1597,0.00,896,-3.00,4,0.16
4862,20.00,2278,20.00,2967,21.00,1977,20.00,1419,20.00,1743,2.00,2895,12.00,5847,28.00,4667,4.00,1515,20.00,2069,20.00,2088,40.00,2775,7.00,1144,0.00,3760,0.00,1361,20.00,990,20.00,1565,20.00,1817,20.00,1715,-5.00,1597,-1.00,896,-3.00,4,0.00
4898,20.00,2278,19.00,2967,20.00,1977,20.00,1419,19.00,1743,3.00,2895,11.00,5847,29.00,4668,2.00,1515,20.00,2069,20.00,2088,40.00,2775,-3.00,1144,0.00,3760,0.00,1361,20.00,990,20.00,1565,20.00,1817,20.00,1715,-5.00,1597,0.00,896,-2.00,4,0.00
4934,20.00,2278,20.00,2967,20.00,1977,21.00,1419,19.00,1743,3.00,2895,11.00,5847,32.00,4668,2.00,1515,20.00,2069,20.00,2088,40.00,2775,1.00,1145,0.00,3760,0.00,1361,20.00,990,20.00,1565,21.00,1817,20.00,1715,-5.00,1597,-1.00,896,-2.00,4,0.00
4970,19.00,2278,20.00,2967,18.00,1977,20.00,1419,20.00,1743,3.00,2895,11.00,5847,29.00,4667,4.00,1515,20.00,2069,20.00,2088,40.00,2775,-4.00,1145,0.00,3760,0.00,1361,20.00,990,20.00,1565,20.00,1817,20.00,1715,-3.00,1597,-1.00,896,-4.00,4,0.00
5006,20.00,2278,20.00,2967,20.00,1977,21.00,1419,20.00,1743,3.00,2895,11.00,5847,31.00,4667,2.00,1515,20.00,2069,20.00,2088,40.00,2775,-5.00,1145,-1.00,3760,0.00,1361,20.00,990,20.00,1565,20.00,1817,20.00,1715,-5.00,1597,-2.00,896,-3.00,4,0.00