36,20.00,2184,20.00,3028,20.00,1753,20.00,1275,20.00,1344,6.00,2893,-1.00,5861,10.00,4686,0.00,1518,20.00,2259,19.00,2660,40.00,2517,0.00,1142,24.00,3735,0.00,1359,0.00,946,0.00,346,0.00,1809,0.00,1251,2.00,1588,-3.00,896,-2.00,3,0.00
72,20.00,2184,20.00,3028,20.00,1753,20.00,1275,20.00,1344,5.00,2893,-1.00,5861,10.00,4686,0.00,1518,20.00,2259,20.00,2660,41.00,2517,0.00,1142,24.00,3735,0.00,1359,0.00,946,0.00,346,0.00,1809,0.00,1251,2.00,1588,-4.00,897,-3.00,3,0.32
107,20.00,2184,20.00,3028,19.00,1753,20.00,1275,20.00,1344,5.00,2893,-2.00,5861,10.00,4686,0.00,1518,20.00,2259,20.00,2660,40.00,2517,0.00,1142,24.00,3735,3.00,1359,0.00,946,0.00,346,0.00,1809,0.00,1251,2.00,1588,0.00,897,-2.00,3,0.08
143,20.00,2184,21.00,3028,20.00,1753,20.00,1275,20.00,1344,5.00,2893,-2.00,5861,10.00,4686,0.00,1518,20.00,2259,21.00,2660,40.00,2517,0.00,1142,24.00,3735,0.00,1359,0.00,946,0.00,346,0.00,1809,0.00,1251,5.00,1588,4.00,896,-1.00,3,0.08
179,20.00,2184,19.00,3028,20.00,1753,20.00,1275,20.00,1344,5.00,2893,-2.00,5861,9.00,4686,0.00,1518,20.00,2259,20.00,2660,41.00,2517,0.00,1142,24.00,3735,1.00,1359,0.00,946,0.00,346,0.00,1809,0.00,1250,4.00,1588,-3.00,897,-2.00,3,0.24
214,20.00,2184,20.00,3028,20.00,1753,20.00,1275,20.00,1344,5.00,2893,-2.00,5861,10.00,4686,0.00,1518,20.00,2259,20.00,2660,40.00,2517,0.00,1142,24.00,3735,1.00,1359,0.00,946,0.00,346,0.00,1809,0.00,1250,3.00,1588,1.00,897,-3.00,3,0.08
250,20.00,2184,20.00,3028,19.00,1753,19.00,1275,20.00,1344,5.00,2893,-2.00,5861,10.00,4686,0.00,1518,21.00,2259,20.00,2660,40.00,2517,0.00,1142,24.00,3735,0.00,1359,0.00,946,0.00,346,0.00,1809,0.00,1250,3.00,1588,-1.00,897,-2.00,3,0.24
286,20.00,2184,19.00,3028,21.00,1753,20.00,1275,20.00,1344,5.00,2893,-2.00,5861,10.00,4686,0.00,1518,20.00,2259,20.00,2660,40.00,2517,0.00,1142,24.00,3735,1.00,1359,0.00,946,0.00,346,0.00,1809,0.00,1251,3.00,1588,-1.00,896,-2.00,3,0.08
321,20.00,2184,20.00,3028,20.00,1752,20.00,1275,20.00,1344,5.00,2893,-1.00,5861,10.00,4686,0.00,1518,20.00,2259,20.00,2660,40.00,2517,0.00,1142,24.00,3735,2.00,1359,0.00,946,0.00,346,0.00,1809,0.00,1251,5.00,1588,-3.00,897,-1.00,3,0.08
357,20.00,2185,19.00,3028,20.00,1753,20.00,1275,21.00,1344,4.00,2893,-1.00,5861,10.00,4686,0.00,1518,20.00,2259,20.00,2660,40.00,2517,0.00,1142,24.00,3735,1.00,1359,0.00,946,0.00,346,0.00,1809,0.00,1251,3.00,1588,5.00,897,-2.00,3,0.08
393,20.00,2184,20.00,3029,20.00,1753,20.00,1275,20.00,1344,5.00,2893,-1.00,5861,9.00,4686,0.00,1518,21.00,2259,20.00,2660,40.00,2517,0.00,1142,24.00,3735,0.00,1359,0.00,946,0.00,346,0.00,1809,0.00,1251,2.00,1588,-3.00,896,-2.00,3,0.16
429,21.00,2184,20.00,3029,20.00,1753,20.00,1275,20.00,1344,5.00,2893,-2.00,5861,10.00,4686,0.00,1518,20.00,2259,20.00,2660,40.00,2517,0.00,1142,24.00,3735,1.00,1359,0.00,946,0.00,346,0.00,1809,0.00,1250,2.00,1588,-4.00,897,-3.00,3,0.08
465,19.00,2184,20.00,3028,20.00,1753,19.00,1275,20.00,1344,6.00,2893,-2.00,5861,9.00,4686,0.00,1518,20.00,2259,19.00,2660,40.00,2517,0.00,1142,24.00,3735,0.00,1359,0.00,946,0.00,346,0.00,1809,0.00,1251,3.00,1588,-2.00,896,-2.00,3,0.56
500,20.00,2185,20.00,3029,19.00,1753,20.00,1275,20.00,1344,5.00,2893,-3.00,5861,10.00,4686,0.00,1518,20.00,2259,20.00,2660,40.00,2517,0.00,1142,24.00,3735,0.00,1359,0.00,946,0.00,346,0.00,1809,0.00,1251,4.00,1588,-5.00,897,-2.00,3,0.08
536,20.00,2184,20.00,3029,20.00,1753,20.00,1275,20.00,1344,5.00,2893,-2.00,5861,10.00,4686,0.00,1518,20.00,2259,19.00,2660,40.00,2517,0.00,1142,24.00,3735,0.00,1359,0.00,946,0.00,346,0.00,1809,0.00,1250,1.00,1588,-3.00,897,-3.00,3,0.16
572,20.00,2184,18.00,3031,20.00,1753,20.00,1275,21.00,1344,5.00,2893,-2.00,5861,11.00,4686,0.00,1518,20.00,2259,20.00,2660,40.00,2517,0.00,1142,24.00,3735,2.00,1359,0.00,946,0.00,346,0.00,1809,0.00,1250,2.00,1588,-5.00,897,-2.00,3,0.56
607,20.00,2184,22.00,3034,20.00,1753,20.00,1275,20.00,1344,5.00,2893,-1.00,5861,11.00,4686,0.00,1518,20.00,2259,20.00,2660,41.00,2517,0.00,1142,24.00,3735,1.00,1359,0.00,946,0.00,346,0.00,1809,0.00,1251,1.00,1588,-5.00,897,-3.00,3,0.16
643,20.00,2184,19.00,3037,20.00,1753,20.00,1275,20.00,1344,5.00,2893,-1.00,5861,10.00,4686,0.00,1518,21.00,2259,20.00,2660,41.00,2517,0.00,1142,24.00,3735,1.00,1359,0.00,946,0.00,346,0.00,1809,0.00,1251,3.00,1588,-3.00,897,-1.00,3,0.08
679,19.00,2184,20.00,3039,20.00,1753,20.00,1275,20.00,1344,5.00,2893,-2.00,5861,9.00,4686,0.00,1518,20.00,2259,20.00,2660,40.00,2517,0.00,1142,24.00,3735,1.00,1359,0.00,946,0.00,346,0.00,1809,0.00,1251,2.00,1588,1.00,896,-3.00,3,0.08
714,20.00,2184,19.00,3042,21.00,1753,20.00,1275,20.00,1344,5.00,2893,-1.00,5861,10.00,4686,0.00,1518,20.00,2259,20.00,2660,40.00,2517,0.00,1142,24.00,3735,0.00,1359,0.00,946,0.00,346,0.00,1809,0.00,1251,4.00,1588,5.00,897,-2.00,3,0.00
750,19.00,2184,19.00,3043,20.00,1753,20.00,1275,20.00,1344,5.00,2893,-2.00,5861,9.00,4686,0.00,1518,20.00,2259,20.00,2660,40.00,2517,0.00,1142,25.00,3735,0.00,1359,0.00,946,0.00,346,0.00,1809,0.00,1251,4.00,1588,-2.00,896,-2.00,3,0.08
786,20.00,2184,20.00,3045,20.00,1753,20.00,1275,20.00,1344,5.00,2893,-2.00,5861,9.00,4686,0.00,1518,20.00,2259,20.00,2660,40.00,2517,0.00,1142,24.00,3735,2.00,1359,0.00,946,0.00,346,0.00,1809,0.00,1250,4.00,1588,1.00,897,-1.00,3,0.08
822,20.00,2184,20.00,3045,21.00,1753,20.00,1275,20.00,1344,5.00,2893,-3.00,5861,10.00,4686,0.00,1518,20.00,2259,20.00,2660,40.00,2517,0.00,1142,24.00,3735,1.00,1359,0.00,946,0.00,346,0.00,1809,0.00,1251,2.00,1588,-1.00,896,-3.00,3,0.65
857,20.00,2184,21.00,3045,20.00,1753,20.00,1275,20.00,1344,5.00,2893,-2.00,5861,10.00,4686,0.00,1518,20.00,2259,20.00,2660,40.00,2517,0.00,1142,24.00,3735,0.00,1359,0.00,946,0.00,346,0.00,1809,0.00,1251,3.00,1588,-4.00,896,-2.00,3,0.16
893,20.00,2184,20.00,3045,20.00,1753,20.00,1275,20.00,1344,5.00,2893,-2.00,5861,10.00,4686,0.00,1518,20.00,2259,21.00,2660,39.00,2517,0.00,1142,24.00,3735,2.00,1359,0.00,946,0.00,346,0.00,1809,0.00,1251,3.00,1588,0.00,897,-3.00,3,0.08
929,20.00,2184,20.00,3045,20.00,1753,20.00,1275,20.00,1344,4.00,2893,-2.00,5861,10.00,4686,0.00,1518,20.00,2259,20.00,2660,40.00,2517,0.00,1142,24.00,3735,0.00,1359,0.00,946,0.00,346,0.00,1809,0.00,1251,3.00,1588,-6.00,897,-2.00,3,0.08
965,20.00,2184,20.00,3045,20.00,1753,20.00,1275,19.00,1344,6.00,2893,-2.00,5861,10.00,4686,0.00,1518,20.00,2259,19.00,2660,40.00,2517,0.00,1142,24.00,3735,3.00,1359,0.00,946,0.00,346,0.00,1809,0.00,1251,2.00,1588,-8.00,896,-2.00,3,0.08
1000,20.00,2184,20.00,3045,20.00,1753,20.00,1275,19.00,1344,5.00,2893,-1.00,5861,10.00,4686,0.00,1518,20.00,2259,20.00,2660,40.00,2517,0.00,1142,24.00,3735,1.00,1359,0.00,946,0.00,346,0.00,1809,0.00,1250,3.00,1588,-2.00,897,-2.00,3,0.00
1036,20.00,2184,21.00,3045,20.00,1753,20.00,1275,20.00,1344,5.00,2893,-2.00,5861,10.00,4686,0.00,1518,20.00,2259,20.00,2660,40.00,2517,0.00,1142,24.00,3735,0.00,1359,0.00,946,0.00,346,0.00,1809,0.00,1251,4.00,1588,4.00,897,-1.00,3,0.24
1072,20.00,2185,20.00,3045,20.00,1753,20.00,1275,20.00,1344,5.00,2893,-2.00,5861,9.00,4686,0.00,1518,20.00,2259,20.00,2660,41.00,2517,0.00,1142,25.00,3735,0.00,1359,0.00,946,0.00,346,0.00,1809,0.00,1250,4.00,1588,-4.00,897,-1.00,3,0.40
1107,20.00,2184,19.00,3045,20.00,1753,19.00,1275,20.00,1344,5.00,2893,-2.00,5861,10.00,4686,0.00,1518,20.00,2259,20.00,2660,40.00,2517,0.00,1142,25.00,3735,0.00,1359,0.00,946,0.00,346,0.00,1809,0.00,1250,4.00,1588,-7.00,896,-2.00,3,0.16
1143,20.00,2184,21.00,3045,19.00,1753,20.00,1275,20.00,1344,4.00,2893,-1.00,5861,10.00,4686,0.00,1518,20.00,2259,19.00,2660,39.00,2517,0.00,1142,24.00,3735,0.00,1359,0.00,946,0.00,346,0.00,1809,0.00,1251,4.00,1588,-2.00,896,-2.00,3,0.32
1179,20.00,2184,20.00,3045,20.00,1753,20.00,1275,20.00,1344,5.00,2893,-2.00,5861,9.00,4686,0.00,1518,20.00,2259,20.00,2660,40.00,2517,0.00,1142,24.00,3735,1.00,1359,0.00,946,0.00,346,0.00,1809,0.00,1251,2.00,1588,-3.00,897,-2.00,3,0.24
1215,20.00,2185,20.00,3045,19.00,1753,20.00,1275,21.00,1344,5.00,2893,-2.00,5861,9.00,4686,0.00,1518,20.00,2259,19.00,2660,40.00,2517,0.00,1142,24.00,3735,2.00,1359,0.00,946,0.00,346,0.00,1809,0.00,1251,2.00,1588,0.00,897,-2.00,3,0.32
1250,20.00,2184,20.00,3045,19.00,1753,20.00,1275,20.00,1344,5.00,2893,-2.00,5861,10.00,4686,0.00,1518,20.00,2259,20.00,2660,40.00,2517,0.00,1142,24.00,3735,0.00,1359,0.00,946,0.00,346,0.00,1809,0.00,1250,3.00,1588,-5.00,897,-2.00,3,0.24
1286,20.00,2184,20.00,3045,20.00,1753,20.00,1275,20.00,1344,4.00,2893,-2.00,5861,10.00,4686,0.00,1518,20.00,2259,20.00,2660,40.00,2517,0.00,1142,23.00,3735,0.00,1359,0.00,946,0.00,346,0.00,1809,0.00,1250,2.00,1588,-1.00,897,-2.00,3,0.32
1322,20.00,2184,20.00,3045,20.00,1753,20.00,1275,19.00,1344,5.00,2893,-3.00,5861,10.00,4686,0.00,1518,20.00,2259,20.00,2660,40.00,2517,0.00,1142,24.00,3735,2.00,1359,0.00,946,0.00,346,0.00,1809,0.00,1251,3.00,1588,-4.00,897,-2.00,3,0.32
1358,20.00,2184,20.00,3045,20.00,1753,20.00,1275,20.00,1344,5.00,2893,-2.00,5861,10.00,4686,0.00,1518,20.00,2259,20.00,2660,40.00,2517,0.00,1142,23.00,3735,1.00,1359,0.00,946,0.00,346,0.00,1809,0.00,1250,4.00,1588,-2.00,897,-2.00,3,0.40
1394,20.00,2184,20.00,3045,20.00,1753,20.00,1275,20.00,1344,5.00,2893,-2.00,5861,10.00,4686,0.00,1518,20.00,2259,20.00,2660,40.00,2517,0.00,1142,24.00,3735,0.00,1359,0.00,946,0.00,346,0.00,1809,0.00,1251,1.00,1588,-7.00,897,-1.00,3,0.56
1429,20.00,2184,20.00,3045,20.00,1753,20.00,1275,20.00,1344,4.00,2893,-1.00,5861,10.00,4686,0.00,1518,21.00,2259,20.00,2660,40.00,2517,0.00,1142,25.00,3735,0.00,1359,0.00,946,0.00,346,0.00,1809,0.00,1250,2.00,1588,-3.00,897,-1.00,3,0.56
1465,20.00,2184,20.00,3045,21.00,1753,20.00,1275,20.00,1344,5.00,2893,-1.00,5861,10.00,4686,0.00,1518,20.00,2259,20.00,2660,39.00,2517,0.00,1142,24.00,3735,2.00,1359,0.00,946,0.00,346,0.00,1809,0.00,1251,4.00,1588,-5.00,897,-2.00,3,0.65
1501,20.00,2184,20.00,3045,20.00,1753,21.00,1275,20.00,1344,5.00,2893,-2.00,5861,10.00,4686,0.00,1518,20.00,2259,20.00,2660,40.00,2517,0.00,1142,24.00,3735,1.00,1359,0.00,946,0.00,346,0.00,1809,0.00,1251,2.00,1588,-3.00,896,-3.00,3,0.65
1536,20.00,2184,20.00,3045,19.00,1753,20.00,1275,19.00,1344,5.00,2893,-2.00,5861,9.00,4686,0.00,1518,20.00,2259,20.00,2660,40.00,2517,0.00,1142,24.00,3735,0.00,1359,0.00,946,0.00,346,0.00,1809,0.00,1251,4.00,1588,0.00,897,-2.00,3,1.13
1572,20.00,2184,20.00,3045,20.00,1753,19.00,1275,20.00,1344,5.00,2893,-3.00,5861,10.00,4686,0.00,1518,20.00,2259,20.00,2660,40.00,2517,0.00,1142,24.00,3735,1.00,1359,0.00,946,0.00,346,0.00,1809,0.00,1251,4.00,1588,-5.00,896,-3.00,3,0.73
1608,21.00,2184,20.00,3045,20.00,1753,19.00,1275,20.00,1344,5.00,2893,-1.00,5861,9.00,4686,0.00,1518,20.00,2259,20.00,2660,40.00,2517,0.00,1142,24.00,3735,1.00,1359,0.00,946,0.00,346,0.00,1809,0.00,1250,2.00,1588,3.00,897,-1.00,3,1.13
1644,20.00,2184,20.00,3045,20.00,1753,20.00,1275,20.00,1344,5.00,2893,-2.00,5861,10.00,4686,0.00,1518,21.00,2259,20.00,2660,39.00,2517,0.00,1142,24.00,3735,1.00,1359,0.00,946,0.00,346,0.00,1809,0.00,1251,3.00,1588,-4.00,897,-3.00,3,1.29
1679,20.00,2184,20.00,3045,20.00,1753,20.00,1275,20.00,1344,6.00,2893,-1.00,5861,10.00,4686,0.00,1518,20.00,2259,20.00,2660,40.00,2517,0.00,1142,24.00,3735,0.00,1359,0.00,946,0.00,346,0.00,1809,0.00,1251,2.00,1588,-1.00,897,-1.00,3,1.29
1715,19.00,2184,20.00,3045,20.00,1753,20.00,1275,20.00,1344,5.00,2893,-3.00,5861,10.00,4686,0.00,1518,20.00,2259,20.00,2660,40.00,2517,0.00,1142,24.00,3735,0.00,1359,0.00,946,0.00,346,0.00,1809,0.00,1250,5.00,1588,0.00,897,-3.00,3,1.21
1751,20.00,2184,20.00,3045,20.00,1753,20.00,1275,20.00,1344,5.00,2893,-1.00,5861,10.00,4686,0.00,1518,20.00,2259,20.00,2660,39.00,2517,0.00,1142,24.00,3735,0.00,1359,0.00,946,0.00,346,0.00,1809,0.00,1251,3.00,1588,-3.00,896,-3.00,3,1.69
1786,20.00,2184,20.00,3045,21.00,1753,22.00,1275,19.00,1344,5.00,2893,-2.00,5861,10.00,4686,0.00,1518,20.00,2259,20.00,2660,40.00,2517,0.00,1142,24.00,3735,1.00,1359,0.00,946,0.00,346,0.00,1809,0.00,1251,3.00,1588,-7.00,897,-1.00,3,1.29
1822,20.00,2184,20.00,3045,20.00,1753,20.00,1275,20.00,1344,5.00,2893,-2.00,5861,10.00,4686,0.00,1518,20.00,2259,20.00,2660,40.00,2517,0.00,1142,24.00,3735,2.00,1359,0.00,946,0.00,346,0.00,1809,0.00,1251,3.00,1588,5.00,897,-1.00,3,1.45
1858,20.00,2184,20.00,3045,20.00,1753,20.00,1275,19.00,1344,4.00,2893,-3.00,5861,10.00,4686,0.00,1518,19.00,2259,20.00,2660,40.00,2517,0.00,1142,23.00,3735,1.00,1359,0.00,946,0.00,346,0.00,1809,0.00,1250,3.00,1588,-4.00,897,-2.00,3,1.61
1893,20.00,2184,20.00,3045,20.00,1753,20.00,1275,20.00,1344,5.00,2893,-1.00,5861,10.00,4686,0.00,1518,20.00,2259,20.00,2660,40.00,2517,0.00,1142,24.00,3735,1.00,1359,0.00,946,0.00,346,0.00,1809,0.00,1251,4.00,1588,-3.00,897,-2.00,3,2.10
1929,19.00,2184,20.00,3045,20.00,1753,20.00,1275,20.00,1344,4.00,2893,-2.00,5861,10.00,4686,0.00,1518,20.00,2259,20.00,2660,41.00,2517,0.00,1142,24.00,3735,0.00,1359,0.00,946,0.00,346,0.00,1809,0.00,1250,2.00,1588,6.00,897,-1.00,3,1.85
1965,20.00,2184,20.00,3045,20.00,1753,19.00,1275,20.00,1345,5.00,2893,-2.00,5861,10.00,4686,0.00,1518,20.00,2259,20.00,2660,40.00,2517,0.00,1142,24.00,3735,1.00,1359,0.00,946,0.00,346,0.00,1809,0.00,1251,4.00,1588,0.00,897,-2.00,3,1.85
2001,20.00,2184,20.00,3045,20.00,1753,20.00,1275,18.00,1345,5.00,2893,-2.00,5861,10.00,4686,0.00,1518,20.00,2259,19.00,2660,40.00,2517,0.00,1142,24.00,3735,0.00,1359,0.00,946,0.00,346,0.00,1809,0.00,1251,4.00,1588,-2.00,897,-2.00,3,2.10
2036,19.00,2184,19.00,3045,21.00,1753,20.00,1275,19.00,1350,5.00,2893,-2.00,5861,10.00,4686,0.00,1518,20.00,2259,20.00,2660,40.00,2517,0.00,1142,24.00,3735,0.00,1359,0.00,946,0.00,346,0.00,1809,0.00,1251,2.00,1588,1.00,897,-1.00,3,1.94
2072,20.00,2184,20.00,3045,20.00,1753,19.00,1275,20.00,1356,5.00,2893,-2.00,5861,10.00,4686,0.00,1518,20.00,2259,20.00,2660,40.00,2517,0.00,1142,25.00,3735,1.00,1359,0.00,946,0.00,346,0.00,1809,0.00,1251,4.00,1588,-3.00,896,-2.00,3,1.94
2108,20.00,2184,20.00,3045,20.00,1753,21.00,1275,20.00,1361,5.00,2893,-2.00,5861,10.00,4686,0.00,1518,20.00,2259,20.00,2660,40.00,2517,0.00,1142,24.00,3735,1.00,1359,0.00,946,0.00,346,0.00,1809,0.00,1251,2.00,1588,-3.00,897,-1.00,3,2.10
2144,20.00,2184,20.00,3046,20.00,1753,20.00,1275,21.00,1365,5.00,2893,-2.00,5861,10.00,4686,0.00,1518,20.00,2259,20.00,2660,40.00,2517,0.00,1142,24.00,3735,1.00,1359,0.00,946,0.00,346,0.00,1809,0.00,1250,3.00,1588,-3.00,897,-2.00,3,2.18
2179,19.00,2184,21.00,3047,20.00,1753,20.00,1275,20.00,1368,5.00,2893,-3.00,5861,10.00,4686,0.00,1518,20.00,2259,20.00,2660,40.00,2517,0.00,1142,24.00,3735,1.00,1359,0.00,946,0.00,346,0.00,1809,0.00,1251,3.00,1588,-3.00,897,-1.00,3,2.10
2215,20.00,2184,20.00,3047,20.00,1753,20.00,1275,20.00,1370,5.00,2893,-2.00,5861,10.00,4686,0.00,1518,20.00,2259,20.00,2660,40.00,2517,0.00,1142,24.00,3735,0.00,1359,0.00,946,0.00,346,0.00,1809,0.00,1250,2.00,1588,4.00,896,-2.00,3,2.10
2250,20.00,2184,19.00,3047,20.00,1753,20.00,1275,20.00,1370,5.00,2893,-3.00,5861,10.00,4686,0.00,1518,20.00,2259,20.00,2660,39.00,2517,0.00,1142,24.00,3735,0.00,1359,0.00,946,0.00,346,0.00,1809,0.00,1250,4.00,1588,-3.00,897,-3.00,3,2.42
2286,20.00,2184,20.00,3047,19.00,1753,20.00,1275,20.00,1370,5.00,2893,-2.00,5861,10.00,4686,0.00,1518,20.00,2259,20.00,2660,40.00,2517,0.00,1142,23.00,3735,0.00,1359,0.00,946,0.00,346,0.00,1809,0.00,1251,3.00,1588,5.00,897,-1.00,3,2.10
2322,20.00,2184,20.00,3047,20.00,1753,20.00,1275,20.00,1371,5.00,2893,-2.00,5861,10.00,4686,0.00,1518,20.00,2259,20.00,2660,40.00,2517,0.00,1142,24.00,3735,3.00,1359,0.00,946,0.00,346,0.00,1809,0.00,1251,4.00,1588,-3.00,897,-2.00,3,2.18
2358,20.00,2184,20.00,3047,20.00,1753,20.00,1275,18.00,1372,5.00,2893,-2.00,5862,11.00,4686,0.00,1518,20.00,2259,19.00,2660,40.00,2517,0.00,1142,24.00,3735,0.00,1359,0.00,946,0.00,346,0.00,1809,0.00,1250,1.00,1588,-4.00,896,-3.00,3,2.34
2393,20.00,2184,21.00,3047,20.00,1753,20.00,1275,20.00,1372,5.00,2893,-2.00,5861,10.00,4686,0.00,1518,20.00,2259,19.00,2660,40.00,2517,-7.00,1142,24.00,3735,2.00,1359,0.00,946,0.00,346,0.00,1809,0.00,1251,2.00,1588,-3.00,897,-2.00,3,2.18
2429,20.00,2184,20.00,3047,20.00,1753,20.00,1275,21.00,1372,5.00,2893,-2.00,5861,10.00,4686,0.00,1518,20.00,2259,20.00,2660,40.00,2517,0.00,1142,24.00,3735,2.00,1359,0.00,946,0.00,346,0.00,1809,0.00,1250,2.00,1588,-5.00,897,-2.00,3,2.50
2465,19.00,2184,20.00,3047,19.00,1753,20.00,1275,20.00,1372,5.00,2893,-2.00,5861,10.00,4686,0.00,1518,20.00,2259,20.00,2660,40.00,2517,0.00,1142,24.00,3735,3.00,1359,0.00,946,0.00,346,0.00,1809,0.00,1250,4.00,1588,-1.00,897,-2.00,3,2.50
2501,21.00,2184,20.00,3047,20.00,1753,20.00,1275,20.00,1372,5.00,2893,-2.00,5861,10.00,4686,0.00,1518,20.00,2259,20.00,2660,40.00,2517,0.00,1142,24.00,3735,0.00,1359,0.00,946,0.00,346,0.00,1809,0.00,1251,3.00,1588,-2.00,897,-2.00,3,2.42
2536,20.00,2184,20.00,3047,20.00,1753,20.00,1275,20.00,1372,5.00,2893,-2.00,5861,10.00,4686,0.00,1518,20.00,2259,20.00,2660,40.00,2517,0.00,1142,24.00,3735,1.00,1359,0.00,946,0.00,346,0.00,1809,0.00,1250,3.00,1588,-4.00,896,-2.00,3,2.58
2572,20.00,2184,20.00,3047,20.00,1753,20.00,1275,20.00,1372,5.00,2893,-2.00,5861,10.00,4686,0.00,1518,20.00,2259,20.00,2660,40.00,2517,0.00,1142,24.00,3735,2.00,1359,0.00,946,0.00,346,0.00,1809,0.00,1250,4.00,1588,-3.00,897,-2.00,3,2.90
2608,20.00,2184,20.00,3047,21.00,1753,20.00,1275,20.00,1372,5.00,2893,-1.00,5861,10.00,4686,0.00,1518,20.00,2259,21.00,2660,40.00,2517,0.00,1142,24.00,3735,0.00,1359,0.00,946,0.00,346,0.00,1809,0.00,1250,3.00,1588,-3.00,897,-1.00,3,2.74
2644,19.00,2184,19.00,3047,20.00,1753,20.00,1275,20.00,1372,5.00,2893,-1.00,5861,10.00,4686,0.00,1518,20.00,2259,20.00,2660,40.00,2517,0.00,1142,24.00,3735,0.00,1359,0.00,946,0.00,346,0.00,1809,0.00,1251,2.00,1588,-3.00,897,-2.00,3,2.66
2679,20.00,2184,20.00,3047,20.00,1753,20.00,1275,20.00,1372,5.00,2893,-2.00,5861,10.00,4686,0.00,1518,20.00,2259,20.00,2660,40.00,2517,0.00,1142,24.00,3735,1.00,1359,0.00,946,0.00,346,0.00,1809,0.00,1251,2.00,1588,1.00,897,-2.00,3,2.66
2715,20.00,2184,20.00,3047,20.00,1753,19.00,1275,20.00,1372,5.00,2893,-2.00,5861,10.00,4686,0.00,1518,19.00,2259,20.00,2660,40.00,2517,1.00,1142,24.00,3735,1.00,1359,0.00,946,0.00,346,0.00,1809,0.00,1250,2.00,1588,0.00,897,-3.00,3,2.98
2751,19.00,2184,20.00,3047,20.00,1753,20.00,1275,20.00,1372,5.00,2893,-1.00,5861,10.00,4686,0.00,1518,20.00,2259,20.00,2660,40.00,2517,0.00,1142,24.00,3735,1.00,1359,0.00,946,0.00,346,0.00,1809,0.00,1251,2.00,1588,-4.00,896,-1.00,3,2.98
2787,20.00,2184,20.00,3047,20.00,1753,20.00,1275,20.00,1372,5.00,2893,-2.00,5861,10.00,4686,0.00,1518,20.00,2259,20.00,2660,40.00,2517,0.00,1142,24.00,3735,0.00,1359,0.00,946,0.00,346,0.00,1809,0.00,1250,2.00,1588,-4.00,897,-1.00,3,3.06
2822,20.00,2184,20.00,3047,20.00,1753,20.00,1275,20.00,1372,5.00,2893,-2.00,5861,10.00,4686,0.00,1518,20.00,2259,20.00,2660,40.00,2517,0.00,1142,24.00,3735,2.00,1359,0.00,946,0.00,346,0.00,1809,0.00,1250,2.00,1588,-3.00,897,-3.00,3,3.06
2858,20.00,2184,19.00,3047,20.00,1753,20.00,1275,19.00,1372,5.00,2893,-1.00,5861,9.00,4686,0.00,1518,20.00,2259,21.00,2660,40.00,2517,0.00,1142,24.00,3735,3.00,1359,0.00,946,0.00,346,0.00,1809,0.00,1250,2.00,1588,-2.00,897,-2.00,3,3.23
2894,20.00,2184,20.00,3047,20.00,1753,19.00,1275,20.00,1372,4.00,2893,-2.00,5861,10.00,4686,0.00,1518,20.00,2258,20.00,2660,40.00,2517,0.00,1142,25.00,3735,1.00,1359,0.00,946,0.00,346,0.00,1809,0.00,1251,3.00,1588,-3.00,897,-1.00,3,3.39
2929,20.00,2184,20.00,3047,20.00,1753,20.00,1275,20.00,1372,5.00,2893,-1.00,5861,10.00,4686,0.00,1518,20.00,2259,20.00,2660,40.00,2517,0.00,1143,24.00,3735,0.00,1359,0.00,946,0.00,346,0.00,1809,0.00,1251,4.00,1588,2.00,897,-2.00,3,3.31
2965,20.00,2184,20.00,3047,20.00,1753,20.00,1275,20.00,1372,5.00,2893,-3.00,5861,10.00,4686,0.00,1518,20.00,2259,20.00,2660,40.00,2517,-1.00,1142,25.00,3735,1.00,1359,0.00,946,0.00,346,0.00,1809,0.00,1250,3.00,1588,-2.00,897,-1.00,3,3.23
3001,20.00,2184,20.00,3047,20.00,1753,20.00,1275,20.00,1372,5.00,2893,-2.00,5861,10.00,4686,0.00,1518,20.00,2259,21.00,2660,41.00,2517,-1.00,1142,24.00,3735,1.00,1359,0.00,946,0.00,346,0.00,1809,0.00,1251,4.00,1588,-3.00,897,-2.00,3,3.55
3036,20.00,2184,20.00,3047,20.00,1753,20.00,1275,20.00,1372,5.00,2893,-1.00,5861,11.00,4686,0.00,1518,20.00,2258,20.00,2660,40.00,2517,0.00,1142,24.00,3735,0.00,1359,0.00,946,0.00,346,0.00,1809,0.00,1251,4.00,1588,3.00,897,-2.00,3,3.55
3072,20.00,2185,21.00,3047,20.00,1753,19.00,1275,20.00,1372,5.00,2893,-2.00,5861,10.00,4686,0.00,1518,20.00,2258,20.00,2660,40.00,2517,0.00,1142,24.00,3735,2.00,1359,0.00,946,0.00,346,0.00,1809,0.00,1250,4.00,1588,-3.00,897,-1.00,3,3.23
3108,20.00,2184,21.00,3047,20.00,1753,21.00,1275,20.00,1372,5.00,2893,-2.00,5861,10.00,4686,0.00,1518,19.00,2258,20.00,2660,40.00,2517,0.00,1142,24.00,3735,3.00,1359,0.00,946,0.00,346,0.00,1809,0.00,1250,3.00,1588,5.00,897,-1.00,3,3.63
3143,20.00,2184,20.00,3047,19.00,1753,20.00,1275,20.00,1372,5.00,2893,-1.00,5861,9.00,4686,0.00,1518,20.00,2258,20.00,2660,40.00,2517,0.00,1142,24.00,3735,1.00,1359,0.00,946,0.00,346,0.00,1809,0.00,1250,4.00,1588,-2.00,897,-3.00,3,4.19
3179,20.00,2184,20.00,3047,20.00,1753,20.00,1275,20.00,1372,5.00,2893,-2.00,5861,10.00,4686,0.00,1518,20.00,2258,21.00,2660,39.00,2517,0.00,1142,24.00,3735,2.00,1359,0.00,946,0.00,346,0.00,1809,0.00,1251,1.00,1588,-1.00,897,-2.00,3,3.79
3215,20.00,2184,20.00,3047,20.00,1753,20.00,1275,20.00,1372,5.00,2893,-3.00,5861,10.00,4686,0.00,1518,20.00,2258,20.00,2660,40.00,2517,0.00,1142,24.00,3735,0.00,1359,0.00,946,0.00,346,0.00,1809,0.00,1251,4.00,1588,-1.00,897,-3.00,3,3.55
3251,20.00,2184,20.00,3047,20.00,1753,20.00,1275,21.00,1372,5.00,2893,-2.00,5861,10.00,4686,0.00,1518,20.00,2258,20.00,2660,40.00,2517,0.00,1142,24.00,3735,1.00,1359,0.00,946,0.00,346,0.00,1809,0.00,1250,3.00,1588,-1.00,897,-3.00,3,4.19
3286,20.00,2184,20.00,3046,20.00,1753,20.00,1275,20.00,1372,5.00,2893,-2.00,5861,10.00,4686,0.00,1518,20.00,2258,20.00,2660,40.00,2517,0.00,1142,25.00,3735,2.00,1359,0.00,946,0.00,346,0.00,1809,0.00,1251,1.00,1588,-2.00,897,-2.00,3,4.03
3322,20.00,2184,20.00,3047,20.00,1753,20.00,1275,20.00,1372,5.00,2893,-3.00,5861,10.00,4686,0.00,1518,21.00,2258,20.00,2659,40.00,2517,0.00,1142,24.00,3735,1.00,1359,0.00,946,0.00,346,0.00,1809,0.00,1251,2.00,1588,-3.00,897,-2.00,3,4.19
3358,20.00,2184,20.00,3047,20.00,1753,20.00,1275,21.00,1372,5.00,2893,-2.00,5861,10.00,4686,0.00,1518,20.00,2258,19.00,2659,40.00,2517,0.00,1142,24.00,3735,0.00,1359,0.00,946,0.00,346,0.00,1809,0.00,1251,3.00,1588,-1.00,897,-1.00,3,4.44
3394,20.00,2184,20.00,3047,20.00,1753,20.00,1275,20.00,1372,5.00,2893,-2.00,5861,10.00,4686,0.00,1518,20.00,2258,20.00,2659,40.00,2517,0.00,1142,24.00,3735,2.00,1359,0.00,946,0.00,346,0.00,1809,0.00,1251,4.00,1588,-3.00,897,-2.00,3,4.44
3429,20.00,2184,20.00,3047,19.00,1753,20.00,1275,20.00,1372,5.00,2893,-2.00,5861,9.00,4686,0.00,1518,20.00,2258,20.00,2659,40.00,2517,0.00,1142,24.00,3735,0.00,1359,0.00,946,0.00,346,0.00,1809,0.00,1251,3.00,1588,-2.00,897,-2.00,3,4.76
3465,20.00,2184,20.00,3047,20.00,1753,20.00,1275,20.00,1372,5.00,2893,-3.00,5861,10.00,4686,0.00,1518,20.00,2258,19.00,2659,40.00,2517,0.00,1142,24.00,3735,1.00,1359,0.00,946,0.00,346,0.00,1809,0.00,1250,2.00,1588,-3.00,897,-2.00,3,4.60
3501,20.00,2184,20.00,3047,20.00,1753,20.00,1275,20.00,1372,5.00,2893,-2.00,5861,10.00,4686,0.00,1518,20.00,2258,19.00,2659,40.00,2517,0.00,1142,23.00,3735,1.00,1359,0.00,946,0.00,346,0.00,1809,0.00,1251,1.00,1588,-2.00,897,-3.00,3,4.76
3536,20.00,2184,20.00,3047,20.00,1753,20.00,1275,20.00,1372,5.00,2893,-2.00,5861,10.00,4686,0.00,1518,20.00,2258,20.00,2659,40.00,2516,1.00,1142,24.00,3735,2.00,1359,0.00,946,0.00,346,0.00,1809,0.00,1251,4.00,1588,-2.00,897,-1.00,3,4.60
3572,19.00,2184,20.00,3047,21.00,1753,20.00,1275,20.00,1372,4.00,2893,-2.00,5861,10.00,4686,0.00,1518,20.00,2258,19.00,2659,40.00,2517,0.00,1142,23.00,3735,1.00,1359,0.00,946,0.00,346,0.00,1809,0.00,1251,4.00,1588,-1.00,897,-3.00,3,4.60
3608,20.00,2184,19.00,3047,20.00,1753,20.00,1275,20.00,1372,5.00,2893,-1.00,5861,10.00,4686,0.00,1518,20.00,2258,20.00,2659,40.00,2516,1.00,1142,24.00,3735,2.00,1359,0.00,946,0.00,346,0.00,1809,0.00,1251,3.00,1588,-2.00,897,-1.00,3,4.92
3644,20.00,2184,20.00,3047,20.00,1753,21.00,1275,20.00,1372,6.00,2893,-1.00,5861,10.00,4686,0.00,1518,20.00,2258,21.00,2659,40.00,2516,1.00,1142,24.00,3735,2.00,1359,0.00,946,0.00,346,0.00,1809,0.00,1251,2.00,1588,-1.00,897,-2.00,3,5.00
3680,20.00,2185,21.00,3047,19.00,1754,20.00,1275,20.00,1372,5.00,2893,-3.00,5861,10.00,4686,0.00,1518,20.00,2258,20.00,2659,40.00,2516,1.00,1143,24.00,3735,1.00,1359,0.00,946,0.00,346,0.00,1809,0.00,1251,2.00,1588,-2.00,897,-2.00,3,5.00
3715,20.00,2185,20.00,3047,20.00,1756,20.00,1275,20.00,1372,5.00,2893,-1.00,5861,9.00,4686,0.00,1518,21.00,2258,20.00,2659,40.00,2516,-2.00,1142,25.00,3735,1.00,1359,0.00,946,0.00,346,0.00,1809,0.00,1251,5.00,1588,-3.00,897,-2.00,3,5.08
3751,20.00,2184,21.00,3047,20.00,1757,20.00,1275,20.00,1372,5.00,2893,-3.00,5861,10.00,4686,0.00,1518,19.00,2258,19.00,2659,40.00,2516,-2.00,1142,24.00,3735,1.00,1359,0.00,946,0.00,346,0.00,1809,0.00,1251,4.00,1588,-2.00,897,-2.00,3,5.24
3787,20.00,2184,20.00,3047,20.00,1757,20.00,1275,20.00,1372,4.00,2893,-3.00,5861,10.00,4686,0.00,1518,21.00,2258,20.00,2659,40.00,2516,0.00,1142,24.00,3735,1.00,1359,0.00,946,0.00,346,0.00,1809,0.00,1251,5.00,1588,-2.00,897,-2.00,3,5.32
3822,20.00,2184,20.00,3047,20.00,1756,20.00,1275,21.00,1372,5.00,2893,-2.00,5861,10.00,4686,0.00,1518,20.00,2258,20.00,2659,40.00,2516,-3.00,1143,23.00,3735,1.00,1359,0.00,946,0.00,346,0.00,1809,0.00,1251,4.00,1588,-3.00,897,-1.00,3,5.48
3858,19.00,2185,21.00,3047,20.00,1757,19.00,1275,20.00,1372,5.00,2893,-2.00,5861,10.00,4686,0.00,1518,20.00,2258,19.00,2659,40.00,2516,-4.00,1143,24.00,3735,1.00,1359,0.00,946,0.00,346,0.00,1809,0.00,1251,4.00,1588,-1.00,897,-1.00,3,5.73
3894,20.00,2184,19.00,3047,20.00,1757,19.00,1275,21.00,1372,5.00,2893,-2.00,5861,10.00,4686,0.00,1518,20.00,2258,21.00,2659,41.00,2516,-1.00,1142,24.00,3735,1.00,1359,0.00,946,0.00,346,0.00,1809,0.00,1251,2.00,1588,-3.00,897,-2.00,3,5.40
3929,19.00,2184,20.00,3047,20.00,1757,20.00,1275,20.00,1372,5.00,2893,-2.00,5861,10.00,4686,-1.00,1517,20.00,2258,20.00,2659,40.00,2516,-1.00,1143,24.00,3735,2.00,1359,0.00,946,0.00,346,0.00,1809,0.00,1251,2.00,1588,-3.00,897,-2.00,3,5.48
3965,20.00,2184,20.00,3047,20.00,1757,20.00,1275,20.00,1372,5.00,2893,-2.00,5861,10.00,4686,0.00,1518,20.00,2258,20.00,2659,40.00,2516,-5.00,1143,24.00,3735,2.00,1359,0.00,946,0.00,346,0.00,1809,0.00,1251,3.00,1588,-2.00,897,-2.00,3,5.65
4001,20.00,2185,20.00,3047,20.00,1757,20.00,1275,20.00,1372,5.00,2893,-1.00,5861,10.00,4686,1.00,1518,20.00,2258,20.00,2659,41.00,2516,6.00,1143,24.00,3735,1.00,1359,0.00,946,0.00,346,0.00,1809,0.00,1251,4.00,1588,-2.00,897,-3.00,3,5.48
4036,20.00,2185,20.00,3047,20.00,1757,20.00,1275,20.00,1372,5.00,2893,-2.00,5861,11.00,4686,-2.00,1518,20.00,2258,20.00,2659,40.00,2516,6.00,1142,25.00,3735,1.00,1359,0.00,946,0.00,346,0.00,1809,0.00,1250,4.00,1588,2.00,897,-1.00,3,5.97
4072,20.00,2185,20.00,3046,20.00,1757,20.00,1275,20.00,1372,5.00,2893,-2.00,5861,10.00,4686,0.00,1518,20.00,2258,20.00,2659,40.00,2516,0.00,1143,24.00,3735,2.00,1359,0.00,946,0.00,346,0.00,1809,0.00,1250,5.00,1588,-1.00,897,-2.00,3,5.56
4108,20.00,2184,20.00,3047,20.00,1757,20.00,1275,20.00,1372,6.00,2893,-2.00,5861,11.00,4686,-1.00,1518,20.00,2258,20.00,2659,40.00,2516,-1.00,1143,24.00,3735,1.00,1359,0.00,946,0.00,346,0.00,1809,0.00,1251,5.00,1588,-2.00,897,-2.00,3,5.73
4144,20.00,2184,20.00,3047,20.00,1757,20.00,1275,20.00,1372,5.00,2893,-2.00,5861,10.00,4686,0.00,1517,20.00,2258,20.00,2659,40.00,2516,0.00,1143,23.00,3735,1.00,1359,0.00,946,0.00,346,0.00,1809,0.00,1251,4.00,1588,-2.00,897,-2.00,3,5.89
4179,21.00,2184,20.00,3047,20.00,1757,20.00,1275,20.00,1372,5.00,2893,-1.00,5861,10.00,4686,3.00,1518,20.00,2258,20.00,2658,40.00,2516,0.00,1143,24.00,3735,2.00,1359,0.00,946,0.00,346,0.00,1809,0.00,1251,3.00,1588,-3.00,897,-3.00,3,5.97
4215,20.00,2185,20.00,3047,20.00,1757,20.00,1275,20.00,1372,5.00,2893,-1.00,5861,9.00,4686,0.00,1518,20.00,2258,20.00,2658,40.00,2516,0.00,1143,24.00,3735,1.00,1359,0.00,946,0.00,346,0.00,1809,0.00,1251,4.00,1588,-3.00,897,-3.00,3,6.05
4251,20.00,2184,20.00,3047,21.00,1757,20.00,1275,20.00,1372,5.00,2893,-2.00,5861,9.00,4686,2.00,1518,20.00,2258,20.00,2658,40.00,2516,0.00,1143,24.00,3735,2.00,1359,0.00,946,0.00,346,0.00,1809,0.00,1251,3.00,1588,-1.00,897,-3.00,3,5.89
4287,21.00,2184,20.00,3047,20.00,1757,20.00,1275,20.00,1372,5.00,2893,-3.00,5861,10.00,4686,-2.00,1517,20.00,2258,20.00,2658,40.00,2516,0.00,1143,24.00,3735,2.00,1359,0.00,946,0.00,346,0.00,1809,0.00,1251,3.00,1588,-2.00,897,-2.00,3,5.97
4322,20.00,2184,21.00,3047,20.00,1757,20.00,1275,20.00,1372,5.00,2893,-2.00,5861,11.00,4686,1.00,1518,20.00,2257,20.00,2658,40.00,2515,0.00,1143,24.00,3735,1.00,1359,0.00,946,0.00,346,0.00,1809,0.00,1251,5.00,1588,-3.00,897,-1.00,3,6.37
4358,20.00,2184,20.00,3047,20.00,1757,20.00,1275,20.00,1372,5.00,2893,-2.00,5861,11.00,4686,8.00,1518,20.00,2257,20.00,2658,40.00,2515,-1.00,1143,24.00,3735,0.00,1359,0.00,946,0.00,346,0.00,1809,0.00,1251,5.00,1588,-3.00,897,-1.00,3,6.53
4394,20.00,2185,20.00,3047,20.00,1757,20.00,1275,20.00,1372,5.00,2893,-2.00,5861,10.00,4686,0.00,1518,20.00,2257,20.00,2658,40.00,2515,2.00,1143,24.00,3735,1.00,1359,0.00,946,0.00,346,0.00,1809,0.00,1251,4.00,1588,-1.00,897,-2.00,3,6.61
4430,19.00,2184,20.00,3047,20.00,1757,20.00,1275,20.00,1372,5.00,2893,-3.00,5861,10.00,4686,-2.00,1518,20.00,2257,20.00,2658,40.00,2515,0.00,1143,24.00,3735,1.00,1359,0.00,946,0.00,346,0.00,1809,0.00,1251,2.00,1588,-3.00,897,-2.00,3,6.37
4465,21.00,2184,19.00,3047,20.00,1757,20.00,1275,20.00,1372,5.00,2893,-2.00,5861,11.00,4686,0.00,1517,20.00,2257,20.00,2658,41.00,2515,1.00,1143,24.00,3735,1.00,1359,0.00,946,0.00,346,0.00,1809,0.00,1251,5.00,1588,-1.00,897,-3.00,3,6.61
4501,20.00,2184,19.00,3047,20.00,1757,20.00,1275,20.00,1372,4.00,2893,-2.00,5861,10.00,4686,-1.00,1518,20.00,2257,20.00,2658,40.00,2515,0.00,1143,24.00,3735,1.00,1359,0.00,946,0.00,346,0.00,1809,0.00,1251,2.00,1588,-3.00,897,-3.00,3,6.37
4537,20.00,2185,21.00,3047,20.00,1757,20.00,1275,21.00,1372,5.00,2893,-1.00,5861,10.00,4686,-3.00,1517,20.00,2257,20.00,2658,40.00,2515,0.00,1143,24.00,3735,2.00,1359,0.00,946,0.00,346,0.00,1809,0.00,1251,2.00,1588,-3.00,897,-3.00,3,6.61
4573,20.00,2185,20.00,3047,20.00,1757,20.00,1275,21.00,1372,5.00,2893,-2.00,5861,11.00,4686,-1.00,1518,20.00,2257,19.00,2658,40.00,2515,0.00,1143,24.00,3735,1.00,1359,0.00,946,0.00,346,0.00,1809,0.00,1250,3.00,1588,-1.00,897,-1.00,3,6.53
4608,20.00,2185,20.00,3047,20.00,1757,20.00,1275,19.00,1372,5.00,2893,-2.00,5861,10.00,4686,8.00,1518,19.00,2257,20.00,2658,40.00,2515,0.00,1143,24.00,3735,0.00,1359,0.00,946,0.00,346,0.00,1809,0.00,1250,3.00,1588,-2.00,897,-2.00,3,6.77
4644,21.00,2185,21.00,3047,20.00,1757,20.00,1275,20.00,1372,5.00,2893,-3.00,5861,10.00,4686,9.00,1518,20.00,2257,20.00,2658,39.00,2515,0.00,1143,24.00,3735,0.00,1359,0.00,946,0.00,346,0.00,1809,0.00,1251,5.00,1588,-2.00,897,-3.00,3,6.69
4680,20.00,2185,20.00,3047,20.00,1757,20.00,1275,20.00,1372,5.00,2893,-2.00,5861,10.00,4686,1.00,1518,20.00,2257,19.00,2658,40.00,2515,0.00,1143,24.00,3735,1.00,1359,0.00,946,0.00,346,0.00,1809,0.00,1251,3.00,1588,-3.00,897,-3.00,3,6.85
4716,20.00,2185,19.00,3047,20.00,1757,20.00,1275,20.00,1372,5.00,2893,-2.00,5861,10.00,4686,-1.00,1518,20.00,2257,20.00,2658,40.00,2515,0.00,1143,24.00,3735,1.00,1359,0.00,946,0.00,346,0.00,1809,0.00,1250,4.00,1588,-1.00,897,-1.00,3,6.69
4751,20.00,2185,20.00,3047,20.00,1757,20.00,1275,20.00,1372,6.00,2893,-2.00,5861,10.00,4686,9.00,1517,20.00,2257,20.00,2658,40.00,2515,0.00,1143,24.00,3735,1.00,1359,0.00,946,0.00,346,0.00,1809,0.00,1251,4.00,1588,-2.00,897,-3.00,3,5.48
4787,20.00,2185,20.00,3047,20.00,1757,20.00,1275,20.00,1372,5.00,2893,-3.00,5862,10.00,4686,-4.00,1518,20.00,2257,19.00,2658,40.00,2515,-1.00,1143,24.00,3735,0.00,1359,0.00,946,0.00,346,0.00,1809,0.00,1251,3.00,1588,-2.00,897,-2.00,3,6.94
4823,20.00,2185,21.00,3047,20.00,1757,20.00,1275,20.00,1372,5.00,2893,-2.00,5861,10.00,4686,5.00,1517,20.00,2257,20.00,2658,40.00,2515,0.00,1143,24.00,3735,2.00,1359,0.00,946,0.00,346,0.00,1809,0.00,1251,2.00,1588,-3.00,897,-3.00,3,7.34
4859,19.00,2185,20.00,3047,20.00,1757,20.00,1275,20.00,1372,5.00,2893,-2.00,5861,10.00,4686,3.00,1518,19.00,2257,20.00,2658,40.00,2515,0.00,1143,24.00,3735,2.00,1359,0.00,946,0.00,346,0.00,1809,0.00,1251,4.00,1588,-2.00,897,-2.00,3,7.10
4894,20.00,2184,20.00,3047,20.00,1757,20.00,1275,20.00,1372,4.00,2893,-1.00,5861,10.00,4686,6.00,1518,20.00,2257,21.00,2658,40.00,2514,0.00,1143,24.00,3735,0.00,1359,0.00,946,0.00,346,0.00,1809,0.00,1250,3.00,1588,-1.00,897,-2.00,3,7.50
4930,20.00,2185,20.00,3047,20.00,1757,19.00,1275,20.00,1372,5.00,2893,-2.00,5861,11.00,4686,-7.00,1517,20.00,2257,19.00,2658,40.00,2514,0.00,1143,24.00,3735,1.00,1359,0.00,946,0.00,346,0.00,1809,0.00,1250,4.00,1588,-1.00,897,-2.00,3,7.26
4966,20.00,2185,20.00,3047,20.00,1757,20.00,1275,20.00,1372,5.00,2893,-2.00,5861,9.00,4686,-1.00,1518,20.00,2257,20.00,2657,40.00,2514,0.00,1143,24.00,3735,1.00,1359,0.00,946,0.00,346,0.00,1809,0.00,1250,2.00,1588,-2.00,897,-3.00,3,7.26
5001,20.00,2184,19.00,3047,20.00,1757,20.00,1275,20.00,1372,5.00,2893,-2.00,5861,10.00,4686,-1.00,1517,20.00,2257,20.00,2657,40.00,2514,0.00,1143,24.00,3735,1.00,1359,0.00,946,0.00,346,0.00,1809,0.00,1251,2.00,1588,-3.00,897,-2.00,3,7.10
5037,20.00,2184,20.00,3047,20.00,1757,20.00,1275,20.00,1372,5.00,2893,-2.00,5861,10.00,4686,2.00,1518,20.00,2257,20.00,2657,40.00,2514,0.00,1143,24.00,3735,1.00,1359,0.00,946,0.00,346,0.00,1809,0.00,1250,2.00,1588,-3.00,897,-3.00,3,7.26
5073,20.00,2184,21.00,3047,20.00,1757,20.00,1275,20.00,1372,5.00,2893,-2.00,5861,10.00,4686,-2.00,1517,21.00,2257,20.00,2657,40.00,2514,0.00,1143,24.00,3735,2.00,1359,0.00,946,0.00,346,0.00,1809,0.00,1251,3.00,1588,-2.00,897,-3.00,3,7.42
5109,21.00,2185,20.00,3047,19.00,1757,20.00,1275,20.00,1372,5.00,2893,-2.00,5861,10.00,4686,5.00,1517,20.00,2257,20.00,2657,40.00,2514,0.00,1143,24.00,3735,1.00,1359,0.00,946,0.00,346,0.00,1809,0.00,1251,2.00,1588,-3.00,897,-3.00,3,7.34
5144,20.00,2185,19.00,3047,20.00,1757,20.00,1275,20.00,1372,5.00,2893,-2.00,5861,10.00,4686,2.00,1517,20.00,2257,20.00,2657,40.00,2514,0.00,1143,24.00,3735,2.00,1359,0.00,946,0.00,346,0.00,1809,0.00,1250,4.00,1588,-1.00,897,-1.00,3,7.58
5180,20.00,2185,20.00,3047,20.00,1757,20.00,1275,20.00,1372,5.00,2893,-2.00,5861,10.00,4686,0.00,1517,20.00,2257,20.00,2657,40.00,2514,0.00,1143,24.00,3735,1.00,1359,0.00,946,0.00,346,0.00,1809,0.00,1250,2.00,1588,-2.00,897,-1.00,3,8.23
5216,20.00,2185,20.00,3047,20.00,1757,20.00,1275,20.00,1372,5.00,2893,-3.00,5861,9.00,4686,5.00,1517,20.00,2257,20.00,2657,40.00,2514,0.00,1143,24.00,3735,1.00,1359,0.00,946,0.00,346,0.00,1809,0.00,1251,3.00,1588,-2.00,897,-2.00,3,7.50
5251,20.00,2185,20.00,3047,20.00,1757,20.00,1275,20.00,1372,6.00,2893,-2.00,5861,10.00,4686,2.00,1517,20.00,2257,20.00,2657,40.00,2514,0.00,1143,24.00,3735,1.00,1359,0.00,946,0.00,346,0.00,1809,0.00,1251,1.00,1588,-2.00,897,-3.00,3,7.82
5287,20.00,2185,20.00,3047,20.00,1757,20.00,1275,20.00,1372,5.00,2893,-1.00,5861,10.00,4686,0.00,1517,20.00,2257,20.00,2657,40.00,2514,0.00,1143,24.00,3735,2.00,1359,0.00,946,0.00,346,0.00,1809,0.00,1250,1.00,1588,-2.00,897,-1.00,3,7.98
5323,20.00,2185,20.00,3047,20.00,1757,20.00,1275,20.00,1372,5.00,2893,-2.00,5861,10.00,4686,8.00,1517,20.00,2257,19.00,2657,40.00,2514,0.00,1143,24.00,3735,1.00,1359,0.00,946,0.00,346,0.00,1809,0.00,1251,3.00,1588,-1.00,897,-2.00,3,7.98
5359,20.00,2184,20.00,3047,20.00,1757,20.00,1275,20.00,1372,4.00,2893,-2.00,5861,10.00,4686,1.00,1517,20.00,2257,20.00,2657,40.00,2514,0.00,1143,24.00,3735,1.00,1359,0.00,946,0.00,346,0.00,1809,0.00,1250,3.00,1588,-1.00,897,-1.00,3,7.74
5394,20.00,2185,20.00,3047,21.00,1757,20.00,1275,20.00,1372,5.00,2893,-2.00,5861,10.00,4686,2.00,1517,20.00,2257,20.00,2657,40.00,2514,0.00,1143,24.00,3735,1.00,1359,0.00,946,0.00,346,0.00,1809,0.00,1250,3.00,1588,-2.00,897,-2.00,3,7.50
5430,20.00,2185,20.00,3047,20.00,1757,20.00,1275,20.00,1372,5.00,2893,-3.00,5861,11.00,4686,2.00,1518,19.00,2257,20.00,2657,40.00,2514,0.00,1143,25.00,3735,0.00,1359,0.00,946,0.00,346,0.00,1809,0.00,1250,3.00,1588,-3.00,897,-3.00,3,8.23
5466,20.00,2185,21.00,3047,19.00,1757,20.00,1275,20.00,1372,5.00,2893,-2.00,5861,9.00,4686,3.00,1517,20.00,2257,20.00,2657,40.00,2514,0.00,1143,24.00,3735,2.00,1359,0.00,946,0.00,346,0.00,1809,0.00,1250,2.00,1588,-2.00,897,-2.00,3,8.15
5501,20.00,2185,20.00,3047,20.00,1757,20.00,1275,20.00,1372,5.00,2893,-3.00,5861,10.00,4686,1.00,1517,20.00,2257,20.00,2657,40.00,2514,0.00,1143,24.00,3735,0.00,1359,0.00,946,0.00,346,0.00,1809,0.00,1249,2.00,1588,-1.00,897,-1.00,3,8.06
5537,20.00,2185,20.00,3047,20.00,1757,20.00,1275,20.00,1372,5.00,2893,-1.00,5861,11.00,4686,-1.00,1517,20.00,2257,20.00,2657,40.00,2514,0.00,1143,24.00,3735,0.00,1359,0.00,946,0.00,346,0.00,1809,0.00,1249,3.00,1588,-3.00,897,-1.00,3,8.06
5573,20.00,2185,20.00,3047,20.00,1757,20.00,1275,20.00,1372,5.00,2893,-2.00,5861,10.00,4686,2.00,1517,19.00,2257,20.00,2657,41.00,2514,0.00,1143,24.00,3735,0.00,1359,0.00,946,0.00,346,0.00,1809,0.00,1248,4.00,1588,-3.00,897,-3.00,3,8.31
5609,21.00,2185,20.00,3046,21.00,1757,20.00,1275,20.00,1372,5.00,2893,-2.00,5861,11.00,4686,1.00,1518,20.00,2257,20.00,2657,40.00,2514,0.00,1143,24.00,3735,0.00,1359,0.00,946,0.00,346,0.00,1809,0.00,1245,3.00,1588,-1.00,897,-2.00,3,8.31
5644,20.00,2186,19.00,3047,20.00,1757,20.00,1275,20.00,1372,6.00,2893,-2.00,5861,11.00,4686,-6.00,1518,20.00,2257,20.00,2657,40.00,2514,0.00,1143,24.00,3735,1.00,1359,0.00,946,0.00,346,0.00,1809,0.00,1244,1.00,1588,-2.00,897,-2.00,3,8.15
5680,20.00,2187,20.00,3047,21.00,1757,20.00,1275,20.00,1372,5.00,2893,-1.00,5861,10.00,4686,-7.00,1517,20.00,2257,19.00,2657,40.00,2514,0.00,1143,24.00,3735,0.00,1359,0.00,946,0.00,346,0.00,1809,0.00,1244,2.00,1588,-2.00,897,-2.00,3,7.82
5716,20.00,2188,20.00,3047,20.00,1757,19.00,1275,20.00,1372,5.00,2893,-2.00,5861,9.00,4686,4.00,1518,20.00,2257,20.00,2656,40.00,2514,0.00,1143,24.00,3735,0.00,1359,0.00,946,0.00,346,0.00,1809,0.00,1243,3.00,1588,-3.00,897,-3.00,3,8.15
5752,20.00,2188,20.00,3047,20.00,1757,20.00,1275,20.00,1372,5.00,2893,-2.00,5861,11.00,4686,-3.00,1517,20.00,2257,20.00,2657,40.00,2514,0.00,1143,24.00,3735,2.00,1359,0.00,946,0.00,346,0.00,1809,0.00,1243,3.00,1588,-2.00,897,-2.00,3,7.98
5787,20.00,2188,19.00,3047,20.00,1757,20.00,1275,20.00,1372,5.00,2893,-2.00,5861,10.00,4686,2.00,1517,20.00,2257,21.00,2657,40.00,2514,0.00,1143,24.00,3735,1.00,1359,0.00,946,0.00,346,0.00,1809,0.00,1243,4.00,1588,-1.00,897,-3.00,3,7.90
5823,20.00,2188,21.00,3047,20.00,1757,20.00,1275,20.00,1372,4.00,2893,-2.00,5861,10.00,4686,0.00,1517,20.00,2257,19.00,2656,40.00,2514,0.00,1143,23.00,3735,1.00,1359,0.00,946,0.00,346,0.00,1809,0.00,1243,1.00,1588,-2.00,897,-2.00,3,7.98
5859,20.00,2188,20.00,3047,19.00,1757,21.00,1275,20.00,1372,5.00,2893,-2.00,5861,10.00,4686,7.00,1517,19.00,2257,20.00,2657,40.00,2514,0.00,1142,23.00,3735,0.00,1359,0.00,946,0.00,346,0.00,1809,0.00,1243,3.00,1588,-1.00,897,-2.00,3,7.50
5894,21.00,2189,20.00,3047,20.00,1757,21.00,1275,20.00,1372,5.00,2893,-1.00,5861,10.00,4686,1.00,1517,20.00,2257,20.00,2657,40.00,2514,0.00,1143,24.00,3735,2.00,1359,0.00,946,0.00,346,0.00,1809,0.00,1243,1.00,1588,-1.00,897,-3.00,3,7.34
5930,20.00,2188,20.00,3047,20.00,1757,20.00,1275,20.00,1372,5.00,2893,-1.00,5861,11.00,4686,3.00,1517,20.00,2257,20.00,2656,40.00,2514,1.00,1143,24.00,3735,1.00,1359,0.00,946,0.00,346,0.00,1809,0.00,1243,4.00,1588,-2.00,897,-2.00,3,6.85
5966,20.00,2188,20.00,3047,19.00,1757,20.00,1275,20.00,1372,5.00,2893,-2.00,5861,10.00,4686,0.00,1517,20.00,2257,20.00,2656,40.00,2514,1.00,1143,25.00,3735,2.00,1359,0.00,946,0.00,346,0.00,1809,0.00,1243,3.00,1588,-1.00,897,-2.00,3,6.61
6002,20.00,2188,20.00,3047,20.00,1757,21.00,1275,20.00,1372,5.00,2893,-3.00,5861,9.00,4686,1.00,1518,20.00,2257,20.00,2656,40.00,2514,5.00,1143,24.00,3735,0.00,1359,0.00,946,0.00,346,0.00,1809,0.00,1243,4.00,1588,-1.00,897,-2.00,3,6.21
6037,20.00,2188,21.00,3047,20.00,1757,20.00,1275,21.00,1372,4.00,2893,-3.00,5861,10.00,4686,1.00,1518,20.00,2257,19.00,2656,40.00,2513,1.00,1142,24.00,3735,1.00,1359,0.00,946,0.00,346,0.00,1809,0.00,1243,5.00,1588,-1.00,897,-1.00,3,5.16
6073,19.00,2188,20.00,3047,20.00,1757,19.00,1275,20.00,1372,6.00,2893,-2.00,5861,10.00,4686,-2.00,1518,20.00,2257,20.00,2657,40.00,2514,0.00,1142,25.00,3735,1.00,1359,0.00,946,0.00,346,0.00,1809,0.00,1243,1.00,1588,-3.00,897,-5.00,3,4.76
6109,20.00,2189,20.00,3047,21.00,1757,21.00,1275,20.00,1372,5.00,2893,-1.00,5861,10.00,4686,1.00,1517,20.00,2257,20.00,2657,40.00,2514,0.00,1142,23.00,3735,1.00,1359,0.00,946,0.00,346,0.00,1809,0.00,1243,3.00,1588,-3.00,897,-7.00,2,3.95
6144,20.00,2188,20.00,3047,20.00,1757,20.00,1275,20.00,1372,5.00,2893,-2.00,5861,10.00,4686,-3.00,1518,21.00,2257,21.00,2657,40.00,2514,0.00,1142,24.00,3735,2.00,1359,0.00,946,0.00,346,0.00,1809,0.00,1243,3.00,1588,-1.00,897,5.00,2,3.31
6180,19.00,2189,20.00,3047,20.00,1757,20.00,1275,20.00,1372,5.00,2893,-2.00,5861,11.00,4686,-1.00,1517,20.00,2257,21.00,2657,40.00,2514,-1.00,1142,24.00,3735,1.00,1359,0.00,946,0.00,346,0.00,1809,0.00,1243,4.00,1588,-1.00,897,-1.00,3,3.63
6216,19.00,2189,20.00,3047,20.00,1757,21.00,1275,20.00,1372,5.00,2893,-1.00,5861,10.00,4686,-3.00,1518,20.00,2257,20.00,2657,40.00,2514,0.00,1142,24.00,3735,1.00,1359,0.00,946,0.00,346,0.00,1809,0.00,1243,2.00,1588,-3.00,897,-1.00,3,2.26
6252,20.00,2189,20.00,3047,21.00,1757,20.00,1275,19.00,1372,5.00,2893,-2.00,5861,10.00,4686,0.00,1517,20.00,2257,20.00,2658,39.00,2515,0.00,1142,24.00,3735,1.00,1359,0.00,946,0.00,346,0.00,1809,0.00,1243,4.00,1588,-3.00,897,6.00,2,1.85
6287,20.00,2189,20.00,3047,20.00,1757,20.00,1275,20.00,1372,5.00,2893,-1.00,5861,10.00,4686,-5.00,1518,20.00,2257,20.00,2658,40.00,2515,-1.00,1142,24.00,3735,1.00,1359,0.00,946,0.00,346,0.00,1809,0.00,1243,2.00,1588,-1.00,897,-2.00,3,1.53
6323,20.00,2189,19.00,3049,20.00,1757,20.00,1275,19.00,1373,5.00,2893,-3.00,5861,10.00,4686,-5.00,1517,20.00,2258,20.00,2658,40.00,2515,0.00,1142,24.00,3735,0.00,1359,0.00,946,0.00,346,0.00,1809,0.00,1244,4.00,1588,-2.00,897,-3.00,3,0.81
6359,20.00,2189,19.00,3053,20.00,1757,19.00,1278,20.00,1373,5.00,2893,-2.00,5861,10.00,4686,2.00,1517,20.00,2258,20.00,2659,40.00,2516,0.00,1142,24.00,3735,0.00,1359,0.00,946,0.00,346,0.00,1809,0.00,1244,4.00,1588,-2.00,897,-3.00,3,0.97
6395,20.00,2188,20.00,3061,20.00,1757,19.00,1284,19.00,1376,6.00,2893,-2.00,5861,11.00,4686,-4.00,1518,20.00,2258,20.00,2659,40.00,2516,0.00,1142,24.00,3735,0.00,1359,0.00,946,0.00,346,0.00,1809,0.00,1243,2.00,1588,-3.00,897,-3.00,3,0.48
6431,20.00,2189,19.00,3069,20.00,1757,20.00,1291,19.00,1384,4.00,2893,-2.00,5861,10.00,4686,8.00,1518,20.00,2258,20.00,2659,40.00,2516,0.00,1142,24.00,3735,1.00,1359,0.00,946,0.00,346,0.00,1808,0.00,1243,2.00,1588,-2.00,897,-3.00,3,0.40
6467,20.00,2189,20.00,3077,20.00,1757,20.00,1297,18.00,1394,5.00,2893,-2.00,5861,10.00,4686,0.00,1518,20.00,2258,20.00,2659,39.00,2516,0.00,1142,24.00,3735,2.00,1359,0.00,946,0.00,346,0.00,1808,0.00,1244,2.00,1588,3.00,897,-1.00,3,0.40
6502,20.00,2189,19.00,3083,20.00,1757,20.00,1303,21.00,1404,5.00,2893,-2.00,5861,10.00,4686,-1.00,1518,19.00,2258,20.00,2660,40.00,2516,0.00,1142,24.00,3735,1.00,1359,0.00,946,0.00,346,0.00,1808,0.00,1243,4.00,1588,-3.00,897,-2.00,3,0.24
6538,20.00,2189,20.00,3089,19.00,1758,20.00,1310,20.00,1414,5.00,2893,-3.00,5861,10.00,4686,0.00,1518,20.00,2259,20.00,2660,40.00,2517,0.00,1142,24.00,3735,0.00,1359,0.00,946,0.00,346,0.00,1805,0.00,1244,2.00,1588,-3.00,897,-3.00,3,0.24
6574,21.00,2190,22.00,3092,20.00,1763,21.00,1316,21.00,1422,4.00,2893,-2.00,5861,11.00,4686,-1.00,1518,20.00,2259,20.00,2660,40.00,2517,0.00,1142,24.00,3735,0.00,1359,0.00,946,0.00,346,0.00,1802,0.00,1243,3.00,1588,-2.00,897,-2.00,3,0.16
6610,20.00,2191,20.00,3096,20.00,1768,21.00,1321,20.00,1430,5.00,2893,-2.00,5861,10.00,4686,2.00,1518,20.00,2259,20.00,2660,40.00,2517,0.00,1142,24.00,3735,2.00,1359,0.00,946,0.00,346,0.00,1800,0.00,1243,4.00,1588,-2.00,896,-4.00,3,0.08
6645,20.00,2197,21.00,3099,20.00,1775,20.00,1326,21.00,1435,5.00,2893,-2.00,5861,10.00,4686,0.00,1518,20.00,2259,20.00,2660,40.00,2516,0.00,1142,24.00,3735,1.00,1359,0.00,946,0.00,346,0.00,1799,0.00,1244,3.00,1588,-2.00,897,-1.00,3,0.24
6681,20.00,2205,19.00,3102,20.00,1782,20.00,1331,21.00,1439,5.00,2893,-2.00,5861,10.00,4686,0.00,1518,20.00,2259,20.00,2660,40.00,2516,0.00,1142,24.00,3735,0.00,1359,0.00,946,0.00,346,0.00,1799,0.00,1244,5.00,1588,-4.00,897,-1.00,3,0.08
6717,20.00,2215,20.00,3105,20.00,1790,20.00,1336,20.00,1442,5.00,2893,-2.00,5861,10.00,4686,0.00,1518,20.00,2259,20.00,2660,40.00,2516,0.00,1142,23.00,3735,2.00,1359,0.00,946,0.00,346,0.00,1799,0.00,1244,3.00,1588,-4.00,897,-2.00,3,0.08
6753,20.00,2224,20.00,3107,20.00,1798,20.00,1339,20.00,1444,5.00,2893,-2.00,5861,11.00,4686,0.00,1518,20.00,2259,20.00,2660,40.00,2516,0.00,1142,24.00,3735,1.00,1359,0.00,946,0.00,346,0.00,1799,0.00,1244,2.00,1588,-3.00,897,-3.00,3,0.08
6789,20.00,2233,19.00,3110,20.00,1806,21.00,1342,21.00,1445,5.00,2893,-1.00,5861,10.00,4686,0.00,1518,20.00,2259,20.00,2660,40.00,2516,0.00,1142,24.00,3735,1.00,1359,0.00,946,0.00,346,0.00,1799,0.00,1243,4.00,1588,-1.00,897,-2.00,3,0.24
6824,19.00,2241,20.00,3113,19.00,1814,20.00,1346,21.00,1445,6.00,2893,-3.00,5861,10.00,4686,0.00,1518,20.00,2259,20.00,2660,40.00,2516,2.00,1141,24.00,3735,1.00,1359,0.00,946,0.00,346,0.00,1798,0.00,1244,3.00,1588,-2.00,897,-1.00,3,0.08
6860,21.00,2248,20.00,3116,21.00,1821,20.00,1348,20.00,1445,5.00,2893,-1.00,5861,9.00,4686,0.00,1518,20.00,2259,20.00,2660,40.00,2516,-2.00,1142,24.00,3735,0.00,1359,0.00,946,0.00,346,0.00,1797,0.00,1244,4.00,1588,-5.00,897,-3.00,3,0.16
6896,19.00,2254,19.00,3119,20.00,1828,20.00,1351,20.00,1445,5.00,2893,-3.00,5861,10.00,4686,0.00,1518,20.00,2259,20.00,2660,40.00,2516,-7.00,1142,24.00,3735,0.00,1359,0.00,946,0.00,346,0.00,1795,0.00,1243,2.00,1588,-3.00,897,-2.00,3,0.08
6932,20.00,2257,20.00,3121,20.00,1833,20.00,1351,20.00,1445,5.00,2893,-2.00,5861,10.00,4686,0.00,1518,20.00,2259,20.00,2660,40.00,2516,1.00,1141,23.00,3735,3.00,1359,0.00,946,0.00,346,0.00,1794,0.00,1243,4.00,1588,-4.00,897,-2.00,3,0.00
6968,19.00,2259,19.00,3124,20.00,1838,20.00,1351,20.00,1445,5.00,2893,-2.00,5861,10.00,4686,0.00,1518,20.00,2259,20.00,2660,40.00,2517,8.00,1141,24.00,3735,0.00,1359,0.00,946,0.00,346,0.00,1794,0.00,1243,4.00,1588,-3.00,897,-1.00,3,0.08
7003,21.00,2259,20.00,3125,20.00,1842,19.00,1351,20.00,1445,5.00,2893,-2.00,5861,11.00,4686,0.00,1518,20.00,2259,20.00,2660,40.00,2516,2.00,1141,24.00,3735,1.00,1359,0.00,946,0.00,346,0.00,1794,0.00,1244,2.00,1588,-4.00,897,-1.00,3,0.16
7039,21.00,2259,20.00,3127,20.00,1843,20.00,1351,20.00,1445,5.00,2893,-1.00,5861,10.00,4686,0.00,1518,19.00,2259,19.00,2660,40.00,2516,9.00,1141,24.00,3735,0.00,1359,0.00,946,0.00,346,0.00,1794,0.00,1243,2.00,1588,-4.00,897,-2.00,3,0.00
7075,19.00,2259,20.00,3128,20.00,1846,20.00,1352,20.00,1445,6.00,2893,-2.00,5861,10.00,4686,0.00,1518,19.00,2259,20.00,2660,40.00,2516,-2.00,1141,24.00,3735,1.00,1359,0.00,946,0.00,346,0.00,1794,0.00,1243,2.00,1588,1.00,897,-2.00,3,0.16
7110,20.00,2259,20.00,3128,21.00,1846,20.00,1351,20.00,1445,5.00,2893,-2.00,5861,10.00,4686,0.00,1518,21.00,2259,20.00,2660,40.00,2516,3.00,1141,24.00,3735,0.00,1359,0.00,946,0.00,346,0.00,1794,0.00,1243,4.00,1588,5.00,897,-3.00,3,0.08
7146,21.00,2259,20.00,3128,20.00,1846,20.00,1351,20.00,1445,5.00,2893,-2.00,5861,10.00,4686,0.00,1518,20.00,2259,20.00,2660,40.00,2516,1.00,1141,24.00,3735,2.00,1359,0.00,946,0.00,346,0.00,1794,0.00,1244,3.00,1588,3.00,897,-3.00,3,0.16
7182,20.00,2259,20.00,3128,20.00,1846,20.00,1351,20.00,1445,5.00,2893,-2.00,5861,10.00,4686,0.00,1518,20.00,2259,20.00,2660,40.00,2516,7.00,1141,24.00,3735,1.00,1359,0.00,946,0.00,346,0.00,1794,0.00,1244,2.00,1588,-8.00,897,-1.00,3,0.08
7218,20.00,2259,20.00,3128,20.00,1846,20.00,1351,20.00,1445,6.00,2893,-3.00,5861,10.00,4686,0.00,1518,20.00,2259,20.00,2660,40.00,2516,6.00,1141,24.00,3735,0.00,1359,0.00,946,0.00,346,0.00,1794,0.00,1243,2.00,1588,-3.00,897,-3.00,3,0.08
7254,20.00,2259,20.00,3128,20.00,1847,20.00,1351,20.00,1445,5.00,2893,-3.00,5861,10.00,4686,0.00,1518,20.00,2259,20.00,2660,41.00,2516,3.00,1141,24.00,3735,1.00,1359,0.00,946,0.00,346,0.00,1793,0.00,1243,4.00,1588,-3.00,897,-2.00,3,0.16
7289,20.00,2259,20.00,3128,20.00,1846,20.00,1351,20.00,1445,6.00,2893,-2.00,5861,10.00,4686,0.00,1518,20.00,2259,20.00,2660,40.00,2516,3.00,1142,24.00,3735,2.00,1359,0.00,946,0.00,346,0.00,1791,0.00,1244,4.00,1588,-3.00,897,-1.00,3,0.16
7325,20.00,2259,20.00,3128,20.00,1846,20.00,1351,20.00,1445,4.00,2893,-3.00,5861,10.00,4686,0.00,1518,19.00,2259,20.00,2660,40.00,2517,1.00,1142,24.00,3735,2.00,1359,0.00,946,0.00,346,0.00,1791,0.00,1244,2.00,1588,-2.00,897,-2.00,3,0.00
7361,20.00,2259,21.00,3128,20.00,1846,20.00,1352,20.00,1445,5.00,2893,-2.00,5861,10.00,4686,0.00,1518,20.00,2259,20.00,2660,40.00,2516,1.00,1141,24.00,3735,3.00,1359,0.00,946,0.00,346,0.00,1791,0.00,1243,1.00,1588,2.00,897,-2.00,3,0.00
7397,20.00,2259,20.00,3128,20.00,1846,20.00,1352,20.00,1445,5.00,2893,-2.00,5861,9.00,4686,0.00,1518,20.00,2259,20.00,2660,39.00,2516,-3.00,1142,23.00,3735,0.00,1359,0.00,946,0.00,346,0.00,1791,0.00,1244,4.00,1588,1.00,897,-3.00,3,0.00
7432,20.00,2259,20.00,3128,20.00,1846,20.00,1351,20.00,1445,5.00,2893,-2.00,5861,10.00,4686,0.00,1518,20.00,2259,21.00,2660,40.00,2516,-2.00,1142,24.00,3735,1.00,1359,0.00,946,0.00,346,0.00,1791,0.00,1244,2.00,1588,2.00,897,-2.00,3,0.00
7468,20.00,2259,21.00,3128,20.00,1847,20.00,1351,20.00,1445,5.00,2893,-3.00,5861,11.00,4686,0.00,1518,20.00,2259,20.00,2660,40.00,2516,1.00,1141,24.00,3735,1.00,1359,0.00,946,0.00,346,0.00,1791,0.00,1244,5.00,1588,-2.00,897,-2.00,3,0.00
7504,20.00,2259,20.00,3128,20.00,1846,20.00,1351,20.00,1445,5.00,2893,-1.00,5861,9.00,4686,0.00,1518,20.00,2259,20.00,2660,40.00,2516,2.00,1142,24.00,3735,1.00,1359,0.00,946,0.00,346,0.00,1791,0.00,1244,3.00,1588,5.00,897,-2.00,3,0.00
7540,20.00,2259,20.00,3128,20.00,1846,20.00,1351,20.00,1445,5.00,2893,-2.00,5861,10.00,4686,0.00,1518,20.00,2259,20.00,2660,40.00,2516,0.00,1142,24.00,3735,3.00,1359,0.00,946,0.00,346,0.00,1791,0.00,1244,2.00,1588,0.00,897,-2.00,3,0.32
7575,20.00,2259,20.00,3128,20.00,1847,20.00,1351,20.00,1445,5.00,2893,-2.00,5861,10.00,4686,0.00,1518,19.00,2259,20.00,2660,40.00,2516,-5.00,1141,24.00,3735,1.00,1359,0.00,946,0.00,346,0.00,1791,0.00,1244,2.00,1588,-4.00,896,-3.00,3,0.00
7611,20.00,2259,20.00,3128,20.00,1846,20.00,1352,20.00,1445,5.00,2893,-2.00,5861,9.00,4686,0.00,1518,21.00,2259,20.00,2660,40.00,2516,-5.00,1142,24.00,3735,0.00,1359,0.00,946,0.00,346,0.00,1791,0.00,1243,1.00,1588,-2.00,897,-2.00,3,0.08
7647,20.00,2259,19.00,3128,20.00,1846,20.00,1352,20.00,1445,5.00,2893,-2.00,5861,10.00,4686,0.00,1518,21.00,2259,20.00,2660,40.00,2517,-2.00,1141,24.00,3735,1.00,1359,0.00,946,0.00,346,0.00,1791,0.00,1244,3.00,1588,-3.00,897,-2.00,3,0.00
7682,20.00,2259,20.00,3128,19.00,1846,20.00,1351,20.00,1445,5.00,2893,-2.00,5861,9.00,4686,0.00,1518,20.00,2259,20.00,2660,40.00,2516,3.00,1142,24.00,3735,0.00,1359,0.00,946,0.00,346,0.00,1791,0.00,1244,3.00,1588,-2.00,897,-2.00,3,0.08
7718,20.00,2259,19.00,3128,20.00,1846,20.00,1352,20.00,1445,5.00,2893,-2.00,5861,10.00,4686,0.00,1518,20.00,2259,19.00,2660,40.00,2516,6.00,1141,24.00,3735,1.00,1359,0.00,946,0.00,346,0.00,1791,0.00,1244,3.00,1588,1.00,897,-2.00,3,0.32
7754,20.00,2259,20.00,3128,20.00,1847,20.00,1351,21.00,1445,5.00,2893,-1.00,5861,10.00,4686,0.00,1518,20.00,2259,19.00,2660,40.00,2516,-2.00,1142,24.00,3735,0.00,1359,0.00,946,0.00,346,0.00,1791,0.00,1243,2.00,1588,-2.00,897,-3.00,3,0.08
7789,21.00,2259,20.00,3128,20.00,1846,20.00,1351,20.00,1445,5.00,2893,-2.00,5861,9.00,4686,0.00,1518,20.00,2259,20.00,2660,40.00,2517,-1.00,1141,24.00,3735,0.00,1359,0.00,946,0.00,346,0.00,1791,0.00,1244,2.00,1588,-3.00,896,-1.00,3,0.08
7825,20.00,2259,19.00,3128,21.00,1846,20.00,1351,20.00,1445,5.00,2893,-2.00,5861,10.00,4686,0.00,1518,20.00,2259,19.00,2660,40.00,2516,-4.00,1141,24.00,3735,1.00,1359,0.00,946,0.00,346,0.00,1791,0.00,1244,5.00,1588,-3.00,897,-2.00,3,0.00
7861,20.00,2259,20.00,3128,20.00,1846,20.00,1352,20.00,1445,5.00,2893,-2.00,5861,10.00,4686,0.00,1518,20.00,2259,20.00,2660,40.00,2516,0.00,1141,24.00,3735,1.00,1359,0.00,946,0.00,346,0.00,1791,0.00,1244,4.00,1588,1.00,897,-1.00,3,0.08
7896,20.00,2260,20.00,3128,20.00,1846,20.00,1351,20.00,1445,5.00,2893,-2.00,5861,10.00,4686,0.00,1518,21.00,2259,20.00,2660,40.00,2517,2.00,1141,24.00,3735,1.00,1359,0.00,946,0.00,346,0.00,1791,0.00,1243,2.00,1588,-2.00,897,-2.00,3,0.08
7932,20.00,2259,20.00,3128,20.00,1847,20.00,1352,20.00,1445,5.00,2893,-2.00,5861,10.00,4686,0.00,1518,20.00,2259,20.00,2660,40.00,2516,3.00,1141,24.00,3735,1.00,1359,0.00,946,0.00,346,0.00,1791,0.00,1244,4.00,1588,-2.00,896,-1.00,3,0.08
7968,21.00,2259,20.00,3128,20.00,1846,20.00,1351,20.00,1445,5.00,2893,-2.00,5861,10.00,4686,0.00,1518,20.00,2259,20.00,2660,40.00,2516,0.00,1141,24.00,3735,1.00,1359,0.00,946,0.00,346,0.00,1791,0.00,1243,2.00,1588,-4.00,897,-3.00,3,0.08
8004,20.00,2259,20.00,3128,20.00,1846,20.00,1352,20.00,1445,5.00,2893,-2.00,5861,9.00,4686,0.00,1518,20.00,2259,20.00,2660,40.00,2516,2.00,1141,24.00,3735,1.00,1359,0.00,946,0.00,346,0.00,1791,0.00,1244,3.00,1588,-3.00,897,-2.00,3,0.08
8040,20.00,2259,19.00,3128,21.00,1847,20.00,1351,20.00,1445,5.00,2893,-2.00,5861,10.00,4686,0.00,1518,20.00,2259,20.00,2660,40.00,2516,2.00,1141,24.00,3735,1.00,1359,0.00,946,0.00,346,0.00,1791,0.00,1244,1.00,1588,-3.00,897,-2.00,3,0.16
8075,21.00,2259,20.00,3128,20.00,1846,20.00,1351,20.00,1445,5.00,2893,-3.00,5861,10.00,4686,0.00,1518,20.00,2259,20.00,2660,40.00,2517,3.00,1142,23.00,3735,1.00,1359,0.00,946,0.00,346,0.00,1791,0.00,1244,2.00,1588,2.00,897,-1.00,3,0.00
8111,19.00,2259,20.00,3128,20.00,1846,20.00,1351,21.00,1445,4.00,2893,-1.00,5861,10.00,4686,0.00,1518,20.00,2259,20.00,2660,40.00,2516,2.00,1141,24.00,3735,2.00,1359,0.00,946,0.00,346,0.00,1791,0.00,1244,4.00,1588,-2.00,897,-2.00,3,0.16
8147,19.00,2259,20.00,3128,20.00,1846,20.00,1352,20.00,1445,5.00,2893,-3.00,5861,10.00,4686,0.00,1518,20.00,2259,20.00,2660,40.00,2516,1.00,1141,24.00,3735,2.00,1359,0.00,946,0.00,346,0.00,1791,0.00,1244,4.00,1588,-2.00,897,-2.00,3,0.16
8182,20.00,2259,21.00,3128,20.00,1846,19.00,1351,20.00,1445,5.00,2893,-2.00,5861,10.00,4686,0.00,1518,20.00,2259,20.00,2660,40.00,2516,2.00,1141,24.00,3735,2.00,1359,0.00,946,0.00,346,0.00,1791,0.00,1243,3.00,1588,-3.00,897,-1.00,3,0.08
8218,20.00,2259,20.00,3128,20.00,1846,20.00,1351,20.00,1445,4.00,2893,-2.00,5861,10.00,4686,0.00,1518,20.00,2259,19.00,2660,40.00,2516,-4.00,1141,24.00,3735,0.00,1359,0.00,946,0.00,346,0.00,1791,0.00,1244,2.00,1588,-5.00,897,-1.00,3,0.00
8254,20.00,2259,20.00,3128,20.00,1846,20.00,1351,20.00,1445,5.00,2893,-2.00,5861,9.00,4686,0.00,1518,20.00,2259,21.00,2660,40.00,2516,-5.00,1142,24.00,3735,1.00,1359,0.00,946,0.00,346,0.00,1791,0.00,1244,2.00,1588,-2.00,897,-3.00,3,0.08
8289,20.00,2260,20.00,3128,19.00,1846,20.00,1351,20.00,1445,6.00,2893,-3.00,5861,10.00,4686,0.00,1518,20.00,2259,20.00,2660,40.00,2516,0.00,1141,24.00,3735,0.00,1359,0.00,946,0.00,346,0.00,1791,0.00,1243,2.00,1588,-2.00,897,-1.00,3,0.16
8325,20.00,2260,19.00,3128,20.00,1846,20.00,1351,20.00,1445,5.00,2893,-3.00,5861,10.00,4686,0.00,1518,20.00,2259,20.00,2660,41.00,2517,0.00,1142,24.00,3735,1.00,1359,0.00,946,0.00,346,0.00,1791,0.00,1243,2.00,1588,-3.00,897,-1.00,3,0.40
8361,20.00,2259,20.00,3128,20.00,1846,20.00,1351,20.00,1445,5.00,2893,-2.00,5861,9.00,4686,0.00,1518,20.00,2259,20.00,2660,40.00,2516,3.00,1142,24.00,3735,0.00,1359,0.00,946,0.00,346,0.00,1791,0.00,1244,3.00,1588,-4.00,897,-3.00,3,0.00
8397,20.00,2259,20.00,3128,20.00,1846,20.00,1351,20.00,1445,4.00,2893,-3.00,5861,10.00,4686,0.00,1518,20.00,2259,20.00,2660,40.00,2516,2.00,1142,24.00,3735,2.00,1359,0.00,946,0.00,346,0.00,1791,0.00,1244,4.00,1588,-2.00,897,-3.00,3,0.16
8432,20.00,2259,19.00,3128,20.00,1846,20.00,1351,20.00,1445,6.00,2893,-1.00,5861,10.00,4686,0.00,1518,20.00,2259,20.00,2660,40.00,2516,3.00,1141,24.00,3735,2.00,1359,0.00,946,0.00,346,0.00,1791,0.00,1244,4.00,1588,-2.00,896,-3.00,3,0.08
8468,19.00,2260,20.00,3128,20.00,1847,20.00,1351,19.00,1445,5.00,2893,-2.00,5861,10.00,4686,0.00,1518,20.00,2259,20.00,2660,40.00,2516,2.00,1141,24.00,3735,1.00,1359,0.00,946,0.00,346,0.00,1791,0.00,1244,2.00,1588,-2.00,896,-1.00,3,0.00
8504,20.00,2260,20.00,3128,20.00,1846,20.00,1351,20.00,1445,5.00,2893,-2.00,5861,11.00,4686,0.00,1518,20.00,2259,21.00,2660,39.00,2517,-5.00,1142,24.00,3735,2.00,1359,0.00,946,0.00,346,0.00,1791,0.00,1244,2.00,1588,-1.00,897,-3.00,3,0.08
8539,21.00,2259,20.00,3128,20.00,1847,20.00,1352,20.00,1445,5.00,2893,-2.00,5861,10.00,4686,0.00,1518,20.00,2259,20.00,2660,40.00,2516,-5.00,1141,24.00,3735,0.00,1359,0.00,946,0.00,346,0.00,1791,0.00,1244,3.00,1588,-3.00,896,-3.00,3,0.16
8575,21.00,2260,20.00,3128,20.00,1847,20.00,1351,20.00,1445,5.00,2893,-1.00,5861,10.00,4686,0.00,1518,19.00,2259,20.00,2660,40.00,2517,-7.00,1141,24.00,3735,3.00,1359,0.00,946,0.00,346,0.00,1791,0.00,1244,5.00,1588,-4.00,897,-3.00,3,0.00
8611,19.00,2259,20.00,3128,20.00,1847,21.00,1352,20.00,1445,5.00,2893,-2.00,5861,11.00,4686,0.00,1518,20.00,2259,19.00,2660,40.00,2516,1.00,1141,24.00,3735,0.00,1359,0.00,946,0.00,346,0.00,1791,0.00,1244,4.00,1588,-3.00,896,-2.00,3,0.08
8647,21.00,2259,20.00,3128,20.00,1846,20.00,1352,20.00,1445,5.00,2893,-2.00,5861,11.00,4686,0.00,1518,20.00,2259,20.00,2660,40.00,2516,-9.00,1141,24.00,3735,0.00,1359,0.00,946,0.00,346,0.00,1791,0.00,1244,3.00,1588,5.00,897,-3.00,3,0.08
8682,20.00,2259,20.00,3128,20.00,1846,20.00,1352,20.00,1445,5.00,2893,-2.00,5861,10.00,4686,0.00,1518,20.00,2259,20.00,2660,40.00,2516,-6.00,1141,24.00,3735,1.00,1359,0.00,946,0.00,346,0.00,1791,0.00,1243,3.00,1588,-3.00,897,-2.00,3,0.08
8718,20.00,2259,20.00,3128,21.00,1847,20.00,1351,20.00,1445,5.00,2893,-2.00,5861,10.00,4686,0.00,1518,20.00,2259,20.00,2660,40.00,2516,4.00,1141,24.00,3735,0.00,1359,0.00,946,0.00,346,0.00,1791,0.00,1243,2.00,1588,-3.00,897,-1.00,3,0.08
8754,20.00,2259,20.00,3128,20.00,1847,20.00,1352,20.00,1445,6.00,2893,-2.00,5861,10.00,4686,0.00,1518,20.00,2259,20.00,2660,40.00,2516,-10.00,1141,24.00,3735,1.00,1359,0.00,946,0.00,346,0.00,1791,0.00,1243,4.00,1588,-2.00,897,-3.00,3,0.08
8790,20.00,2260,20.00,3128,20.00,1846,20.00,1351,20.00,1445,5.00,2893,-1.00,5861,10.00,4686,0.00,1518,20.00,2259,20.00,2660,40.00,2516,0.00,1141,24.00,3735,2.00,1359,0.00,946,0.00,346,0.00,1791,0.00,1244,2.00,1588,-3.00,897,-3.00,3,0.24
8825,20.00,2259,20.00,3128,20.00,1846,20.00,1351,20.00,1445,5.00,2893,-2.00,5861,11.00,4686,0.00,1518,20.00,2259,20.00,2660,40.00,2516,-4.00,1141,24.00,3735,0.00,1359,0.00,946,0.00,346,0.00,1791,0.00,1243,2.00,1588,-2.00,897,-2.00,3,0.08
8861,21.00,2259,20.00,3128,20.00,1846,20.00,1351,20.00,1445,5.00,2893,-2.00,5861,10.00,4686,0.00,1518,20.00,2259,20.00,2660,40.00,2516,2.00,1141,24.00,3735,2.00,1359,0.00,946,0.00,346,0.00,1791,0.00,1244,4.00,1588,-2.00,897,-1.00,3,0.00
8897,20.00,2259,20.00,3128,20.00,1846,20.00,1351,20.00,1445,5.00,2893,-2.00,5861,10.00,4686,0.00,1518,20.00,2259,20.00,2660,40.00,2516,3.00,1142,24.00,3735,1.00,1359,0.00,946,0.00,346,0.00,1791,0.00,1244,2.00,1588,-3.00,897,-1.00,3,0.00
8933,20.00,2260,20.00,3128,20.00,1846,20.00,1351,20.00,1445,5.00,2893,-2.00,5861,10.00,4686,0.00,1518,20.00,2259,20.00,2660,40.00,2516,2.00,1141,24.00,3735,2.00,1359,0.00,946,0.00,346,0.00,1791,0.00,1244,2.00,1588,-4.00,897,-2.00,3,0.00
8968,20.00,2259,20.00,3128,20.00,1846,20.00,1351,20.00,1445,5.00,2893,-2.00,5861,10.00,4686,0.00,1518,21.00,2259,20.00,2660,40.00,2516,2.00,1141,24.00,3735,0.00,1359,0.00,946,0.00,346,0.00,1791,0.00,1243,1.00,1588,-3.00,897,-1.00,3,0.16
9004,21.00,2259,21.00,3128,19.00,1846,20.00,1351,20.00,1445,5.00,2893,-1.00,5861,10.00,4686,0.00,1518,20.00,2259,20.00,2660,40.00,2516,-6.00,1141,24.00,3735,3.00,1359,0.00,946,0.00,346,0.00,1791,0.00,1244,4.00,1588,1.00,897,-2.00,3,0.00
9040,20.00,2259,20.00,3128,20.00,1846,20.00,1351,20.00,1445,4.00,2893,-2.00,5861,10.00,4686,0.00,1518,20.00,2259,20.00,2660,40.00,2516,-5.00,1141,24.00,3735,0.00,1359,0.00,946,0.00,346,0.00,1791,0.00,1244,3.00,1588,0.00,897,-1.00,3,0.08
9076,20.00,2259,20.00,3128,20.00,1846,20.00,1351,20.00,1445,5.00,2893,-2.00,5861,10.00,4686,0.00,1518,20.00,2259,20.00,2660,40.00,2516,1.00,1141,24.00,3735,1.00,1359,0.00,946,0.00,346,0.00,1791,0.00,1244,4.00,1588,-4.00,897,-3.00,3,0.08
9111,20.00,2260,20.00,3128,20.00,1846,19.00,1351,20.00,1445,5.00,2893,-2.00,5861,10.00,4686,0.00,1518,20.00,2259,20.00,2660,40.00,2516,2.00,1141,24.00,3735,1.00,1359,0.00,946,0.00,346,0.00,1791,0.00,1243,2.00,1588,-3.00,897,-2.00,3,0.08
9147,20.00,2259,20.00,3128,20.00,1847,20.00,1351,20.00,1445,5.00,2893,-2.00,5861,10.00,4686,0.00,1518,20.00,2259,20.00,2660,40.00,2516,-5.00,1141,23.00,3735,2.00,1359,0.00,946,0.00,346,0.00,1791,0.00,1244,2.00,1588,-2.00,897,-2.00,3,0.00
9183,19.00,2259,20.00,3128,20.00,1846,20.00,1351,19.00,1445,5.00,2893,-2.00,5861,10.00,4686,0.00,1518,20.00,2259,20.00,2660,40.00,2516,-5.00,1141,24.00,3735,1.00,1359,0.00,946,0.00,346,0.00,1791,0.00,1244,2.00,1588,0.00,897,-1.00,3,0.00
9219,20.00,2259,21.00,3128,19.00,1847,20.00,1352,20.00,1445,6.00,2893,-3.00,5861,10.00,4686,0.00,1518,20.00,2259,20.00,2660,40.00,2517,-4.00,1141,24.00,3735,2.00,1359,0.00,946,0.00,346,0.00,1791,0.00,1244,2.00,1588,-3.00,897,-2.00,3,0.40
9255,20.00,2260,20.00,3128,20.00,1847,20.00,1351,20.00,1445,5.00,2893,-2.00,5861,10.00,4686,0.00,1518,20.00,2259,20.00,2660,40.00,2516,4.00,1141,24.00,3735,2.00,1359,0.00,946,0.00,346,0.00,1791,0.00,1243,3.00,1588,-3.00,897,-1.00,3,0.00
9290,20.00,2259,20.00,3128,20.00,1846,20.00,1351,20.00,1445,4.00,2893,-2.00,5861,10.00,4686,0.00,1518,20.00,2259,20.00,2660,40.00,2516,-1.00,1141,24.00,3735,0.00,1359,0.00,946,0.00,346,0.00,1791,0.00,1243,4.00,1588,-3.00,897,-2.00,3,0.08
9326,20.00,2260,19.00,3128,20.00,1846,20.00,1351,20.00,1445,5.00,2893,-2.00,5861,10.00,4686,0.00,1518,20.00,2259,20.00,2660,40.00,2516,3.00,1141,24.00,3735,1.00,1359,0.00,946,0.00,346,0.00,1791,0.00,1244,3.00,1588,-3.00,897,-2.00,3,0.08
9362,20.00,2260,21.00,3128,20.00,1846,20.00,1351,20.00,1445,5.00,2893,-3.00,5861,10.00,4686,0.00,1518,20.00,2259,20.00,2660,40.00,2516,0.00,1141,25.00,3735,0.00,1359,0.00,946,0.00,346,0.00,1791,0.00,1243,5.00,1588,-2.00,897,-1.00,3,0.00
9398,21.00,2259,20.00,3128,20.00,1846,20.00,1351,20.00,1445,5.00,2893,-2.00,5861,10.00,4686,0.00,1518,20.00,2259,20.00,2660,40.00,2516,-8.00,1141,24.00,3735,0.00,1359,0.00,946,0.00,346,0.00,1791,0.00,1244,5.00,1588,-3.00,897,-2.00,3,0.08
9433,19.00,2259,20.00,3128,20.00,1846,19.00,1351,20.00,1445,5.00,2893,-1.00,5861,10.00,4686,0.00,1518,19.00,2259,20.00,2660,40.00,2516,-1.00,1141,24.00,3735,2.00,1359,0.00,946,0.00,346,0.00,1791,0.00,1244,2.00,1588,2.00,897,-1.00,3,0.00
9469,20.00,2259,20.00,3128,20.00,1847,20.00,1352,20.00,1445,5.00,2893,-2.00,5861,10.00,4686,0.00,1518,20.00,2259,20.00,2660,40.00,2516,-3.00,1141,24.00,3735,1.00,1359,0.00,946,0.00,346,0.00,1791,0.00,1244,3.00,1588,-3.00,897,-1.00,3,0.00
9505,20.00,2259,20.00,3128,20.00,1847,20.00,1351,20.00,1445,5.00,2893,-1.00,5861,10.00,4686,0.00,1518,20.00,2259,21.00,2660,40.00,2517,3.00,1141,24.00,3735,2.00,1359,0.00,946,0.00,346,0.00,1791,0.00,1243,2.00,1588,-1.00,896,-1.00,3,0.00
9541,20.00,2259,21.00,3128,20.00,1847,20.00,1351,20.00,1445,5.00,2893,-3.00,5861,10.00,4686,0.00,1518,20.00,2259,20.00,2660,40.00,2516,3.00,1142,24.00,3735,2.00,1359,0.00,946,0.00,346,0.00,1791,0.00,1244,2.00,1588,-3.00,897,-2.00,3,0.08
9576,21.00,2259,20.00,3128,20.00,1846,19.00,1352,20.00,1445,5.00,2893,-2.00,5861,10.00,4686,0.00,1518,20.00,2259,20.00,2660,40.00,2516,1.00,1141,24.00,3735,1.00,1359,0.00,946,0.00,346,0.00,1791,0.00,1244,2.00,1588,-3.00,897,-3.00,3,0.00
9612,20.00,2259,20.00,3128,20.00,1846,20.00,1351,20.00,1445,5.00,2893,-2.00,5861,10.00,4686,0.00,1518,20.00,2259,20.00,2660,40.00,2516,5.00,1141,25.00,3735,0.00,1359,0.00,946,0.00,346,0.00,1791,0.00,1244,2.00,1588,-1.00,897,-1.00,3,0.16
9648,21.00,2259,20.00,3128,20.00,1846,20.00,1352,20.00,1445,5.00,2893,-3.00,5861,10.00,4686,0.00,1518,20.00,2259,21.00,2660,40.00,2516,3.00,1141,24.00,3735,3.00,1359,0.00,946,0.00,346,0.00,1791,0.00,1244,2.00,1588,-4.00,897,-1.00,3,0.16
9684,19.00,2260,20.00,3128,20.00,1846,20.00,1352,20.00,1445,5.00,2893,-3.00,5861,9.00,4686,0.00,1518,20.00,2259,20.00,2660,39.00,2516,2.00,1141,24.00,3735,2.00,1359,0.00,946,0.00,346,0.00,1791,0.00,1244,2.00,1588,-3.00,897,-3.00,3,0.08
9719,19.00,2259,20.00,3128,20.00,1846,20.00,1351,20.00,1445,5.00,2893,-3.00,5861,9.00,4686,0.00,1518,20.00,2259,20.00,2660,40.00,2516,3.00,1141,24.00,3735,1.00,1359,0.00,946,0.00,346,0.00,1791,0.00,1243,4.00,1588,-3.00,897,-3.00,3,0.16
9755,20.00,2260,20.00,3128,20.00,1846,20.00,1351,20.00,1445,5.00,2893,-3.00,5861,10.00,4686,0.00,1518,20.00,2259,21.00,2660,40.00,2516,1.00,1141,24.00,3735,1.00,1359,0.00,946,0.00,346,0.00,1791,0.00,1244,4.00,1588,-3.00,897,-2.00,3,0.16
9791,20.00,2259,20.00,3128,20.00,1846,20.00,1352,19.00,1445,5.00,2893,-2.00,5861,10.00,4686,0.00,1518,20.00,2259,21.00,2660,40.00,2516,3.00,1142,24.00,3735,2.00,1359,0.00,946,0.00,346,0.00,1791,0.00,1244,3.00,1588,-2.00,897,-2.00,3,0.00
9827,20.00,2260,21.00,3128,20.00,1847,20.00,1351,20.00,1445,5.00,2893,-3.00,5861,10.00,4686,0.00,1518,20.00,2259,19.00,2660,40.00,2517,0.00,1141,24.00,3735,2.00,1359,0.00,946,0.00,346,0.00,1791,0.00,1244,4.00,1588,-2.00,897,-2.00,3,0.08
9862,19.00,2259,20.00,3128,20.00,1846,20.00,1351,20.00,1445,5.00,2893,-2.00,5861,10.00,4686,0.00,1518,20.00,2259,20.00,2660,40.00,2516,1.00,1141,23.00,3735,2.00,1359,0.00,946,0.00,346,0.00,1791,0.00,1244,4.00,1588,-3.00,897,-2.00,3,0.00
9898,20.00,2259,20.00,3128,20.00,1847,20.00,1352,20.00,1445,5.00,2893,-2.00,5861,9.00,4686,0.00,1518,20.00,2259,20.00,2660,40.00,2516,3.00,1142,24.00,3735,1.00,1359,0.00,946,0.00,346,0.00,1791,0.00,1244,2.00,1588,1.00,897,-3.00,3,0.08
9934,19.00,2259,20.00,3128,20.00,1846,20.00,1351,20.00,1445,5.00,2893,-2.00,5861,11.00,4686,0.00,1518,20.00,2259,21.00,2660,40.00,2516,2.00,1141,25.00,3735,1.00,1359,0.00,946,0.00,346,0.00,1791,0.00,1243,4.00,1588,-5.00,897,-3.00,3,0.08
9970,20.00,2259,20.00,3128,20.00,1846,20.00,1351,20.00,1445,5.00,2893,-2.00,5861,10.00,4686,0.00,1518,20.00,2259,20.00,2660,40.00,2517,1.00,1141,24.00,3735,1.00,1359,0.00,946,0.00,346,0.00,1791,0.00,1243,4.00,1588,-3.00,897,-2.00,3,0.08
10005,20.00,2260,20.00,3128,20.00,1846,20.00,1351,20.00,1445,5.00,2893,-1.00,5861,11.00,4686,0.00,1518,20.00,2259,20.00,2660,40.00,2516,-6.00,1141,24.00,3735,0.00,1359,0.00,946,0.00,346,0.00,1791,0.00,1244,5.00,1588,-1.00,897,-1.00,3,0.16
10041,20.00,2259,20.00,3128,20.00,1847,20.00,1351,20.00,1445,5.00,2893,-1.00,5861,10.00,4686,0.00,1518,20.00,2259,20.00,2660,40.00,2516,2.00,1141,24.00,3735,0.00,1359,0.00,946,0.00,346,0.00,1791,0.00,1244,5.00,1588,-3.00,897,-3.00,3,0.00
10077,20.00,2260,19.00,3128,20.00,1846,21.00,1351,20.00,1445,5.00,2893,-2.00,5861,10.00,4686,0.00,1518,20.00,2259,20.00,2660,40.00,2516,1.00,1141,23.00,3735,2.00,1359,0.00,946,0.00,346,0.00,1791,0.00,1244,5.00,1588,0.00,897,-3.00,3,0.08
10113,20.00,2259,20.00,3128,20.00,1846,20.00,1351,20.00,1445,5.00,2893,-2.00,5861,11.00,4686,0.00,1518,20.00,2259,20.00,2660,41.00,2516,0.00,1141,24.00,3735,2.00,1359,0.00,946,0.00,346,0.00,1791,0.00,1244,3.00,1588,4.00,897,-3.00,3,0.00
10148,21.00,2259,20.00,3128,20.00,1846,20.00,1351,20.00,1445,5.00,2893,-1.00,5861,10.00,4686,0.00,1518,20.00,2259,20.00,2660,40.00,2516,3.00,1141,24.00,3735,2.00,1359,0.00,946,0.00,346,0.00,1791,0.00,1244,4.00,1588,1.00,897,-2.00,3,0.24
10184,20.00,2259,20.00,3128,20.00,1847,20.00,1351,20.00,1445,5.00,2893,-3.00,5861,9.00,4686,0.00,1518,19.00,2259,20.00,2660,40.00,2516,1.00,1142,24.00,3735,2.00,1359,0.00,946,0.00,346,0.00,1791,0.00,1244,1.00,1588,-3.00,897,-1.00,3,0.08
10220,20.00,2259,20.00,3128,20.00,1846,20.00,1351,20.00,1445,5.00,2893,-2.00,5861,9.00,4686,0.00,1518,20.00,2259,20.00,2660,40.00,2516,2.00,1142,24.00,3735,1.00,1359,0.00,946,0.00,346,0.00,1791,0.00,1243,4.00,1588,-3.00,897,-1.00,3,0.00
10256,20.00,2259,20.00,3128,20.00,1846,20.00,1351,20.00,1445,5.00,2893,-2.00,5861,10.00,4686,0.00,1518,20.00,2259,20.00,2660,40.00,2516,5.00,1141,24.00,3735,1.00,1359,0.00,946,0.00,346,0.00,1791,0.00,1244,2.00,1588,-4.00,897,-2.00,3,0.16
10291,20.00,2259,20.00,3128,20.00,1846,21.00,1351,20.00,1445,5.00,2893,-2.00,5861,10.00,4686,0.00,1518,20.00,2259,20.00,2660,40.00,2516,-7.00,1141,24.00,3735,3.00,1359,0.00,946,0.00,346,0.00,1791,0.00,1244,2.00,1588,-4.00,897,-1.00,3,0.08
10327,20.00,2259,19.00,3128,20.00,1846,20.00,1352,20.00,1445,5.00,2893,-1.00,5861,10.00,4686,0.00,1518,20.00,2259,20.00,2660,40.00,2516,-7.00,1141,23.00,3735,1.00,1359,0.00,946,0.00,346,0.00,1791,0.00,1244,2.00,1588,5.00,897,-3.00,3,0.08
10363,20.00,2259,21.00,3128,19.00,1846,19.00,1352,20.00,1445,5.00,2893,-1.00,5861,10.00,4686,0.00,1518,20.00,2259,20.00,2660,40.00,2516,-6.00,1141,25.00,3735,0.00,1359,0.00,946,0.00,346,0.00,1791,0.00,1244,3.00,1588,-6.00,897,-2.00,3,0.24
10399,20.00,2259,20.00,3128,20.00,1847,20.00,1351,21.00,1445,4.00,2893,-5.00,5861,10.00,4686,0.00,1518,20.00,2259,20.00,2660,40.00,2516,1.00,1142,24.00,3735,1.00,1359,0.00,946,0.00,346,0.00,1791,0.00,1243,3.00,1588,-4.00,897,-2.00,3,0.32
10434,21.00,2259,20.00,3128,20.00,1846,21.00,1351,20.00,1445,5.00,2893,-2.00,5861,9.00,4686,0.00,1518,20.00,2259,20.00,2660,40.00,2517,2.00,1141,24.00,3735,1.00,1359,0.00,946,0.00,346,0.00,1791,0.00,1244,3.00,1588,-2.00,897,-3.00,3,0.08
10470,19.00,2259,20.00,3128,20.00,1846,20.00,1351,20.00,1445,5.00,2893,-2.00,5861,10.00,4686,0.00,1518,20.00,2259,20.00,2660,40.00,2516,-1.00,1141,24.00,3735,1.00,1359,0.00,946,0.00,346,0.00,1791,0.00,1244,4.00,1588,-4.00,897,-3.00,3,0.16
10506,20.00,2259,20.00,3128,21.00,1847,20.00,1351,20.00,1445,5.00,2893,-2.00,5861,10.00,4686,0.00,1518,20.00,2259,19.00,2660,40.00,2516,-2.00,1141,24.00,3735,1.00,1359,0.00,946,0.00,346,0.00,1791,0.00,1243,3.00,1588,-4.00,897,-2.00,3,0.00
10542,20.00,2260,20.00,3128,20.00,1846,20.00,1351,19.00,1445,4.00,2893,-2.00,5861,10.00,4686,0.00,1518,20.00,2259,20.00,2660,40.00,2516,3.00,1141,24.00,3735,0.00,1359,0.00,946,0.00,346,0.00,1791,0.00,1244,3.00,1588,5.00,897,-2.00,3,0.00
10577,20.00,2259,20.00,3128,20.00,1846,20.00,1351,20.00,1445,5.00,2893,-6.00,5861,10.00,4686,0.00,1518,20.00,2259,20.00,2660,40.00,2516,2.00,1141,24.00,3735,2.00,1359,0.00,946,0.00,346,0.00,1791,0.00,1243,4.00,1588,-2.00,897,-2.00,3,0.00
10613,20.00,2259,19.00,3128,20.00,1847,20.00,1351,20.00,1445,6.00,2893,-2.00,5861,10.00,4686,0.00,1518,20.00,2259,20.00,2660,40.00,2516,0.00,1141,24.00,3735,1.00,1359,0.00,946,0.00,346,0.00,1791,0.00,1244,4.00,1588,-2.00,897,-3.00,3,0.16
10649,20.00,2259,20.00,3128,20.00,1846,20.00,1351,20.00,1445,5.00,2893,-3.00,5861,10.00,4686,0.00,1518,20.00,2259,20.00,2660,40.00,2517,2.00,1142,24.00,3735,1.00,1359,0.00,946,0.00,346,0.00,1791,0.00,1244,2.00,1588,-1.00,897,-3.00,3,0.65
10685,20.00,2259,20.00,3128,20.00,1846,21.00,1351,20.00,1445,5.00,2893,-2.00,5861,10.00,4686,0.00,1518,20.00,2259,20.00,2660,40.00,2516,-3.00,1141,24.00,3735,1.00,1359,0.00,946,0.00,346,0.00,1791,0.00,1244,4.00,1588,-3.00,897,-3.00,3,0.00
10720,20.00,2260,20.00,3128,20.00,1846,19.00,1351,20.00,1445,5.00,2893,-2.00,5861,10.00,4686,0.00,1518,20.00,2259,20.00,2660,40.00,2516,5.00,1141,24.00,3735,2.00,1359,0.00,946,0.00,346,0.00,1791,0.00,1243,2.00,1588,3.00,896,-2.00,3,0.16
10756,20.00,2259,21.00,3128,20.00,1846,20.00,1351,20.00,1445,5.00,2893,-1.00,5861,10.00,4686,0.00,1518,20.00,2259,20.00,2660,40.00,2516,6.00,1141,24.00,3735,0.00,1359,0.00,946,0.00,346,0.00,1791,0.00,1244,1.00,1588,-2.00,897,-3.00,3,0.40
10792,20.00,2259,20.00,3128,20.00,1846,20.00,1352,20.00,1445,4.00,2893,-3.00,5861,11.00,4686,0.00,1518,20.00,2259,20.00,2660,39.00,2516,3.00,1141,24.00,3735,1.00,1359,0.00,946,0.00,346,0.00,1791,0.00,1244,4.00,1588,-3.00,897,-2.00,3,0.08
10827,20.00,2259,20.00,3128,20.00,1846,20.00,1351,20.00,1445,5.00,2893,-2.00,5861,10.00,4686,0.00,1518,20.00,2259,21.00,2660,40.00,2516,-2.00,1141,24.00,3735,0.00,1359,0.00,946,0.00,346,0.00,1791,0.00,1244,4.00,1588,-4.00,897,-1.00,3,0.16
10863,20.00,2259,20.00,3128,19.00,1846,20.00,1351,20.00,1445,5.00,2893,-2.00,5861,10.00,4686,0.00,1518,20.00,2259,20.00,2660,40.00,2516,-5.00,1141,24.00,3735,1.00,1359,0.00,946,0.00,346,0.00,1791,0.00,1244,2.00,1588,-3.00,897,-2.00,3,0.08
10899,20.00,2259,20.00,3128,19.00,1847,21.00,1351,20.00,1445,5.00,2893,-2.00,5861,10.00,4686,0.00,1518,20.00,2259,20.00,2660,40.00,2516,2.00,1141,24.00,3735,1.00,1359,0.00,946,0.00,346,0.00,1791,0.00,1244,4.00,1588,-3.00,897,-3.00,3,0.16
10935,20.00,2259,20.00,3128,20.00,1846,19.00,1352,20.00,1445,5.00,2893,-2.00,5861,9.00,4686,0.00,1518,20.00,2259,19.00,2660,40.00,2516,8.00,1141,25.00,3735,1.00,1359,0.00,946,0.00,346,0.00,1791,0.00,1244,4.00,1588,-2.00,897,-2.00,3,0.08
10970,20.00,2260,21.00,3128,19.00,1846,20.00,1352,20.00,1445,5.00,2893,-2.00,5861,10.00,4686,0.00,1518,20.00,2259,20.00,2660,40.00,2516,3.00,1142,24.00,3735,1.00,1359,0.00,946,0.00,346,0.00,1791,0.00,1243,3.00,1588,-3.00,896,-2.00,3,0.08
11006,20.00,2259,20.00,3128,21.00,1846,20.00,1351,20.00,1445,5.00,2893,-2.00,5861,11.00,4686,0.00,1518,21.00,2259,20.00,2660,40.00,2516,1.00,1141,25.00,3735,1.00,1359,0.00,946,0.00,346,0.00,1791,0.00,1244,3.00,1588,1.00,897,-2.00,3,0.08
11042,20.00,2259,20.00,3128,20.00,1846,20.00,1351,20.00,1445,5.00,2893,-2.00,5861,10.00,4686,0.00,1518,19.00,2259,20.00,2660,40.00,2517,0.00,1141,23.00,3735,1.00,1359,0.00,946,0.00,346,0.00,1791,0.00,1244,4.00,1588,1.00,897,-1.00,3,0.00
11077,20.00,2259,20.00,3128,20.00,1847,20.00,1351,20.00,1445,5.00,2893,-2.00,5861,10.00,4686,0.00,1518,20.00,2259,20.00,2660,41.00,2516,2.00,1142,24.00,3735,0.00,1359,0.00,946,0.00,346,0.00,1791,0.00,1244,2.00,1588,-1.00,897,-2.00,3,0.16
11113,20.00,2260,20.00,3128,20.00,1846,21.00,1351,20.00,1445,5.00,2893,-2.00,5861,10.00,4686,0.00,1518,20.00,2259,20.00,2660,40.00,2516,3.00,1142,24.00,3735,0.00,1359,0.00,946,0.00,346,0.00,1791,0.00,1244,5.00,1588,-3.00,897,-1.00,3,0.08
11149,20.00,2259,20.00,3128,20.00,1846,20.00,1351,19.00,1445,5.00,2893,-3.00,5861,10.00,4686,0.00,1518,20.00,2259,20.00,2660,40.00,2516,1.00,1141,24.00,3735,1.00,1359,0.00,946,0.00,346,0.00,1791,0.00,1244,5.00,1588,-3.00,896,-2.00,3,0.48
11184,20.00,2259,20.00,3128,20.00,1846,20.00,1352,20.00,1445,5.00,2893,-2.00,5861,9.00,4686,0.00,1518,20.00,2259,21.00,2660,40.00,2516,-6.00,1141,24.00,3735,1.00,1359,0.00,946,0.00,346,0.00,1791,0.00,1244,2.00,1588,1.00,897,-2.00,3,0.08
11220,20.00,2260,20.00,3128,20.00,1847,20.00,1352,20.00,1445,5.00,2893,-2.00,5861,10.00,4686,0.00,1518,19.00,2259,19.00,2660,40.00,2516,2.00,1141,24.00,3735,1.00,1359,0.00,946,0.00,346,0.00,1791,0.00,1244,2.00,1588,-1.00,897,-3.00,3,0.00
11255,20.00,2259,20.00,3128,20.00,1846,20.00,1351,20.00,1445,5.00,2893,-2.00,5861,9.00,4686,0.00,1518,20.00,2259,20.00,2660,40.00,2516,3.00,1141,24.00,3735,2.00,1359,0.00,946,0.00,346,0.00,1791,0.00,1244,3.00,1588,-3.00,897,-2.00,3,0.08
11291,19.00,2259,19.00,3128,20.00,1847,20.00,1351,20.00,1445,5.00,2893,-2.00,5861,10.00,4686,0.00,1518,20.00,2259,19.00,2660,40.00,2516,2.00,1141,24.00,3735,0.00,1359,0.00,946,0.00,346,0.00,1791,0.00,1244,2.00,1588,-4.00,897,-2.00,3,0.08
11327,20.00,2260,21.00,3128,20.00,1846,20.00,1351,20.00,1445,6.00,2893,-3.00,5861,10.00,4686,0.00,1518,20.00,2259,20.00,2660,38.00,2516,1.00,1141,24.00,3735,1.00,1359,0.00,946,0.00,346,0.00,1791,0.00,1244,1.00,1588,-1.00,897,-1.00,3,0.16
11363,21.00,2259,20.00,3128,20.00,1846,20.00,1351,20.00,1445,5.00,2893,-2.00,5861,9.00,4686,0.00,1518,20.00,2259,21.00,2660,40.00,2516,5.00,1141,24.00,3735,2.00,1359,0.00,946,0.00,346,0.00,1791,0.00,1244,3.00,1588,-2.00,897,-2.00,3,0.16
11398,21.00,2259,20.00,3128,20.00,1846,20.00,1351,20.00,1445,6.00,2893,-2.00,5861,9.00,4686,0.00,1518,20.00,2259,19.00,2660,40.00,2516,3.00,1141,24.00,3735,1.00,1359,0.00,946,0.00,346,0.00,1791,0.00,1243,3.00,1588,-1.00,897,-1.00,3,0.24
11434,20.00,2259,20.00,3128,19.00,1846,20.00,1351,20.00,1445,5.00,2893,-2.00,5861,10.00,4686,0.00,1518,20.00,2259,20.00,2660,40.00,2516,2.00,1141,24.00,3735,1.00,1359,0.00,946,0.00,346,0.00,1791,0.00,1244,5.00,1588,-3.00,897,-2.00,3,0.08
11470,20.00,2259,20.00,3128,19.00,1847,20.00,1352,20.00,1445,5.00,2893,-3.00,5861,10.00,4686,0.00,1518,21.00,2259,20.00,2660,40.00,2517,5.00,1141,24.00,3735,2.00,1359,0.00,946,0.00,346,0.00,1791,0.00,1243,4.00,1588,-3.00,896,-3.00,3,0.16
11506,20.00,2259,20.00,3128,20.00,1846,21.00,1351,20.00,1445,5.00,2893,-7.00,5861,10.00,4686,0.00,1518,19.00,2259,20.00,2660,40.00,2516,5.00,1141,23.00,3735,1.00,1359,0.00,946,0.00,346,0.00,1791,0.00,1243,1.00,1588,-2.00,897,-4.00,3,0.16
11542,20.00,2260,20.00,3128,20.00,1846,20.00,1352,20.00,1445,5.00,2893,-3.00,5861,10.00,4686,0.00,1518,20.00,2259,20.00,2660,40.00,2516,2.00,1141,24.00,3735,2.00,1359,0.00,946,0.00,346,0.00,1791,0.00,1244,2.00,1588,-2.00,897,-1.00,3,0.24
11577,20.00,2259,20.00,3128,20.00,1846,19.00,1351,20.00,1445,5.00,2893,-2.00,5861,10.00,4686,0.00,1518,20.00,2259,20.00,2660,40.00,2517,-2.00,1141,24.00,3735,1.00,1359,0.00,946,0.00,346,0.00,1791,0.00,1244,4.00,1588,-5.00,897,-2.00,3,0.00
11613,20.00,2260,19.00,3128,20.00,1846,20.00,1351,20.00,1445,4.00,2893,-2.00,5862,11.00,4686,0.00,1518,20.00,2259,20.00,2660,40.00,2516,2.00,1142,25.00,3735,2.00,1359,0.00,946,0.00,346,0.00,1791,0.00,1244,2.00,1588,4.00,897,-2.00,3,0.08
11649,20.00,2259,20.00,3128,19.00,1846,20.00,1352,19.00,1445,5.00,2893,-2.00,5861,9.00,4686,0.00,1518,20.00,2259,21.00,2660,40.00,2516,2.00,1141,24.00,3735,1.00,1359,0.00,946,0.00,346,0.00,1791,0.00,1244,3.00,1588,-3.00,897,-2.00,3,0.32
11684,21.00,2259,20.00,3128,21.00,1846,20.00,1351,20.00,1445,5.00,2893,-2.00,5861,10.00,4686,0.00,1518,20.00,2259,20.00,2660,40.00,2517,1.00,1142,24.00,3735,0.00,1359,0.00,946,0.00,346,0.00,1791,0.00,1244,2.00,1588,-4.00,897,-2.00,3,0.24
11720,19.00,2260,20.00,3128,19.00,1846,20.00,1352,20.00,1445,5.00,2893,-2.00,5861,10.00,4686,0.00,1518,20.00,2259,20.00,2660,40.00,2516,5.00,1142,24.00,3735,2.00,1359,0.00,946,0.00,346,0.00,1791,0.00,1244,3.00,1588,5.00,897,-2.00,3,0.00
11756,20.00,2260,20.00,3128,20.00,1846,20.00,1352,20.00,1445,5.00,2893,-2.00,5861,10.00,4686,0.00,1518,20.00,2259,21.00,2660,40.00,2516,0.00,1142,24.00,3735,0.00,1359,0.00,946,0.00,346,0.00,1791,0.00,1244,5.00,1588,-3.00,897,-2.00,3,0.00
11792,20.00,2259,20.00,3128,20.00,1847,20.00,1351,19.00,1445,5.00,2893,-2.00,5861,10.00,4686,0.00,1518,20.00,2259,20.00,2660,40.00,2516,-2.00,1142,24.00,3735,3.00,1359,0.00,946,0.00,346,0.00,1791,0.00,1244,4.00,1588,-2.00,897,-2.00,3,0.00
11827,20.00,2259,19.00,3128,20.00,1846,19.00,1351,20.00,1445,5.00,2893,-4.00,5861,10.00,4686,0.00,1518,20.00,2259,20.00,2660,40.00,2516,2.00,1142,24.00,3735,1.00,1359,0.00,946,0.00,346,0.00,1791,0.00,1244,2.00,1588,-4.00,897,-2.00,3,0.08
11863,19.00,2259,20.00,3128,20.00,1846,20.00,1351,21.00,1445,5.00,2893,-2.00,5861,10.00,4686,0.00,1518,20.00,2259,20.00,2660,40.00,2516,5.00,1141,24.00,3735,1.00,1359,0.00,946,0.00,346,0.00,1791,0.00,1244,2.00,1588,-4.00,897,-2.00,3,0.00
11899,20.00,2259,19.00,3128,20.00,1847,19.00,1351,19.00,1445,5.00,2893,-1.00,5861,10.00,4686,0.00,1518,20.00,2259,20.00,2660,40.00,2517,5.00,1142,24.00,3735,0.00,1359,0.00,946,0.00,346,0.00,1791,0.00,1244,3.00,1588,2.00,897,-1.00,3,0.08
11934,20.00,2260,20.00,3128,20.00,1846,20.00,1351,20.00,1445,5.00,2893,-2.00,5861,10.00,4686,0.00,1518,20.00,2259,20.00,2660,40.00,2516,3.00,1142,24.00,3735,2.00,1359,0.00,946,0.00,346,0.00,1791,0.00,1243,4.00,1588,-2.00,897,-1.00,3,0.08
11970,20.00,2259,20.00,3128,20.00,1847,20.00,1351,20.00,1445,5.00,2893,-2.00,5861,11.00,4686,0.00,1518,20.00,2259,20.00,2660,41.00,2516,0.00,1141,24.00,3735,1.00,1359,0.00,946,0.00,346,0.00,1791,0.00,1243,4.00,1588,-4.00,897,-3.00,3,0.00
12006,20.00,2259,20.00,3128,20.00,1846,20.00,1351,20.00,1445,6.00,2893,-1.00,5861,10.00,4686,0.00,1518,20.00,2259,20.00,2660,40.00,2516,0.00,1142,25.00,3735,0.00,1359,0.00,946,0.00,346,0.00,1791,0.00,1244,4.00,1588,-6.00,897,-4.00,3,0.16
12041,20.00,2259,20.00,3128,20.00,1846,19.00,1351,20.00,1445,5.00,2893,-1.00,5861,10.00,4686,0.00,1518,20.00,2259,20.00,2660,40.00,2516,1.00,1141,24.00,3735,1.00,1359,0.00,946,0.00,346,0.00,1791,0.00,1244,2.00,1588,4.00,897,-2.00,3,0.08
12077,19.00,2259,20.00,3128,20.00,1846,20.00,1351,20.00,1445,4.00,2893,-1.00,5861,10.00,4686,0.00,1518,20.00,2259,20.00,2660,40.00,2516,1.00,1141,24.00,3735,0.00,1359,0.00,946,0.00,346,0.00,1791,0.00,1244,2.00,1588,-2.00,896,-3.00,3,0.16
12113,20.00,2259,20.00,3128,20.00,1846,20.00,1351,20.00,1445,5.00,2893,-2.00,5861,10.00,4686,0.00,1518,20.00,2259,20.00,2660,40.00,2516,-9.00,1142,25.00,3735,0.00,1359,0.00,946,0.00,346,0.00,1791,0.00,1244,5.00,1588,4.00,897,-3.00,3,0.08
12149,20.00,2259,20.00,3128,20.00,1846,20.00,1351,20.00,1445,5.00,2893,-2.00,5861,10.00,4686,0.00,1518,20.00,2259,20.00,2660,40.00,2516,3.00,1141,24.00,3735,0.00,1359,0.00,946,0.00,346,0.00,1791,0.00,1244,5.00,1588,-2.00,897,-1.00,3,0.00
12184,19.00,2260,20.00,3128,20.00,1846,20.00,1351,20.00,1445,4.00,2893,-2.00,5861,10.00,4686,0.00,1518,20.00,2259,20.00,2660,40.00,2516,3.00,1141,24.00,3735,0.00,1359,0.00,946,0.00,346,0.00,1791,0.00,1244,2.00,1588,2.00,896,-3.00,3,0.08
12220,20.00,2260,21.00,3128,20.00,1847,20.00,1352,20.00,1445,5.00,2893,-1.00,5861,10.00,4686,0.00,1518,20.00,2259,19.00,2660,40.00,2516,-4.00,1141,24.00,3735,0.00,1359,0.00,946,0.00,346,0.00,1791,0.00,1244,5.00,1588,-2.00,897,-1.00,3,0.08
12256,19.00,2260,20.00,3128,20.00,1846,20.00,1351,20.00,1445,5.00,2893,-1.00,5861,10.00,4686,0.00,1518,20.00,2259,20.00,2660,40.00,2516,9.00,1141,25.00,3735,0.00,1359,0.00,946,0.00,346,0.00,1791,0.00,1243,5.00,1588,-2.00,897,-1.00,3,0.00
12292,20.00,2260,20.00,3128,20.00,1847,21.00,1351,20.00,1445,5.00,2893,-2.00,5861,10.00,4686,0.00,1518,20.00,2259,20.00,2660,40.00,2516,0.00,1141,24.00,3735,1.00,1359,0.00,946,0.00,346,0.00,1791,0.00,1244,4.00,1588,2.00,897,-2.00,3,0.16
12327,20.00,2260,20.00,3128,20.00,1847,20.00,1351,20.00,1445,6.00,2893,-2.00,5861,10.00,4686,0.00,1518,19.00,2259,20.00,2660,40.00,2517,3.00,1141,24.00,3735,1.00,1359,0.00,947,0.00,346,0.00,1791,0.00,1243,4.00,1588,-2.00,897,-2.00,3,0.00
12363,20.00,2260,20.00,3128,21.00,1846,21.00,1351,20.00,1445,4.00,2893,-1.00,5861,10.00,4686,0.00,1518,20.00,2259,20.00,2660,40.00,2516,9.00,1141,24.00,3735,0.00,1359,0.00,946,0.00,346,0.00,1791,0.00,1244,4.00,1588,-3.00,897,-1.00,3,0.16
12399,20.00,2260,20.00,3128,20.00,1846,19.00,1351,20.00,1445,5.00,2893,-3.00,5861,10.00,4686,0.00,1518,20.00,2259,20.00,2660,40.00,2516,4.00,1141,24.00,3735,2.00,1359,0.00,946,0.00,346,0.00,1791,0.00,1244,3.00,1588,-1.00,897,-2.00,3,0.00
12435,20.00,2259,20.00,3128,20.00,1846,20.00,1351,20.00,1445,5.00,2893,-3.00,5861,10.00,4686,0.00,1518,20.00,2259,20.00,2660,41.00,2517,1.00,1142,25.00,3735,0.00,1359,0.00,946,0.00,346,0.00,1791,0.00,1244,3.00,1588,-3.00,897,-1.00,3,0.00
12470,20.00,2260,20.00,3128,20.00,1846,21.00,1351,20.00,1445,4.00,2893,-1.00,5861,10.00,4686,0.00,1518,20.00,2259,20.00,2660,40.00,2516,-4.00,1142,24.00,3735,1.00,1359,0.00,946,0.00,346,0.00,1791,0.00,1244,3.00,1588,-1.00,897,-2.00,3,0.16
12506,21.00,2260,20.00,3128,20.00,1847,19.00,1351,20.00,1445,5.00,2893,-1.00,5861,10.00,4686,0.00,1518,20.00,2259,20.00,2660,41.00,2517,2.00,1141,24.00,3735,0.00,1359,0.00,946,0.00,346,0.00,1791,0.00,1244,3.00,1588,4.00,896,-2.00,3,0.08
12542,20.00,2259,20.00,3128,20.00,1846,20.00,1351,20.00,1445,5.00,2893,-2.00,5861,10.00,4686,0.00,1518,20.00,2259,19.00,2660,40.00,2516,0.00,1141,24.00,3735,1.00,1359,0.00,946,0.00,346,0.00,1791,0.00,1243,2.00,1588,-3.00,897,-1.00,3,0.24
12577,19.00,2260,20.00,3128,20.00,1846,20.00,1351,20.00,1445,5.00,2893,-2.00,5861,9.00,4686,0.00,1518,21.00,2259,20.00,2660,40.00,2516,3.00,1141,25.00,3735,1.00,1359,0.00,946,0.00,346,0.00,1791,0.00,1244,3.00,1588,-3.00,897,-3.00,3,0.08
12613,20.00,2260,21.00,3128,20.00,1847,20.00,1352,20.00,1445,5.00,2893,-1.00,5861,10.00,4686,0.00,1518,20.00,2259,20.00,2660,40.00,2516,4.00,1141,24.00,3735,1.00,1359,0.00,946,0.00,346,0.00,1791,0.00,1244,5.00,1588,-3.00,897,-2.00,3,0.08
12649,20.00,2259,20.00,3128,21.00,1847,21.00,1351,20.00,1445,5.00,2893,-2.00,5861,10.00,4686,0.00,1518,20.00,2259,20.00,2660,40.00,2516,2.00,1141,24.00,3735,2.00,1359,0.00,946,0.00,346,0.00,1791,0.00,1244,3.00,1588,-3.00,897,-1.00,3,0.24
12685,20.00,2260,20.00,3128,19.00,1846,20.00,1351,20.00,1445,5.00,2893,-2.00,5861,10.00,4686,0.00,1518,20.00,2259,20.00,2660,40.00,2516,0.00,1141,24.00,3735,2.00,1359,0.00,946,0.00,346,0.00,1791,0.00,1244,2.00,1588,-3.00,897,-1.00,3,0.08
12720,20.00,2260,19.00,3128,20.00,1847,20.00,1351,20.00,1445,5.00,2893,-2.00,5861,10.00,4686,0.00,1518,20.00,2259,20.00,2660,40.00,2516,-5.00,1141,24.00,3735,1.00,1359,0.00,946,0.00,346,0.00,1791,0.00,1244,4.00,1588,-2.00,897,-1.00,3,0.08
12756,20.00,2260,20.00,3128,20.00,1846,20.00,1351,20.00,1445,5.00,2893,-1.00,5861,10.00,4686,0.00,1518,20.00,2259,20.00,2660,40.00,2516,2.00,1141,24.00,3735,0.00,1359,0.00,946,0.00,346,0.00,1791,0.00,1243,2.00,1588,-3.00,897,-2.00,3,0.48
12792,19.00,2259,20.00,3128,20.00,1846,20.00,1352,21.00,1445,5.00,2893,-1.00,5861,10.00,4686,0.00,1518,19.00,2259,20.00,2660,40.00,2516,-2.00,1141,24.00,3735,0.00,1359,0.00,946,0.00,346,0.00,1791,0.00,1244,1.00,1588,-2.00,897,-2.00,3,0.32
12828,21.00,2260,20.00,3128,20.00,1846,20.00,1352,20.00,1445,5.00,2893,-2.00,5861,10.00,4686,0.00,1518,20.00,2259,19.00,2660,40.00,2516,1.00,1141,24.00,3735,2.00,1359,0.00,946,0.00,346,0.00,1791,0.00,1243,3.00,1588,-4.00,897,-3.00,3,0.24
12863,20.00,2259,20.00,3128,20.00,1846,20.00,1351,20.00,1445,6.00,2893,-3.00,5861,10.00,4686,0.00,1518,20.00,2259,20.00,2660,41.00,2516,2.00,1141,24.00,3735,2.00,1359,0.00,946,0.00,346,0.00,1791,0.00,1244,3.00,1588,-1.00,897,-2.00,3,0.48
12899,20.00,2259,20.00,3128,21.00,1847,20.00,1351,20.00,1445,5.00,2893,-3.00,5861,10.00,4686,0.00,1518,20.00,2259,20.00,2660,40.00,2516,1.00,1141,25.00,3735,2.00,1359,0.00,946,0.00,346,0.00,1791,0.00,1244,4.00,1588,-7.00,896,-3.00,3,0.08
12935,21.00,2259,20.00,3128,20.00,1846,20.00,1351,20.00,1445,5.00,2893,-2.00,5861,10.00,4686,0.00,1518,20.00,2259,20.00,2660,40.00,2516,-2.00,1141,24.00,3735,1.00,1359,0.00,946,0.00,346,0.00,1791,0.00,1244,3.00,1588,-3.00,897,-2.00,3,0.16
12970,20.00,2259,20.00,3128,20.00,1847,20.00,1352,20.00,1445,5.00,2893,-2.00,5861,10.00,4686,0.00,1518,20.00,2259,20.00,2660,40.00,2516,3.00,1141,24.00,3735,0.00,1359,0.00,946,0.00,346,0.00,1791,0.00,1244,2.00,1588,-2.00,897,-2.00,3,0.08
13006,20.00,2260,20.00,3128,21.00,1846,21.00,1352,20.00,1445,5.00,2893,-2.00,5861,10.00,4686,0.00,1518,20.00,2259,20.00,2660,40.00,2516,1.00,1141,24.00,3735,2.00,1359,0.00,946,0.00,346,0.00,1791,0.00,1244,3.00,1588,6.00,897,-1.00,3,0.08
13042,20.00,2259,20.00,3128,21.00,1846,20.00,1351,20.00,1445,5.00,2893,-2.00,5861,10.00,4686,0.00,1518,20.00,2259,20.00,2660,40.00,2516,-9.00,1142,24.00,3735,1.00,1359,0.00,946,0.00,346,0.00,1791,0.00,1244,2.00,1588,-1.00,897,-3.00,3,0.00
13078,20.00,2259,20.00,3128,20.00,1846,20.00,1351,20.00,1445,5.00,2893,-1.00,5861,10.00,4686,0.00,1518,20.00,2259,20.00,2660,40.00,2516,-7.00,1141,24.00,3735,0.00,1359,0.00,946,0.00,346,0.00,1791,0.00,1243,2.00,1588,-3.00,897,-2.00,3,0.16
13113,20.00,2260,20.00,3128,20.00,1846,20.00,1351,20.00,1445,5.00,2893,-2.00,5861,10.00,4686,0.00,1518,20.00,2259,20.00,2660,40.00,2516,2.00,1141,24.00,3735,1.00,1359,0.00,946,0.00,346,0.00,1791,0.00,1244,3.00,1588,-2.00,897,-2.00,3,0.00
13149,20.00,2259,20.00,3128,20.00,1846,20.00,1351,20.00,1445,6.00,2893,-3.00,5861,9.00,4686,0.00,1518,20.00,2259,21.00,2660,40.00,2516,-4.00,1141,24.00,3735,0.00,1359,0.00,946,0.00,346,0.00,1791,0.00,1244,2.00,1588,-3.00,897,-1.00,3,0.16
13185,20.00,2259,20.00,3128,19.00,1846,20.00,1352,20.00,1445,5.00,2893,-3.00,5861,10.00,4686,0.00,1518,20.00,2259,20.00,2660,40.00,2516,2.00,1142,24.00,3735,0.00,1359,0.00,946,0.00,346,0.00,1791,0.00,1244,2.00,1588,3.00,897,-1.00,3,0.08
13221,20.00,2259,19.00,3128,20.00,1846,20.00,1351,20.00,1445,4.00,2893,-2.00,5861,10.00,4686,0.00,1518,20.00,2259,20.00,2660,41.00,2516,4.00,1141,24.00,3735,2.00,1359,0.00,946,0.00,346,0.00,1791,0.00,1244,5.00,1588,0.00,897,-3.00,3,0.16
13256,20.00,2259,20.00,3128,20.00,1846,20.00,1351,20.00,1445,5.00,2893,-2.00,5861,10.00,4686,0.00,1518,20.00,2259,20.00,2660,40.00,2516,6.00,1141,24.00,3735,1.00,1359,0.00,946,0.00,346,0.00,1791,0.00,1244,2.00,1588,-4.00,897,-1.00,3,0.16
13292,21.00,2260,19.00,3128,20.00,1846,20.00,1351,20.00,1445,4.00,2893,-2.00,5861,10.00,4686,0.00,1518,20.00,2259,20.00,2660,40.00,2516,4.00,1141,24.00,3735,0.00,1359,0.00,946,0.00,346,0.00,1791,0.00,1244,3.00,1588,-6.00,897,-2.00,3,0.08
13328,20.00,2259,20.00,3128,19.00,1846,20.00,1352,20.00,1445,5.00,2893,-1.00,5861,10.00,4686,0.00,1518,20.00,2259,20.00,2660,40.00,2516,1.00,1141,24.00,3735,1.00,1359,0.00,946,0.00,346,0.00,1791,0.00,1244,4.00,1588,-3.00,897,-3.00,3,0.24
13363,20.00,2259,20.00,3128,21.00,1846,20.00,1351,20.00,1445,5.00,2893,-3.00,5861,11.00,4686,0.00,1518,21.00,2259,20.00,2660,40.00,2517,2.00,1141,24.00,3735,2.00,1359,0.00,946,0.00,346,0.00,1791,0.00,1243,4.00,1588,-2.00,896,-1.00,3,0.08
13399,21.00,2260,20.00,3128,19.00,1846,20.00,1352,19.00,1445,5.00,2893,-2.00,5861,11.00,4686,0.00,1518,20.00,2259,20.00,2660,40.00,2516,0.00,1142,24.00,3735,2.00,1359,0.00,946,0.00,346,0.00,1791,0.00,1244,3.00,1588,-3.00,897,-3.00,3,0.16
13435,19.00,2259,20.00,3128,20.00,1846,21.00,1351,20.00,1445,5.00,2893,-2.00,5861,10.00,4686,0.00,1518,21.00,2259,20.00,2660,41.00,2516,-6.00,1142,24.00,3735,1.00,1359,0.00,946,0.00,346,0.00,1791,0.00,1244,1.00,1588,-5.00,897,-2.00,3,0.00
13471,20.00,2260,20.00,3128,20.00,1846,20.00,1351,20.00,1445,5.00,2893,-2.00,5861,10.00,4686,0.00,1518,20.00,2259,20.00,2660,40.00,2516,4.00,1142,24.00,3735,0.00,1359,0.00,946,0.00,346,0.00,1791,0.00,1244,4.00,1588,-4.00,897,-1.00,3,0.16
13507,20.00,2259,20.00,3128,20.00,1846,20.00,1351,20.00,1445,6.00,2893,-2.00,5861,10.00,4686,0.00,1518,20.00,2259,20.00,2660,40.00,2516,-6.00,1142,24.00,3735,2.00,1359,0.00,946,0.00,346,0.00,1791,0.00,1244,4.00,1588,-2.00,897,-1.00,3,0.16
13543,19.00,2259,20.00,3128,20.00,1846,20.00,1351,20.00,1445,5.00,2893,-1.00,5861,10.00,4686,0.00,1518,20.00,2259,20.00,2660,40.00,2516,-1.00,1141,24.00,3735,1.00,1359,0.00,946,0.00,346,0.00,1791,0.00,1243,3.00,1588,-5.00,896,-1.00,3,0.08
13578,20.00,2259,20.00,3128,20.00,1846,20.00,1352,20.00,1445,6.00,2893,-2.00,5861,9.00,4686,0.00,1518,21.00,2259,20.00,2660,40.00,2516,1.00,1141,25.00,3735,1.00,1359,0.00,946,0.00,346,0.00,1791,0.00,1244,2.00,1588,-3.00,897,-2.00,3,0.08
13614,20.00,2259,20.00,3128,20.00,1846,20.00,1351,20.00,1445,5.00,2893,-2.00,5861,10.00,4686,0.00,1518,20.00,2259,20.00,2660,40.00,2516,3.00,1141,24.00,3735,2.00,1359,0.00,946,0.00,346,0.00,1791,0.00,1244,3.00,1588,-3.00,897,-2.00,3,0.16
13650,21.00,2259,20.00,3128,20.00,1846,20.00,1351,20.00,1445,5.00,2893,-2.00,5861,10.00,4686,0.00,1518,20.00,2259,20.00,2660,40.00,2516,3.00,1141,24.00,3735,2.00,1359,0.00,946,0.00,346,0.00,1791,0.00,1244,4.00,1588,-1.00,897,-1.00,3,0.16
13685,20.00,2260,20.00,3128,20.00,1846,20.00,1352,20.00,1445,5.00,2893,-2.00,5861,11.00,4686,0.00,1518,20.00,2259,20.00,2660,40.00,2516,3.00,1141,24.00,3735,1.00,1359,0.00,946,0.00,346,0.00,1791,0.00,1244,4.00,1588,-3.00,897,-1.00,3,0.08
13721,20.00,2259,20.00,3128,20.00,1846,20.00,1351,20.00,1445,5.00,2893,-1.00,5861,9.00,4686,0.00,1518,20.00,2259,20.00,2660,40.00,2516,3.00,1142,24.00,3735,0.00,1359,0.00,946,0.00,346,0.00,1791,0.00,1243,4.00,1588,-3.00,897,-2.00,3,0.00
13757,20.00,2259,20.00,3128,20.00,1847,20.00,1351,20.00,1445,5.00,2893,-2.00,5861,10.00,4686,0.00,1518,19.00,2259,20.00,2660,39.00,2516,-3.00,1141,24.00,3735,0.00,1359,0.00,946,0.00,346,0.00,1791,0.00,1244,3.00,1588,-2.00,897,-2.00,3,0.08
13793,20.00,2259,19.00,3128,20.00,1846,19.00,1351,20.00,1445,5.00,2893,-2.00,5861,10.00,4686,0.00,1518,20.00,2259,20.00,2660,40.00,2516,3.00,1141,24.00,3735,3.00,1359,0.00,946,0.00,346,0.00,1791,0.00,1244,4.00,1588,-2.00,897,-2.00,3,0.08
13828,20.00,2259,20.00,3128,20.00,1846,21.00,1351,20.00,1445,5.00,2893,-1.00,5861,10.00,4686,0.00,1518,20.00,2259,20.00,2660,40.00,2516,2.00,1141,24.00,3735,0.00,1359,0.00,946,0.00,346,0.00,1791,0.00,1243,5.00,1588,-4.00,897,-2.00,3,0.08
13864,20.00,2259,21.00,3128,20.00,1846,20.00,1352,20.00,1445,5.00,2893,-2.00,5861,10.00,4686,0.00,1518,20.00,2259,20.00,2660,40.00,2516,1.00,1141,24.00,3735,1.00,1359,0.00,946,0.00,346,0.00,1791,0.00,1244,2.00,1588,-7.00,896,-2.00,3,0.00
13900,20.00,2260,20.00,3128,20.00,1847,20.00,1351,20.00,1445,5.00,2893,-2.00,5861,10.00,4686,0.00,1518,20.00,2259,20.00,2660,41.00,2516,2.00,1141,22.00,3735,1.00,1359,0.00,946,0.00,346,0.00,1791,0.00,1244,3.00,1588,-3.00,897,-2.00,3,0.00
13935,20.00,2259,20.00,3128,20.00,1846,20.00,1352,20.00,1445,5.00,2893,-1.00,5861,10.00,4686,0.00,1518,21.00,2259,20.00,2660,40.00,2517,3.00,1141,24.00,3735,0.00,1359,0.00,946,0.00,346,0.00,1791,0.00,1243,4.00,1588,-4.00,897,-1.00,3,0.32
13971,20.00,2260,20.00,3128,20.00,1846,20.00,1351,20.00,1445,6.00,2893,-2.00,5861,10.00,4686,0.00,1518,20.00,2259,20.00,2660,40.00,2517,2.00,1141,24.00,3735,0.00,1359,0.00,946,0.00,346,0.00,1791,0.00,1244,4.00,1588,-2.00,897,-1.00,3,0.08
14007,20.00,2259,19.00,3128,20.00,1846,20.00,1352,20.00,1445,5.00,2893,-2.00,5861,10.00,4686,0.00,1518,20.00,2259,20.00,2660,40.00,2516,4.00,1141,24.00,3735,2.00,1359,0.00,946,0.00,346,0.00,1791,0.00,1243,4.00,1588,2.00,897,-3.00,3,0.32
14043,20.00,2260,21.00,3128,20.00,1847,20.00,1351,20.00,1445,5.00,2893,-2.00,5861,10.00,4686,0.00,1518,20.00,2259,20.00,2660,40.00,2516,2.00,1142,24.00,3735,2.00,1359,0.00,946,0.00,346,0.00,1791,0.00,1244,1.00,1588,-1.00,897,-2.00,3,0.00
14078,20.00,2259,20.00,3128,20.00,1847,20.00,1352,20.00,1445,5.00,2893,-3.00,5861,10.00,4686,0.00,1518,20.00,2259,20.00,2660,40.00,2516,7.00,1141,25.00,3735,2.00,1359,0.00,946,0.00,346,0.00,1791,0.00,1244,4.00,1588,0.00,897,-3.00,3,0.00
14114,19.00,2259,20.00,3128,21.00,1846,19.00,1351,20.00,1445,5.00,2893,-1.00,5861,11.00,4686,0.00,1518,20.00,2259,20.00,2660,40.00,2516,2.00,1142,24.00,3735,1.00,1359,0.00,946,0.00,346,0.00,1791,0.00,1244,2.00,1588,-3.00,897,-1.00,3,0.24
14150,20.00,2259,20.00,3128,20.00,1847,20.00,1352,20.00,1445,5.00,2893,-1.00,5861,10.00,4686,0.00,1518,20.00,2259,20.00,2660,40.00,2516,0.00,1141,24.00,3735,1.00,1359,0.00,946,0.00,346,0.00,1791,0.00,1244,2.00,1588,4.00,896,-2.00,3,0.00
14186,20.00,2260,20.00,3128,21.00,1846,20.00,1351,20.00,1445,4.00,2893,-3.00,5861,10.00,4686,0.00,1518,20.00,2259,20.00,2660,40.00,2516,7.00,1141,24.00,3735,1.00,1359,0.00,946,0.00,346,0.00,1791,0.00,1243,5.00,1588,4.00,896,-3.00,3,0.16
14221,19.00,2259,20.00,3128,20.00,1847,21.00,1352,20.00,1445,5.00,2893,-1.00,5861,10.00,4686,0.00,1518,20.00,2259,20.00,2660,40.00,2516,2.00,1141,24.00,3735,2.00,1359,0.00,946,0.00,346,0.00,1791,0.00,1244,3.00,1588,-2.00,896,-2.00,3,0.16
14257,20.00,2259,20.00,3128,20.00,1846,20.00,1352,20.00,1445,5.00,2893,-1.00,5861,11.00,4686,0.00,1518,20.00,2259,20.00,2660,40.00,2516,2.00,1141,24.00,3735,0.00,1359,0.00,946,0.00,346,0.00,1791,0.00,1244,1.00,1588,-4.00,897,-2.00,3,0.40
14293,20.00,2259,20.00,3128,20.00,1846,20.00,1351,20.00,1445,5.00,2893,-2.00,5861,10.00,4686,0.00,1518,20.00,2259,20.00,2660,40.00,2516,0.00,1142,24.00,3735,0.00,1359,0.00,946,0.00,346,0.00,1791,0.00,1244,2.00,1588,-4.00,897,-3.00,3,0.00
14329,19.00,2260,21.00,3128,19.00,1846,20.00,1351,20.00,1445,5.00,2893,-1.00,5861,10.00,4686,0.00,1518,20.00,2259,20.00,2660,40.00,2516,1.00,1141,24.00,3735,0.00,1359,0.00,946,0.00,346,0.00,1791,0.00,1244,4.00,1588,-2.00,897,-1.00,3,0.08
14364,20.00,2259,20.00,3128,21.00,1846,21.00,1351,20.00,1445,5.00,2893,-2.00,5861,10.00,4686,0.00,1518,20.00,2259,20.00,2660,40.00,2516,-5.00,1141,24.00,3735,0.00,1359,0.00,946,0.00,346,0.00,1791,0.00,1244,4.00,1588,1.00,897,-1.00,3,0.08
14400,20.00,2260,21.00,3128,21.00,1846,21.00,1351,19.00,1445,5.00,2893,-2.00,5861,10.00,4686,0.00,1518,20.00,2259,20.00,2660,40.00,2517,3.00,1142,24.00,3735,0.00,1359,0.00,946,0.00,346,0.00,1791,0.00,1244,3.00,1588,-2.00,897,-1.00,3,0.32
14436,20.00,2260,20.00,3128,20.00,1847,20.00,1352,20.00,1445,5.00,2893,-2.00,5861,10.00,4686,0.00,1518,20.00,2259,20.00,2660,41.00,2516,3.00,1142,24.00,3735,0.00,1359,0.00,946,0.00,346,0.00,1791,0.00,1244,3.00,1588,-2.00,897,-1.00,3,0.08
14472,20.00,2260,20.00,3128,20.00,1846,20.00,1351,20.00,1445,5.00,2893,-2.00,5861,10.00,4686,0.00,1518,20.00,2259,20.00,2660,40.00,2517,2.00,1141,24.00,3735,1.00,1359,0.00,946,0.00,346,0.00,1791,0.00,1244,3.00,1588,-1.00,897,-2.00,3,0.08
14507,20.00,2260,20.00,3128,20.00,1846,20.00,1351,20.00,1445,5.00,2893,-2.00,5861,10.00,4686,0.00,1518,20.00,2259,20.00,2660,40.00,2516,0.00,1142,24.00,3735,1.00,1359,0.00,946,0.00,346,0.00,1791,0.00,1244,3.00,1588,5.00,897,-3.00,3,0.32
14543,20.00,2259,20.00,3128,20.00,1846,20.00,1351,20.00,1445,5.00,2893,-1.00,5861,10.00,4686,0.00,1518,21.00,2259,20.00,2660,39.00,2516,0.00,1141,24.00,3735,1.00,1359,0.00,946,0.00,346,0.00,1791,0.00,1244,5.00,1588,-1.00,896,-2.00,3,0.16
14579,20.00,2260,20.00,3128,20.00,1846,20.00,1352,20.00,1445,5.00,2893,-3.00,5861,10.00,4686,0.00,1518,20.00,2259,20.00,2660,40.00,2516,2.00,1141,24.00,3735,1.00,1359,0.00,946,0.00,346,0.00,1791,0.00,1244,5.00,1588,-3.00,897,-1.00,3,0.00
14614,20.00,2259,20.00,3128,20.00,1846,21.00,1351,20.00,1445,5.00,2893,-2.00,5861,10.00,4686,0.00,1518,20.00,2259,19.00,2660,40.00,2517,2.00,1141,23.00,3735,0.00,1359,0.00,946,0.00,346,0.00,1791,0.00,1244,4.00,1588,-2.00,897,-2.00,3,0.08
14650,19.00,2259,20.00,3128,20.00,1846,20.00,1351,20.00,1445,5.00,2893,-1.00,5861,10.00,4686,0.00,1518,20.00,2259,20.00,2660,39.00,2517,3.00,1141,23.00,3735,0.00,1359,0.00,946,0.00,346,0.00,1791,0.00,1244,4.00,1588,-2.00,897,-1.00,3,0.08
14686,20.00,2259,20.00,3128,20.00,1846,20.00,1351,20.00,1445,5.00,2893,-3.00,5861,10.00,4686,0.00,1518,20.00,2259,21.00,2660,40.00,2516,-1.00,1142,23.00,3735,0.00,1359,0.00,946,0.00,346,0.00,1791,0.00,1244,3.00,1588,-1.00,897,-2.00,3,0.00
14722,20.00,2260,20.00,3128,20.00,1846,20.00,1352,20.00,1445,5.00,2893,-2.00,5861,11.00,4686,0.00,1518,20.00,2259,20.00,2660,40.00,2516,2.00,1141,24.00,3735,1.00,1359,0.00,946,0.00,346,0.00,1791,0.00,1244,5.00,1588,1.00,896,-2.00,3,0.00
14757,20.00,2260,20.00,3128,21.00,1846,20.00,1351,20.00,1445,5.00,2893,-2.00,5861,10.00,4686,0.00,1518,20.00,2259,20.00,2660,40.00,2516,2.00,1141,24.00,3735,0.00,1359,0.00,946,0.00,346,0.00,1791,0.00,1244,2.00,1588,-6.00,897,-2.00,3,0.16
14793,20.00,2259,21.00,3128,20.00,1846,20.00,1351,20.00,1445,5.00,2893,-2.00,5861,10.00,4686,0.00,1518,21.00,2259,20.00,2660,40.00,2516,2.00,1142,25.00,3735,0.00,1359,0.00,946,0.00,346,0.00,1791,0.00,1243,2.00,1588,-3.00,897,-3.00,3,0.08
14829,20.00,2260,20.00,3128,20.00,1846,20.00,1351,20.00,1445,5.00,2893,-2.00,5861,10.00,4686,0.00,1518,20.00,2259,20.00,2660,40.00,2516,-5.00,1141,24.00,3735,0.00,1359,0.00,946,0.00,346,0.00,1791,0.00,1244,5.00,1588,-3.00,897,-2.00,3,0.08
14864,19.00,2259,20.00,3128,20.00,1847,20.00,1352,20.00,1445,5.00,2893,-2.00,5861,10.00,4686,0.00,1518,20.00,2259,20.00,2660,40.00,2516,3.00,1142,24.00,3735,2.00,1359,0.00,946,0.00,346,0.00,1791,0.00,1243,2.00,1588,-4.00,897,-1.00,3,0.08
14900,20.00,2260,20.00,3128,19.00,1846,20.00,1351,19.00,1445,5.00,2893,-2.00,5861,10.00,4686,0.00,1518,20.00,2259,20.00,2660,40.00,2516,3.00,1141,24.00,3735,1.00,1359,0.00,946,0.00,346,0.00,1791,0.00,1243,3.00,1588,1.00,897,-4.00,3,0.00
14936,21.00,2259,20.00,3128,20.00,1846,20.00,1351,20.00,1445,5.00,2893,-2.00,5861,10.00,4686,0.00,1518,20.00,2259,21.00,2660,41.00,2516,2.00,1142,24.00,3735,3.00,1359,0.00,946,0.00,346,0.00,1791,0.00,1244,3.00,1588,-3.00,897,-1.00,3,0.16
14972,20.00,2259,20.00,3128,20.00,1846,20.00,1351,20.00,1445,5.00,2893,-2.00,5861,10.00,4686,0.00,1518,21.00,2259,20.00,2660,40.00,2516,2.00,1142,23.00,3735,0.00,1359,0.00,946,0.00,346,0.00,1791,0.00,1244,2.00,1588,-5.00,897,-1.00,3,0.16
15007,21.00,2259,20.00,3128,20.00,1846,20.00,1351,20.00,1445,5.00,2893,-2.00,5861,10.00,4686,0.00,1518,20.00,2259,20.00,2660,40.00,2516,-1.00,1141,24.00,3735,2.00,1359,0.00,946,0.00,346,0.00,1791,0.00,1244,4.00,1588,-4.00,897,-3.00,3,0.24
15043,20.00,2260,20.00,3128,19.00,1846,21.00,1351,20.00,1445,5.00,2893,-1.00,5861,9.00,4686,0.00,1518,20.00,2259,19.00,2660,40.00,2516,2.00,1141,24.00,3735,2.00,1359,0.00,946,0.00,346,0.00,1791,0.00,1244,2.00,1588,-4.00,897,-2.00,3,0.08