35,-5.00,204,0.00,200,-2.00,204,0.00,199,0.00,200,-1.00,203,-3.00,203,-1.00,497,1.00,497,0.00,198,-2.00,203,3.00,196,0.00,201,-1.00,202,-3.00,204,0.00,775,0.00,1321,0.00,1728,0.00,1557,-7.00,251,38.00,1594,14.00,1438,0.08
71,-4.00,204,0.00,200,-2.00,204,0.00,199,0.00,200,-1.00,203,-4.00,203,2.00,497,1.00,497,0.00,198,-1.00,203,2.00,196,0.00,201,-2.00,202,-5.00,204,0.00,775,0.00,1321,0.00,1728,0.00,1557,-7.00,251,37.00,1594,14.00,1438,0.08
107,-2.00,204,0.00,200,-4.00,204,2.00,199,0.00,200,-2.00,203,-3.00,203,-1.00,498,3.00,497,1.00,198,-3.00,203,4.00,196,0.00,201,0.00,202,-4.00,204,0.00,775,0.00,1321,0.00,1728,0.00,1557,-6.00,251,37.00,1594,14.00,1438,0.00
142,-3.00,204,0.00,200,-4.00,204,0.00,199,0.00,200,-2.00,203,-3.00,203,1.00,498,3.00,497,0.00,198,-2.00,203,4.00,196,0.00,201,-1.00,202,-3.00,204,0.00,775,0.00,1321,0.00,1728,0.00,1557,-7.00,251,37.00,1594,14.00,1438,0.24
178,-3.00,204,0.00,200,-2.00,204,0.00,199,0.00,200,-2.00,203,-4.00,203,2.00,497,2.00,497,1.00,198,-4.00,203,3.00,196,0.00,201,-2.00,202,-2.00,204,0.00,775,0.00,1321,0.00,1728,0.00,1557,-7.00,251,36.00,1594,14.00,1438,0.16
214,-3.00,204,0.00,200,-3.00,204,3.00,199,0.00,200,-2.00,203,-2.00,203,1.00,498,1.00,497,1.00,198,-3.00,203,3.00,196,0.00,201,-1.00,203,-4.00,204,0.00,775,0.00,1321,0.00,1728,0.00,1557,-7.00,251,37.00,1594,14.00,1438,0.08
250,-3.00,204,0.00,200,-2.00,204,1.00,199,0.00,200,-1.00,203,-3.00,203,3.00,497,1.00,497,1.00,198,-2.00,203,3.00,196,0.00,201,-1.00,202,-4.00,204,0.00,775,0.00,1321,0.00,1728,0.00,1557,-7.00,251,37.00,1594,14.00,1438,0.16
285,-4.00,204,0.00,200,-4.00,204,1.00,199,0.00,200,-3.00,203,-4.00,203,0.00,498,2.00,497,2.00,198,-2.00,203,4.00,196,0.00,201,-1.00,202,-5.00,204,0.00,775,0.00,1321,0.00,1728,0.00,1557,-7.00,251,37.00,1594,14.00,1438,0.08
321,-5.00,204,0.00,200,-4.00,204,0.00,199,0.00,200,-1.00,203,-3.00,203,1.00,498,2.00,497,2.00,198,-3.00,203,3.00,196,0.00,201,-1.00,202,-3.00,204,0.00,775,0.00,1321,0.00,1728,0.00,1557,-8.00,251,37.00,1594,14.00,1438,0.24
357,-2.00,203,0.00,200,-2.00,204,0.00,199,0.00,200,-3.00,203,-3.00,203,2.00,497,2.00,497,0.00,198,-2.00,203,3.00,196,0.00,201,-1.00,202,-3.00,204,0.00,775,0.00,1321,0.00,1728,0.00,1557,-7.00,251,36.00,1594,14.00,1438,0.08
393,-2.00,204,0.00,200,-3.00,204,0.00,199,0.00,200,-1.00,203,-4.00,203,3.00,498,2.00,497,2.00,198,-1.00,203,5.00,196,0.00,201,-5.00,202,-3.00,204,0.00,775,0.00,1321,0.00,1728,0.00,1557,-6.00,251,37.00,1594,14.00,1438,0.81
428,-2.00,204,0.00,200,-4.00,204,1.00,199,0.00,200,-1.00,203,-3.00,203,7.00,497,1.00,497,1.00,198,-2.00,203,2.00,196,0.00,201,0.00,202,-5.00,204,0.00,775,0.00,1321,0.00,1728,0.00,1557,-7.00,251,37.00,1594,14.00,1438,0.00
464,-4.00,204,0.00,200,-3.00,204,1.00,199,0.00,200,-2.00,203,-2.00,203,1.00,498,2.00,497,1.00,198,-4.00,203,3.00,196,-7.00,201,-1.00,202,-4.00,204,0.00,775,0.00,1321,0.00,1728,0.00,1557,-7.00,251,37.00,1594,14.00,1438,0.08
500,-5.00,204,0.00,200,-4.00,204,2.00,199,0.00,200,-1.00,203,-3.00,203,3.00,498,3.00,497,1.00,198,-2.00,203,4.00,196,-1.00,201,-1.00,202,-5.00,204,0.00,775,0.00,1322,0.00,1728,0.00,1557,-8.00,251,37.00,1594,13.00,1438,0.08
536,-4.00,204,0.00,200,-1.00,204,2.00,199,0.00,200,-2.00,203,-2.00,203,-1.00,497,1.00,497,1.00,198,-1.00,203,4.00,196,0.00,201,-1.00,202,-3.00,204,0.00,775,0.00,1321,0.00,1728,0.00,1557,-8.00,251,37.00,1594,14.00,1438,0.16
571,-3.00,204,0.00,200,-3.00,204,0.00,199,0.00,200,-2.00,203,-3.00,203,5.00,497,1.00,497,2.00,198,-1.00,203,3.00,196,0.00,201,-1.00,203,-5.00,204,0.00,775,0.00,1321,0.00,1728,0.00,1557,-5.00,251,37.00,1594,13.00,1438,0.08
607,-3.00,204,0.00,200,-2.00,204,0.00,199,0.00,200,-2.00,203,-4.00,203,1.00,497,4.00,497,0.00,198,-2.00,203,3.00,196,0.00,201,-1.00,202,-6.00,204,0.00,775,0.00,1321,0.00,1728,0.00,1557,-7.00,251,37.00,1594,15.00,1438,0.00
643,-4.00,204,0.00,200,-3.00,204,1.00,199,0.00,200,-2.00,203,-2.00,203,3.00,497,2.00,497,2.00,198,-3.00,203,3.00,196,0.00,201,-1.00,202,-4.00,204,0.00,775,0.00,1321,0.00,1728,0.00,1557,-7.00,251,37.00,1594,14.00,1438,0.24
679,-4.00,204,0.00,200,-3.00,204,0.00,199,0.00,200,-3.00,203,-3.00,203,3.00,497,2.00,497,1.00,198,-2.00,203,3.00,196,0.00,201,-1.00,202,-4.00,204,0.00,775,0.00,1321,0.00,1728,0.00,1557,-7.00,251,37.00,1594,14.00,1438,0.08
714,-2.00,204,0.00,200,-4.00,204,2.00,199,0.00,200,-2.00,203,-3.00,203,6.00,497,1.00,497,1.00,198,-2.00,203,3.00,196,1.00,201,-1.00,202,-3.00,204,0.00,775,0.00,1321,0.00,1728,0.00,1557,-8.00,251,37.00,1594,14.00,1438,0.08
750,-2.00,204,0.00,200,-2.00,204,1.00,199,0.00,200,-2.00,203,-3.00,203,5.00,497,3.00,497,2.00,198,-2.00,203,3.00,196,1.00,201,-1.00,202,-3.00,204,0.00,775,0.00,1321,0.00,1728,0.00,1557,-6.00,251,37.00,1594,14.00,1438,0.08
786,-3.00,204,0.00,200,-4.00,204,1.00,199,0.00,200,-2.00,203,-3.00,203,3.00,497,2.00,497,2.00,198,-3.00,203,3.00,196,0.00,201,-1.00,202,-4.00,204,0.00,775,0.00,1321,0.00,1728,0.00,1557,-7.00,251,37.00,1594,15.00,1438,0.08
822,-4.00,204,0.00,200,-2.00,204,1.00,199,0.00,200,-3.00,203,-3.00,203,-1.00,497,1.00,497,0.00,198,-2.00,203,4.00,196,0.00,201,-1.00,202,-3.00,204,0.00,775,0.00,1321,0.00,1728,0.00,1557,-7.00,251,37.00,1594,14.00,1438,0.48
857,-5.00,204,0.00,200,-3.00,204,2.00,199,0.00,200,-2.00,203,-3.00,203,6.00,498,2.00,497,2.00,198,-2.00,203,3.00,196,0.00,201,-2.00,202,-5.00,204,0.00,775,0.00,1321,0.00,1728,0.00,1557,-8.00,251,37.00,1594,14.00,1438,0.32
893,-2.00,204,0.00,200,-3.00,204,2.00,199,0.00,200,-2.00,203,-2.00,203,-5.00,498,2.00,497,0.00,198,-3.00,203,4.00,196,0.00,201,0.00,202,-4.00,204,0.00,775,0.00,1321,0.00,1728,0.00,1557,-7.00,251,37.00,1594,14.00,1438,0.24
929,7.00,204,0.00,200,-3.00,204,1.00,199,0.00,200,-1.00,203,-3.00,203,1.00,497,2.00,497,1.00,198,-2.00,203,4.00,196,0.00,201,-1.00,202,-3.00,204,0.00,775,0.00,1321,0.00,1728,0.00,1557,-7.00,251,37.00,1594,14.00,1438,0.08
965,-2.00,204,0.00,200,-3.00,204,1.00,199,0.00,200,-2.00,203,-3.00,203,3.00,497,0.00,497,0.00,198,-3.00,203,2.00,196,0.00,201,-1.00,202,-3.00,204,0.00,775,0.00,1321,0.00,1728,0.00,1557,-7.00,251,37.00,1594,14.00,1438,0.08
1001,-4.00,204,0.00,200,-3.00,204,1.00,199,0.00,200,-3.00,203,-3.00,203,4.00,497,2.00,497,0.00,198,-2.00,203,4.00,196,0.00,201,-2.00,202,-4.00,204,0.00,775,0.00,1322,0.00,1728,0.00,1557,-7.00,251,37.00,1594,14.00,1438,0.00
1036,-2.00,204,0.00,200,-4.00,204,1.00,199,0.00,200,-2.00,203,-2.00,203,1.00,497,2.00,497,0.00,198,-4.00,203,4.00,196,0.00,201,-1.00,202,-4.00,204,0.00,775,0.00,1321,0.00,1728,0.00,1557,-7.00,251,37.00,1594,14.00,1438,0.08
1072,-2.00,204,0.00,200,-4.00,204,2.00,199,0.00,200,-3.00,203,-3.00,203,4.00,498,1.00,497,2.00,198,-4.00,203,1.00,196,0.00,201,-1.00,202,-3.00,204,0.00,775,0.00,1321,0.00,1728,0.00,1557,-7.00,251,37.00,1594,14.00,1438,0.08
1108,-4.00,204,0.00,200,-3.00,204,1.00,199,0.00,200,-3.00,203,-2.00,203,2.00,498,3.00,497,0.00,198,-1.00,203,2.00,196,0.00,201,-1.00,202,-5.00,204,0.00,775,0.00,1321,0.00,1728,0.00,1557,-7.00,251,37.00,1594,14.00,1438,0.00
1144,-5.00,204,0.00,200,-4.00,204,2.00,199,0.00,200,-3.00,203,-3.00,203,5.00,497,2.00,497,1.00,198,-1.00,203,2.00,196,0.00,201,-1.00,202,-5.00,204,0.00,775,0.00,1321,0.00,1728,0.00,1557,-7.00,251,37.00,1594,14.00,1438,0.08
1179,-2.00,204,0.00,200,-3.00,204,1.00,199,0.00,200,-2.00,203,-3.00,203,5.00,497,3.00,497,0.00,198,-1.00,203,4.00,196,0.00,201,-1.00,202,-4.00,204,0.00,775,0.00,1321,0.00,1728,0.00,1557,-7.00,251,37.00,1594,14.00,1438,0.16
1215,-4.00,204,0.00,200,-4.00,204,1.00,199,0.00,200,-3.00,203,-4.00,203,4.00,497,2.00,497,1.00,198,-4.00,203,2.00,196,0.00,201,-1.00,202,-4.00,204,0.00,775,0.00,1321,0.00,1728,0.00,1557,-7.00,251,37.00,1594,14.00,1438,0.08
1251,-2.00,204,0.00,200,-3.00,204,2.00,199,0.00,200,-2.00,203,-3.00,203,3.00,498,1.00,497,2.00,198,-2.00,203,4.00,196,0.00,201,0.00,202,-4.00,204,0.00,775,0.00,1321,0.00,1728,0.00,1557,-7.00,251,37.00,1594,14.00,1438,0.08
1287,-5.00,204,0.00,200,-4.00,204,2.00,199,0.00,200,-2.00,203,-2.00,203,3.00,497,3.00,497,0.00,198,-2.00,203,4.00,196,0.00,201,-1.00,202,-5.00,204,0.00,775,0.00,1321,0.00,1728,0.00,1557,-7.00,251,37.00,1594,14.00,1438,0.08
1322,-4.00,204,0.00,200,-3.00,204,0.00,199,0.00,200,-1.00,203,-3.00,203,3.00,498,4.00,497,1.00,198,-2.00,203,3.00,196,0.00,201,0.00,202,-5.00,204,0.00,775,0.00,1321,0.00,1728,0.00,1557,-7.00,251,37.00,1594,15.00,1438,0.08
1358,-2.00,204,0.00,200,-2.00,204,0.00,199,0.00,200,-3.00,203,-4.00,203,4.00,497,1.00,497,1.00,198,-2.00,203,5.00,196,0.00,201,0.00,202,-4.00,204,0.00,775,0.00,1321,0.00,1728,0.00,1557,-7.00,251,37.00,1594,14.00,1438,0.00
1394,-4.00,204,0.00,200,-3.00,204,1.00,199,0.00,200,-2.00,203,-3.00,203,1.00,498,4.00,497,0.00,198,-4.00,203,4.00,196,0.00,201,-1.00,202,-4.00,204,0.00,775,0.00,1321,0.00,1728,0.00,1557,-5.00,251,37.00,1594,14.00,1438,0.00
1430,-4.00,204,0.00,200,-2.00,204,1.00,199,0.00,200,-1.00,203,-3.00,203,4.00,497,1.00,497,0.00,198,-2.00,203,3.00,196,0.00,201,-3.00,202,-3.00,204,0.00,775,0.00,1321,0.00,1728,0.00,1557,-7.00,251,37.00,1594,14.00,1438,0.08
1466,-4.00,204,0.00,200,-4.00,204,1.00,199,0.00,200,-2.00,203,-4.00,203,1.00,498,3.00,497,1.00,198,-3.00,203,4.00,196,0.00,201,-1.00,202,-5.00,204,0.00,775,0.00,1321,0.00,1728,0.00,1557,-8.00,251,37.00,1594,15.00,1438,0.24
1501,-4.00,204,0.00,200,-4.00,204,3.00,199,0.00,200,-1.00,203,-2.00,203,-4.00,497,2.00,497,1.00,198,-1.00,203,4.00,196,-1.00,201,0.00,202,-5.00,204,0.00,775,0.00,1321,0.00,1728,0.00,1557,-7.00,251,37.00,1594,14.00,1438,0.08
1537,-1.00,204,0.00,200,-4.00,204,2.00,199,0.00,200,-2.00,203,-3.00,203,6.00,497,3.00,497,1.00,198,-1.00,203,3.00,196,2.00,201,-1.00,202,-4.00,204,0.00,775,0.00,1321,0.00,1728,0.00,1557,-7.00,251,37.00,1594,14.00,1438,0.08
1573,7.00,204,0.00,200,-4.00,204,1.00,199,0.00,200,-2.00,203,-4.00,203,4.00,497,2.00,497,0.00,198,-1.00,203,3.00,196,0.00,201,-1.00,202,-5.00,204,0.00,775,0.00,1321,0.00,1728,0.00,1557,-7.00,251,37.00,1594,15.00,1438,0.32
1609,-3.00,204,0.00,200,-3.00,204,3.00,199,0.00,200,-3.00,203,-3.00,203,-3.00,498,4.00,497,1.00,198,-2.00,203,3.00,196,0.00,201,-2.00,202,-2.00,204,0.00,775,0.00,1321,0.00,1728,0.00,1557,-7.00,251,37.00,1594,14.00,1438,0.08
1644,-4.00,204,0.00,200,-4.00,204,0.00,199,0.00,200,-2.00,203,-3.00,203,5.00,498,3.00,497,1.00,198,-2.00,203,2.00,196,0.00,201,-1.00,202,-5.00,204,0.00,775,0.00,1321,0.00,1728,0.00,1557,-8.00,251,37.00,1594,14.00,1438,0.08
1680,-4.00,204,0.00,200,-3.00,204,1.00,199,0.00,200,-2.00,203,-3.00,203,1.00,498,3.00,497,1.00,198,-2.00,203,4.00,196,0.00,201,-1.00,202,-5.00,204,0.00,775,0.00,1321,0.00,1728,0.00,1557,-8.00,251,37.00,1594,14.00,1438,0.16
1716,-3.00,204,0.00,200,-2.00,204,2.00,199,0.00,200,-3.00,203,-3.00,203,5.00,498,2.00,497,1.00,198,-3.00,203,2.00,196,0.00,201,-1.00,202,-4.00,204,0.00,775,0.00,1321,0.00,1728,0.00,1557,-8.00,251,37.00,1594,15.00,1438,0.00
1751,-3.00,204,0.00,200,-4.00,204,1.00,199,0.00,200,-2.00,203,-3.00,203,5.00,498,1.00,497,1.00,198,-1.00,203,2.00,196,0.00,201,-1.00,202,-3.00,204,0.00,775,0.00,1321,0.00,1728,0.00,1557,-5.00,251,37.00,1594,14.00,1438,0.08
1787,-2.00,204,0.00,200,-3.00,204,0.00,199,0.00,200,-3.00,203,-3.00,203,6.00,497,3.00,497,1.00,198,-2.00,203,2.00,196,0.00,201,-1.00,202,-4.00,204,0.00,775,0.00,1322,0.00,1728,0.00,1557,-7.00,251,38.00,1594,14.00,1438,0.08
1823,-4.00,204,0.00,200,-4.00,204,1.00,199,0.00,200,-2.00,203,-3.00,203,1.00,498,3.00,497,1.00,198,-2.00,203,3.00,196,0.00,201,-1.00,202,-5.00,204,0.00,775,0.00,1321,0.00,1728,0.00,1557,-7.00,251,37.00,1594,14.00,1438,0.32
1859,3.00,204,0.00,200,-2.00,204,2.00,199,0.00,200,-2.00,203,-3.00,203,1.00,497,2.00,497,0.00,198,-1.00,203,4.00,196,-1.00,201,-1.00,202,-5.00,204,0.00,775,0.00,1321,0.00,1728,0.00,1557,-7.00,251,37.00,1594,13.00,1438,0.08
1894,-2.00,204,0.00,200,-4.00,204,1.00,199,0.00,200,-2.00,203,-3.00,203,4.00,497,3.00,497,1.00,198,-2.00,203,4.00,196,0.00,201,0.00,202,-4.00,204,0.00,775,0.00,1321,0.00,1728,0.00,1557,-7.00,251,37.00,1594,15.00,1438,0.08
1930,-2.00,203,0.00,200,-3.00,204,0.00,199,0.00,200,-2.00,203,-2.00,203,6.00,498,1.00,497,2.00,198,-3.00,203,4.00,196,0.00,201,-1.00,202,-2.00,204,0.00,775,0.00,1321,0.00,1728,0.00,1557,-8.00,251,37.00,1594,14.00,1438,0.00
1966,-3.00,204,0.00,200,3.00,204,1.00,199,0.00,200,-1.00,203,-3.00,203,1.00,498,2.00,497,0.00,198,-1.00,203,2.00,196,0.00,201,-2.00,202,-3.00,204,0.00,775,0.00,1322,0.00,1728,0.00,1557,-7.00,251,37.00,1594,13.00,1438,0.00
2002,-4.00,204,0.00,200,-4.00,204,1.00,199,0.00,200,-2.00,203,-2.00,203,4.00,497,3.00,497,1.00,198,-2.00,203,3.00,196,0.00,201,-1.00,202,-5.00,204,0.00,775,0.00,1322,0.00,1728,0.00,1557,-8.00,251,37.00,1594,14.00,1438,0.00
2038,-3.00,204,0.00,200,-3.00,204,0.00,199,0.00,200,-2.00,203,-2.00,203,2.00,497,1.00,497,1.00,198,-2.00,203,4.00,196,0.00,201,-1.00,202,-3.00,204,0.00,775,0.00,1321,0.00,1728,0.00,1557,-6.00,251,37.00,1594,14.00,1438,0.16
2073,-2.00,203,0.00,200,-3.00,204,1.00,199,0.00,200,-2.00,203,-3.00,203,5.00,497,4.00,497,1.00,198,0.00,203,3.00,196,0.00,201,-1.00,202,-4.00,204,0.00,775,0.00,1321,0.00,1728,0.00,1557,-7.00,251,37.00,1594,15.00,1438,0.16
2109,-4.00,204,0.00,200,-4.00,204,1.00,199,0.00,200,-3.00,203,-4.00,203,5.00,497,3.00,497,2.00,198,-1.00,203,4.00,196,0.00,201,0.00,202,-5.00,204,0.00,775,0.00,1321,0.00,1728,0.00,1557,-6.00,251,37.00,1594,13.00,1438,0.16
2145,-2.00,204,0.00,200,-4.00,204,0.00,199,0.00,200,-2.00,203,-3.00,203,6.00,498,1.00,497,1.00,198,-3.00,203,3.00,196,0.00,201,-1.00,202,-4.00,204,0.00,775,0.00,1321,0.00,1728,0.00,1557,-5.00,251,37.00,1594,14.00,1438,0.08
2181,1.00,204,0.00,200,-4.00,204,1.00,199,0.00,200,-3.00,203,-3.00,203,-2.00,497,1.00,497,1.00,198,-1.00,203,4.00,196,0.00,201,-1.00,202,-3.00,204,0.00,775,0.00,1321,0.00,1728,0.00,1557,-8.00,251,37.00,1594,13.00,1438,0.08
2216,-3.00,204,0.00,200,-4.00,204,2.00,199,0.00,200,-2.00,203,-3.00,203,1.00,497,3.00,497,0.00,198,-4.00,203,3.00,196,0.00,201,-1.00,203,-4.00,204,0.00,775,0.00,1321,0.00,1728,0.00,1557,-7.00,251,37.00,1594,14.00,1438,0.08
2252,-3.00,204,0.00,200,-3.00,204,0.00,199,0.00,200,-2.00,203,-3.00,203,-3.00,497,3.00,497,1.00,198,-2.00,203,2.00,196,0.00,201,-1.00,202,-4.00,204,0.00,775,0.00,1321,0.00,1728,0.00,1557,-7.00,251,36.00,1594,14.00,1438,0.16
2288,-3.00,204,0.00,200,-4.00,204,1.00,199,0.00,200,-2.00,203,-3.00,203,-4.00,497,1.00,497,1.00,198,-2.00,203,2.00,196,0.00,201,-1.00,202,-3.00,204,0.00,775,0.00,1321,0.00,1728,0.00,1557,-7.00,251,37.00,1594,14.00,1438,0.08
2324,-3.00,204,0.00,200,-3.00,204,1.00,199,0.00,200,-2.00,203,-3.00,203,5.00,497,2.00,497,0.00,198,-1.00,203,3.00,196,0.00,201,-1.00,202,-4.00,204,0.00,775,0.00,1322,0.00,1728,0.00,1557,-7.00,251,37.00,1594,14.00,1438,0.00
2359,-5.00,204,0.00,200,-4.00,204,1.00,199,0.00,200,-2.00,203,-3.00,203,5.00,497,1.00,497,1.00,198,-1.00,203,2.00,196,-6.00,201,-1.00,202,-2.00,204,0.00,775,0.00,1321,0.00,1728,0.00,1557,-7.00,251,37.00,1594,14.00,1438,0.00
2395,-3.00,204,0.00,200,-3.00,204,1.00,199,0.00,200,-2.00,203,-3.00,203,-3.00,497,1.00,497,2.00,198,-1.00,203,3.00,196,0.00,201,-1.00,202,-4.00,204,0.00,775,0.00,1321,0.00,1728,0.00,1557,-7.00,251,37.00,1594,14.00,1438,0.08
2431,-3.00,204,0.00,200,-3.00,204,2.00,199,0.00,200,-2.00,203,-3.00,203,5.00,497,1.00,497,1.00,198,-2.00,203,2.00,196,0.00,201,-1.00,202,-4.00,204,0.00,775,0.00,1321,0.00,1728,0.00,1557,-8.00,251,36.00,1594,14.00,1438,0.00
2467,-2.00,204,0.00,200,-4.00,204,0.00,199,0.00,200,-2.00,203,-3.00,203,3.00,497,1.00,497,1.00,198,-1.00,203,1.00,196,0.00,201,-1.00,202,-5.00,204,0.00,775,0.00,1321,0.00,1728,0.00,1557,-6.00,251,37.00,1594,14.00,1438,0.00
2502,-2.00,204,0.00,200,-3.00,204,2.00,199,0.00,200,-3.00,203,-3.00,203,7.00,497,3.00,497,0.00,198,-1.00,203,3.00,196,0.00,201,-1.00,202,-3.00,204,0.00,775,0.00,1321,0.00,1728,0.00,1557,-8.00,251,37.00,1594,14.00,1438,0.00
2538,-2.00,204,0.00,200,-4.00,204,2.00,199,0.00,200,-2.00,203,-3.00,203,5.00,497,2.00,497,0.00,198,-3.00,203,4.00,196,0.00,201,0.00,202,-3.00,204,0.00,775,0.00,1321,0.00,1728,0.00,1557,-7.00,251,37.00,1594,14.00,1438,0.08
2574,-3.00,204,0.00,200,-3.00,204,2.00,199,0.00,200,-2.00,203,-3.00,203,3.00,497,1.00,497,0.00,198,-2.00,203,3.00,196,0.00,201,-2.00,202,-3.00,204,0.00,775,0.00,1321,0.00,1728,0.00,1557,-7.00,251,38.00,1594,14.00,1438,0.00
2609,3.00,203,0.00,200,-2.00,204,0.00,199,0.00,200,-3.00,203,-2.00,203,1.00,498,4.00,497,2.00,198,-1.00,203,3.00,196,0.00,201,-1.00,202,-5.00,204,0.00,775,0.00,1321,0.00,1728,0.00,1557,-7.00,251,38.00,1594,14.00,1438,0.00
2645,1.00,204,0.00,200,-4.00,204,1.00,199,0.00,200,-2.00,203,-3.00,203,6.00,498,1.00,497,0.00,198,-2.00,203,3.00,196,0.00,201,-1.00,202,-4.00,204,0.00,775,0.00,1321,0.00,1728,0.00,1557,-8.00,251,37.00,1594,14.00,1438,0.08
2681,3.00,204,0.00,200,-4.00,204,1.00,199,0.00,200,-2.00,203,-3.00,203,3.00,497,1.00,497,0.00,198,-2.00,203,2.00,196,0.00,201,-1.00,202,-5.00,204,0.00,775,0.00,1322,0.00,1728,0.00,1557,-7.00,251,37.00,1594,14.00,1438,0.08
2717,-3.00,204,0.00,200,-2.00,204,0.00,199,0.00,200,-3.00,203,-3.00,203,4.00,497,4.00,497,2.00,198,-3.00,203,1.00,196,0.00,201,-1.00,202,-5.00,204,0.00,775,0.00,1321,0.00,1728,0.00,1557,-7.00,251,37.00,1594,14.00,1438,0.08
2752,-4.00,204,0.00,200,-4.00,204,0.00,199,0.00,200,-2.00,203,-3.00,203,-4.00,498,1.00,497,1.00,198,-1.00,203,3.00,196,0.00,201,-1.00,202,-4.00,204,0.00,775,0.00,1322,0.00,1728,0.00,1557,-7.00,251,37.00,1594,14.00,1438,0.00
2788,-4.00,204,0.00,200,-4.00,204,0.00,199,0.00,200,-1.00,203,-3.00,203,6.00,497,2.00,497,1.00,198,-1.00,203,3.00,196,0.00,201,-1.00,202,-5.00,204,0.00,775,0.00,1321,0.00,1728,0.00,1557,-7.00,251,36.00,1594,13.00,1438,0.00
2824,-4.00,204,0.00,200,-3.00,204,2.00,199,0.00,200,-2.00,203,-3.00,203,4.00,497,2.00,497,0.00,198,-1.00,203,2.00,196,0.00,201,-5.00,202,-5.00,204,0.00,775,0.00,1321,0.00,1728,0.00,1557,-6.00,251,38.00,1594,14.00,1438,0.08
2860,0.00,204,0.00,200,-3.00,204,0.00,199,0.00,200,-2.00,203,-3.00,203,9.00,497,2.00,497,1.00,198,-3.00,203,2.00,196,0.00,201,-1.00,202,-3.00,204,0.00,775,0.00,1321,0.00,1728,0.00,1557,-7.00,251,37.00,1594,14.00,1438,0.08
2895,-4.00,204,0.00,200,-3.00,204,0.00,199,0.00,200,-1.00,203,-3.00,203,2.00,498,3.00,497,1.00,198,-2.00,203,3.00,196,0.00,201,-1.00,202,-2.00,204,0.00,775,0.00,1321,0.00,1728,0.00,1557,-6.00,251,37.00,1594,14.00,1438,0.16
2931,-3.00,204,0.00,200,-2.00,204,0.00,199,0.00,200,-1.00,203,-3.00,203,-3.00,497,2.00,497,0.00,198,-2.00,203,2.00,196,0.00,201,0.00,202,-3.00,204,0.00,775,0.00,1321,0.00,1728,0.00,1557,-6.00,251,37.00,1594,14.00,1438,0.24
2967,-2.00,204,0.00,200,-3.00,204,2.00,199,0.00,200,-2.00,203,-3.00,203,-1.00,498,3.00,497,0.00,198,-2.00,203,3.00,196,0.00,201,-1.00,202,-3.00,204,0.00,775,0.00,1321,0.00,1728,0.00,1557,-7.00,251,37.00,1594,14.00,1438,0.16
3003,-4.00,204,0.00,200,-3.00,204,2.00,199,0.00,200,-1.00,203,-2.00,203,1.00,497,3.00,497,1.00,198,-1.00,203,2.00,196,0.00,201,0.00,202,-4.00,204,0.00,775,0.00,1321,0.00,1728,0.00,1557,-7.00,251,37.00,1594,14.00,1438,0.32
3039,-1.00,204,0.00,200,-4.00,204,0.00,199,0.00,200,-3.00,203,-3.00,203,4.00,497,2.00,497,1.00,198,-2.00,203,2.00,196,0.00,201,-1.00,202,-4.00,204,0.00,775,0.00,1321,0.00,1728,0.00,1557,-7.00,251,37.00,1594,14.00,1438,0.24
3074,-2.00,204,0.00,200,-2.00,204,1.00,199,0.00,200,-2.00,203,-3.00,203,5.00,497,1.00,497,1.00,198,-1.00,203,3.00,196,0.00,201,-1.00,202,-5.00,204,0.00,775,0.00,1321,0.00,1728,0.00,1557,-7.00,251,38.00,1594,14.00,1438,0.24
3110,-4.00,204,0.00,200,-4.00,204,2.00,199,0.00,200,-2.00,203,-4.00,203,6.00,497,2.00,497,1.00,198,-3.00,203,3.00,196,0.00,201,-1.00,202,-5.00,204,0.00,775,0.00,1321,0.00,1728,0.00,1557,-7.00,251,37.00,1594,13.00,1438,0.24
3146,-4.00,204,0.00,200,-2.00,204,1.00,199,0.00,200,-3.00,203,-2.00,203,3.00,497,2.00,497,1.00,198,-3.00,203,4.00,196,0.00,201,0.00,202,-3.00,204,0.00,775,0.00,1321,0.00,1728,0.00,1557,-7.00,251,37.00,1594,14.00,1438,0.08
3182,-6.00,204,0.00,200,-4.00,204,0.00,199,0.00,200,-2.00,203,-3.00,203,-2.00,497,1.00,497,0.00,198,-2.00,203,4.00,196,0.00,201,-1.00,202,-2.00,204,0.00,775,0.00,1322,0.00,1728,0.00,1557,-8.00,251,37.00,1594,14.00,1438,0.24
3217,-5.00,204,0.00,200,-3.00,204,1.00,199,0.00,200,-3.00,203,-2.00,203,-1.00,497,2.00,497,0.00,198,-2.00,203,3.00,196,1.00,201,0.00,202,-5.00,204,0.00,775,0.00,1321,0.00,1728,0.00,1557,-8.00,251,37.00,1594,13.00,1438,0.24
3253,-2.00,204,0.00,200,-4.00,204,3.00,199,0.00,200,-1.00,203,-3.00,203,7.00,498,3.00,497,0.00,198,-1.00,203,3.00,196,0.00,201,-2.00,202,-5.00,204,0.00,775,0.00,1321,0.00,1728,0.00,1557,-7.00,251,37.00,1594,14.00,1438,0.40
3289,-3.00,204,0.00,200,-2.00,204,2.00,199,0.00,200,-3.00,203,-3.00,203,2.00,497,3.00,497,0.00,198,-2.00,203,4.00,196,0.00,201,-1.00,202,-4.00,204,0.00,775,0.00,1321,0.00,1728,0.00,1557,-8.00,251,37.00,1594,14.00,1438,0.32
3324,-3.00,204,0.00,200,-3.00,204,1.00,199,0.00,200,-2.00,203,-3.00,203,0.00,497,4.00,497,2.00,198,-1.00,203,4.00,196,0.00,201,0.00,202,-5.00,204,0.00,775,0.00,1321,0.00,1728,0.00,1557,-7.00,251,38.00,1594,14.00,1438,0.24
3360,1.00,204,0.00,200,-4.00,204,2.00,199,0.00,200,-3.00,203,-3.00,203,7.00,497,3.00,497,1.00,198,-1.00,203,3.00,196,0.00,201,0.00,202,-4.00,204,0.00,775,0.00,1321,0.00,1728,0.00,1557,-7.00,251,37.00,1594,14.00,1438,0.24
3396,-3.00,204,0.00,200,-3.00,204,0.00,199,0.00,200,-1.00,203,-3.00,203,2.00,498,3.00,497,1.00,198,-1.00,203,4.00,196,0.00,201,-1.00,202,-4.00,204,0.00,775,0.00,1321,0.00,1728,0.00,1557,-6.00,251,37.00,1594,14.00,1438,0.32
3431,-2.00,204,0.00,200,-4.00,204,1.00,199,0.00,200,-1.00,203,-3.00,203,3.00,497,1.00,497,1.00,198,-3.00,203,2.00,196,0.00,201,-1.00,202,-5.00,204,0.00,775,0.00,1321,0.00,1728,0.00,1557,-7.00,251,37.00,1594,14.00,1438,0.65
3467,-4.00,204,0.00,200,-4.00,204,1.00,199,0.00,200,-2.00,203,-2.00,203,-4.00,497,1.00,497,1.00,198,-1.00,203,3.00,196,0.00,201,-1.00,202,-5.00,204,0.00,775,0.00,1321,0.00,1728,0.00,1557,-7.00,251,37.00,1594,14.00,1438,0.48
3503,-3.00,204,0.00,200,-3.00,204,1.00,199,0.00,200,-1.00,203,-3.00,203,-3.00,498,0.00,497,0.00,198,-2.00,203,2.00,196,0.00,201,-1.00,202,-3.00,204,0.00,775,0.00,1321,0.00,1728,0.00,1557,-7.00,251,37.00,1594,14.00,1438,0.48
3539,-3.00,204,0.00,200,-2.00,204,1.00,199,0.00,200,-2.00,203,-3.00,203,-1.00,497,3.00,497,0.00,198,-2.00,203,3.00,196,0.00,201,-1.00,202,-5.00,204,0.00,775,0.00,1321,0.00,1728,0.00,1557,-7.00,251,37.00,1594,14.00,1438,0.48
3574,-3.00,204,0.00,200,-3.00,204,2.00,199,0.00,200,-2.00,203,-4.00,203,4.00,497,3.00,497,0.00,198,-2.00,203,2.00,196,0.00,201,-1.00,202,-3.00,204,0.00,775,0.00,1321,0.00,1728,0.00,1557,-7.00,251,37.00,1594,14.00,1438,0.48
3610,-5.00,204,0.00,200,-2.00,204,1.00,199,0.00,200,-2.00,203,-3.00,203,4.00,497,2.00,497,1.00,198,-2.00,203,3.00,196,0.00,201,0.00,202,-4.00,204,0.00,775,0.00,1321,0.00,1728,0.00,1557,-6.00,251,37.00,1594,14.00,1438,0.56
3646,-3.00,204,0.00,200,-2.00,204,1.00,199,0.00,200,-2.00,203,-2.00,203,5.00,497,4.00,497,1.00,198,-1.00,203,2.00,196,0.00,201,-1.00,202,-3.00,204,0.00,775,0.00,1321,0.00,1728,0.00,1557,-7.00,251,37.00,1594,14.00,1438,0.73
3682,-2.00,204,0.00,200,-4.00,204,1.00,199,0.00,200,-2.00,203,-3.00,203,-4.00,498,2.00,497,1.00,198,-2.00,203,4.00,196,0.00,201,-1.00,202,-5.00,204,0.00,775,0.00,1322,0.00,1728,0.00,1557,-7.00,251,37.00,1594,14.00,1438,0.65
3717,-4.00,204,0.00,200,-2.00,204,1.00,199,0.00,200,-2.00,203,-3.00,203,-4.00,497,2.00,497,0.00,198,-3.00,203,2.00,196,0.00,201,-1.00,202,-3.00,204,0.00,775,0.00,1321,0.00,1728,0.00,1557,-7.00,251,37.00,1594,14.00,1438,0.89
3753,-5.00,204,0.00,200,-3.00,204,1.00,199,0.00,200,-2.00,203,-3.00,203,6.00,497,2.00,497,0.00,198,-1.00,203,2.00,196,0.00,201,-1.00,202,-5.00,204,0.00,775,0.00,1321,0.00,1728,0.00,1557,-5.00,251,37.00,1594,14.00,1438,0.56
3789,-4.00,204,0.00,200,-3.00,204,3.00,199,0.00,200,-3.00,203,-3.00,203,3.00,497,3.00,497,2.00,198,-2.00,203,2.00,196,0.00,201,0.00,202,-3.00,204,0.00,775,0.00,1322,0.00,1728,0.00,1557,-7.00,251,37.00,1594,14.00,1438,0.56
3825,-3.00,204,0.00,200,-3.00,204,1.00,199,0.00,200,-2.00,203,-2.00,203,-2.00,497,4.00,497,1.00,198,-1.00,203,4.00,196,0.00,201,-2.00,202,-4.00,204,0.00,775,0.00,1322,0.00,1728,0.00,1557,-7.00,251,37.00,1594,14.00,1438,0.56
3861,-2.00,204,0.00,200,-3.00,204,0.00,199,0.00,200,-2.00,203,-3.00,203,1.00,498,2.00,497,1.00,198,-1.00,203,3.00,196,0.00,201,0.00,202,-4.00,204,0.00,775,0.00,1322,0.00,1728,0.00,1557,-7.00,251,37.00,1594,14.00,1438,0.65
3896,-4.00,204,0.00,200,-4.00,204,0.00,199,0.00,200,-2.00,203,-3.00,203,4.00,498,2.00,497,2.00,198,-2.00,203,2.00,196,0.00,201,-1.00,202,-4.00,204,0.00,775,0.00,1322,0.00,1728,0.00,1557,-7.00,251,37.00,1594,15.00,1438,0.97
3932,-4.00,204,0.00,200,-2.00,204,1.00,199,0.00,200,-2.00,203,-3.00,203,5.00,497,3.00,497,1.00,198,-3.00,203,3.00,196,0.00,201,-1.00,202,-5.00,204,0.00,775,0.00,1321,0.00,1728,0.00,1557,-7.00,251,37.00,1594,14.00,1438,0.81
3968,-2.00,204,0.00,200,-4.00,204,2.00,199,0.00,200,-2.00,203,-2.00,203,-1.00,497,2.00,497,1.00,198,-1.00,203,3.00,196,0.00,201,-1.00,202,-3.00,204,0.00,775,0.00,1321,0.00,1728,0.00,1557,-7.00,251,37.00,1594,14.00,1438,0.89
4004,-5.00,204,0.00,200,-2.00,204,1.00,199,0.00,200,-3.00,203,-3.00,203,6.00,497,3.00,497,2.00,198,-3.00,203,3.00,196,0.00,201,0.00,202,-4.00,204,0.00,775,0.00,1322,0.00,1728,0.00,1557,-7.00,251,37.00,1594,13.00,1438,0.89
4039,-4.00,204,0.00,200,-4.00,204,1.00,199,0.00,200,-1.00,203,-3.00,203,0.00,498,2.00,497,2.00,198,-2.00,203,2.00,196,0.00,201,-1.00,202,-5.00,204,0.00,775,0.00,1321,0.00,1728,0.00,1558,-6.00,251,37.00,1594,14.00,1438,0.89
4075,-1.00,204,0.00,200,-2.00,204,1.00,199,0.00,200,-2.00,203,-3.00,203,5.00,497,1.00,497,0.00,198,-3.00,203,3.00,196,0.00,201,-1.00,202,-3.00,204,0.00,775,0.00,1321,0.00,1728,0.00,1557,-5.00,251,37.00,1594,14.00,1438,0.97
4111,-4.00,204,0.00,200,-2.00,204,0.00,199,0.00,200,-3.00,203,-3.00,203,5.00,497,3.00,497,1.00,198,-2.00,203,3.00,196,0.00,201,0.00,202,-4.00,204,0.00,775,0.00,1321,0.00,1728,0.00,1557,-8.00,251,37.00,1594,14.00,1438,1.13
4146,-5.00,204,0.00,200,-5.00,204,2.00,199,0.00,200,-2.00,203,-4.00,203,2.00,498,4.00,497,1.00,198,-2.00,203,3.00,196,0.00,201,-1.00,202,-4.00,204,0.00,775,0.00,1321,0.00,1728,0.00,1557,-8.00,251,37.00,1594,14.00,1438,1.29
4182,-3.00,204,0.00,200,-3.00,204,0.00,199,0.00,200,-1.00,203,-3.00,203,5.00,497,3.00,497,1.00,198,-2.00,203,2.00,196,0.00,201,-1.00,202,-3.00,204,0.00,775,0.00,1322,0.00,1728,0.00,1558,-7.00,251,37.00,1594,14.00,1438,1.21
4218,-2.00,204,0.00,200,-2.00,204,1.00,199,0.00,200,-1.00,203,-3.00,203,5.00,497,3.00,497,1.00,198,-2.00,203,2.00,196,0.00,201,-1.00,202,-2.00,204,0.00,775,0.00,1321,0.00,1728,0.00,1558,-5.00,251,37.00,1594,14.00,1438,1.21
4254,-4.00,204,0.00,200,-3.00,204,1.00,199,0.00,200,-2.00,203,-3.00,203,0.00,498,4.00,497,1.00,198,-2.00,203,4.00,196,0.00,201,-1.00,202,-4.00,204,0.00,775,0.00,1321,0.00,1728,0.00,1558,-7.00,251,37.00,1594,14.00,1438,1.37
4290,-3.00,204,0.00,200,-3.00,204,1.00,199,0.00,200,-2.00,203,-3.00,203,-5.00,497,1.00,497,1.00,198,-4.00,203,3.00,196,0.00,201,0.00,202,-3.00,204,0.00,775,0.00,1322,0.00,1728,0.00,1558,-7.00,251,37.00,1594,14.00,1438,1.29
4326,-2.00,204,0.00,200,-4.00,204,2.00,199,0.00,200,-2.00,203,-3.00,203,3.00,497,1.00,497,2.00,198,-1.00,203,4.00,196,0.00,201,0.00,202,-5.00,204,0.00,775,0.00,1322,0.00,1728,0.00,1557,-7.00,251,37.00,1594,14.00,1438,1.29
4361,-3.00,204,0.00,200,-2.00,204,3.00,199,0.00,200,-2.00,203,-3.00,203,3.00,497,1.00,497,1.00,198,-2.00,203,4.00,196,0.00,201,3.00,202,-5.00,204,0.00,775,0.00,1321,0.00,1728,0.00,1558,-7.00,251,37.00,1594,14.00,1438,1.77
4397,0.00,204,0.00,200,-3.00,204,1.00,199,0.00,200,-2.00,203,-4.00,203,3.00,498,1.00,497,2.00,198,0.00,203,4.00,196,0.00,201,-1.00,202,-5.00,204,0.00,775,0.00,1322,0.00,1728,0.00,1558,-7.00,251,38.00,1594,14.00,1438,1.45
4433,-4.00,203,0.00,200,-4.00,204,2.00,199,0.00,200,-1.00,203,-2.00,203,-1.00,497,2.00,497,0.00,198,-3.00,203,3.00,196,0.00,201,-1.00,202,-5.00,204,0.00,775,0.00,1322,0.00,1727,0.00,1558,-7.00,251,37.00,1594,13.00,1438,1.53
4469,-4.00,204,0.00,200,-3.00,204,0.00,199,0.00,200,-1.00,203,-4.00,203,5.00,497,1.00,497,0.00,198,-1.00,203,2.00,196,0.00,201,-1.00,202,-3.00,204,0.00,775,0.00,1322,0.00,1726,0.00,1558,-7.00,251,37.00,1594,14.00,1438,1.45
4505,-3.00,204,0.00,200,-2.00,204,1.00,199,0.00,200,-3.00,203,-3.00,203,3.00,497,2.00,497,1.00,198,-2.00,203,3.00,196,0.00,201,0.00,202,-3.00,204,0.00,774,0.00,1322,0.00,1721,0.00,1557,-8.00,251,37.00,1594,14.00,1438,1.69
4540,-3.00,204,0.00,200,-2.00,204,1.00,199,0.00,200,-3.00,203,-3.00,203,1.00,498,2.00,497,2.00,198,-3.00,203,3.00,196,0.00,201,-1.00,202,-5.00,204,0.00,774,0.00,1322,0.00,1714,0.00,1558,-7.00,251,36.00,1594,14.00,1438,1.61
4576,-4.00,203,0.00,200,-2.00,204,2.00,199,0.00,200,-2.00,203,-3.00,203,5.00,497,2.00,497,0.00,198,-1.00,203,4.00,196,0.00,201,-1.00,202,-4.00,204,0.00,774,0.00,1322,0.00,1706,0.00,1558,-7.00,251,37.00,1594,14.00,1438,1.94
4612,-4.00,204,0.00,200,-4.00,204,0.00,199,0.00,200,-2.00,203,-3.00,203,3.00,497,6.00,497,0.00,198,-4.00,203,4.00,196,0.00,201,-1.00,202,-2.00,204,0.00,774,0.00,1322,0.00,1695,0.00,1558,-7.00,251,38.00,1594,14.00,1438,1.77
4647,-3.00,204,0.00,200,-4.00,204,1.00,199,0.00,200,-2.00,203,-3.00,203,-1.00,498,1.00,497,2.00,198,-3.00,203,2.00,196,0.00,201,-1.00,202,-5.00,204,0.00,774,0.00,1322,0.00,1683,0.00,1558,-6.00,251,37.00,1594,13.00,1438,1.77
4683,-3.00,204,0.00,200,-4.00,204,1.00,199,0.00,200,-1.00,203,-2.00,203,2.00,497,2.00,497,2.00,198,-2.00,203,3.00,196,0.00,201,1.00,202,-3.00,204,0.00,774,0.00,1322,0.00,1669,0.00,1558,-6.00,251,37.00,1594,14.00,1438,1.61
4719,-2.00,204,0.00,200,-2.00,204,1.00,199,0.00,200,-2.00,203,-3.00,203,3.00,497,1.00,497,3.00,198,-4.00,203,3.00,196,0.00,201,-1.00,202,-5.00,204,0.00,774,0.00,1322,0.00,1656,0.00,1557,-8.00,251,37.00,1594,14.00,1438,1.85
4755,-4.00,204,0.00,200,-4.00,204,0.00,199,0.00,200,-1.00,203,-3.00,203,4.00,497,1.00,497,1.00,198,-1.00,203,3.00,196,0.00,201,-1.00,202,-5.00,204,0.00,774,0.00,1322,0.00,1640,0.00,1558,-7.00,251,37.00,1594,13.00,1438,1.61
4790,-2.00,204,0.00,200,-4.00,204,2.00,199,0.00,200,-2.00,203,-3.00,203,1.00,497,1.00,497,1.00,198,-2.00,203,4.00,196,0.00,201,0.00,202,-4.00,204,0.00,774,0.00,1322,0.00,1623,0.00,1558,-7.00,251,37.00,1594,14.00,1438,1.61
4826,-3.00,204,0.00,200,-2.00,204,2.00,199,0.00,200,-1.00,203,-3.00,203,4.00,497,1.00,497,2.00,198,-2.00,203,4.00,196,0.00,201,-1.00,202,-4.00,204,0.00,774,0.00,1322,0.00,1606,0.00,1558,-7.00,251,37.00,1594,14.00,1438,2.26
4862,-4.00,204,0.00,200,-2.00,204,3.00,199,0.00,200,-3.00,203,-3.00,203,-4.00,497,2.00,497,1.00,198,-3.00,203,4.00,196,0.00,201,0.00,202,-3.00,204,0.00,774,0.00,1322,0.00,1588,0.00,1558,-7.00,251,37.00,1594,14.00,1438,1.77
4898,-3.00,204,0.00,200,-3.00,204,1.00,199,0.00,200,-3.00,203,-3.00,203,4.00,498,1.00,497,0.00,198,-1.00,203,4.00,196,0.00,201,-1.00,202,-4.00,204,0.00,774,0.00,1322,0.00,1568,0.00,1558,-7.00,251,37.00,1594,14.00,1438,1.69
4933,-4.00,204,0.00,200,-2.00,204,1.00,199,0.00,200,-2.00,203,-3.00,203,3.00,497,3.00,497,0.00,198,-2.00,203,4.00,196,0.00,201,-4.00,202,-5.00,204,0.00,774,0.00,1322,0.00,1547,0.00,1558,-6.00,251,37.00,1594,15.00,1438,1.94
4969,-4.00,204,0.00,200,-4.00,204,0.00,199,0.00,200,-2.00,203,-3.00,203,-1.00,497,2.00,497,1.00,198,-4.00,203,2.00,196,0.00,201,-1.00,202,-4.00,204,0.00,774,0.00,1322,0.00,1526,0.00,1557,-8.00,251,37.00,1594,14.00,1438,1.61
5005,-4.00,204,0.00,200,-2.00,204,1.00,199,0.00,200,-2.00,203,-3.00,203,3.00,497,3.00,497,0.00,198,-4.00,203,3.00,196,0.00,201,0.00,202,-3.00,204,0.00,774,0.00,1323,0.00,1504,0.00,1557,-7.00,251,37.00,1594,14.00,1438,1.61
5041,-2.00,204,0.00,200,-2.00,204,2.00,199,0.00,200,-2.00,203,-3.00,203,-1.00,498,3.00,497,1.00,198,-1.00,203,4.00,196,0.00,201,-1.00,202,-3.00,204,0.00,774,0.00,1323,0.00,1482,0.00,1558,-6.00,251,38.00,1594,14.00,1438,1.21
5076,-2.00,204,0.00,200,-3.00,204,1.00,199,0.00,200,-1.00,203,-3.00,203,-3.00,497,3.00,497,1.00,198,-2.00,203,2.00,196,0.00,201,-1.00,202,-5.00,204,0.00,774,0.00,1323,0.00,1461,0.00,1558,-8.00,251,37.00,1594,14.00,1438,1.61
5112,-5.00,204,0.00,200,-4.00,204,1.00,199,0.00,200,-1.00,203,-3.00,203,6.00,498,2.00,497,1.00,198,-2.00,203,3.00,196,0.00,201,-1.00,202,-5.00,204,0.00,774,0.00,1323,0.00,1439,0.00,1558,-7.00,251,37.00,1594,14.00,1438,1.69
5148,-4.00,204,0.00,200,-3.00,204,1.00,199,0.00,200,-2.00,203,-3.00,203,5.00,497,3.00,497,2.00,198,-1.00,203,3.00,196,0.00,201,-1.00,203,-2.00,204,0.00,774,0.00,1323,0.00,1419,0.00,1557,-7.00,251,37.00,1594,14.00,1438,1.53
5184,-2.00,204,0.00,200,-2.00,204,1.00,199,0.00,200,-2.00,203,-3.00,203,1.00,497,3.00,497,2.00,198,-1.00,203,3.00,196,0.00,201,0.00,202,-5.00,204,0.00,774,0.00,1323,0.00,1402,0.00,1558,-7.00,251,37.00,1594,14.00,1438,0.97
5219,-2.00,204,0.00,200,-2.00,204,1.00,199,0.00,200,-2.00,203,-3.00,203,3.00,498,1.00,497,2.00,198,-3.00,203,3.00,196,0.00,201,0.00,202,-3.00,204,0.00,774,0.00,1323,0.00,1388,0.00,1558,-8.00,251,37.00,1594,14.00,1438,1.13
5255,-2.00,204,0.00,200,-3.00,204,2.00,199,0.00,200,-2.00,203,-2.00,203,5.00,497,2.00,497,2.00,198,-2.00,203,2.00,196,0.00,201,2.00,202,-5.00,204,0.00,774,0.00,1323,0.00,1377,0.00,1557,-6.00,251,37.00,1594,14.00,1438,1.05
5291,-4.00,204,0.00,200,-4.00,204,1.00,199,0.00,200,-2.00,203,-3.00,203,-1.00,497,1.00,497,2.00,198,-1.00,203,2.00,196,0.00,201,-1.00,202,-3.00,204,0.00,775,0.00,1323,0.00,1369,0.00,1557,-7.00,251,37.00,1594,14.00,1438,1.13
5327,-4.00,204,0.00,200,-2.00,204,1.00,199,0.00,200,-3.00,203,-4.00,203,-2.00,498,1.00,497,1.00,198,-1.00,203,2.00,196,0.00,201,-2.00,202,-3.00,204,0.00,775,0.00,1323,0.00,1364,0.00,1557,-6.00,251,37.00,1594,14.00,1438,1.05
5363,-4.00,203,0.00,200,-4.00,204,3.00,199,0.00,200,-1.00,203,-2.00,203,7.00,497,1.00,497,1.00,198,-2.00,203,2.00,196,0.00,201,0.00,202,-4.00,204,0.00,775,0.00,1323,0.00,1361,0.00,1558,-7.00,251,37.00,1594,14.00,1438,0.56
5398,-4.00,204,0.00,200,-2.00,203,1.00,199,0.00,200,-3.00,203,-2.00,203,-4.00,497,2.00,497,0.00,198,-2.00,203,3.00,196,0.00,201,-1.00,202,-3.00,204,0.00,775,0.00,1323,0.00,1360,0.00,1558,-7.00,251,37.00,1594,14.00,1438,0.97
5434,-3.00,203,0.00,200,-4.00,204,1.00,199,0.00,200,-1.00,203,-3.00,203,1.00,497,2.00,497,1.00,198,-2.00,203,4.00,196,0.00,201,-1.00,202,-3.00,204,0.00,775,0.00,1323,0.00,1360,0.00,1557,-7.00,251,37.00,1594,14.00,1438,0.73
5470,-4.00,204,0.00,200,-4.00,204,2.00,199,0.00,200,-3.00,203,-3.00,203,-2.00,497,4.00,497,1.00,198,-2.00,203,4.00,196,0.00,201,-1.00,202,-4.00,204,0.00,775,0.00,1323,0.00,1360,0.00,1557,-7.00,251,37.00,1594,14.00,1438,0.73
5505,-4.00,204,0.00,200,-4.00,204,3.00,199,0.00,200,-2.00,203,-3.00,203,4.00,497,2.00,497,1.00,198,-1.00,203,3.00,196,0.00,201,-1.00,202,-4.00,204,0.00,775,0.00,1323,0.00,1360,0.00,1557,-8.00,251,37.00,1594,13.00,1438,0.24
5541,-2.00,204,0.00,200,-2.00,204,1.00,199,0.00,200,-1.00,203,-3.00,203,4.00,498,3.00,497,2.00,198,-1.00,203,2.00,196,0.00,201,-1.00,202,-4.00,204,0.00,775,0.00,1323,0.00,1360,0.00,1557,-7.00,251,37.00,1594,14.00,1438,0.32
5577,-5.00,204,0.00,200,-4.00,204,2.00,199,0.00,200,-3.00,203,-3.00,203,-1.00,497,3.00,497,0.00,198,-3.00,203,2.00,196,0.00,201,-1.00,202,-5.00,204,0.00,775,0.00,1323,0.00,1360,0.00,1557,-7.00,251,37.00,1594,14.00,1438,0.32
5613,-3.00,204,0.00,200,-3.00,204,0.00,199,0.00,200,-1.00,203,-3.00,203,4.00,498,1.00,497,1.00,198,-2.00,203,4.00,196,0.00,201,-1.00,202,-5.00,204,0.00,775,0.00,1323,0.00,1360,0.00,1557,-7.00,251,37.00,1594,14.00,1438,0.16
5649,-3.00,204,0.00,200,-3.00,204,2.00,199,0.00,200,-2.00,203,-3.00,203,6.00,497,4.00,497,0.00,198,-3.00,203,3.00,196,0.00,201,-1.00,202,-4.00,204,0.00,775,0.00,1323,0.00,1360,0.00,1557,-7.00,251,37.00,1594,14.00,1438,0.16
5685,-3.00,204,0.00,200,-4.00,204,1.00,199,0.00,200,-3.00,203,-2.00,203,4.00,497,3.00,497,1.00,198,-2.00,203,3.00,196,0.00,201,-1.00,202,-4.00,204,0.00,775,0.00,1323,0.00,1360,0.00,1558,-8.00,251,37.00,1594,14.00,1438,0.00
5720,-4.00,204,0.00,200,-2.00,204,2.00,199,0.00,200,-2.00,203,-3.00,203,-1.00,498,1.00,497,1.00,198,-2.00,203,4.00,196,0.00,201,-1.00,202,-3.00,204,0.00,775,0.00,1323,0.00,1360,0.00,1558,-8.00,251,37.00,1594,14.00,1438,0.00
5756,-2.00,204,0.00,200,-2.00,204,0.00,199,0.00,200,-2.00,203,-4.00,203,3.00,498,1.00,497,0.00,198,-4.00,203,4.00,196,0.00,201,-1.00,202,-2.00,204,0.00,775,0.00,1323,0.00,1360,0.00,1557,-7.00,251,37.00,1594,15.00,1438,0.08
5792,-3.00,204,0.00,200,-2.00,204,1.00,199,0.00,200,-2.00,203,-3.00,203,-3.00,497,1.00,497,1.00,198,-1.00,203,2.00,196,0.00,201,-1.00,202,-4.00,204,0.00,775,0.00,1323,0.00,1360,0.00,1557,-7.00,251,37.00,1594,14.00,1438,0.16
5827,-2.00,204,0.00,200,-4.00,204,1.00,199,0.00,200,-2.00,203,-3.00,203,7.00,498,3.00,497,0.00,198,-3.00,203,3.00,196,0.00,201,-1.00,202,-4.00,204,0.00,775,0.00,1323,0.00,1360,0.00,1557,-7.00,251,37.00,1594,14.00,1438,0.00
5863,-3.00,204,0.00,200,-4.00,204,1.00,199,0.00,200,-3.00,203,-3.00,203,0.00,498,2.00,497,1.00,198,-2.00,203,4.00,196,0.00,201,0.00,202,-5.00,204,0.00,775,0.00,1323,0.00,1360,0.00,1557,-7.00,251,37.00,1594,14.00,1438,0.40
5899,-4.00,204,0.00,200,-4.00,204,1.00,199,0.00,200,-2.00,203,-3.00,203,-5.00,497,3.00,497,0.00,198,-1.00,203,3.00,196,0.00,201,0.00,202,-5.00,204,0.00,775,0.00,1323,0.00,1360,0.00,1557,-7.00,251,37.00,1594,15.00,1438,0.08
5935,-2.00,204,0.00,200,-4.00,204,0.00,199,0.00,200,-2.00,203,-3.00,203,0.00,497,1.00,497,3.00,198,-1.00,203,3.00,196,0.00,201,-1.00,202,-5.00,204,0.00,775,0.00,1323,0.00,1360,0.00,1557,-8.00,251,37.00,1594,15.00,1438,0.08
5970,-2.00,204,0.00,200,-3.00,204,1.00,199,0.00,200,-2.00,203,-3.00,203,4.00,498,2.00,497,1.00,198,-1.00,203,4.00,196,0.00,201,-1.00,202,-2.00,204,0.00,775,0.00,1323,0.00,1360,0.00,1557,-7.00,251,34.00,1596,14.00,1438,0.08
6006,-2.00,204,0.00,200,-3.00,204,1.00,199,0.00,200,-1.00,203,-4.00,203,3.00,497,1.00,497,1.00,198,-4.00,203,3.00,196,0.00,201,0.00,202,-4.00,204,0.00,775,0.00,1323,0.00,1360,0.00,1557,-8.00,251,33.00,1596,14.00,1438,0.00
6042,-3.00,204,0.00,200,-4.00,204,0.00,199,0.00,200,-3.00,203,-3.00,203,7.00,497,3.00,497,0.00,198,-4.00,203,3.00,196,0.00,201,1.00,202,-4.00,204,0.00,775,0.00,1323,0.00,1360,0.00,1557,-5.00,251,35.00,1596,14.00,1438,0.16
6078,-4.00,204,0.00,200,-2.00,204,0.00,199,0.00,200,-2.00,203,-2.00,203,0.00,497,3.00,497,0.00,198,-3.00,203,3.00,196,0.00,201,-2.00,202,-5.00,204,0.00,775,0.00,1323,0.00,1360,0.00,1557,-8.00,251,35.00,1596,14.00,1438,0.08
6113,-3.00,203,0.00,200,-5.00,204,1.00,199,0.00,200,-2.00,203,-2.00,203,4.00,498,2.00,497,2.00,198,-3.00,203,2.00,196,0.00,201,-2.00,202,-4.00,204,0.00,775,0.00,1323,0.00,1360,0.00,1557,-8.00,251,35.00,1596,14.00,1438,0.00
6149,-3.00,204,0.00,200,-4.00,204,1.00,199,0.00,200,-2.00,203,-3.00,203,1.00,497,3.00,497,1.00,198,-2.00,203,3.00,196,0.00,201,-1.00,202,-5.00,204,0.00,775,0.00,1323,0.00,1360,0.00,1557,-7.00,251,35.00,1596,14.00,1438,0.08
6185,-4.00,204,0.00,200,-2.00,204,0.00,199,0.00,200,-1.00,203,-4.00,203,4.00,497,3.00,497,0.00,198,-4.00,203,4.00,196,0.00,201,-2.00,202,-5.00,204,0.00,775,0.00,1323,0.00,1360,0.00,1557,-8.00,251,35.00,1596,14.00,1438,0.08
6221,-5.00,204,0.00,200,-4.00,204,1.00,199,0.00,200,-2.00,203,-3.00,203,-2.00,498,4.00,497,0.00,198,-3.00,203,3.00,196,0.00,201,-1.00,202,-4.00,204,0.00,775,0.00,1323,0.00,1360,0.00,1557,-8.00,251,35.00,1596,14.00,1438,0.08
6256,-5.00,204,0.00,200,-3.00,204,1.00,199,0.00,200,-1.00,203,-3.00,203,6.00,497,3.00,497,0.00,198,-1.00,203,4.00,196,0.00,201,-2.00,202,-5.00,204,0.00,775,0.00,1323,0.00,1360,0.00,1557,-7.00,251,35.00,1596,14.00,1438,0.40
6292,-4.00,204,0.00,200,-2.00,204,0.00,199,0.00,200,-2.00,203,-3.00,203,6.00,497,1.00,497,2.00,198,-3.00,203,4.00,196,0.00,201,-1.00,202,-4.00,204,0.00,775,0.00,1323,0.00,1360,0.00,1557,-8.00,251,35.00,1596,14.00,1438,0.16
6328,-2.00,204,0.00,200,-2.00,204,2.00,199,0.00,200,-2.00,203,-3.00,203,7.00,497,2.00,497,1.00,198,-3.00,203,2.00,196,0.00,201,-1.00,202,-3.00,204,0.00,775,0.00,1323,0.00,1360,0.00,1557,-7.00,251,35.00,1596,14.00,1438,0.08
6363,-3.00,204,0.00,200,-4.00,204,0.00,199,0.00,200,-2.00,203,-3.00,203,-2.00,498,2.00,497,0.00,198,-2.00,203,3.00,196,0.00,201,-1.00,202,-4.00,204,0.00,775,0.00,1323,0.00,1360,0.00,1557,-8.00,251,35.00,1596,14.00,1438,0.24
6399,-2.00,204,0.00,200,-2.00,204,1.00,199,0.00,200,-2.00,203,-4.00,203,3.00,498,2.00,497,2.00,198,-1.00,203,4.00,196,0.00,201,-1.00,202,-5.00,204,0.00,775,0.00,1323,0.00,1360,0.00,1557,-7.00,251,35.00,1596,14.00,1438,0.00
6435,-4.00,204,0.00,200,-3.00,204,1.00,199,0.00,200,-3.00,203,-3.00,203,0.00,497,2.00,497,1.00,198,-1.00,203,3.00,196,0.00,201,-1.00,202,-3.00,204,0.00,775,0.00,1323,0.00,1360,0.00,1557,-7.00,251,34.00,1596,14.00,1438,0.08
6471,-2.00,203,0.00,200,-2.00,204,3.00,199,0.00,200,-2.00,203,-3.00,203,3.00,497,3.00,497,0.00,198,-1.00,203,2.00,196,0.00,201,-1.00,202,-5.00,204,0.00,775,0.00,1323,0.00,1360,0.00,1557,-7.00,251,35.00,1596,14.00,1438,0.08
6506,-4.00,204,0.00,200,-2.00,204,1.00,199,0.00,200,-2.00,203,-3.00,203,5.00,497,3.00,497,0.00,198,-4.00,203,2.00,196,0.00,201,0.00,202,-5.00,204,0.00,775,0.00,1323,0.00,1360,0.00,1557,-7.00,251,35.00,1596,14.00,1438,0.16
6542,-4.00,204,0.00,200,-3.00,204,0.00,199,0.00,200,-1.00,203,-3.00,203,-1.00,497,2.00,497,2.00,198,-4.00,203,4.00,196,0.00,201,-1.00,202,-3.00,204,0.00,775,0.00,1323,0.00,1360,0.00,1557,-8.00,251,35.00,1596,14.00,1438,0.32
6578,-1.00,204,0.00,200,-3.00,204,2.00,199,0.00,200,-2.00,203,-3.00,203,6.00,497,1.00,497,2.00,198,-1.00,203,2.00,196,0.00,201,-1.00,202,-3.00,204,0.00,775,0.00,1323,0.00,1360,0.00,1557,-7.00,251,34.00,1596,13.00,1438,0.16
6614,-5.00,204,0.00,200,-2.00,204,1.00,199,0.00,200,-2.00,203,-3.00,203,5.00,497,2.00,497,0.00,198,-3.00,203,3.00,196,0.00,201,-2.00,202,-5.00,204,0.00,775,0.00,1323,0.00,1360,0.00,1557,-7.00,251,35.00,1596,14.00,1438,0.00
6650,-4.00,204,0.00,200,-3.00,204,0.00,199,0.00,200,-1.00,203,-2.00,203,7.00,498,3.00,497,1.00,198,-1.00,203,4.00,196,0.00,201,-1.00,202,-4.00,204,0.00,775,0.00,1323,0.00,1360,0.00,1557,-8.00,251,35.00,1596,15.00,1438,0.08
6686,-2.00,204,0.00,200,-2.00,204,0.00,199,0.00,200,-2.00,203,-3.00,203,-3.00,498,2.00,497,1.00,198,-2.00,203,2.00,196,0.00,201,-2.00,202,-3.00,204,0.00,775,0.00,1323,0.00,1360,0.00,1557,-7.00,251,35.00,1596,14.00,1438,0.00
6721,-4.00,204,0.00,200,-4.00,204,1.00,199,0.00,200,-2.00,203,-3.00,203,5.00,497,3.00,497,0.00,198,-3.00,203,2.00,196,0.00,201,-1.00,202,-3.00,204,0.00,775,0.00,1323,0.00,1360,0.00,1557,-7.00,251,36.00,1596,15.00,1438,0.08
6757,-4.00,204,0.00,200,-4.00,204,1.00,199,0.00,200,-3.00,203,-3.00,203,3.00,498,2.00,497,2.00,198,-1.00,203,2.00,196,0.00,201,-1.00,202,-5.00,204,0.00,775,0.00,1323,0.00,1360,0.00,1557,-7.00,251,35.00,1596,15.00,1438,0.08
6793,-4.00,204,0.00,200,-4.00,204,0.00,199,0.00,200,-2.00,203,-3.00,203,1.00,497,1.00,497,2.00,198,-3.00,203,3.00,196,0.00,201,-1.00,202,-3.00,204,0.00,775,0.00,1323,0.00,1360,0.00,1557,-6.00,251,35.00,1596,14.00,1438,0.08
6828,-4.00,204,0.00,200,-3.00,204,0.00,199,0.00,200,-2.00,203,-3.00,203,3.00,497,1.00,497,1.00,198,-4.00,203,2.00,196,0.00,201,-1.00,202,-4.00,204,0.00,775,0.00,1323,0.00,1360,0.00,1557,-7.00,251,35.00,1596,14.00,1438,0.08
6864,-3.00,204,0.00,200,-4.00,204,1.00,199,0.00,200,-1.00,203,-2.00,203,3.00,497,1.00,497,2.00,198,-2.00,203,2.00,196,0.00,201,-1.00,202,-2.00,204,0.00,775,0.00,1323,0.00,1360,0.00,1557,-8.00,251,34.00,1596,14.00,1438,0.16
6900,-3.00,204,0.00,200,-3.00,204,0.00,199,0.00,200,-3.00,203,-2.00,203,3.00,498,2.00,497,1.00,198,-2.00,203,4.00,196,0.00,201,-1.00,202,-5.00,204,0.00,775,0.00,1323,0.00,1360,0.00,1557,-7.00,251,35.00,1596,14.00,1438,0.00
6936,-2.00,204,0.00,200,-4.00,204,1.00,199,0.00,200,-2.00,203,-2.00,203,2.00,498,2.00,497,0.00,198,-3.00,203,3.00,196,0.00,201,-1.00,202,-4.00,204,0.00,775,0.00,1323,0.00,1360,0.00,1557,-7.00,251,35.00,1596,14.00,1438,0.16
6971,0.00,204,0.00,200,-3.00,204,1.00,199,0.00,200,-2.00,203,-3.00,203,1.00,497,3.00,497,3.00,198,-4.00,203,2.00,196,0.00,201,0.00,202,-4.00,204,0.00,775,0.00,1323,0.00,1360,0.00,1557,-8.00,251,35.00,1596,14.00,1438,0.00
7007,-3.00,204,0.00,200,-3.00,204,1.00,199,0.00,200,-1.00,203,-3.00,203,4.00,497,1.00,497,1.00,198,-2.00,203,3.00,196,0.00,201,0.00,202,-4.00,204,0.00,775,0.00,1323,0.00,1360,0.00,1557,-7.00,251,36.00,1596,14.00,1438,0.08
7043,-2.00,204,0.00,200,-2.00,204,0.00,199,0.00,200,-2.00,203,-2.00,203,4.00,498,2.00,497,0.00,198,-2.00,203,3.00,196,0.00,201,-1.00,202,-3.00,204,0.00,775,0.00,1323,0.00,1360,0.00,1557,-8.00,251,36.00,1596,14.00,1438,0.48
7078,-3.00,204,0.00,200,-3.00,204,2.00,199,0.00,200,-3.00,203,-3.00,203,4.00,498,3.00,497,1.00,198,-2.00,203,2.00,196,0.00,201,-1.00,202,-4.00,204,0.00,775,0.00,1323,0.00,1360,0.00,1557,-7.00,251,35.00,1596,14.00,1438,0.16
7114,-2.00,204,0.00,200,-4.00,204,3.00,199,0.00,200,-2.00,203,-3.00,203,6.00,497,1.00,497,1.00,198,-4.00,203,4.00,196,0.00,201,-1.00,202,-5.00,204,0.00,775,0.00,1323,0.00,1360,0.00,1557,-7.00,251,35.00,1596,13.00,1438,0.08
7150,-6.00,204,0.00,200,-3.00,204,0.00,199,0.00,200,-2.00,203,-3.00,203,3.00,497,1.00,497,0.00,198,-3.00,203,3.00,196,2.00,201,-1.00,202,-4.00,204,0.00,775,0.00,1323,0.00,1360,0.00,1557,-7.00,251,35.00,1596,14.00,1438,0.00
7186,-4.00,204,0.00,200,-3.00,204,1.00,199,0.00,200,-1.00,203,-3.00,203,5.00,498,3.00,497,2.00,198,-2.00,203,4.00,196,0.00,201,-2.00,202,-5.00,204,0.00,775,0.00,1323,0.00,1360,0.00,1557,-6.00,251,35.00,1596,14.00,1438,0.00
7221,-2.00,204,0.00,200,-3.00,204,0.00,199,0.00,200,-2.00,203,-3.00,203,6.00,497,1.00,497,1.00,198,-1.00,203,3.00,196,0.00,201,0.00,202,-5.00,204,0.00,775,0.00,1323,0.00,1360,0.00,1557,-7.00,251,35.00,1596,14.00,1438,0.24
7257,-5.00,204,0.00,200,-3.00,204,0.00,199,0.00,200,-2.00,203,-4.00,203,2.00,498,4.00,497,1.00,198,-2.00,203,4.00,196,0.00,201,-1.00,202,-4.00,204,0.00,775,0.00,1323,0.00,1360,0.00,1557,-8.00,251,35.00,1596,14.00,1438,0.08
7293,-4.00,204,0.00,200,-3.00,204,0.00,199,0.00,200,-2.00,203,-3.00,203,-2.00,497,1.00,497,1.00,198,-1.00,203,3.00,196,0.00,201,-1.00,202,-4.00,204,0.00,775,0.00,1323,0.00,1360,0.00,1557,-8.00,251,35.00,1596,14.00,1438,0.32
7328,6.00,204,0.00,200,-3.00,204,2.00,199,0.00,200,-3.00,203,-3.00,203,7.00,498,1.00,497,0.00,198,-1.00,203,4.00,196,0.00,201,-1.00,202,-6.00,204,0.00,775,0.00,1323,0.00,1360,0.00,1557,-7.00,251,35.00,1596,14.00,1438,0.00
7364,-3.00,204,0.00,200,-3.00,204,0.00,199,0.00,200,-2.00,203,-3.00,203,4.00,497,1.00,497,2.00,198,-3.00,203,2.00,196,0.00,201,-2.00,202,-4.00,204,0.00,775,0.00,1323,0.00,1360,0.00,1557,-7.00,251,35.00,1596,14.00,1438,0.08
7400,-2.00,204,0.00,200,-2.00,204,3.00,199,0.00,200,-2.00,203,-3.00,203,6.00,498,2.00,497,0.00,198,-1.00,203,4.00,196,0.00,201,-1.00,202,-3.00,204,0.00,775,0.00,1323,0.00,1360,0.00,1557,-7.00,251,36.00,1596,14.00,1438,0.00
7436,-5.00,204,0.00,200,-3.00,204,0.00,199,0.00,200,-1.00,203,-3.00,203,7.00,497,2.00,497,1.00,198,-1.00,203,3.00,196,-1.00,201,-1.00,202,-5.00,204,0.00,775,0.00,1323,0.00,1360,0.00,1557,-7.00,251,35.00,1596,14.00,1438,0.00
7472,-3.00,204,0.00,200,-3.00,204,2.00,199,0.00,200,-2.00,203,-3.00,203,-3.00,497,3.00,497,0.00,198,-3.00,203,2.00,196,0.00,201,-2.00,202,-5.00,204,0.00,775,0.00,1323,0.00,1360,0.00,1557,-7.00,251,35.00,1596,14.00,1438,0.08
7507,-5.00,204,0.00,200,-4.00,204,1.00,199,0.00,200,-1.00,203,-3.00,203,-3.00,498,3.00,497,2.00,198,-3.00,203,3.00,196,0.00,201,-1.00,202,-3.00,204,0.00,775,0.00,1323,0.00,1360,0.00,1557,-7.00,251,35.00,1596,14.00,1438,0.08
7543,3.00,204,0.00,200,-3.00,204,3.00,199,0.00,200,-1.00,203,-4.00,203,6.00,497,3.00,497,0.00,198,-3.00,203,3.00,196,0.00,201,-3.00,202,-3.00,204,0.00,775,0.00,1323,0.00,1360,0.00,1557,-7.00,251,35.00,1596,14.00,1438,0.24
7579,-2.00,204,0.00,200,-3.00,204,1.00,199,0.00,200,-2.00,203,-3.00,203,1.00,497,1.00,497,2.00,198,-2.00,203,2.00,196,0.00,201,-1.00,202,-3.00,204,0.00,775,0.00,1323,0.00,1360,0.00,1557,-5.00,251,35.00,1596,14.00,1438,0.00
7615,-2.00,204,0.00,200,-4.00,204,1.00,199,0.00,200,-2.00,203,-3.00,203,6.00,497,1.00,497,3.00,198,-3.00,203,3.00,196,0.00,201,-1.00,202,-4.00,204,0.00,775,0.00,1323,0.00,1360,0.00,1557,-5.00,251,35.00,1596,14.00,1438,0.08
7650,-3.00,204,0.00,200,-4.00,204,2.00,199,0.00,200,-2.00,203,-4.00,203,-2.00,497,1.00,497,2.00,198,-2.00,203,4.00,196,0.00,201,-1.00,202,-4.00,204,0.00,775,0.00,1323,0.00,1360,0.00,1557,-6.00,251,35.00,1596,14.00,1438,0.08
7686,-5.00,204,0.00,200,-4.00,204,0.00,199,0.00,200,-2.00,203,-3.00,203,6.00,497,2.00,497,1.00,198,-3.00,203,3.00,196,0.00,201,-2.00,202,-4.00,204,0.00,775,0.00,1323,0.00,1360,0.00,1557,-7.00,251,36.00,1596,14.00,1438,0.08
7722,-5.00,204,0.00,200,-2.00,204,1.00,199,0.00,200,-2.00,203,-2.00,203,3.00,498,2.00,497,1.00,198,-4.00,203,4.00,196,0.00,201,-1.00,202,-5.00,204,0.00,775,0.00,1323,0.00,1360,0.00,1557,-7.00,251,35.00,1596,14.00,1438,0.08
7758,-2.00,204,0.00,200,-2.00,204,1.00,199,0.00,200,-2.00,203,-4.00,203,1.00,498,7.00,497,0.00,198,-2.00,203,3.00,196,0.00,201,0.00,202,-5.00,204,0.00,775,0.00,1323,0.00,1360,0.00,1557,-6.00,251,35.00,1596,15.00,1438,0.48
7793,-4.00,204,0.00,200,-3.00,204,1.00,199,0.00,200,-2.00,203,-3.00,203,5.00,497,2.00,497,0.00,198,-2.00,203,3.00,196,0.00,201,0.00,202,-3.00,204,0.00,775,0.00,1323,0.00,1360,0.00,1557,-7.00,251,35.00,1596,14.00,1438,0.08
7829,-3.00,204,0.00,200,-3.00,204,1.00,199,0.00,200,-1.00,203,-3.00,203,5.00,498,3.00,497,1.00,198,0.00,203,3.00,196,0.00,201,-1.00,202,-5.00,204,0.00,775,0.00,1323,0.00,1360,0.00,1557,-7.00,251,35.00,1596,14.00,1438,0.08
7865,-5.00,204,0.00,200,-2.00,204,1.00,199,0.00,200,-2.00,203,-3.00,203,4.00,497,3.00,497,1.00,198,-1.00,203,4.00,196,0.00,201,-1.00,202,-5.00,204,0.00,775,0.00,1323,0.00,1360,0.00,1557,-7.00,251,35.00,1596,14.00,1438,0.08
7901,6.00,204,0.00,200,-3.00,204,0.00,199,0.00,200,-2.00,203,-3.00,203,0.00,497,2.00,497,0.00,198,-2.00,203,3.00,196,0.00,201,0.00,202,-4.00,204,0.00,775,0.00,1323,0.00,1360,0.00,1557,-6.00,251,35.00,1596,14.00,1438,0.08
7936,-2.00,204,0.00,200,-3.00,204,0.00,199,0.00,200,-3.00,203,-2.00,203,4.00,497,1.00,497,1.00,198,-2.00,203,2.00,196,0.00,201,0.00,202,-3.00,204,0.00,775,0.00,1323,0.00,1360,0.00,1557,-8.00,251,34.00,1596,14.00,1438,0.08
7972,-3.00,204,0.00,200,-2.00,204,2.00,199,0.00,200,-2.00,203,-4.00,203,0.00,497,2.00,497,1.00,198,-2.00,203,2.00,196,0.00,201,-1.00,202,-3.00,204,0.00,775,0.00,1323,0.00,1360,0.00,1557,-7.00,251,35.00,1596,14.00,1438,0.00
8008,-5.00,204,0.00,200,-4.00,204,0.00,199,0.00,200,-1.00,203,-3.00,203,-4.00,497,3.00,497,0.00,198,-1.00,203,2.00,196,0.00,201,0.00,202,-5.00,204,0.00,775,0.00,1323,0.00,1360,0.00,1557,-7.00,251,35.00,1596,14.00,1438,0.16
8043,-2.00,204,0.00,200,-2.00,204,1.00,199,0.00,200,-2.00,203,-2.00,203,-1.00,497,1.00,497,2.00,198,-3.00,203,3.00,196,0.00,201,-1.00,202,-4.00,204,0.00,775,0.00,1323,0.00,1360,0.00,1557,-7.00,251,35.00,1596,14.00,1438,0.32
8079,3.00,204,0.00,200,-2.00,204,0.00,199,0.00,200,-3.00,203,-3.00,203,5.00,498,3.00,497,1.00,198,-2.00,203,4.00,196,0.00,201,-2.00,202,-5.00,204,0.00,775,0.00,1323,0.00,1360,0.00,1557,-8.00,251,35.00,1596,14.00,1438,0.16
8115,-4.00,204,0.00,200,-2.00,204,1.00,199,0.00,200,-2.00,203,-2.00,203,-5.00,497,2.00,497,2.00,198,-1.00,203,3.00,196,0.00,201,-1.00,202,-4.00,204,0.00,775,0.00,1323,0.00,1360,0.00,1557,-8.00,251,35.00,1596,14.00,1438,0.08
8151,-2.00,204,0.00,200,-2.00,204,1.00,199,0.00,200,-2.00,203,-3.00,203,5.00,497,1.00,497,1.00,198,-1.00,203,4.00,196,0.00,201,-1.00,202,-4.00,204,0.00,775,0.00,1323,0.00,1360,0.00,1557,-7.00,251,35.00,1596,14.00,1438,0.00
8186,-4.00,204,0.00,200,-2.00,204,0.00,199,0.00,200,-2.00,203,-3.00,203,-1.00,497,3.00,497,0.00,198,-1.00,203,3.00,196,0.00,201,-1.00,202,-5.00,204,0.00,775,0.00,1323,0.00,1360,0.00,1557,-7.00,251,36.00,1596,15.00,1438,0.08
8222,-4.00,204,0.00,200,-3.00,204,2.00,199,0.00,200,-1.00,203,-3.00,203,4.00,498,1.00,497,0.00,198,-3.00,203,4.00,196,0.00,201,-2.00,202,-4.00,204,0.00,775,0.00,1323,0.00,1360,0.00,1557,-7.00,251,35.00,1596,14.00,1438,0.00
8258,-5.00,204,0.00,200,-3.00,204,3.00,199,0.00,200,-2.00,203,-4.00,203,2.00,497,1.00,497,0.00,198,-1.00,203,3.00,196,0.00,201,-1.00,202,-4.00,204,0.00,775,0.00,1323,0.00,1360,0.00,1557,-8.00,251,35.00,1596,14.00,1438,0.08
8294,-4.00,204,0.00,200,-3.00,204,1.00,199,0.00,200,-2.00,203,-2.00,203,4.00,497,1.00,497,0.00,198,-2.00,203,2.00,196,0.00,201,1.00,202,-3.00,204,0.00,775,0.00,1323,0.00,1360,0.00,1557,-8.00,251,35.00,1596,14.00,1438,0.00
8329,-1.00,204,0.00,200,-3.00,204,1.00,199,0.00,200,-2.00,203,-3.00,203,4.00,498,1.00,497,0.00,198,-1.00,203,3.00,196,0.00,201,0.00,202,-3.00,204,0.00,775,0.00,1323,0.00,1360,0.00,1557,-5.00,251,35.00,1596,14.00,1438,0.16
8365,-3.00,204,0.00,200,-2.00,204,1.00,199,0.00,200,-3.00,203,-3.00,203,-1.00,497,0.00,497,1.00,198,-2.00,203,4.00,196,0.00,201,-1.00,202,-3.00,204,0.00,775,0.00,1323,0.00,1360,0.00,1557,-7.00,251,35.00,1596,14.00,1438,0.08
8401,-4.00,204,0.00,200,-3.00,204,1.00,199,0.00,200,-2.00,203,-3.00,203,2.00,497,2.00,497,1.00,198,-2.00,203,3.00,196,0.00,201,-1.00,202,-5.00,204,0.00,775,0.00,1323,0.00,1360,0.00,1557,-7.00,251,35.00,1596,14.00,1438,0.00
8437,-3.00,204,0.00,200,-3.00,204,1.00,199,0.00,200,-2.00,203,-3.00,203,1.00,498,2.00,497,0.00,198,-2.00,203,3.00,196,0.00,201,0.00,202,-5.00,204,0.00,775,0.00,1323,0.00,1360,0.00,1557,-7.00,251,35.00,1596,14.00,1438,0.08
8472,-3.00,204,0.00,200,-3.00,204,2.00,199,0.00,200,-2.00,203,-3.00,203,3.00,497,1.00,497,2.00,198,-1.00,203,3.00,196,0.00,201,-2.00,202,-4.00,204,0.00,775,0.00,1323,0.00,1360,0.00,1557,-7.00,251,35.00,1596,14.00,1438,0.00
8508,-3.00,204,0.00,200,-4.00,204,0.00,199,0.00,200,-2.00,203,-4.00,203,5.00,497,4.00,497,1.00,198,-3.00,203,4.00,196,0.00,201,-1.00,202,-5.00,204,0.00,775,0.00,1323,0.00,1360,0.00,1557,-7.00,251,34.00,1596,14.00,1438,0.08
8544,-2.00,204,0.00,200,-4.00,204,2.00,199,0.00,200,-1.00,203,-2.00,203,-4.00,497,2.00,497,0.00,198,-3.00,203,4.00,196,0.00,201,-1.00,203,-3.00,204,0.00,775,0.00,1323,0.00,1360,0.00,1557,-7.00,251,35.00,1596,14.00,1438,0.00
8580,-1.00,204,0.00,200,-4.00,204,0.00,199,0.00,200,-1.00,203,-3.00,203,0.00,498,4.00,497,2.00,198,-1.00,203,2.00,196,0.00,201,-1.00,202,-3.00,204,0.00,775,0.00,1323,0.00,1360,0.00,1557,-7.00,251,35.00,1596,14.00,1438,0.08
8616,-2.00,204,0.00,200,-3.00,204,0.00,199,0.00,200,-3.00,203,-3.00,203,3.00,497,3.00,497,1.00,198,-1.00,203,4.00,196,0.00,201,-1.00,202,-4.00,204,0.00,775,0.00,1323,0.00,1360,0.00,1557,-7.00,251,35.00,1596,14.00,1438,0.08
8651,-3.00,204,0.00,200,-3.00,204,0.00,199,0.00,200,-1.00,203,-3.00,203,5.00,497,1.00,497,1.00,198,-1.00,203,4.00,196,0.00,201,-1.00,202,-3.00,204,0.00,775,0.00,1323,0.00,1360,0.00,1557,-6.00,251,35.00,1596,14.00,1438,0.08
8687,-3.00,204,0.00,200,-3.00,204,0.00,199,0.00,200,-3.00,203,-3.00,203,5.00,497,2.00,497,1.00,198,-2.00,203,3.00,196,0.00,201,-1.00,202,-4.00,204,0.00,775,0.00,1323,0.00,1360,0.00,1557,-5.00,251,35.00,1596,14.00,1438,0.08
8723,-4.00,204,0.00,200,-2.00,204,1.00,199,0.00,200,-3.00,203,-3.00,203,3.00,497,2.00,497,0.00,198,-2.00,203,4.00,196,0.00,201,-1.00,202,-3.00,204,0.00,775,0.00,1323,0.00,1360,0.00,1557,-7.00,251,35.00,1596,13.00,1438,0.24
8759,-3.00,204,0.00,200,-4.00,204,0.00,199,0.00,200,-3.00,203,-3.00,203,4.00,497,2.00,497,1.00,198,-1.00,203,3.00,196,0.00,201,-1.00,202,-3.00,204,0.00,775,0.00,1323,0.00,1360,0.00,1557,-7.00,251,35.00,1596,14.00,1438,0.08
8794,-6.00,204,0.00,200,-2.00,204,0.00,199,0.00,200,-2.00,203,-2.00,203,0.00,498,2.00,497,0.00,198,-2.00,203,2.00,196,0.00,201,-1.00,202,-3.00,204,0.00,775,0.00,1323,0.00,1360,0.00,1557,-6.00,251,35.00,1596,15.00,1438,0.16
8830,-3.00,204,0.00,200,-4.00,204,1.00,199,0.00,200,-2.00,203,-2.00,203,0.00,497,3.00,497,3.00,198,-1.00,203,1.00,196,0.00,201,0.00,202,-4.00,204,0.00,775,0.00,1323,0.00,1360,0.00,1557,-7.00,251,35.00,1596,14.00,1438,0.00
8866,-2.00,204,0.00,200,-2.00,204,1.00,199,0.00,200,-1.00,203,-4.00,203,6.00,497,3.00,497,0.00,198,-2.00,203,3.00,196,0.00,201,-1.00,202,-4.00,204,0.00,775,0.00,1323,0.00,1360,0.00,1557,-8.00,251,35.00,1596,14.00,1438,0.16
8902,-4.00,204,0.00,200,-3.00,204,2.00,199,0.00,200,-2.00,203,-2.00,203,3.00,497,3.00,497,1.00,198,-3.00,203,3.00,196,0.00,201,0.00,202,-4.00,204,0.00,775,0.00,1323,0.00,1360,0.00,1557,-7.00,251,35.00,1596,14.00,1438,0.16
8937,-3.00,204,0.00,200,-4.00,204,1.00,199,0.00,200,-1.00,203,-3.00,203,3.00,497,3.00,497,1.00,198,-3.00,203,3.00,196,0.00,201,-2.00,202,-3.00,204,0.00,775,0.00,1323,0.00,1360,0.00,1557,-7.00,251,36.00,1596,14.00,1438,0.08
8973,-4.00,204,0.00,200,-4.00,204,0.00,199,0.00,200,-2.00,203,-3.00,203,6.00,498,3.00,497,1.00,198,-2.00,203,2.00,196,0.00,201,-5.00,202,-3.00,204,0.00,775,0.00,1323,0.00,1360,0.00,1557,-8.00,251,35.00,1596,14.00,1438,0.32
9009,-4.00,204,0.00,200,-3.00,204,0.00,199,0.00,200,-1.00,203,-2.00,203,1.00,498,3.00,497,2.00,198,-3.00,203,4.00,196,0.00,201,-2.00,202,-4.00,204,0.00,775,0.00,1323,0.00,1360,0.00,1557,-8.00,251,35.00,1596,14.00,1438,0.08
9045,-2.00,204,0.00,200,-2.00,204,0.00,199,0.00,200,-2.00,203,-4.00,203,5.00,497,2.00,497,0.00,198,-2.00,203,3.00,196,0.00,201,-1.00,202,-3.00,204,0.00,775,0.00,1323,0.00,1360,0.00,1557,-7.00,251,35.00,1596,14.00,1438,0.08
9081,-4.00,204,0.00,200,-4.00,204,0.00,199,0.00,200,-2.00,203,-3.00,203,3.00,497,1.00,497,1.00,198,-1.00,203,4.00,196,0.00,201,-1.00,202,-5.00,204,0.00,775,0.00,1323,0.00,1360,0.00,1557,-7.00,251,35.00,1596,14.00,1438,0.00
9116,-3.00,204,0.00,200,-2.00,204,1.00,199,0.00,200,-2.00,203,-3.00,203,4.00,497,1.00,497,1.00,198,-3.00,203,3.00,196,0.00,201,-1.00,202,-4.00,204,0.00,775,0.00,1323,0.00,1360,0.00,1557,-8.00,251,35.00,1596,14.00,1438,0.08
9152,-4.00,204,0.00,200,-4.00,204,1.00,199,0.00,200,-2.00,203,-4.00,203,6.00,497,2.00,497,2.00,198,-2.00,203,3.00,196,0.00,201,0.00,202,-4.00,204,0.00,775,0.00,1323,0.00,1360,0.00,1557,-7.00,251,35.00,1596,15.00,1438,0.08
9188,-4.00,204,0.00,200,-2.00,204,2.00,199,0.00,200,-3.00,203,-3.00,203,6.00,497,2.00,497,1.00,198,-1.00,203,2.00,196,0.00,201,-1.00,202,-5.00,204,0.00,775,0.00,1323,0.00,1360,0.00,1557,-7.00,251,35.00,1596,14.00,1438,0.16
9223,-4.00,204,0.00,200,-3.00,204,2.00,199,0.00,200,-2.00,203,-3.00,203,-2.00,497,4.00,497,0.00,198,-2.00,203,4.00,196,0.00,201,-1.00,202,-3.00,204,0.00,775,0.00,1323,0.00,1360,0.00,1557,-7.00,251,35.00,1596,15.00,1438,0.00
9259,-3.00,204,0.00,200,-4.00,204,0.00,199,0.00,200,-2.00,203,-2.00,203,4.00,497,1.00,497,1.00,198,-2.00,203,4.00,196,0.00,201,-1.00,202,-3.00,204,0.00,775,0.00,1323,0.00,1360,0.00,1557,-7.00,251,35.00,1596,14.00,1438,0.00
9295,-2.00,204,0.00,200,-3.00,204,2.00,199,0.00,200,-2.00,203,-4.00,203,6.00,497,1.00,497,2.00,198,-2.00,203,3.00,196,0.00,201,-1.00,202,-4.00,204,0.00,775,0.00,1323,0.00,1360,0.00,1557,-7.00,251,35.00,1596,14.00,1438,0.16
9331,-4.00,204,0.00,200,-3.00,204,0.00,199,0.00,200,-2.00,203,-3.00,203,0.00,498,2.00,497,2.00,198,-2.00,203,4.00,196,0.00,201,-1.00,202,-3.00,204,0.00,775,0.00,1323,0.00,1360,0.00,1557,-8.00,251,35.00,1596,14.00,1438,0.00
9366,0.00,204,0.00,200,-4.00,204,2.00,199,0.00,200,-2.00,203,-3.00,203,-2.00,497,1.00,497,0.00,198,-1.00,203,4.00,196,0.00,201,-1.00,202,-2.00,204,0.00,775,0.00,1323,0.00,1360,0.00,1557,-7.00,251,35.00,1596,15.00,1438,0.08
9402,-3.00,204,0.00,200,-4.00,204,0.00,199,0.00,200,-3.00,203,-4.00,203,-4.00,497,3.00,497,2.00,198,-1.00,203,2.00,196,0.00,201,-1.00,202,-3.00,204,0.00,775,0.00,1323,0.00,1360,0.00,1557,-7.00,251,35.00,1596,14.00,1438,0.00
9438,-2.00,203,0.00,200,-2.00,204,2.00,199,0.00,200,-3.00,203,-3.00,203,0.00,497,2.00,497,0.00,198,-3.00,203,2.00,196,0.00,201,0.00,202,-4.00,204,0.00,775,0.00,1323,0.00,1360,0.00,1557,-7.00,251,35.00,1596,14.00,1438,0.08
9474,-4.00,204,0.00,200,-2.00,204,0.00,199,0.00,200,-1.00,203,-3.00,203,-2.00,497,2.00,497,0.00,198,-1.00,203,4.00,196,0.00,201,-1.00,202,-5.00,204,0.00,775,0.00,1323,0.00,1360,0.00,1557,-8.00,251,35.00,1596,14.00,1438,0.16
9509,-2.00,204,0.00,200,-3.00,204,0.00,199,0.00,200,-3.00,203,-3.00,203,0.00,498,2.00,497,1.00,198,0.00,203,2.00,196,0.00,201,-1.00,202,-5.00,204,0.00,775,0.00,1323,0.00,1360,0.00,1557,-7.00,251,36.00,1596,14.00,1438,0.00
9545,-5.00,204,0.00,200,-3.00,204,0.00,199,0.00,200,-2.00,203,-3.00,203,0.00,497,1.00,497,1.00,198,-2.00,203,2.00,196,0.00,201,-1.00,202,-5.00,204,0.00,775,0.00,1323,0.00,1360,0.00,1557,-7.00,251,34.00,1596,14.00,1438,0.08
9581,-3.00,204,0.00,200,-2.00,204,1.00,199,0.00,200,-2.00,203,-3.00,203,7.00,498,2.00,497,1.00,198,-1.00,203,4.00,196,1.00,201,-1.00,202,-4.00,204,0.00,775,0.00,1323,0.00,1360,0.00,1557,-6.00,251,35.00,1596,14.00,1438,0.00
9616,-4.00,204,0.00,200,-3.00,204,0.00,199,0.00,200,-2.00,203,-2.00,203,5.00,497,2.00,497,1.00,198,-1.00,203,3.00,196,0.00,201,-1.00,202,-5.00,204,0.00,775,0.00,1323,0.00,1360,0.00,1557,-7.00,251,34.00,1596,13.00,1438,0.00
9652,-4.00,203,0.00,200,-2.00,204,1.00,199,0.00,200,-3.00,203,-2.00,203,-4.00,497,3.00,497,2.00,198,-1.00,203,3.00,196,0.00,201,-2.00,202,-5.00,204,0.00,775,0.00,1323,0.00,1360,0.00,1557,-7.00,251,35.00,1596,15.00,1438,0.00
9688,-3.00,204,0.00,200,-3.00,204,1.00,199,0.00,200,-1.00,203,-3.00,203,5.00,497,2.00,497,1.00,198,-3.00,203,4.00,196,0.00,201,-1.00,202,-4.00,204,0.00,775,0.00,1323,0.00,1360,0.00,1557,-7.00,251,35.00,1596,15.00,1438,0.08
9724,-2.00,204,0.00,200,-3.00,204,2.00,199,0.00,200,-2.00,203,-3.00,203,3.00,498,3.00,497,3.00,198,-2.00,203,4.00,196,0.00,201,-1.00,202,-4.00,204,0.00,775,0.00,1323,0.00,1360,0.00,1557,-7.00,251,35.00,1596,14.00,1438,0.08
9760,-6.00,204,0.00,200,-4.00,204,2.00,199,0.00,200,-2.00,203,-3.00,203,6.00,497,2.00,497,1.00,198,-1.00,203,2.00,196,0.00,201,-2.00,202,-5.00,204,0.00,775,0.00,1323,0.00,1360,0.00,1557,-7.00,251,35.00,1596,14.00,1438,0.08
9795,-4.00,204,0.00,200,-3.00,204,1.00,199,0.00,200,-3.00,203,-2.00,203,7.00,497,3.00,497,0.00,198,-3.00,203,2.00,196,0.00,201,-1.00,202,-4.00,204,0.00,775,0.00,1323,0.00,1360,0.00,1557,-7.00,251,34.00,1596,14.00,1438,0.08
9831,-3.00,204,0.00,200,-4.00,204,0.00,199,0.00,200,-2.00,203,-3.00,203,1.00,497,3.00,497,2.00,198,-2.00,203,3.00,196,0.00,201,-1.00,202,-5.00,204,0.00,775,0.00,1323,0.00,1360,0.00,1557,-7.00,251,35.00,1596,14.00,1438,0.00
9867,-3.00,204,0.00,200,-3.00,204,2.00,199,0.00,200,-2.00,203,-3.00,203,3.00,498,3.00,497,1.00,198,-2.00,203,3.00,196,0.00,201,-1.00,202,-5.00,204,0.00,775,0.00,1323,0.00,1360,0.00,1557,-7.00,251,36.00,1596,14.00,1438,0.00
9902,-2.00,204,0.00,200,-4.00,204,0.00,199,0.00,200,-1.00,203,-3.00,203,5.00,497,1.00,497,0.00,198,-1.00,203,2.00,196,0.00,201,-1.00,202,-3.00,204,0.00,775,0.00,1323,0.00,1360,0.00,1557,-7.00,251,36.00,1596,13.00,1438,0.16
9938,-3.00,204,0.00,200,-3.00,204,1.00,199,0.00,200,-2.00,203,-3.00,203,3.00,497,1.00,497,1.00,198,-2.00,203,2.00,196,0.00,201,-1.00,202,-2.00,204,0.00,775,0.00,1323,0.00,1360,0.00,1557,-5.00,251,36.00,1596,14.00,1438,0.00
9974,-3.00,204,0.00,200,-2.00,204,2.00,199,0.00,200,-2.00,203,-3.00,203,-1.00,498,2.00,497,0.00,198,-1.00,203,4.00,196,0.00,201,-1.00,202,-3.00,204,0.00,775,0.00,1323,0.00,1360,0.00,1557,-7.00,251,36.00,1596,15.00,1438,0.00
10010,-3.00,204,0.00,200,-4.00,204,0.00,199,0.00,200,-3.00,203,-3.00,203,6.00,498,3.00,497,2.00,198,-2.00,203,2.00,196,0.00,201,-1.00,202,-5.00,204,0.00,775,0.00,1323,0.00,1360,0.00,1557,-7.00,251,34.00,1596,14.00,1438,0.08