Format Version,1.24,Take Name,Push_0_deg_001,Take Notes,,Capture Frame Rate,100.000000,Export Frame Rate,100.000000,Capture Start Time,2025-02-02 12.19.53.128 午後,Capture Start Frame,270883,Total Frames in Take,1227,Total Exported Frames,1227,Rotation Type,Quaternion,Length Units,Millimeters,Coordinate Space,Local

,Type,Rigid Body,Rigid Body,Rigid Body,Rigid Body,Rigid Body,Rigid Body,Rigid Body
,Name,Rigid Body 002,Rigid Body 002,Rigid Body 002,Rigid Body 002,Rigid Body 002,Rigid Body 002,Rigid Body 002
,ID,7081C4A4E11211EF3C28FEC2583C42A9,7081C4A4E11211EF3C28FEC2583C42A9,7081C4A4E11211EF3C28FEC2583C42A9,7081C4A4E11211EF3C28FEC2583C42A9,7081C4A4E11211EF3C28FEC2583C42A9,7081C4A4E11211EF3C28FEC2583C42A9,7081C4A4E11211EF3C28FEC2583C42A9
,,Rotation,Rotation,Rotation,Rotation,Position,Position,Position
Frame,Time (Seconds),X,Y,Z,W,X,Y,Z
0,0.000000,0.001536,0.000724,-0.001162,0.999998,78.752411,416.794067,51.830315
1,0.010000,0.001544,0.000779,-0.001166,0.999998,78.722343,416.782318,51.844833
2,0.020000,0.001619,0.000684,-0.001214,0.999998,78.657494,416.744171,51.850548
3,0.030000,0.001725,0.000697,-0.001171,0.999998,78.574303,416.707153,51.850887
4,0.040000,0.001755,0.000592,-0.000998,0.999998,78.480507,416.692993,51.856033
5,0.050000,0.001787,0.000682,-0.000983,0.999998,78.363838,416.694550,51.874130
6,0.060000,0.001848,0.000623,-0.000828,0.999998,78.237373,416.692261,51.880783
7,0.070000,0.001873,0.000375,-0.000414,0.999998,78.078377,416.702942,51.885685
8,0.080000,0.001819,0.000361,-0.000495,0.999998,77.909149,416.715363,51.902916
9,0.090000,0.001861,0.000691,-0.000832,0.999998,77.704590,416.707977,51.922104
10,0.100000,0.001997,0.001002,-0.001270,0.999997,77.499847,416.695221,51.930267
11,0.110000,0.002022,0.000773,-0.000710,0.999997,77.249710,416.662811,51.931999
12,0.120000,0.002205,0.000794,-0.000943,0.999997,77.014137,416.677948,51.931507
13,0.130000,0.002166,0.000686,-0.000731,0.999997,76.789635,416.676636,51.923126
14,0.140000,0.002010,0.000660,-0.000427,0.999998,76.548088,416.670319,51.915680
15,0.150000,0.001884,0.000383,0.000300,0.999998,76.267433,416.635498,51.898220
16,0.160000,0.001988,-0.000333,0.001709,0.999997,75.969147,416.618805,51.889427
17,0.170000,0.001849,-0.000006,0.001154,0.999998,75.692116,416.610138,51.890572
18,0.180000,0.001884,0.000304,0.000902,0.999998,75.437096,416.598938,51.879585
19,0.190000,0.001924,0.000585,0.000631,0.999998,75.164795,416.591003,51.876560
20,0.200000,0.001925,0.000425,0.001093,0.999997,74.888145,416.587830,51.887936
21,0.210000,0.001877,-0.000128,0.001685,0.999997,74.590752,416.586060,51.893871
22,0.220000,0.001872,0.000071,0.001669,0.999997,74.315536,416.573517,51.893299
23,0.230000,0.001894,0.000589,0.000942,0.999998,74.039093,416.557617,51.885250
24,0.240000,0.001937,0.000245,0.001170,0.999997,73.745163,416.547211,51.867882
25,0.250000,0.001886,0.000307,0.001197,0.999997,73.491989,416.531158,51.855412
26,0.260000,0.001710,0.000308,0.001521,0.999997,73.227364,416.521851,51.861679
27,0.270000,0.001647,0.000691,0.001464,0.999997,72.995338,416.511688,51.853115
28,0.280000,0.001679,0.000412,0.001391,0.999998,72.743317,416.501221,51.829849
29,0.290000,0.001713,0.000180,0.001785,0.999997,72.522499,416.507538,51.822037
30,0.300000,0.001734,0.000138,0.001675,0.999997,72.321960,416.509644,51.825470
31,0.310000,0.001769,-0.000204,0.002037,0.999996,72.104630,416.520233,51.829620
32,0.320000,0.001758,0.000125,0.001808,0.999997,71.913895,416.522644,51.818893
33,0.330000,0.001762,0.000337,0.001401,0.999997,71.734886,416.520599,51.809620
34,0.340000,0.001755,0.000124,0.001796,0.999997,71.544144,416.522186,51.817177
35,0.350000,0.001733,0.000365,0.001543,0.999997,71.371353,416.524200,51.814804
36,0.360000,0.001668,0.000513,0.001316,0.999998,71.199554,416.526123,51.799641
37,0.370000,0.001612,0.000199,0.001586,0.999997,71.004700,416.530365,51.785313
38,0.380000,0.001472,0.000125,0.001778,0.999997,70.790657,416.534760,51.784084
39,0.390000,,,,,,,
40,0.400000,0.001570,-0.000101,0.001846,0.999997,70.327209,416.503479,51.761314
41,0.410000,0.001521,0.000039,0.001732,0.999997,70.109215,416.500519,51.753731
42,0.420000,0.001461,0.000330,0.001660,0.999997,69.872208,416.506470,51.761974
43,0.430000,0.001439,0.000420,0.001555,0.999998,69.628639,416.502869,51.765915
44,0.440000,0.001469,0.000150,0.001743,0.999997,69.355034,416.496704,51.758404
45,0.450000,0.001571,0.000271,0.001617,0.999997,69.084610,416.484283,51.763538
46,0.460000,0.001642,0.000129,0.002094,0.999997,68.819748,416.475922,51.770317
47,0.470000,,,,,,,
48,0.480000,0.001611,-0.000412,0.002766,0.999995,68.292793,416.457733,51.793381
49,0.490000,0.001613,-0.000449,0.002713,0.999995,68.045197,416.440826,51.800346
50,0.500000,0.001626,-0.000175,0.002538,0.999995,67.840561,416.426544,51.805729
51,0.510000,0.001644,0.000011,0.002398,0.999996,67.637711,416.422424,51.797230
52,0.520000,0.001658,0.000110,0.002233,0.999996,67.453827,416.427643,51.796108
53,0.530000,0.001705,-0.000257,0.002755,0.999995,67.254921,416.433289,51.810627
54,0.540000,0.001759,0.000026,0.002151,0.999996,67.079575,416.428375,51.815956
55,0.550000,0.001727,-0.000547,0.002477,0.999995,66.898628,416.431091,51.805965
56,0.560000,0.001694,-0.000421,0.002263,0.999996,66.718079,416.435059,51.791653
57,0.570000,0.001646,-0.000325,0.002186,0.999996,66.544449,416.433533,51.774040
58,0.580000,0.001581,-0.000246,0.002427,0.999996,66.381920,416.434387,51.765732
59,0.590000,0.001549,-0.000275,0.002622,0.999995,66.226448,416.427490,51.761547
60,0.600000,0.001649,-0.000500,0.002885,0.999994,66.054558,416.419006,51.759457
61,0.610000,0.001615,-0.000840,0.002768,0.999995,65.865547,416.422089,51.766422
62,0.620000,0.001640,-0.000819,0.002704,0.999995,65.708748,416.421417,51.772388
63,0.630000,0.001652,-0.000742,0.002681,0.999995,65.540604,416.424652,51.782440
64,0.640000,0.001740,-0.000939,0.003147,0.999993,65.362137,416.427612,51.781193
65,0.650000,0.001749,-0.001268,0.003484,0.999992,65.183571,416.427979,51.781261
66,0.660000,0.001813,-0.001575,0.003880,0.999990,64.979942,416.431854,51.782833
67,0.670000,0.001838,-0.001793,0.003949,0.999989,64.784042,416.430786,51.778706
68,0.680000,0.001861,-0.001613,0.003521,0.999991,64.570465,416.423950,51.780262
69,0.690000,0.001938,-0.001567,0.003622,0.999990,64.375320,416.420990,51.791721
70,0.700000,0.001948,-0.001571,0.003640,0.999990,64.169868,416.421204,51.808254
71,0.710000,0.002022,-0.001804,0.004097,0.999988,63.947788,416.425262,51.818241
72,0.720000,0.002051,-0.001905,0.004092,0.999988,63.710682,416.431580,51.821564
73,0.730000,0.002129,-0.002411,0.004368,0.999985,63.458191,416.439270,51.813137
74,0.740000,0.002128,-0.002574,0.004485,0.999984,63.193375,416.444733,51.807549
75,0.750000,0.002052,-0.002820,0.004557,0.999984,62.897728,416.441528,51.808460
76,0.760000,0.002054,-0.002950,0.004909,0.999982,62.641212,416.435211,51.804932
77,0.770000,0.001804,-0.001538,0.004219,0.999988,62.309059,416.411865,51.780716
78,0.780000,,,,,,,
79,0.790000,0.001886,-0.001405,0.004933,0.999985,61.736546,416.397186,51.781136
80,0.800000,0.001918,-0.001645,0.005337,0.999983,61.464607,416.396149,51.780792
81,0.810000,,,,,,,
82,0.820000,0.001893,-0.001939,0.005416,0.999982,60.888939,416.384125,51.770729
83,0.830000,0.001851,-0.001931,0.005538,0.999981,60.605091,416.382538,51.771088
84,0.840000,,,,,,,
85,0.850000,0.001869,-0.001683,0.005728,0.999980,60.032097,416.377380,51.745239
86,0.860000,,,,,,,
87,0.870000,0.001886,-0.002347,0.006870,0.999972,59.462234,416.366882,51.739254
88,0.880000,0.001877,-0.002287,0.006924,0.999972,59.177559,416.359833,51.741222
89,0.890000,0.001915,-0.002638,0.007207,0.999969,58.882740,416.350677,51.735920
90,0.900000,0.001856,-0.002650,0.007262,0.999968,58.592598,416.351501,51.725971
91,0.910000,0.001969,-0.002873,0.008241,0.999960,58.299965,416.355988,51.728470
92,0.920000,0.001917,-0.002850,0.008316,0.999960,58.041698,416.347900,51.727760
93,0.930000,0.001878,-0.003162,0.008550,0.999957,57.783100,416.334808,51.720181
94,0.940000,0.001902,-0.003283,0.008495,0.999957,57.517429,416.331787,51.718948
95,0.950000,0.001941,-0.003607,0.009199,0.999949,57.233360,416.342896,51.720119
96,0.960000,0.001958,-0.003387,0.009060,0.999951,56.986866,416.344635,51.721462
97,0.970000,0.001947,-0.003438,0.009226,0.999950,56.727161,416.340759,51.715134
98,0.980000,0.001970,-0.003358,0.009178,0.999950,56.456795,416.330963,51.709831
99,0.990000,0.002033,-0.003541,0.009639,0.999945,56.157452,416.322937,51.715164
100,1.000000,0.001933,-0.003547,0.009560,0.999946,55.864761,416.324280,51.703732
101,1.010000,0.002037,-0.003734,0.009995,0.999941,55.564781,416.347168,51.715385
102,1.020000,0.002112,-0.003705,0.009932,0.999942,55.285397,416.340515,51.714016
103,1.030000,0.002200,-0.003966,0.010411,0.999936,54.974003,416.337616,51.727230
104,1.040000,0.002203,-0.004064,0.010569,0.999933,54.678585,416.333649,51.726601
105,1.050000,0.002158,-0.003991,0.010490,0.999935,54.404091,416.327301,51.723797
106,1.060000,0.001980,-0.001619,0.004784,0.999985,53.977699,416.283417,51.745289
107,1.070000,0.001943,-0.001237,0.003899,0.999990,53.646343,416.277405,51.737068
108,1.080000,0.001860,-0.000938,0.003799,0.999991,53.374321,416.267578,51.729027
109,1.090000,0.001860,-0.001048,0.003727,0.999991,53.083176,416.260437,51.722019
110,1.100000,0.001875,-0.001091,0.003517,0.999992,52.786510,416.254028,51.724785
111,1.110000,0.001916,-0.001042,0.003569,0.999991,52.487858,416.248932,51.733547
112,1.120000,0.001888,-0.001285,0.003792,0.999990,52.192131,416.243225,51.746510
113,1.130000,0.001902,-0.001182,0.003532,0.999991,51.894104,416.243256,51.757000
114,1.140000,0.001954,-0.001239,0.003845,0.999990,51.587795,416.240479,51.758694
115,1.150000,0.001937,-0.000854,0.003358,0.999992,51.299034,416.228088,51.750317
116,1.160000,0.001949,-0.000856,0.003441,0.999992,51.022060,416.217773,51.748703
117,1.170000,0.002025,-0.000449,0.003206,0.999993,50.765896,416.211975,51.747280
118,1.180000,0.001971,-0.000967,0.003733,0.999991,50.481750,416.218353,51.750671
119,1.190000,0.001963,-0.001109,0.003603,0.999991,50.233482,416.208252,51.753918
120,1.200000,0.001941,-0.000862,0.003303,0.999992,50.010201,416.205475,51.752560
121,1.210000,0.001972,-0.000984,0.003409,0.999992,49.801403,416.205688,51.759167
122,1.220000,0.001974,-0.000839,0.003277,0.999992,49.619984,416.208679,51.759426
123,1.230000,0.002013,-0.000845,0.003273,0.999992,49.443680,416.209137,51.753281
124,1.240000,0.001981,-0.000947,0.003287,0.999992,49.254601,416.208374,51.748760
125,1.250000,0.001988,-0.000772,0.002875,0.999994,49.078716,416.205109,51.731552
126,1.260000,0.001911,-0.000385,0.002431,0.999995,48.900364,416.205688,51.711987
127,1.270000,0.001862,-0.000192,0.002174,0.999996,48.741077,416.200226,51.701916
128,1.280000,0.001829,-0.000426,0.002497,0.999995,48.571663,416.197540,51.703556
129,1.290000,0.001854,-0.000549,0.002636,0.999995,48.418278,416.194275,51.713959
130,1.300000,0.001835,-0.000674,0.002703,0.999995,48.262428,416.199097,51.713814
131,1.310000,0.001904,-0.000585,0.002583,0.999995,48.102112,416.202789,51.718380
132,1.320000,0.001905,-0.000701,0.002559,0.999995,47.916676,416.208954,51.720322
133,1.330000,0.001904,-0.000886,0.002712,0.999994,47.754726,416.209869,51.723351
134,1.340000,0.001916,-0.000611,0.002489,0.999995,47.581181,416.208923,51.722965
135,1.350000,0.001893,-0.000327,0.002202,0.999996,47.426880,416.207367,51.713978
136,1.360000,0.001588,-0.000014,0.002399,0.999996,47.209099,416.176941,51.711327
137,1.370000,0.001556,0.000078,0.002470,0.999996,47.009441,416.173004,51.698727
138,1.380000,0.001565,0.000330,0.002278,0.999996,46.861176,416.166687,51.690712
139,1.390000,0.001599,0.000271,0.002372,0.999996,46.690434,416.164001,51.678913
140,1.400000,0.001516,0.000290,0.002277,0.999996,46.528084,416.168182,51.668259
141,1.410000,0.001477,0.000305,0.002282,0.999996,46.376373,416.167480,51.661518
142,1.420000,0.001443,0.000665,0.002072,0.999997,46.200005,416.165497,51.656563
143,1.430000,0.001421,0.000723,0.001919,0.999997,46.043320,416.163300,51.655163
144,1.440000,0.001404,0.000407,0.002187,0.999997,45.860367,416.159241,51.652885
145,1.450000,0.001440,0.000615,0.001992,0.999997,45.700542,416.148224,51.658714
146,1.460000,0.001501,0.000500,0.002272,0.999996,45.524220,416.145172,51.676876
147,1.470000,0.001536,0.000825,0.001705,0.999997,45.367470,416.144592,51.690247
148,1.480000,0.001561,0.000657,0.001732,0.999997,45.178589,416.146881,51.707729
149,1.490000,0.001593,0.000649,0.001688,0.999997,45.012554,416.142059,51.713673
150,1.500000,0.001582,0.000503,0.001797,0.999997,44.842609,416.129089,51.707565
151,1.510000,0.001547,0.000561,0.001813,0.999997,44.668354,416.122131,51.687286
152,1.520000,0.001496,0.000677,0.001655,0.999997,44.533871,416.122284,51.676224
153,1.530000,0.001481,0.000546,0.001935,0.999997,44.395874,416.125000,51.674736
154,1.540000,0.001481,0.000688,0.001832,0.999997,44.280624,416.120758,51.676281
155,1.550000,0.001502,0.000961,0.001586,0.999997,44.154133,416.113098,51.676048
156,1.560000,0.001489,0.001102,0.001426,0.999997,44.049984,416.103394,51.672295
157,1.570000,0.001482,0.001133,0.001517,0.999997,43.965504,416.100006,51.664856
158,1.580000,0.001457,0.000890,0.001773,0.999997,43.874477,416.104675,51.660240
159,1.590000,0.001392,0.000791,0.001805,0.999997,43.792515,416.118866,51.657536
160,1.600000,0.001405,0.000827,0.001746,0.999997,43.716545,416.128265,51.657410
161,1.610000,0.001408,0.001036,0.001192,0.999998,43.631176,416.133911,51.662384
162,1.620000,0.001415,0.000685,0.001386,0.999998,43.526421,416.137756,51.662891
163,1.630000,0.001423,0.000760,0.000948,0.999998,43.417992,416.131195,51.662708
164,1.640000,0.001480,0.000471,0.001610,0.999997,43.273170,416.129211,51.659172
165,1.650000,0.001462,0.000563,0.001506,0.999998,43.147121,416.125275,51.651775
166,1.660000,0.001562,0.000663,0.001553,0.999997,42.983749,416.128448,51.647362
167,1.670000,0.001483,0.000808,0.001313,0.999998,42.823509,416.125610,51.647404
168,1.680000,0.001472,0.000916,0.001144,0.999998,42.666145,416.119537,51.652191
169,1.690000,0.001481,0.001071,0.001199,0.999998,42.486835,416.119904,51.654819
170,1.700000,0.001452,0.000932,0.001251,0.999998,42.305408,416.116211,51.654812
171,1.710000,0.001637,0.000801,0.001550,0.999997,42.116356,416.093994,51.642368
172,1.720000,0.001679,0.000712,0.001861,0.999997,41.908947,416.081940,51.638531
173,1.730000,0.001655,0.000922,0.001342,0.999997,41.721287,416.075684,51.627045
174,1.740000,0.001670,0.001355,0.000521,0.999998,41.537682,416.066376,51.627163
175,1.750000,0.001651,0.001788,0.000879,0.999997,41.317383,416.043671,51.644310
176,1.760000,0.001675,0.000957,0.000966,0.999998,41.192608,416.056366,51.625172
177,1.770000,0.001656,0.001278,0.001593,0.999997,40.971607,416.036377,51.637600
178,1.780000,0.001565,0.001548,0.001535,0.999996,40.782490,416.030548,51.632229
179,1.790000,0.001567,0.001454,0.001513,0.999997,40.608517,416.024200,51.630859
180,1.800000,0.001543,0.001519,0.001425,0.999997,40.447639,416.023285,51.626995
181,1.810000,0.001571,0.001755,0.001089,0.999997,40.282368,416.024139,51.622158
182,1.820000,0.001562,0.001775,0.001119,0.999997,40.109901,416.029114,51.623341
183,1.830000,0.001600,0.001782,0.001018,0.999997,39.950069,416.022980,51.625801
184,1.840000,0.001615,0.001909,0.000943,0.999996,39.786690,416.022461,51.635586
185,1.850000,0.001641,0.001558,0.001303,0.999997,39.594875,416.025360,51.651413
186,1.860000,0.001632,0.001454,0.001375,0.999997,39.429203,416.025757,51.647953
187,1.870000,0.001649,0.001436,0.001282,0.999997,39.250042,416.016907,51.633495
188,1.880000,0.001656,0.001459,0.001191,0.999997,39.096600,416.007507,51.624161
189,1.890000,0.001661,0.001484,0.001145,0.999997,38.939987,416.000641,51.621666
190,1.900000,0.001622,0.001648,0.001079,0.999997,38.780815,416.000946,51.621063
191,1.910000,0.001585,0.002076,0.001004,0.999996,38.621231,416.003357,51.628342
192,1.920000,0.001606,0.001947,0.001366,0.999996,38.476597,416.000488,51.632618
193,1.930000,0.001614,0.001550,0.001942,0.999996,38.322563,415.994812,51.635124
194,1.940000,0.001626,0.001638,0.001592,0.999996,38.173325,415.986603,51.626827
195,1.950000,0.001624,0.001485,0.001557,0.999996,38.024517,415.983765,51.610512
196,1.960000,0.001592,0.001272,0.001544,0.999997,37.867207,415.986450,51.604973
197,1.970000,0.001593,0.001328,0.001214,0.999997,37.720745,415.985535,51.607983
198,1.980000,0.001604,0.001695,0.000992,0.999997,37.575546,415.988586,51.614845
199,1.990000,0.001666,0.001846,0.001039,0.999996,37.427025,415.985565,51.626770
200,2.000000,0.001688,0.002186,0.000822,0.999996,37.284679,415.980560,51.633728
201,2.010000,0.001712,0.001958,0.001295,0.999996,37.139153,415.971832,51.628864
202,2.020000,0.001693,0.001980,0.001296,0.999996,37.011150,415.962677,51.623638
203,2.030000,0.001636,0.001617,0.001688,0.999996,36.871929,415.967438,51.623463
204,2.040000,0.001640,0.001502,0.001668,0.999996,36.743374,415.972839,51.614384
205,2.050000,0.001640,0.001386,0.001623,0.999996,36.612129,415.973175,51.610867
206,2.060000,0.001617,0.001672,0.001203,0.999997,36.484142,415.967041,51.604404
207,2.070000,0.001628,0.001475,0.001356,0.999997,36.338646,415.967804,51.603493
208,2.080000,0.001644,0.001444,0.001264,0.999997,36.205070,415.963806,51.606579
209,2.090000,0.001629,0.001562,0.001098,0.999997,36.076485,415.964508,51.610554
210,2.100000,0.001684,0.001378,0.001503,0.999997,35.920692,415.964996,51.617683
211,2.110000,0.001649,0.001614,0.001147,0.999997,35.767658,415.961609,51.618591
212,2.120000,0.001622,0.001704,0.001192,0.999997,35.612095,415.955048,51.612598
213,2.130000,0.001615,0.001455,0.001379,0.999997,35.443363,415.949554,51.607456
214,2.140000,0.001614,0.001245,0.001520,0.999997,35.276981,415.944611,51.603786
215,2.150000,0.001626,0.001359,0.001367,0.999997,35.111542,415.942383,51.600876
216,2.160000,0.001618,0.001515,0.001252,0.999997,34.955467,415.939178,51.600262
217,2.170000,0.001564,0.001652,0.001073,0.999997,34.794991,415.938934,51.603931
218,2.180000,0.001660,0.001532,0.001561,0.999996,34.620422,415.942047,51.610146
219,2.190000,0.001718,0.001441,0.001424,0.999997,34.459637,415.938507,51.615292
220,2.200000,0.001708,0.001996,0.000886,0.999996,34.275417,415.936066,51.603188
221,2.210000,0.001747,0.002049,0.000914,0.999996,34.049557,415.934052,51.607845
222,2.220000,0.001766,0.001744,0.001040,0.999996,33.821331,415.922577,51.606735
223,2.230000,0.001740,0.001657,0.001138,0.999997,33.615585,415.909027,51.608166
224,2.240000,0.001705,0.001385,0.001548,0.999996,33.392303,415.900513,51.616379
225,2.250000,0.001685,0.001429,0.001703,0.999996,33.172733,415.892059,51.622704
226,2.260000,0.001806,0.001911,0.001614,0.999995,32.924171,415.893738,51.631844
227,2.270000,0.001795,0.001274,0.002016,0.999996,32.683594,415.885254,51.639637
228,2.280000,0.001759,0.001428,0.001633,0.999996,32.441395,415.869598,51.638054
229,2.290000,0.001758,0.001817,0.001004,0.999996,32.188080,415.855835,51.641396
230,2.300000,0.001739,0.001763,0.001176,0.999996,31.951103,415.845642,51.638515
231,2.310000,0.001831,0.001762,0.001367,0.999996,31.707439,415.835907,51.634392
232,2.320000,0.001747,0.001523,0.001734,0.999996,31.485022,415.828003,51.618038
233,2.330000,0.001693,0.001584,0.001601,0.999996,31.253643,415.822784,51.609058
234,2.340000,0.001642,0.001432,0.001760,0.999996,31.056623,415.818329,51.601795
235,2.350000,0.001664,0.001360,0.001919,0.999996,30.862137,415.815735,51.613617
236,2.360000,0.001674,0.001856,0.001560,0.999996,30.678823,415.814240,51.617954
237,2.370000,0.001688,0.001797,0.001466,0.999996,30.524925,415.815674,51.613358
238,2.380000,0.001683,0.001988,0.001003,0.999996,30.368086,415.815521,51.612030
239,2.390000,0.001664,0.001899,0.000991,0.999996,30.219624,415.816589,51.600082
240,2.400000,0.001737,0.001892,0.001078,0.999996,30.072937,415.819092,51.592541
241,2.410000,0.001690,0.001947,0.000972,0.999996,29.933939,415.816864,51.579014
242,2.420000,0.001620,0.001619,0.001369,0.999997,29.793118,415.815155,51.580624
243,2.430000,0.001628,0.001449,0.001653,0.999996,29.626102,415.816315,51.591869
244,2.440000,0.001647,0.001979,0.001243,0.999996,29.444931,415.817932,51.593811
245,2.450000,0.001633,0.002159,0.001182,0.999996,29.282335,415.822449,51.596928
246,2.460000,0.001681,0.001972,0.001319,0.999996,29.123823,415.818604,51.599724
247,2.470000,0.001724,0.001588,0.001567,0.999996,28.948339,415.815582,51.590591
248,2.480000,0.001723,0.001869,0.001327,0.999996,28.781866,415.813080,51.585667
249,2.490000,0.001701,0.001942,0.001269,0.999996,28.629400,415.807373,51.580822
250,2.500000,0.001660,0.001313,0.002027,0.999996,28.445719,415.804260,51.588654
251,2.510000,0.001688,0.001497,0.001971,0.999996,28.265192,415.803741,51.593903
252,2.520000,0.001651,0.002251,0.001060,0.999996,28.125765,415.817078,51.584160
253,2.530000,0.001633,0.001888,0.000946,0.999996,28.017891,415.820923,51.574604
254,2.540000,0.001576,0.001719,0.001424,0.999996,27.838356,415.806793,51.570034
255,2.550000,0.001556,0.002100,0.001286,0.999996,27.732601,415.778229,51.559731
256,2.560000,0.001551,0.001740,0.001536,0.999996,27.590862,415.788025,51.555912
257,2.570000,0.001534,0.001843,0.001120,0.999997,27.468786,415.804138,51.545753
258,2.580000,0.001507,0.002205,0.000726,0.999996,27.362848,415.814178,51.544441
259,2.590000,0.001555,0.001717,0.001432,0.999996,27.181993,415.817963,51.550972
260,2.600000,0.001608,0.001783,0.001262,0.999996,27.058744,415.807159,51.560257
261,2.610000,0.001636,0.001415,0.001734,0.999996,26.895496,415.810333,51.568867
262,2.620000,0.001641,0.001361,0.001291,0.999997,26.762278,415.809174,51.579662
263,2.630000,0.001619,0.001417,0.001176,0.999997,26.626566,415.819214,51.581341
264,2.640000,0.001625,0.001141,0.001364,0.999997,26.494967,415.813507,51.578228
265,2.650000,0.001641,0.001179,0.001541,0.999997,26.340202,415.806305,51.571350
266,2.660000,0.001656,0.002024,0.000657,0.999996,26.185524,415.793365,51.558727
267,2.670000,0.001624,0.002262,0.000418,0.999996,26.051485,415.792480,51.551727
268,2.680000,0.001715,0.001981,0.001120,0.999996,25.908482,415.790497,51.566452
269,2.690000,0.001693,0.001481,0.001828,0.999996,25.813938,415.781006,51.581097
270,2.700000,0.001710,0.001537,0.001866,0.999996,25.747383,415.772675,51.588570
271,2.710000,0.001692,0.001540,0.001732,0.999996,25.694700,415.767120,51.584225
272,2.720000,0.001678,0.001526,0.001629,0.999996,25.650236,415.775940,51.576313
273,2.730000,0.001705,0.001539,0.001566,0.999996,25.614555,415.791046,51.577629
274,2.740000,0.001670,0.001649,0.001259,0.999997,25.570595,415.806946,51.583477
275,2.750000,0.001651,0.001664,0.001157,0.999997,25.534647,415.818054,51.581654
276,2.760000,0.001673,0.001615,0.001106,0.999997,25.474905,415.837433,51.577080
277,2.770000,0.001658,0.001905,0.000571,0.999997,25.417721,415.851501,51.578907
278,2.780000,0.001653,0.002008,0.000437,0.999997,25.339609,415.851715,51.578873
279,2.790000,0.001675,0.001694,0.000748,0.999997,25.225019,415.840240,51.567940
280,2.800000,0.001683,0.001581,0.000887,0.999997,25.088737,415.819763,51.556545
281,2.810000,0.001699,0.001687,0.000767,0.999997,24.962694,415.802460,51.561218
282,2.820000,0.001761,0.001692,0.000918,0.999997,24.803427,415.803253,51.579659
283,2.830000,0.001752,0.001613,0.001290,0.999996,24.648540,415.806732,51.587425
284,2.840000,0.001787,0.000987,0.001820,0.999996,24.497847,415.809174,51.588593
285,2.850000,0.001791,0.001174,0.001498,0.999997,24.354197,415.795258,51.587029
286,2.860000,0.001729,0.001416,0.001189,0.999997,24.192713,415.789764,51.586185
287,2.870000,0.001765,0.001924,0.000539,0.999997,24.017262,415.796112,51.586777
288,2.880000,0.001741,0.001777,0.000524,0.999997,23.858500,415.804810,51.577454
289,2.890000,0.001744,0.001951,0.000237,0.999997,23.661449,415.808624,51.565296
290,2.900000,0.001807,0.001687,0.000881,0.999997,23.432827,415.800934,51.576050
291,2.910000,0.001752,0.001980,0.000753,0.999996,23.240055,415.790588,51.581902
292,2.920000,0.001721,0.001783,0.000967,0.999997,23.028034,415.783936,51.585632
293,2.930000,0.001658,0.002026,0.000430,0.999997,22.773087,415.785431,51.587917
294,2.940000,0.001698,0.001582,0.000771,0.999997,22.518785,415.775635,51.581482
295,2.950000,0.001765,0.001708,0.000656,0.999997,22.245792,415.762482,51.583298
296,2.960000,0.001819,0.001700,0.000745,0.999997,21.989059,415.762573,51.586636
297,2.970000,0.001823,0.001518,0.001134,0.999997,21.731218,415.765717,51.582684
298,2.980000,0.001787,0.001520,0.000894,0.999997,21.484842,415.761383,51.592087
299,2.990000,0.001793,0.001649,0.000691,0.999997,21.227533,415.758606,51.605366
300,3.000000,0.001849,0.001596,0.001259,0.999996,20.952145,415.759064,51.613983
301,3.010000,0.001847,0.001739,0.001093,0.999996,20.708200,415.748596,51.609066
302,3.020000,0.001791,0.001560,0.001100,0.999997,20.465313,415.735321,51.605629
303,3.030000,0.001903,0.001553,0.001080,0.999996,20.259031,415.728363,51.610790
304,3.040000,0.001913,0.001390,0.001358,0.999996,20.029037,415.729340,51.607563
305,3.050000,0.001973,0.001224,0.001196,0.999997,19.798649,415.731415,51.611393
306,3.060000,0.001965,0.001215,0.001160,0.999997,19.591217,415.728729,51.608166
307,3.070000,0.001987,0.001524,0.000865,0.999997,19.393705,415.729187,51.612793
308,3.080000,0.001974,0.001087,0.001311,0.999997,19.203186,415.730072,51.619286
309,3.090000,0.001959,0.001077,0.001316,0.999997,19.019444,415.732178,51.612579
310,3.100000,0.001919,0.001508,0.001037,0.999997,18.817917,415.737549,51.607071
311,3.110000,0.001912,0.001488,0.000837,0.999997,18.633083,415.734619,51.605980
312,3.120000,0.001980,0.001573,0.000727,0.999997,18.438610,415.724274,51.608105
313,3.130000,0.001918,0.001666,0.000723,0.999997,18.267307,415.711487,51.602436
314,3.140000,0.001918,0.001927,0.000424,0.999996,18.094118,415.708893,51.589180
315,3.150000,0.001882,0.001448,0.000921,0.999997,17.932241,415.708252,51.577000
316,3.160000,0.001884,0.001450,0.001107,0.999997,17.772434,415.718872,51.569035
317,3.170000,0.001692,0.000252,0.002218,0.999996,17.612867,415.747864,51.588619
318,3.180000,0.001600,0.000027,0.002352,0.999996,17.485998,415.767456,51.581520
319,3.190000,0.001661,-0.000028,0.002739,0.999995,17.338005,415.762512,51.574745
320,3.200000,0.001688,-0.000194,0.001976,0.999997,17.274361,415.726959,51.548565
321,3.210000,0.001701,-0.000014,0.001853,0.999997,17.150215,415.727814,51.555664
322,3.220000,0.001706,-0.000390,0.002400,0.999996,17.041906,415.764008,51.573090
323,3.230000,0.001650,-0.000265,0.001981,0.999997,16.955177,415.794647,51.563263
324,3.240000,0.001670,-0.000526,0.002016,0.999996,16.840441,415.797974,51.549446
325,3.250000,0.001672,-0.000487,0.002019,0.999997,16.720219,415.787354,51.540615
326,3.260000,0.001682,-0.000395,0.001862,0.999997,16.595453,415.776093,51.538761
327,3.270000,0.001756,-0.000649,0.002086,0.999996,16.482019,415.771515,51.540855
328,3.280000,0.001706,-0.000594,0.001969,0.999996,16.365194,415.784149,51.540482
329,3.290000,0.001754,-0.000687,0.002061,0.999996,16.246080,415.810455,51.555988
330,3.300000,0.001690,-0.000689,0.002088,0.999996,16.111189,415.818848,51.560314
331,3.310000,0.001757,-0.000695,0.002237,0.999996,15.941790,415.788483,51.561852
332,3.320000,0.001711,-0.000799,0.002609,0.999995,15.768245,415.774750,51.557247
333,3.330000,0.001663,-0.000730,0.002388,0.999996,15.644206,415.756805,51.548595
334,3.340000,0.001651,-0.000532,0.002169,0.999996,15.520166,415.754333,51.550224
335,3.350000,0.001716,-0.000403,0.001865,0.999997,15.409399,415.765167,51.553123
336,3.360000,0.001748,-0.000124,0.001495,0.999997,15.295877,415.774506,51.556950
337,3.370000,0.001730,-0.000134,0.001419,0.999997,15.163809,415.776855,51.561359
338,3.380000,0.001755,0.000039,0.001502,0.999997,15.019872,415.770721,51.563499
339,3.390000,0.001760,-0.000276,0.001780,0.999997,14.880198,415.778564,51.571899
340,3.400000,0.001784,-0.000384,0.001823,0.999997,14.719871,415.779022,51.578255
341,3.410000,0.001852,-0.000343,0.001634,0.999997,14.564591,415.776093,51.583103
342,3.420000,0.001836,-0.000123,0.001115,0.999998,14.396438,415.775970,51.578838
343,3.430000,0.001804,-0.000490,0.001458,0.999997,14.218680,415.773621,51.585506
344,3.440000,0.001774,-0.000052,0.001117,0.999998,14.017286,415.756470,51.581696
345,3.450000,0.001795,0.000217,0.001209,0.999998,13.794590,415.737823,51.586906
346,3.460000,0.001855,-0.000411,0.002074,0.999996,13.568416,415.731506,51.598003
347,3.470000,0.001936,-0.001018,0.003010,0.999993,13.356152,415.732910,51.604855
348,3.480000,0.001989,-0.000872,0.002973,0.999993,13.159003,415.730438,51.604641
349,3.490000,0.001994,-0.001097,0.003060,0.999993,12.969359,415.724701,51.609306
350,3.500000,0.002061,-0.000899,0.002693,0.999994,12.781627,415.716217,51.622971
351,3.510000,0.002037,-0.000637,0.002276,0.999995,12.623525,415.738739,51.624691
352,3.520000,0.001978,-0.000500,0.001741,0.999996,12.453912,415.757324,51.620857
353,3.530000,0.001938,-0.000688,0.001935,0.999996,12.284903,415.753357,51.597439
354,3.540000,0.001894,-0.000667,0.002371,0.999995,12.082719,415.720612,51.580189
355,3.550000,0.001844,-0.000753,0.002363,0.999995,11.901518,415.701294,51.567318
356,3.560000,0.001790,-0.000633,0.002231,0.999996,11.734538,415.707031,51.552113
357,3.570000,0.001743,-0.000880,0.002310,0.999995,11.593786,415.747314,51.531364
358,3.580000,0.001657,-0.000869,0.002274,0.999996,11.434490,415.779694,51.526684
359,3.590000,0.001659,-0.001007,0.002251,0.999996,11.264661,415.792023,51.532856
360,3.600000,0.001775,-0.000848,0.002068,0.999996,11.079194,415.780182,51.536461
361,3.610000,0.001865,-0.001208,0.002588,0.999994,10.886547,415.725555,51.551373
362,3.620000,0.001917,-0.001547,0.003149,0.999992,10.686786,415.681122,51.566628
363,3.630000,0.001884,-0.001000,0.002332,0.999995,10.506782,415.676514,51.575089
364,3.640000,0.001885,-0.001185,0.002347,0.999995,10.379381,415.709991,51.583176
365,3.650000,0.001875,-0.000801,0.001859,0.999996,10.234692,415.739258,51.572609
366,3.660000,0.001937,-0.000712,0.002189,0.999995,10.052419,415.745697,51.561527
367,3.670000,0.001911,-0.000702,0.002269,0.999995,9.874557,415.728882,51.542469
368,3.680000,0.001898,-0.000757,0.002214,0.999995,9.712362,415.713806,51.538300
369,3.690000,0.001933,-0.001255,0.002933,0.999993,9.520026,415.717590,51.544407
370,3.700000,0.001864,-0.001692,0.003238,0.999992,9.347056,415.732361,51.541595
371,3.710000,0.001877,-0.001802,0.003271,0.999991,9.159669,415.751099,51.540329
372,3.720000,0.001823,-0.001793,0.003151,0.999992,8.959249,415.746307,51.537930
373,3.730000,0.001868,-0.001162,0.002523,0.999994,8.739173,415.714386,51.535480
374,3.740000,0.001891,-0.000802,0.002194,0.999995,8.494368,415.691101,51.536438
375,3.750000,0.001987,-0.001253,0.002882,0.999993,8.235797,415.674927,51.563915
376,3.760000,0.001941,-0.001146,0.002790,0.999994,8.014971,415.665985,51.573402
377,3.770000,0.001947,-0.001457,0.002913,0.999993,7.804058,415.667328,51.586624
378,3.780000,0.002025,-0.001278,0.002739,0.999993,7.586663,415.675598,51.587421
379,3.790000,0.002072,-0.001044,0.002592,0.999994,7.395854,415.673950,51.580620
380,3.800000,0.002087,-0.001184,0.002651,0.999994,7.193967,415.667023,51.584675
381,3.810000,0.002153,-0.001143,0.002580,0.999994,7.013905,415.666351,51.592304
382,3.820000,0.002187,-0.001252,0.002331,0.999994,6.835644,415.670532,51.617435
383,3.830000,0.002247,-0.001279,0.002339,0.999994,6.656243,415.673218,51.636822
384,3.840000,0.002330,-0.001008,0.002143,0.999995,6.490907,415.666199,51.656139
385,3.850000,0.002466,-0.001124,0.002314,0.999994,6.343601,415.655701,51.669720
386,3.860000,0.002645,-0.001333,0.002634,0.999992,6.207869,415.649933,51.696247
387,3.870000,0.002780,-0.001401,0.002665,0.999992,6.103762,415.640015,51.714672
388,3.880000,0.002836,-0.001525,0.002830,0.999991,6.020012,415.627136,51.732651
389,3.890000,0.002825,-0.001272,0.002568,0.999992,5.957827,415.604187,51.749363
390,3.900000,0.002842,-0.001230,0.002566,0.999992,5.925542,415.596985,51.757862
391,3.910000,0.002773,-0.001282,0.002613,0.999992,5.906659,415.612244,51.742119
392,3.920000,0.002570,-0.001214,0.002414,0.999993,5.888397,415.639801,51.703506
393,3.930000,0.002418,-0.001573,0.002962,0.999992,5.843799,415.670105,51.646893
394,3.940000,0.002228,-0.001820,0.003200,0.999991,5.802706,415.691132,51.591862
395,3.950000,0.002099,-0.001945,0.003234,0.999991,5.751904,415.705261,51.563225
396,3.960000,0.002066,-0.001930,0.003148,0.999991,5.702661,415.712250,51.562122
397,3.970000,0.002060,-0.001920,0.003110,0.999991,5.640311,415.720093,51.573338
398,3.980000,0.002129,-0.001561,0.002597,0.999993,5.553160,415.724152,51.595013
399,3.990000,0.002180,-0.001471,0.002517,0.999993,5.458611,415.719543,51.611603
400,4.000000,0.002256,-0.001493,0.002528,0.999993,5.359629,415.694733,51.626396
401,4.010000,0.002360,-0.001638,0.002674,0.999992,5.229916,415.661743,51.643478
402,4.020000,0.002399,-0.001628,0.002662,0.999992,5.129480,415.653778,51.649303
403,4.030000,0.002392,-0.001302,0.002223,0.999994,5.029363,415.664917,51.654335
404,4.040000,0.002535,-0.000989,0.001664,0.999995,4.940302,415.713226,51.638702
405,4.050000,0.002586,-0.001537,0.002439,0.999992,4.809958,415.733429,51.632515
406,4.060000,0.002480,-0.001944,0.002828,0.999991,4.670603,415.735931,51.613247
407,4.070000,0.002403,-0.001990,0.003029,0.999991,4.521195,415.723358,51.590164
408,4.080000,0.002336,-0.002003,0.003098,0.999990,4.370187,415.710266,51.572289
409,4.090000,0.002303,-0.001790,0.002639,0.999992,4.202060,415.696625,51.566673
410,4.100000,0.002268,-0.001489,0.002164,0.999994,4.024445,415.687805,51.564075
411,4.110000,0.002300,-0.001420,0.002141,0.999994,3.831933,415.687775,51.571728
412,4.120000,0.002302,-0.001619,0.002501,0.999993,3.624467,415.689636,51.581284
413,4.130000,0.002354,-0.001707,0.002754,0.999992,3.402591,415.679016,51.602966
414,4.140000,0.002384,-0.001673,0.002819,0.999992,3.213403,415.667175,51.615730
415,4.150000,0.002423,-0.001433,0.002580,0.999993,2.986316,415.654968,51.614670
416,4.160000,0.002417,-0.001051,0.001889,0.999995,2.736164,415.653381,51.605846
417,4.170000,0.002345,-0.001049,0.001899,0.999995,2.481529,415.647400,51.588493
418,4.180000,0.002263,-0.001409,0.002289,0.999994,2.217636,415.641876,51.578548
419,4.190000,0.002291,-0.001625,0.002474,0.999993,1.923972,415.627441,51.578690
420,4.200000,0.002389,-0.002033,0.003346,0.999990,1.619984,415.617859,51.586090
421,4.210000,0.002486,-0.001824,0.003335,0.999990,1.349089,415.602356,51.602665
422,4.220000,0.002396,-0.001444,0.002740,0.999992,1.064902,415.600464,51.618870
423,4.230000,0.002378,-0.002008,0.003299,0.999990,0.757503,415.603394,51.637779
424,4.240000,0.002340,-0.001567,0.002927,0.999992,0.456619,415.591644,51.628513
425,4.250000,0.002435,-0.001727,0.002953,0.999991,0.131625,415.568024,51.617058
426,4.260000,0.002439,-0.001531,0.002732,0.999992,-0.144908,415.554626,51.605820
427,4.270000,0.002387,-0.001923,0.003281,0.999990,-0.455895,415.544525,51.616333
428,4.280000,0.002368,-0.002213,0.003436,0.999989,-0.760744,415.538116,51.635704
429,4.290000,0.002327,-0.001745,0.003214,0.999991,-1.046359,415.530884,51.636730
430,4.300000,0.002331,-0.001310,0.002659,0.999993,-1.331144,415.524048,51.622700
431,4.310000,0.002219,-0.001178,0.002118,0.999995,-1.629469,415.530914,51.605968
432,4.320000,0.002177,-0.001365,0.002506,0.999994,-1.927789,415.533936,51.594662
433,4.330000,0.002169,-0.001481,0.002497,0.999993,-2.249585,415.528259,51.585979
434,4.340000,0.002145,-0.001415,0.002592,0.999993,-2.538801,415.527496,51.573929
435,4.350000,0.002213,-0.001988,0.003621,0.999989,-2.839469,415.529327,51.571030
436,4.360000,0.002289,-0.002093,0.003761,0.999988,-3.170238,415.522736,51.591679
437,4.370000,0.002254,-0.001612,0.003061,0.999992,-3.444713,415.510956,51.603493
438,4.380000,0.002277,-0.001543,0.002991,0.999992,-3.733551,415.501282,51.619789
439,4.390000,0.002316,-0.001629,0.003094,0.999991,-3.995451,415.489624,51.615913
440,4.400000,0.002355,-0.001766,0.003201,0.999991,-4.259109,415.479431,51.613201
441,4.410000,0.002339,-0.001984,0.003852,0.999988,-4.514838,415.475128,51.598530
442,4.420000,0.002219,-0.001470,0.002875,0.999992,-4.739962,415.468658,51.576244
443,4.430000,0.002107,-0.001350,0.002609,0.999994,-4.923880,415.476196,51.550549
444,4.440000,0.002052,-0.001602,0.002952,0.999992,-5.116077,415.496002,51.541313
445,4.450000,0.001999,-0.001739,0.002747,0.999993,-5.304836,415.504913,51.534344
446,4.460000,0.001985,-0.001896,0.002841,0.999992,-5.474733,415.504395,51.531723
447,4.470000,0.001981,-0.001814,0.002655,0.999993,-5.626487,415.497040,51.527794
448,4.480000,0.002011,-0.001587,0.002499,0.999994,-5.782263,415.495392,51.527828
449,4.490000,0.002108,-0.001915,0.003065,0.999991,-5.956083,415.497650,51.530010
450,4.500000,0.002019,-0.001634,0.002522,0.999993,-6.117127,415.499664,51.518875
451,4.510000,0.002031,-0.001808,0.002926,0.999992,-6.286640,415.511078,51.512867
452,4.520000,0.002073,-0.001654,0.002974,0.999992,-6.451337,415.514893,51.510273
453,4.530000,0.002017,-0.001552,0.002625,0.999993,-6.618921,415.509552,51.519295
454,4.540000,0.002030,-0.001499,0.002627,0.999993,-6.769552,415.508453,51.523273
455,4.550000,0.002028,-0.001719,0.002757,0.999993,-6.917861,415.510498,51.521526
456,4.560000,0.001996,-0.001427,0.002365,0.999994,-7.055481,415.510468,51.511986
457,4.570000,0.001971,-0.001339,0.002298,0.999995,-7.190547,415.507996,51.499008
458,4.580000,0.002040,-0.001971,0.003263,0.999991,-7.349116,415.504395,51.483177
459,4.590000,0.001983,-0.002160,0.003434,0.999990,-7.471231,415.509186,51.468990
460,4.600000,0.001943,-0.002091,0.003290,0.999991,-7.578900,415.526001,51.452496
461,4.610000,0.001918,-0.002194,0.003205,0.999991,-7.698952,415.540985,51.441772
462,4.620000,0.001964,-0.002259,0.003434,0.999990,-7.829041,415.547394,51.440136
463,4.630000,0.001923,-0.001952,0.002790,0.999992,-7.969040,415.555817,51.447861
464,4.640000,0.001869,-0.001696,0.002279,0.999994,-8.116884,415.569946,51.458981
465,4.650000,0.001878,-0.001641,0.002093,0.999995,-8.251217,415.583679,51.466652
466,4.660000,0.001839,-0.001443,0.001986,0.999995,-8.433601,415.590851,51.464462
467,4.670000,0.001933,-0.001914,0.002423,0.999993,-8.690778,415.581787,51.466675
468,4.680000,0.001976,-0.001736,0.002338,0.999994,-8.936038,415.564850,51.467365
469,4.690000,0.001932,-0.001796,0.002375,0.999994,-9.211248,415.551453,51.473305
470,4.700000,0.001937,-0.001473,0.001837,0.999995,-9.486111,415.543915,51.488415
471,4.710000,0.001980,-0.001613,0.002218,0.999994,-9.784209,415.545746,51.507439
472,4.720000,0.001950,-0.002651,0.003544,0.999988,-10.163326,415.552185,51.534889
473,4.730000,0.001962,-0.002374,0.002732,0.999992,-10.495620,415.533081,51.536716
474,4.740000,0.001903,-0.002213,0.002521,0.999993,-10.843742,415.513062,51.542824
475,4.750000,0.002046,-0.002610,0.002989,0.999990,-11.182590,415.489136,51.554436
476,4.760000,0.002123,-0.003105,0.003567,0.999987,-11.536299,415.485870,51.564342
477,4.770000,0.002153,-0.002695,0.002895,0.999990,-11.874195,415.488861,51.586605
478,4.780000,0.002188,-0.002159,0.002231,0.999993,-12.236634,415.479645,51.591175
479,4.790000,0.002185,-0.002539,0.002977,0.999990,-12.632469,415.472107,51.594425
480,4.800000,0.002143,-0.003025,0.003097,0.999988,-13.032186,415.470978,51.579441
481,4.810000,0.002059,-0.002776,0.002541,0.999991,-13.444444,415.471008,51.551243
482,4.820000,0.001957,-0.003195,0.002943,0.999989,-13.851177,415.460968,51.526321
483,4.830000,0.001883,-0.003764,0.003736,0.999984,-14.267977,415.440918,51.512779
484,4.840000,0.001880,-0.000532,0.000837,0.999998,-14.535924,415.408630,51.478504
485,4.850000,0.001837,0.000111,0.000074,0.999998,-14.853477,415.376282,51.485802
486,4.860000,0.001983,-0.003467,0.003803,0.999985,-15.193452,415.348938,51.539600
487,4.870000,0.001942,-0.000668,0.001170,0.999997,-15.312254,415.368256,51.506432
488,4.880000,0.001901,-0.000844,0.001199,0.999997,-15.453052,415.404022,51.493752
489,4.890000,0.001808,-0.000634,0.000646,0.999998,-15.577064,415.425140,51.483456
490,4.900000,0.001828,-0.003459,0.003271,0.999987,-15.753959,415.441772,51.519245
491,4.910000,0.001953,-0.004227,0.004056,0.999981,-15.867641,415.467957,51.538376
492,4.920000,0.001982,-0.003821,0.003602,0.999984,-15.966844,415.503906,51.535065
493,4.930000,0.001961,-0.003654,0.003166,0.999986,-16.086117,415.530701,51.526661
494,4.940000,0.001936,-0.003307,0.002738,0.999989,-16.277670,415.554779,51.508816
495,4.950000,0.001911,-0.000332,0.000105,0.999998,-16.429056,415.549835,51.472233
496,4.960000,0.002036,-0.003371,0.003344,0.999987,-16.746859,415.497711,51.508739
497,4.970000,0.002055,-0.004137,0.004279,0.999980,-17.066748,415.419891,51.528629
498,4.980000,0.002131,-0.003719,0.003930,0.999983,-17.340736,415.356110,51.532280
499,4.990000,0.002131,-0.003573,0.003669,0.999985,-17.646515,415.337952,51.538738
500,5.000000,0.002168,-0.003747,0.004059,0.999982,-17.987486,415.359863,51.551914
501,5.010000,0.002156,-0.003139,0.003247,0.999987,-18.296844,415.383575,51.552715
502,5.020000,0.002062,-0.003216,0.003158,0.999988,-18.641899,415.404419,51.539211
503,5.030000,0.002042,-0.003000,0.002841,0.999989,-18.969364,415.402771,51.528564
504,5.040000,0.002090,-0.003160,0.003277,0.999987,-19.373713,415.385223,51.534115
505,5.050000,0.002085,-0.003238,0.003291,0.999987,-19.805351,415.343903,51.534653
506,5.060000,0.002031,-0.003268,0.003327,0.999987,-20.216949,415.295288,51.533504
507,5.070000,0.002143,-0.003645,0.004263,0.999982,-20.679911,415.266052,51.555374
508,5.080000,0.002178,-0.003712,0.004131,0.999982,-21.121901,415.253265,51.580780
509,5.090000,0.002520,-0.004873,0.004724,0.999974,-21.504126,415.278839,51.588722
510,5.100000,0.002631,-0.004129,0.003254,0.999983,-21.850735,415.314331,51.590797
511,5.110000,0.002473,-0.003351,0.002378,0.999989,-22.237572,415.320282,51.582508
512,5.120000,0.002505,-0.003886,0.002443,0.999986,-22.644793,415.315948,51.584156
513,5.130000,0.002420,-0.000022,-0.001168,0.999996,-22.895138,415.312469,51.543884
514,5.140000,0.002397,-0.000069,-0.000723,0.999997,-23.222702,415.303040,51.522568
515,5.150000,0.002387,-0.000145,-0.000619,0.999997,-23.561987,415.300262,51.506172
516,5.160000,0.002300,-0.000016,-0.000857,0.999997,-23.880787,415.285400,51.493870
517,5.170000,0.002246,-0.000401,-0.000678,0.999997,-24.214851,415.270294,51.512043
518,5.180000,0.002216,-0.000213,-0.000748,0.999997,-24.527113,415.256317,51.523506
519,5.190000,0.002297,-0.000287,-0.000282,0.999997,-24.845823,415.254517,51.530052
520,5.200000,0.002132,-0.000623,0.000066,0.999998,-25.148689,415.252411,51.508327
521,5.210000,0.002026,-0.000444,0.000075,0.999998,-25.476782,415.261169,51.489609
522,5.220000,0.002018,-0.000434,0.000134,0.999998,-25.837460,415.242676,51.481735
523,5.230000,0.002003,0.000462,0.000340,0.999998,-26.113890,415.227905,51.449749
524,5.240000,0.002110,0.000403,0.000999,0.999997,-26.444769,415.194824,51.459236
525,5.250000,0.002188,0.000192,0.001571,0.999996,-26.794603,415.183685,51.469303
526,5.260000,0.002258,0.000494,0.001031,0.999997,-27.085695,415.173218,51.502472
527,5.270000,0.002331,0.000414,0.000862,0.999997,-27.371525,415.170319,51.555664
528,5.280000,0.002328,0.000253,0.001203,0.999997,-27.612825,415.167938,51.557320
529,5.290000,0.002285,0.000086,0.001583,0.999996,-27.894615,415.176636,51.506676
530,5.300000,0.002262,-0.000247,0.001588,0.999996,-28.188547,415.167053,51.432453
531,5.310000,0.002091,-0.000296,0.001365,0.999997,-28.459656,415.160492,51.357780
532,5.320000,0.002094,-0.000053,0.001433,0.999997,-28.716578,415.118408,51.352715
533,5.330000,0.001942,0.000239,0.001027,0.999998,-28.956066,415.080139,51.372658
534,5.340000,0.002082,0.000627,0.000962,0.999997,-29.225281,415.058105,51.423550
535,5.350000,0.002173,0.000242,0.001740,0.999996,-29.544941,415.049744,51.472080
536,5.360000,0.002159,0.000372,0.001567,0.999996,-29.850681,415.028656,51.472584
537,5.370000,0.002181,0.000971,0.000947,0.999997,-30.177259,415.013977,51.458195
538,5.380000,0.002144,0.000635,0.001061,0.999997,-30.518793,415.018860,51.435791
539,5.390000,0.002070,0.000365,0.001186,0.999997,-30.850452,415.048523,51.440800
540,5.400000,0.002053,0.000128,0.001380,0.999997,-31.111317,415.070892,51.451591
541,5.410000,0.002118,0.000362,0.001402,0.999997,-31.316671,415.081085,51.481247
542,5.420000,0.002164,0.000523,0.001255,0.999997,-31.498377,415.070129,51.521370
543,5.430000,0.002272,0.000287,0.002000,0.999995,-31.660124,415.058868,51.564186
544,5.440000,0.002280,0.000847,0.001268,0.999996,-31.787313,415.037109,51.566231
545,5.450000,0.002300,0.000627,0.001077,0.999997,-31.892546,415.023773,51.545467
546,5.460000,0.002332,0.000380,0.001291,0.999996,-31.960272,415.027283,51.517078
547,5.470000,0.002283,0.000744,0.001214,0.999996,-32.000923,415.050873,51.485428
548,5.480000,0.002222,0.000720,0.001154,0.999997,-32.011879,415.068176,51.462929
549,5.490000,0.002192,0.000786,0.001012,0.999997,-32.013611,415.075104,51.462341
550,5.500000,0.002176,0.000847,0.001050,0.999997,-32.017597,415.071655,51.465462
551,5.510000,0.002177,0.000866,0.001088,0.999997,-32.014172,415.064423,51.475201
552,5.520000,0.002168,0.000780,0.001148,0.999997,-32.012775,415.065338,51.470284
553,5.530000,0.002152,0.000746,0.001179,0.999997,-32.012871,415.069305,51.456322
554,5.540000,0.002151,0.000707,0.001226,0.999997,-32.014034,415.066742,51.441738
555,5.550000,0.002145,0.000691,0.001254,0.999997,-32.009205,415.064484,51.436462
556,5.560000,0.002154,0.000520,0.001670,0.999996,-31.987827,415.068970,51.443920
557,5.570000,0.002206,0.000799,0.001255,0.999997,-31.976149,415.064545,51.470459
558,5.580000,0.002265,0.000579,0.001356,0.999996,-31.947758,415.064758,51.499680
559,5.590000,0.002324,0.000532,0.001692,0.999996,-31.919882,415.076263,51.523972
560,5.600000,0.002347,0.000688,0.001233,0.999996,-31.911018,415.077118,51.545769
561,5.610000,0.002350,0.000337,0.001909,0.999995,-31.888369,415.087616,51.554646
562,5.620000,0.002324,0.000517,0.001777,0.999996,-31.871796,415.096069,51.557762
563,5.630000,0.002356,0.000613,0.001594,0.999996,-31.851597,415.102997,51.559357
564,5.640000,0.002351,0.000657,0.001548,0.999996,-31.840067,415.103851,51.560696
565,5.650000,0.002391,0.000560,0.001598,0.999996,-31.825434,415.111511,51.567417
566,5.660000,0.002424,0.000584,0.001459,0.999996,-31.799828,415.122345,51.580479
567,5.670000,0.002421,0.000745,0.001466,0.999996,-31.775103,415.137299,51.593224
568,5.680000,0.002424,0.000795,0.001417,0.999996,-31.755377,415.146484,51.602406
569,5.690000,0.002403,0.000836,0.001405,0.999996,-31.744011,415.150116,51.603222
570,5.700000,0.002368,0.000706,0.001549,0.999996,-31.737659,415.147949,51.601402
571,5.710000,0.002340,0.000651,0.001646,0.999996,-31.733040,415.146271,51.594963
572,5.720000,0.002312,0.000637,0.001694,0.999996,-31.721060,415.146179,51.589569
573,5.730000,0.002286,0.000661,0.001706,0.999996,-31.697079,415.145203,51.588409
574,5.740000,0.002288,0.000694,0.001786,0.999996,-31.658791,415.137878,51.597427
575,5.750000,0.002298,0.000784,0.001847,0.999995,-31.610052,415.125732,51.615860
576,5.760000,0.002289,0.000804,0.001857,0.999995,-31.529219,415.097076,51.642792
577,5.770000,0.002238,0.000954,0.001713,0.999996,-31.428705,415.075195,51.660728
578,5.780000,0.002267,0.000794,0.001900,0.999995,-31.290640,415.061066,51.665131
579,5.790000,0.002218,0.001137,0.001360,0.999996,-31.073811,415.059540,51.655399
580,5.800000,0.002246,0.000942,0.001685,0.999996,-30.828587,415.070770,51.657024
581,5.810000,0.002187,0.000967,0.001523,0.999996,-30.535233,415.092773,51.671947
582,5.820000,0.002318,0.001536,0.001308,0.999995,-30.113564,415.122955,51.668118
583,5.830000,0.002151,0.001632,0.000927,0.999996,-29.606552,415.161499,51.665413
584,5.840000,0.002229,0.001445,0.000719,0.999996,-29.081553,415.210663,51.674007
585,5.850000,0.002148,0.000870,0.001497,0.999996,-28.452234,415.275116,51.680649
586,5.860000,0.002159,0.001216,0.000632,0.999997,-27.748352,415.324188,51.671425
587,5.870000,0.002138,0.000698,0.001160,0.999997,-26.966627,415.399872,51.682446
588,5.880000,0.002142,0.000992,0.000777,0.999997,-26.088093,415.480042,51.683212
589,5.890000,0.002014,0.001029,0.000081,0.999997,-25.250818,415.550201,51.654690
590,5.900000,0.002103,0.001087,0.000087,0.999997,-24.323410,415.595978,51.626339
591,5.910000,0.001918,0.000209,0.000915,0.999998,-23.371780,415.631744,51.582943
592,5.920000,0.001857,0.001034,-0.000147,0.999998,-22.319773,415.627411,51.576443
593,5.930000,0.001844,0.001088,-0.000268,0.999998,-21.253340,415.647095,51.549114
594,5.940000,0.001924,0.000923,-0.000008,0.999998,-20.099054,415.684174,51.544796
595,5.950000,0.001886,0.000323,0.000471,0.999998,-18.966963,415.745728,51.557590
596,5.960000,0.001803,0.000119,0.000503,0.999998,-17.750565,415.827484,51.538567
597,5.970000,0.001765,0.000834,-0.000749,0.999998,-16.537947,415.866791,51.530724
598,5.980000,0.001660,0.000727,-0.000920,0.999998,-15.286710,415.909698,51.483452
599,5.990000,0.001637,0.000196,-0.000229,0.999999,-14.097908,415.935333,51.469696
600,6.000000,0.001660,0.000194,0.000041,0.999999,-12.870061,415.948273,51.457783
601,6.010000,0.001625,0.000098,-0.000051,0.999999,-11.636276,415.963867,51.464062
602,6.020000,0.001554,0.000439,-0.000805,0.999998,-10.430358,415.968140,51.467453
603,6.030000,0.001519,0.000855,-0.000842,0.999998,-9.222647,415.964233,51.463703
604,6.040000,0.001632,0.000102,0.000086,0.999999,-8.069302,415.965057,51.458652
605,6.050000,0.001606,0.000128,0.000240,0.999999,-6.946347,415.966156,51.458115
606,6.060000,0.001565,0.000407,-0.000315,0.999999,-5.866632,415.990967,51.466515
607,6.070000,0.001641,0.000336,-0.000281,0.999999,-4.826581,416.029327,51.495136
608,6.080000,0.001602,0.000139,-0.000065,0.999999,-3.789484,416.072510,51.526737
609,6.090000,0.001599,-0.000236,0.000514,0.999999,-2.814953,416.087860,51.549885
610,6.100000,0.001683,-0.000612,0.000419,0.999998,-1.864459,416.076965,51.578392
611,6.110000,0.001799,-0.000664,0.000960,0.999998,-0.931560,416.074615,51.595230
612,6.120000,0.001821,-0.000523,0.000596,0.999998,-0.018776,416.060852,51.611797
613,6.130000,0.001954,-0.001148,0.001702,0.999996,0.866907,416.062927,51.621960
614,6.140000,0.001935,-0.000443,0.000865,0.999998,1.733863,416.055481,51.633652
615,6.150000,0.001944,-0.000513,0.000692,0.999998,2.619590,416.068756,51.660828
616,6.160000,0.002011,-0.000866,0.001092,0.999997,3.490086,416.085175,51.675941
617,6.170000,0.002045,-0.001003,0.001482,0.999996,4.286086,416.119995,51.687977
618,6.180000,0.002090,-0.001104,0.001587,0.999996,5.111505,416.135925,51.686008
619,6.190000,0.002039,-0.001037,0.001126,0.999997,5.903480,416.146088,51.682953
620,6.200000,0.002101,-0.000723,0.001003,0.999997,6.657595,416.145111,51.694283
621,6.210000,0.002107,-0.000879,0.001313,0.999997,7.396148,416.130157,51.701023
622,6.220000,0.002093,-0.000895,0.001610,0.999996,8.145850,416.121674,51.713425
623,6.230000,0.002170,-0.000804,0.001680,0.999996,8.847445,416.114716,51.734112
624,6.240000,0.002264,-0.000444,0.001268,0.999997,9.592644,416.104950,51.761124
625,6.250000,0.002378,-0.000793,0.001605,0.999996,10.324470,416.114655,51.788918
626,6.260000,0.002387,-0.000654,0.001208,0.999996,11.081693,416.136963,51.803101
627,6.270000,0.002442,-0.000730,0.001032,0.999996,11.799152,416.169617,51.815449
628,6.280000,0.002528,-0.000984,0.001372,0.999995,12.546053,416.191040,51.824600
629,6.290000,0.002490,-0.000682,0.000628,0.999997,13.304938,416.210846,51.827499
630,6.300000,0.002478,-0.000981,0.000673,0.999996,14.051459,416.223267,51.825951
631,6.310000,0.002368,-0.000963,0.000601,0.999997,14.788102,416.234985,51.815559
632,6.320000,0.002406,-0.000920,0.000771,0.999996,15.503817,416.245728,51.816681
633,6.330000,0.002114,-0.001358,0.001873,0.999995,16.250576,416.278931,51.838589
634,6.340000,0.002058,-0.001796,0.002671,0.999993,16.967484,416.285828,51.843124
635,6.350000,0.002001,-0.001223,0.001198,0.999997,17.633743,416.295441,51.832825
636,6.360000,0.001857,-0.001334,0.001555,0.999996,18.341881,416.299072,51.810074
637,6.370000,0.001889,-0.000999,0.000971,0.999997,18.950680,416.302673,51.836109
638,6.380000,0.002062,-0.001503,0.001708,0.999995,19.644724,416.293915,51.873703
639,6.390000,0.002081,-0.000942,0.000975,0.999997,20.285217,416.289093,51.899048
640,6.400000,0.002078,-0.000954,0.001103,0.999997,20.989883,416.287415,51.895653
641,6.410000,0.002040,-0.001038,0.000904,0.999997,21.652580,416.302856,51.891785
642,6.420000,0.001919,-0.001097,0.000742,0.999997,22.394655,416.318634,51.892189
643,6.430000,0.001951,-0.000482,-0.000094,0.999998,23.051882,416.324310,51.873535
644,6.440000,0.001806,-0.000790,0.000497,0.999998,23.762510,416.342377,51.848103
645,6.450000,0.001557,-0.001004,-0.000010,0.999998,24.463049,416.344299,51.819798
646,6.460000,0.001507,-0.000658,-0.000074,0.999999,25.146284,416.339478,51.824894
647,6.470000,0.001438,-0.000556,-0.000488,0.999999,25.860258,416.333038,51.830528
648,6.480000,0.001407,-0.000883,-0.000350,0.999999,26.551912,416.322723,51.829861
649,6.490000,0.001568,-0.000173,0.000286,0.999999,27.336441,416.339722,51.796570
650,6.500000,0.001517,-0.000217,0.000225,0.999999,28.010435,416.332977,51.793262
651,6.510000,0.001588,0.000205,-0.000492,0.999999,28.701925,416.313812,51.836262
652,6.520000,0.001591,0.002821,-0.002992,0.999990,29.495363,416.308411,51.803028
653,6.530000,0.001511,0.002915,-0.003398,0.999989,30.226944,416.324432,51.799194
654,6.540000,0.001528,0.003418,-0.004101,0.999985,30.972931,416.344757,51.774181
655,6.550000,0.001486,0.003409,-0.004430,0.999983,31.701002,416.366058,51.791367
656,6.560000,0.001488,0.003575,-0.004949,0.999980,32.474236,416.391357,51.797775
657,6.570000,0.001945,0.001723,-0.000801,0.999996,33.263351,416.420624,51.773289
658,6.580000,0.001972,0.001926,-0.001205,0.999995,34.055859,416.427795,51.755547
659,6.590000,0.001976,0.001635,-0.000837,0.999996,34.833420,416.437927,51.749485
660,6.600000,0.001894,0.001825,-0.001073,0.999996,35.620838,416.439362,51.753445
661,6.610000,0.001946,0.001940,-0.000594,0.999996,36.400593,416.442963,51.746449
662,6.620000,0.001903,0.001372,-0.000266,0.999997,37.155251,416.441193,51.744423
663,6.630000,0.001849,0.002262,-0.001252,0.999995,37.944695,416.437836,51.747639
664,6.640000,0.001955,0.001565,-0.000588,0.999997,38.719269,416.451050,51.760139
665,6.650000,0.001855,0.001774,-0.000823,0.999996,39.471565,416.470612,51.767467
666,6.660000,0.001808,0.001672,-0.000607,0.999997,40.253681,416.493378,51.770142
667,6.670000,0.001830,0.001599,-0.000756,0.999997,40.983955,416.515411,51.761330
668,6.680000,0.001890,0.001879,-0.000913,0.999996,41.724075,416.525238,51.752342
669,6.690000,0.001802,0.001542,-0.000578,0.999997,42.466541,416.522461,51.749161
670,6.700000,0.001794,0.001907,-0.001013,0.999996,43.175343,416.520752,51.751423
671,6.710000,0.001817,0.001628,-0.000629,0.999997,43.890057,416.504181,51.756710
672,6.720000,0.001790,0.001948,-0.000771,0.999996,44.603729,416.502411,51.750790
673,6.730000,0.001768,0.001633,-0.000316,0.999997,45.260651,416.506592,51.752243
674,6.740000,0.001804,0.001733,-0.000452,0.999997,45.941299,416.514465,51.756237
675,6.750000,0.001764,0.001586,-0.000313,0.999997,46.601048,416.528778,51.762012
676,6.760000,0.001811,0.001650,-0.000659,0.999997,47.263092,416.531250,51.766632
677,6.770000,0.001760,0.001614,-0.000639,0.999997,47.901020,416.552887,51.775425
678,6.780000,0.001794,0.001705,-0.000597,0.999997,48.526680,416.570648,51.776516
679,6.790000,0.001782,0.001468,-0.000145,0.999997,49.158264,416.573425,51.783123
680,6.800000,0.001781,0.001719,-0.000471,0.999997,49.763210,416.563446,51.776413
681,6.810000,0.001778,0.001451,0.000050,0.999997,50.419735,416.552490,51.765114
682,6.820000,0.001690,0.001612,-0.000239,0.999997,50.992676,416.555023,51.759899
683,6.830000,0.001702,0.001500,-0.000161,0.999997,51.590256,416.546722,51.775558
684,6.840000,0.001796,0.001666,-0.000065,0.999997,52.194195,416.552948,51.783649
685,6.850000,0.001835,0.001401,0.000145,0.999997,52.771797,416.565155,51.790089
686,6.860000,0.001735,0.001771,-0.000353,0.999997,53.365803,416.583679,51.787193
687,6.870000,0.001770,0.001693,-0.000136,0.999997,53.963371,416.584656,51.783245
688,6.880000,0.001633,0.001733,-0.000517,0.999997,54.525005,416.594604,51.770462
689,6.890000,0.001658,0.001790,-0.000393,0.999997,55.070610,416.607849,51.751789
690,6.900000,0.001582,0.001815,-0.000412,0.999997,55.619053,416.611786,51.740646
691,6.910000,0.001589,0.001465,0.000050,0.999998,56.133373,416.623535,51.760086
692,6.920000,0.001557,0.001772,-0.000242,0.999997,56.647709,416.628571,51.764622
693,6.930000,0.001630,0.001590,-0.000162,0.999997,57.141182,416.620453,51.759258
694,6.940000,0.001627,0.001438,0.000203,0.999998,57.632008,416.614929,51.759583
695,6.950000,0.001623,0.001714,-0.000045,0.999997,58.121372,416.620331,51.773872
696,6.960000,0.001648,0.001373,0.000290,0.999998,58.615002,416.617798,51.789276
697,6.970000,0.001700,0.001930,-0.000289,0.999997,59.122562,416.626312,51.791901
698,6.980000,0.001687,0.001656,-0.000272,0.999997,59.610634,416.642273,51.790970
699,6.990000,0.001694,0.001429,0.000350,0.999997,60.141090,416.667297,51.804066
700,7.000000,0.001745,0.001540,0.000154,0.999997,60.654438,416.675079,51.811176
701,7.010000,0.001668,0.001890,-0.000394,0.999997,61.190090,416.681152,51.808277
702,7.020000,0.001744,0.001925,-0.000430,0.999997,61.728050,416.681274,51.798977
703,7.030000,0.001667,0.001713,-0.000102,0.999997,62.254494,416.672546,51.800129
704,7.040000,0.001662,0.001730,-0.000136,0.999997,62.820808,416.666565,51.804058
705,7.050000,0.001703,0.001696,-0.000094,0.999997,63.389874,416.661713,51.827374
706,7.060000,0.001699,0.001421,0.000197,0.999998,63.958065,416.663177,51.834385
707,7.070000,0.001706,0.001940,-0.000170,0.999997,64.574112,416.659546,51.838509
708,7.080000,0.001695,0.001453,0.000391,0.999997,65.174744,416.666626,51.832558
709,7.090000,0.001747,0.001910,-0.000232,0.999997,65.773903,416.673401,51.845070
710,7.100000,0.001817,0.001516,0.000508,0.999997,66.400276,416.684845,51.860218
711,7.110000,0.001712,0.001687,0.000378,0.999997,67.009796,416.696259,51.856831
712,7.120000,0.001686,0.001693,-0.000287,0.999997,67.601364,416.708618,51.838863
713,7.130000,0.001635,0.002460,-0.000831,0.999995,68.234108,416.718048,51.839634
714,7.140000,0.001675,0.002137,-0.000430,0.999996,68.802101,416.729095,51.852375
715,7.150000,0.001648,0.002076,-0.000361,0.999996,69.384926,416.735992,51.853451
716,7.160000,0.001678,0.001923,-0.000296,0.999997,69.972198,416.742004,51.852474
717,7.170000,0.001428,0.002957,-0.001188,0.999994,70.594437,416.769928,51.869656
718,7.180000,0.001403,0.002603,-0.001052,0.999995,71.210388,416.775452,51.887127
719,7.190000,0.001433,0.002227,-0.000414,0.999996,71.809761,416.780365,51.880932
720,7.200000,0.001381,0.002576,-0.001138,0.999995,72.404213,416.790039,51.862282
721,7.210000,0.001413,0.002714,-0.000979,0.999995,73.021736,416.790985,51.850487
722,7.220000,0.001451,0.001664,0.000101,0.999998,73.600296,416.793488,51.860821
723,7.230000,0.001366,0.002493,-0.000627,0.999996,74.226852,416.792328,51.871742
724,7.240000,0.001479,0.001745,-0.000108,0.999997,74.779259,416.797913,51.869347
725,7.250000,0.001442,0.001533,0.000350,0.999998,75.361107,416.805725,51.869629
726,7.260000,0.001507,0.001033,0.000634,0.999998,75.908600,416.810059,51.867596
727,7.270000,0.001552,0.001150,0.000432,0.999998,76.459923,416.825836,51.864449
728,7.280000,0.001557,0.000974,0.000622,0.999998,76.979202,416.835846,51.860451
729,7.290000,0.001539,0.000853,0.000703,0.999998,77.495911,416.840240,51.847626
730,7.300000,0.001491,0.000798,0.000846,0.999998,78.012909,416.842468,51.843773
731,7.310000,0.001436,0.001063,0.000519,0.999998,78.505157,416.843964,51.843758
732,7.320000,0.001424,0.000898,0.001016,0.999998,78.979248,416.848511,51.843269
733,7.330000,0.001464,0.000675,0.001038,0.999998,79.418541,416.852051,51.830460
734,7.340000,0.001411,0.001175,0.000418,0.999998,79.875778,416.856445,51.826355
735,7.350000,0.001353,0.000840,0.000917,0.999998,80.313652,416.870850,51.829243
736,7.360000,0.001374,0.000911,0.000647,0.999998,80.705612,416.887573,51.828682
737,7.370000,0.001487,0.000537,0.001002,0.999998,81.050362,416.894196,51.828342
738,7.380000,0.001441,0.000698,0.000856,0.999998,81.399429,416.883270,51.833893
739,7.390000,0.001472,0.001234,0.000365,0.999998,81.705536,416.859619,51.846527
740,7.400000,0.001464,0.001421,0.000205,0.999998,81.980911,416.843231,51.851490
741,7.410000,0.001425,0.001086,0.000843,0.999998,82.234329,416.842773,51.852909
742,7.420000,0.001380,0.000705,0.001236,0.999998,82.480255,416.840515,51.850998
743,7.430000,0.001404,0.000496,0.001416,0.999998,82.705009,416.850494,51.854683
744,7.440000,0.001418,0.000395,0.001370,0.999998,82.902031,416.871094,51.849243
745,7.450000,0.001442,0.000376,0.001333,0.999998,83.089363,416.879639,51.838947
746,7.460000,0.001426,0.000338,0.001437,0.999998,83.252487,416.880768,51.837788
747,7.470000,0.001434,0.000726,0.001118,0.999998,83.397041,416.873016,51.846901
748,7.480000,0.001358,0.000881,0.001076,0.999998,83.530334,416.866364,51.850277
749,7.490000,0.001398,0.000791,0.001346,0.999998,83.616699,416.863129,51.852047
750,7.500000,0.001376,0.000734,0.001325,0.999998,83.675011,416.854645,51.853252
751,7.510000,0.001316,0.000647,0.001379,0.999998,83.705528,416.838074,51.850208
752,7.520000,0.001221,0.000582,0.001490,0.999998,83.700508,416.814362,51.839432
753,7.530000,0.001148,0.000583,0.001605,0.999998,83.661774,416.788239,51.828827
754,7.540000,0.001060,0.000548,0.001807,0.999998,83.591591,416.774658,51.805672
755,7.550000,0.001014,0.000682,0.001568,0.999998,83.525482,416.769257,51.775967
756,7.560000,0.000969,0.000654,0.001629,0.999998,83.459961,416.766144,51.749332
757,7.570000,0.000923,0.000712,0.001611,0.999998,83.392120,416.758270,51.733837
758,7.580000,0.000810,0.000735,0.001585,0.999998,83.326416,416.752106,51.722874
759,7.590000,0.000662,0.000724,0.001666,0.999998,83.281364,416.750549,51.703033
760,7.600000,0.000481,0.000487,0.001821,0.999998,83.265656,416.753052,51.671757
761,7.610000,0.000398,0.000398,0.001867,0.999998,83.283096,416.762177,51.653748
762,7.620000,0.000424,0.000310,0.002002,0.999998,83.327309,416.773132,51.649441
763,7.630000,0.000404,0.000009,0.002274,0.999997,83.362907,416.790161,51.640427
764,7.640000,0.000340,-0.000071,0.002315,0.999997,83.399323,416.804077,51.625233
765,7.650000,0.000326,-0.000082,0.002208,0.999997,83.437401,416.812775,51.618458
766,7.660000,0.000367,0.000211,0.001859,0.999998,83.472015,416.814362,51.633972
767,7.670000,0.000426,0.000297,0.001791,0.999998,83.481606,416.812897,51.655792
768,7.680000,0.000458,0.000276,0.001862,0.999998,83.465477,416.806549,51.659027
769,7.690000,0.000417,0.000303,0.001930,0.999998,83.435196,416.795380,51.651638
770,7.700000,0.000393,0.000425,0.001957,0.999998,83.403519,416.784882,51.648705
771,7.710000,0.000401,0.000484,0.001890,0.999998,83.365494,416.784027,51.645355
772,7.720000,0.000384,0.000070,0.002280,0.999997,83.324081,416.787872,51.631138
773,7.730000,0.000359,0.000002,0.002314,0.999997,83.307060,416.786194,51.623158
774,7.740000,0.000386,0.000318,0.001978,0.999998,83.319206,416.777924,51.634281
775,7.750000,0.000444,0.000371,0.001903,0.999998,83.340134,416.770477,51.655514
776,7.760000,0.000437,0.000312,0.001975,0.999998,83.358528,416.777649,51.660202
777,7.770000,0.000391,0.000297,0.001968,0.999998,83.376167,416.789429,51.647141
778,7.780000,0.000355,-0.000041,0.002275,0.999997,83.381622,416.799011,51.629692
779,7.790000,0.000333,-0.000057,0.002264,0.999997,83.392479,416.802673,51.620975
780,7.800000,0.000343,-0.000014,0.002191,0.999998,83.394485,416.804169,51.620686
781,7.810000,0.000370,0.000001,0.002186,0.999998,83.389908,416.802094,51.628227
782,7.820000,0.000399,0.000285,0.001957,0.999998,83.395699,416.793182,51.645237
783,7.830000,0.000421,0.000217,0.002080,0.999998,83.403145,416.783356,51.661312
784,7.840000,0.000405,0.000392,0.002002,0.999998,83.395782,416.785675,51.655033
785,7.850000,0.000360,0.000431,0.001921,0.999998,83.385292,416.791779,51.638699
786,7.860000,0.000336,0.000441,0.001825,0.999998,83.381226,416.793732,51.627491
787,7.870000,0.000350,0.000108,0.002114,0.999998,83.371925,416.793427,51.624043
788,7.880000,0.000380,-0.000031,0.002224,0.999997,83.373276,416.792084,51.630981
789,7.890000,0.000390,-0.000067,0.002251,0.999997,83.378387,416.794586,51.638203
790,7.900000,0.000394,-0.000084,0.002293,0.999997,83.377335,416.795288,51.643375
791,7.910000,0.000389,0.000287,0.001986,0.999998,83.380676,416.789154,51.645847
792,7.920000,0.000347,0.000391,0.001903,0.999998,83.367081,416.784546,51.637405
793,7.930000,0.000337,0.000043,0.002242,0.999997,83.341347,416.785156,51.625683
794,7.940000,0.000350,0.000006,0.002275,0.999997,83.327332,416.787262,51.624897
795,7.950000,0.000369,0.000030,0.002239,0.999997,83.327461,416.785187,51.631168
796,7.960000,0.000378,0.000374,0.001940,0.999998,83.347267,416.782562,51.639168
797,7.970000,0.000381,0.000450,0.001879,0.999998,83.365997,416.784149,51.641972
798,7.980000,0.000372,0.000420,0.001876,0.999998,83.386581,416.789673,51.641289
799,7.990000,0.000360,0.000196,0.001990,0.999998,83.410759,416.793427,51.640995
800,8.000000,0.000356,0.000365,0.001845,0.999998,83.423996,416.798279,51.635899
801,8.010000,0.000348,0.000063,0.002092,0.999998,83.422676,416.802185,51.629475
802,8.020000,0.000350,-0.000006,0.002149,0.999998,83.420258,416.806244,51.627731
803,8.030000,0.000358,-0.000050,0.002208,0.999997,83.406548,416.807159,51.628963
804,8.040000,0.000364,-0.000070,0.002262,0.999997,83.385918,416.799988,51.629635
805,8.050000,0.000377,-0.000103,0.002337,0.999997,83.361595,416.788452,51.632538
806,8.060000,0.000371,0.000294,0.002026,0.999998,83.343155,416.778717,51.640514
807,8.070000,0.000363,0.000413,0.001943,0.999998,83.320923,416.775452,51.642796
808,8.080000,0.000368,0.000064,0.002292,0.999997,83.297142,416.774658,51.635441
809,8.090000,0.000362,-0.000000,0.002359,0.999997,83.299248,416.776978,51.627335
810,8.100000,0.000350,-0.000008,0.002334,0.999997,83.317917,416.782837,51.623577
811,8.110000,0.000352,-0.000032,0.002321,0.999997,83.346153,416.791016,51.624699
812,8.120000,0.000353,0.000319,0.001919,0.999998,83.386147,416.796906,51.633278
813,8.130000,0.000364,0.000345,0.001834,0.999998,83.419395,416.797638,51.642185
814,8.140000,0.000365,0.000341,0.001833,0.999998,83.439781,416.798431,51.643795
815,8.150000,0.000356,-0.000009,0.002152,0.999998,83.436058,416.803986,51.634995
816,8.160000,0.000342,-0.000078,0.002234,0.999997,83.421814,416.810150,51.623905
817,8.170000,0.000322,-0.000013,0.002198,0.999998,83.403076,416.808838,51.619419
818,8.180000,0.000339,-0.000002,0.002226,0.999997,83.380127,416.797211,51.623634
819,8.190000,0.000357,0.000370,0.001922,0.999998,83.361504,416.785065,51.635475
820,8.200000,0.000373,0.000424,0.001924,0.999998,83.337837,416.777771,51.643051
821,8.210000,0.000370,0.000429,0.001952,0.999998,83.320625,416.774384,51.643490
822,8.220000,0.000366,0.000053,0.002323,0.999997,83.307411,416.775055,51.634003
823,8.230000,0.000352,-0.000012,0.002327,0.999997,83.318871,416.780212,51.624760
824,8.240000,0.000338,-0.000024,0.002305,0.999997,83.337868,416.788086,51.620697
825,8.250000,0.000336,-0.000003,0.002221,0.999997,83.360847,416.795471,51.623337
826,8.260000,0.000354,-0.000037,0.002224,0.999997,83.385025,416.798340,51.629539
827,8.270000,0.000351,0.000311,0.001871,0.999998,83.414490,416.797241,51.637951
828,8.280000,0.000354,-0.000041,0.002203,0.999997,83.412735,416.799469,51.633984
829,8.290000,0.000353,-0.000081,0.002264,0.999997,83.406403,416.801361,51.629086
830,8.300000,0.000339,-0.000031,0.002250,0.999997,83.393417,416.801666,51.624809
831,8.310000,0.000340,0.000009,0.002237,0.999997,83.375999,416.796570,51.624298
832,8.320000,0.000340,0.000381,0.001926,0.999998,83.367271,416.788879,51.629517
833,8.330000,0.000347,0.000459,0.001860,0.999998,83.354126,416.784882,51.634312
834,8.340000,0.000356,0.000428,0.001909,0.999998,83.344925,416.782135,51.635593
835,8.350000,0.000353,0.000385,0.001960,0.999998,83.345642,416.781036,51.635178
836,8.360000,0.000347,0.000373,0.001957,0.999998,83.354584,416.782288,51.634464
837,8.370000,0.000338,0.000416,0.001860,0.999998,83.369682,416.786774,51.633671
838,8.380000,0.000340,0.000026,0.002203,0.999998,83.373489,416.794312,51.627861
839,8.390000,0.000341,-0.000071,0.002260,0.999997,83.381813,416.798615,51.625710
840,8.400000,0.000339,-0.000071,0.002242,0.999997,83.388725,416.799377,51.624500
841,8.410000,0.000325,0.000278,0.001933,0.999998,83.398254,416.797455,51.627945
842,8.420000,0.000341,0.000018,0.002212,0.999997,83.379295,416.796387,51.627697
843,8.430000,0.000343,0.000294,0.001978,0.999998,83.374924,416.791901,51.633194
844,8.440000,0.000350,0.000436,0.001862,0.999998,83.365150,416.785553,51.636688
845,8.450000,0.000346,0.000450,0.001885,0.999998,83.354576,416.782623,51.635674
846,8.460000,0.000331,0.000455,0.001893,0.999998,83.351204,416.784363,51.631065
847,8.470000,0.000336,0.000049,0.002258,0.999997,83.342575,416.788361,51.623112
848,8.480000,0.000333,0.000315,0.001985,0.999998,83.359840,416.788971,51.625130
849,8.490000,0.000346,0.000044,0.002203,0.999998,83.367340,416.790863,51.627068
850,8.500000,0.000352,0.000340,0.001899,0.999998,83.391220,416.791473,51.635349
851,8.510000,0.000350,0.000382,0.001845,0.999998,83.404564,416.794830,51.637955
852,8.520000,0.000336,0.000363,0.001859,0.999998,83.408974,416.797882,51.634144
853,8.530000,0.000336,0.000019,0.002181,0.999998,83.396255,416.798950,51.625793
854,8.540000,0.000326,-0.000004,0.002229,0.999997,83.384293,416.798187,51.621178
855,8.550000,0.000329,-0.000017,0.002248,0.999997,83.367935,416.795563,51.622036
856,8.560000,0.000346,-0.000014,0.002295,0.999997,83.349106,416.790863,51.627487
857,8.570000,0.000349,0.000340,0.001976,0.999998,83.346146,416.782379,51.636112
858,8.580000,0.000346,0.000460,0.001894,0.999998,83.342461,416.777924,51.637569
859,8.590000,0.000341,0.000419,0.001951,0.999998,83.341301,416.779999,51.633766
860,8.600000,0.000335,0.000031,0.002279,0.999997,83.337959,416.786621,51.624294
861,8.610000,0.000337,-0.000022,0.002302,0.999997,83.351227,416.791107,51.621841
862,8.620000,0.000332,-0.000011,0.002258,0.999997,83.369682,416.794098,51.623085
863,8.630000,0.000336,0.000347,0.001883,0.999998,83.396286,416.794220,51.631203
864,8.640000,0.000336,0.000388,0.001829,0.999998,83.409470,416.797516,51.634056
865,8.650000,0.000341,0.000327,0.001895,0.999998,83.414597,416.800507,51.633999
866,8.660000,0.000337,0.000326,0.001909,0.999998,83.411217,416.798767,51.631733
867,8.670000,0.000323,0.000423,0.001804,0.999998,83.399849,416.794983,51.630165
868,8.680000,0.000324,0.000427,0.001843,0.999998,83.383560,416.792542,51.629894
869,8.690000,0.000331,0.000432,0.001847,0.999998,83.365143,416.789886,51.630711
870,8.700000,0.000333,0.000446,0.001865,0.999998,83.350182,416.784668,51.632164
871,8.710000,0.000339,0.000445,0.001890,0.999998,83.343498,416.781769,51.631939
872,8.720000,0.000350,0.000011,0.002312,0.999997,83.334076,416.782715,51.627201
873,8.730000,0.000346,-0.000034,0.002344,0.999997,83.339409,416.784607,51.625809
874,8.740000,0.000333,0.000352,0.001935,0.999998,83.361038,416.787262,51.630600
875,8.750000,0.000333,0.000092,0.002160,0.999998,83.366196,416.791870,51.627956
876,8.760000,0.000323,0.000358,0.001877,0.999998,83.387253,416.793640,51.629425
877,8.770000,0.000332,0.000014,0.002175,0.999998,83.385620,416.796692,51.624771
878,8.780000,0.000330,-0.000004,0.002211,0.999997,83.387787,416.801239,51.623486
879,8.790000,0.000333,-0.000007,0.002227,0.999997,83.385773,416.798279,51.623970
880,8.800000,0.000331,0.000333,0.001925,0.999998,83.389427,416.792725,51.630486
881,8.810000,0.000335,0.000447,0.001835,0.999998,83.381096,416.790039,51.634220
882,8.820000,0.000337,0.000450,0.001860,0.999998,83.370659,416.788086,51.634472
883,8.830000,0.000343,0.000056,0.002227,0.999997,83.352386,416.787354,51.626987
884,8.840000,0.000342,0.000008,0.002298,0.999997,83.350311,416.788666,51.623932
885,8.850000,0.000327,0.000346,0.001959,0.999998,83.362267,416.788300,51.625702
886,8.860000,0.000331,0.000080,0.002184,0.999998,83.359367,416.790070,51.625015
887,8.870000,0.000343,-0.000008,0.002254,0.999997,83.365013,416.791504,51.627670
888,8.880000,0.000332,0.000380,0.001886,0.999998,83.380333,416.790955,51.633186
889,8.890000,0.000333,0.000087,0.002163,0.999998,83.376022,416.791962,51.629280
890,8.900000,0.000331,-0.000026,0.002269,0.999997,83.371758,416.795166,51.624390
891,8.910000,0.000327,-0.000026,0.002288,0.999997,83.367119,416.796539,51.621761
892,8.920000,0.000332,-0.000011,0.002267,0.999997,83.361404,416.792542,51.622833
893,8.930000,0.000332,0.000353,0.001931,0.999998,83.365822,416.787964,51.630035
894,8.940000,0.000338,0.000428,0.001884,0.999998,83.364822,416.786987,51.634892
895,8.950000,0.000341,0.000449,0.001880,0.999998,83.365463,416.786682,51.635822
896,8.960000,0.000338,0.000424,0.001900,0.999998,83.370369,416.787720,51.633961
897,8.970000,0.000329,0.000410,0.001878,0.999998,83.377617,416.791473,51.630508
898,8.980000,0.000318,0.000416,0.001852,0.999998,83.386375,416.794189,51.628506
899,8.990000,0.000327,0.000071,0.002158,0.999998,83.383400,416.797516,51.624866
900,9.000000,0.000334,-0.000015,0.002236,0.999997,83.385506,416.798615,51.625462
901,9.010000,0.000339,-0.000048,0.002271,0.999997,83.384743,416.795807,51.627735
902,9.020000,0.000326,0.000337,0.001906,0.999998,83.389618,416.792969,51.630955
903,9.030000,0.000317,0.000399,0.001881,0.999998,83.381096,416.793671,51.630260
904,9.040000,0.000333,-0.000002,0.002280,0.999997,83.356483,416.792480,51.625233
905,9.050000,0.000336,-0.000022,0.002307,0.999997,83.344215,416.786987,51.625648
906,9.060000,0.000333,0.000351,0.001982,0.999998,83.345657,416.783447,51.630894
907,9.070000,0.000343,0.000023,0.002299,0.999997,83.335983,416.785004,51.628178
908,9.080000,0.000332,0.000380,0.001946,0.999998,83.351059,416.784241,51.631351
909,9.090000,0.000327,0.000438,0.001879,0.999998,83.364227,416.787811,51.631615
910,9.100000,0.000326,0.000396,0.001894,0.999998,83.380783,416.791595,51.631191
911,9.110000,0.000328,0.000412,0.001866,0.999998,83.395592,416.793976,51.631470
912,9.120000,0.000341,0.000022,0.002186,0.999998,83.397079,416.798645,51.628983
913,9.130000,0.000327,0.000323,0.001899,0.999998,83.410538,416.800598,51.631504
914,9.140000,0.000330,0.000036,0.002180,0.999998,83.403297,416.800629,51.627518
915,9.150000,0.000322,0.000318,0.001908,0.999998,83.402267,416.797577,51.628773
916,9.160000,0.000329,0.000030,0.002227,0.999997,83.379112,416.796967,51.625980
917,9.170000,0.000326,0.000295,0.001993,0.999998,83.370575,416.791718,51.630318
918,9.180000,0.000332,0.000409,0.001921,0.999998,83.356544,416.786530,51.634399
919,9.190000,0.000336,0.000413,0.001933,0.999998,83.346413,416.782928,51.635418
920,9.200000,0.000340,0.000017,0.002323,0.999997,83.332497,416.783691,51.629204
921,9.210000,0.000337,-0.000052,0.002380,0.999997,83.332733,416.785767,51.626236
922,9.220000,0.000323,0.000353,0.001966,0.999998,83.355698,416.788513,51.628830
923,9.230000,0.000330,0.000049,0.002238,0.999997,83.361176,416.791840,51.627666
924,9.240000,0.000328,0.000333,0.001937,0.999998,83.385666,416.793549,51.632648
925,9.250000,0.000330,0.000365,0.001895,0.999998,83.400452,416.796875,51.637005
926,9.260000,0.000334,0.000330,0.001920,0.999998,83.407852,416.799652,51.636547
927,9.270000,0.000331,0.000311,0.001926,0.999998,83.410965,416.800018,51.636196
928,9.280000,0.000332,0.000316,0.001954,0.999998,83.405754,416.800812,51.633648
929,9.290000,0.000331,0.000320,0.001989,0.999998,83.397072,416.800018,51.634418
930,9.300000,0.000336,0.000353,0.001979,0.999998,83.387436,416.797211,51.635952
931,9.310000,0.000332,0.000203,0.002098,0.999998,83.382141,416.791840,51.640186
932,9.320000,0.000339,0.000383,0.001984,0.999998,83.372223,416.789368,51.639389
933,9.330000,0.000327,0.000257,0.002030,0.999998,83.373199,416.785553,51.639477
934,9.340000,0.000330,0.000394,0.001927,0.999998,83.371056,416.788269,51.635448
935,9.350000,0.000328,0.000369,0.001927,0.999998,83.377098,416.792175,51.635014
936,9.360000,0.000346,-0.000037,0.002295,0.999997,83.374207,416.795624,51.632301
937,9.370000,0.000351,-0.000124,0.002381,0.999997,83.380104,416.798706,51.633270
938,9.380000,0.000343,-0.000088,0.002356,0.999997,83.385086,416.800598,51.633999
939,9.390000,0.000329,0.000244,0.002051,0.999998,83.393829,416.798035,51.636333
940,9.400000,0.000336,-0.000047,0.002350,0.999997,83.378456,416.794830,51.630699
941,9.410000,0.000317,0.000262,0.002051,0.999998,83.378983,416.793884,51.632332
942,9.420000,0.000314,0.000395,0.001962,0.999998,83.373932,416.794098,51.634495
943,9.430000,0.000327,0.000363,0.002004,0.999998,83.369911,416.795044,51.637283
944,9.440000,0.000344,0.000321,0.002049,0.999998,83.369850,416.793823,51.639526
945,9.450000,0.000340,0.000158,0.002160,0.999998,83.378502,416.790710,51.642433
946,9.460000,0.000348,0.000316,0.002030,0.999998,83.382286,416.791443,51.641567
947,9.470000,0.000339,0.000302,0.001996,0.999998,83.390297,416.794983,51.640625
948,9.480000,0.000339,0.000280,0.002014,0.999998,83.399979,416.798187,51.640621
949,9.490000,0.000337,0.000310,0.001966,0.999998,83.409798,416.801392,51.642056
950,9.500000,0.000343,0.000307,0.001989,0.999998,83.413620,416.804260,51.643715
951,9.510000,0.000357,-0.000043,0.002335,0.999997,83.402328,416.805267,51.641308
952,9.520000,0.000352,0.000234,0.002061,0.999998,83.400078,416.800873,51.644787
953,9.530000,0.000350,0.000298,0.001998,0.999998,83.386330,416.795288,51.645531
954,9.540000,0.000351,0.000272,0.002035,0.999998,83.371353,416.790833,51.644398
955,9.550000,0.000342,0.000293,0.002066,0.999998,83.359695,416.789551,51.642406
956,9.560000,0.000331,0.000347,0.002064,0.999998,83.356880,416.791626,51.640808
957,9.570000,0.000336,0.000307,0.002123,0.999998,83.358681,416.793060,51.640095
958,9.580000,0.000335,0.000302,0.002120,0.999998,83.367729,416.793488,51.639397
959,9.590000,0.000333,0.000333,0.002049,0.999998,83.381310,416.794739,51.640663
960,9.600000,0.000338,0.000306,0.002031,0.999998,83.396729,416.798279,51.642605
961,9.610000,0.000337,0.000294,0.002019,0.999998,83.413094,416.802460,51.644150
962,9.620000,0.000333,0.000078,0.002168,0.999998,83.433350,416.804169,51.645687
963,9.630000,0.000331,0.000204,0.002086,0.999998,83.437134,416.808807,51.643314
964,9.640000,0.000334,0.000214,0.002087,0.999998,83.433456,416.809753,51.643379
965,9.650000,0.000338,0.000247,0.002056,0.999998,83.420547,416.806427,51.643997
966,9.660000,0.000344,0.000267,0.002041,0.999998,83.398697,416.800323,51.646667
967,9.670000,0.000355,0.000289,0.002037,0.999998,83.377571,416.793427,51.649208
968,9.680000,0.000358,0.000298,0.002082,0.999998,83.356903,416.787872,51.651237
969,9.690000,0.000355,0.000330,0.002066,0.999998,83.344589,416.785950,51.650238
970,9.700000,0.000320,0.000415,0.001940,0.999998,83.337646,416.789124,51.647572
971,9.710000,0.000315,0.000391,0.001963,0.999998,83.343521,416.789948,51.645222
972,9.720000,0.000334,0.000286,0.002119,0.999998,83.362213,416.792053,51.642387
973,9.730000,0.000333,0.000099,0.002212,0.999997,83.390305,416.796143,51.643692
974,9.740000,0.000333,0.000230,0.002091,0.999998,83.410202,416.803101,51.642525
975,9.750000,0.000323,0.000079,0.002171,0.999998,83.437691,416.806732,51.644867
976,9.760000,0.000324,0.000241,0.002070,0.999998,83.451775,416.812042,51.644310
977,9.770000,0.000323,0.000251,0.002041,0.999998,83.457047,416.814087,51.644341
978,9.780000,0.000332,0.000249,0.002039,0.999998,83.449379,416.812775,51.645000
979,9.790000,0.000334,0.000279,0.002007,0.999998,83.428871,416.808380,51.647552
980,9.800000,0.000354,0.000266,0.002061,0.999998,83.399673,416.800476,51.650867
981,9.810000,0.000361,0.000277,0.002066,0.999998,83.373482,416.793884,51.652435
982,9.820000,0.000360,0.000272,0.002124,0.999998,83.352371,416.789001,51.650570
983,9.830000,0.000347,0.000304,0.002179,0.999998,83.339836,416.786102,51.650475
984,9.840000,0.000308,0.000404,0.001978,0.999998,83.332298,416.786591,51.649952
985,9.850000,0.000303,0.000385,0.001972,0.999998,83.339752,416.788635,51.648731
986,9.860000,0.000336,0.000309,0.002075,0.999998,83.355827,416.792206,51.645649
987,9.870000,0.000335,0.000291,0.002061,0.999998,83.379639,416.797974,51.644871
988,9.880000,0.000322,0.000098,0.002200,0.999998,83.409515,416.801819,51.646404
989,9.890000,0.000326,0.000215,0.002110,0.999998,83.429016,416.808167,51.644485
990,9.900000,0.000320,0.000068,0.002185,0.999998,83.446976,416.810211,51.645741
991,9.910000,0.000319,0.000064,0.002170,0.999998,83.451164,416.811279,51.646152
992,9.920000,0.000336,0.000222,0.002074,0.999998,83.441612,416.810974,51.646446
993,9.930000,0.000336,0.000119,0.002163,0.999998,83.434013,416.805359,51.648769
994,9.940000,0.000346,0.000260,0.002086,0.999998,83.413315,416.802307,51.648411
995,9.950000,0.000351,0.000286,0.002105,0.999998,83.393883,416.799286,51.648674
996,9.960000,0.000345,0.000291,0.002103,0.999998,83.374344,416.794891,51.648804
997,9.970000,0.000351,0.000287,0.002127,0.999998,83.362671,416.790985,51.649082
998,9.980000,0.000348,0.000298,0.002107,0.999998,83.357735,416.789948,51.649136
999,9.990000,0.000345,0.000283,0.002089,0.999998,83.359673,416.790985,51.648468
1000,10.000000,0.000343,0.000268,0.002112,0.999998,83.366150,416.794006,51.647003
1001,10.010000,0.000339,0.000254,0.002102,0.999998,83.376007,416.796997,51.645679
1002,10.020000,0.000336,0.000259,0.002089,0.999998,83.388191,416.799591,51.645058
1003,10.030000,0.000336,0.000258,0.002080,0.999998,83.399666,416.801971,51.644836
1004,10.040000,0.000334,0.000267,0.002060,0.999998,83.407578,416.803986,51.644753
1005,10.050000,0.000334,0.000279,0.002048,0.999998,83.412331,416.805145,51.645832
1006,10.060000,0.000323,0.000106,0.002170,0.999998,83.417587,416.801605,51.647655
1007,10.070000,0.000336,0.000248,0.002085,0.999998,83.411781,416.801300,51.646790
1008,10.080000,0.000336,0.000278,0.002090,0.999998,83.403687,416.802094,51.645821
1009,10.090000,0.000330,0.000299,0.002122,0.999998,83.400253,416.801453,51.646454
1010,10.100000,0.000334,0.000282,0.002141,0.999998,83.395592,416.800110,51.647514
1011,10.110000,0.000341,0.000276,0.002146,0.999998,83.392494,416.798279,51.648708
1012,10.120000,0.000331,0.000117,0.002229,0.999997,83.396011,416.795715,51.649918
1013,10.130000,0.000341,0.000238,0.002110,0.999998,83.387955,416.796997,51.647949
1014,10.140000,0.000338,0.000250,0.002086,0.999998,83.386459,416.798279,51.646336
1015,10.150000,0.000340,0.000260,0.002088,0.999998,83.385681,416.798950,51.645794
1016,10.160000,0.000334,0.000268,0.002086,0.999998,83.385941,416.798615,51.644859
1017,10.170000,0.000330,0.000257,0.002104,0.999998,83.386322,416.798859,51.644688
1018,10.180000,0.000327,0.000106,0.002218,0.999997,83.390511,416.797211,51.646328
1019,10.190000,0.000333,0.000256,0.002091,0.999998,83.388351,416.797882,51.646000
1020,10.200000,0.000339,0.000253,0.002132,0.999998,83.390221,416.799011,51.645561
1021,10.210000,0.000334,0.000282,0.002129,0.999998,83.395950,416.800018,51.646736
1022,10.220000,0.000327,0.000112,0.002228,0.999997,83.403038,416.799316,51.648640
1023,10.230000,0.000332,0.000294,0.002113,0.999998,83.402229,416.801666,51.647179
1024,10.240000,0.000321,0.000115,0.002225,0.999997,83.409630,416.800232,51.648151
1025,10.250000,0.000328,0.000301,0.002087,0.999998,83.408066,416.802826,51.646465
1026,10.260000,0.000330,0.000300,0.002086,0.999998,83.408455,416.803284,51.647041
1027,10.270000,0.000324,0.000307,0.002099,0.999998,83.405426,416.802704,51.646679
1028,10.280000,0.000330,0.000290,0.002119,0.999998,83.400734,416.800964,51.647125
1029,10.290000,0.000339,0.000263,0.002103,0.999998,83.392227,416.799042,51.646427
1030,10.300000,0.000339,0.000279,0.002070,0.999998,83.385651,416.798004,51.645359
1031,10.310000,0.000341,0.000261,0.002100,0.999998,83.382454,416.796844,51.644833
1032,10.320000,0.000334,0.000094,0.002219,0.999997,83.385201,416.795044,51.646038
1033,10.330000,0.000334,0.000074,0.002243,0.999997,83.384933,416.795044,51.646629
1034,10.340000,0.000338,0.000233,0.002129,0.999998,83.383034,416.796844,51.645863
1035,10.350000,0.000331,0.000293,0.002108,0.999998,83.388268,416.798920,51.646473
1036,10.360000,0.000325,0.000287,0.002107,0.999998,83.395134,416.800323,51.646896
1037,10.370000,0.000324,0.000285,0.002117,0.999998,83.399788,416.800964,51.646091
1038,10.380000,0.000319,0.000296,0.002109,0.999998,83.403542,416.802643,51.645664
1039,10.390000,0.000314,0.000133,0.002212,0.999997,83.410439,416.801758,51.646503
1040,10.400000,0.000320,0.000098,0.002240,0.999997,83.411674,416.801086,51.647778
1041,10.410000,0.000325,0.000103,0.002236,0.999997,83.409904,416.799957,51.648342
1042,10.420000,0.000335,0.000257,0.002118,0.999998,83.402176,416.800507,51.648186
1043,10.430000,0.000343,0.000257,0.002110,0.999998,83.395508,416.800140,51.645889
1044,10.440000,0.000334,0.000095,0.002202,0.999998,83.397842,416.798279,51.646740
1045,10.450000,0.000330,0.000085,0.002208,0.999997,83.396187,416.797089,51.646763
1046,10.460000,0.000328,0.000108,0.002206,0.999997,83.393845,416.795837,51.646576
1047,10.470000,0.000339,0.000289,0.002065,0.999998,83.387764,416.797638,51.645214
1048,10.480000,0.000326,0.000143,0.002205,0.999997,83.392715,416.798004,51.647312
1049,10.490000,0.000331,0.000282,0.002125,0.999998,83.391106,416.800110,51.646534
1050,10.500000,0.000342,-0.000024,0.002418,0.999997,83.382767,416.800385,51.643143
1051,10.510000,0.000335,0.000205,0.002203,0.999997,83.391708,416.799347,51.645203
1052,10.520000,0.000324,0.000275,0.002120,0.999998,83.394081,416.799652,51.646355
1053,10.530000,0.000325,0.000304,0.002102,0.999998,83.392616,416.800537,51.646286
1054,10.540000,0.000322,0.000109,0.002234,0.999997,83.397682,416.798431,51.647942
1055,10.550000,0.000318,0.000101,0.002249,0.999997,83.400566,416.798401,51.648289
1056,10.560000,0.000329,0.000271,0.002128,0.999998,83.398880,416.800140,51.647163
1057,10.570000,0.000323,0.000127,0.002228,0.999997,83.405045,416.799866,51.648067
1058,10.580000,0.000318,0.000094,0.002264,0.999997,83.407646,416.800201,51.647964
1059,10.590000,0.000322,0.000098,0.002247,0.999997,83.409492,416.799561,51.647945
1060,10.600000,0.000320,0.000088,0.002236,0.999997,83.409760,416.799866,51.647278
1061,10.610000,0.000321,0.000285,0.002110,0.999998,83.404587,416.802917,51.645542
1062,10.620000,0.000326,0.000317,0.002076,0.999998,83.402832,416.803192,51.645355
1063,10.630000,0.000322,0.000300,0.002103,0.999998,83.400345,416.802582,51.645908
1064,10.640000,0.000317,0.000130,0.002185,0.999998,83.402031,416.798218,51.648560
1065,10.650000,0.000321,0.000119,0.002231,0.999997,83.394020,416.796906,51.648613
1066,10.660000,0.000327,0.000283,0.002123,0.999998,83.383690,416.798157,51.646381
1067,10.670000,0.000325,0.000300,0.002121,0.999998,83.379318,416.796448,51.645958
1068,10.680000,0.000319,0.000145,0.002236,0.999997,83.382446,416.795349,51.647129
1069,10.690000,0.000325,0.000303,0.002118,0.999998,83.381241,416.796997,51.645592
1070,10.700000,0.000328,0.000315,0.002104,0.999998,83.386093,416.797852,51.646393
1071,10.710000,0.000329,0.000289,0.002118,0.999998,83.393639,416.799957,51.646893
1072,10.720000,0.000334,0.000262,0.002130,0.999998,83.401825,416.801514,51.648113
1073,10.730000,0.000328,0.000299,0.002068,0.999998,83.409561,416.802551,51.647064
1074,10.740000,0.000314,0.000120,0.002191,0.999998,83.420929,416.803040,51.647263
1075,10.750000,0.000318,0.000304,0.002094,0.999998,83.417686,416.805542,51.644596
1076,10.760000,0.000320,0.000291,0.002099,0.999998,83.417084,416.805023,51.644855
1077,10.770000,0.000326,0.000283,0.002103,0.999998,83.411293,416.803772,51.645409
1078,10.780000,0.000325,0.000281,0.002103,0.999998,83.402557,416.802734,51.645912
1079,10.790000,0.000328,0.000111,0.002227,0.999997,83.398087,416.797729,51.647831
1080,10.800000,0.000330,0.000295,0.002125,0.999998,83.384956,416.796967,51.646965
1081,10.810000,0.000327,0.000295,0.002153,0.999998,83.377708,416.795807,51.646225
1082,10.820000,0.000328,0.000295,0.002128,0.999998,83.373703,416.795135,51.646217
1083,10.830000,0.000326,0.000297,0.002136,0.999998,83.372871,416.795715,51.645523
1084,10.840000,0.000324,0.000304,0.002109,0.999998,83.376808,416.795929,51.646305
1085,10.850000,0.000328,0.000295,0.002116,0.999998,83.384224,416.797394,51.646355
1086,10.860000,0.000326,0.000298,0.002102,0.999998,83.393501,416.799316,51.646347
1087,10.870000,0.000323,0.000273,0.002121,0.999998,83.402710,416.801971,51.646301
1088,10.880000,0.000326,0.000294,0.002094,0.999998,83.410988,416.804077,51.646542
1089,10.890000,0.000326,0.000256,0.002111,0.999998,83.417366,416.804810,51.646351
1090,10.900000,0.000322,0.000279,0.002085,0.999998,83.419609,416.805115,51.645630
1091,10.910000,0.000328,0.000273,0.002109,0.999998,83.416412,416.805176,51.645344
1092,10.920000,0.000315,0.000142,0.002187,0.999998,83.415504,416.802979,51.646683
1093,10.930000,0.000321,0.000275,0.002112,0.999998,83.404526,416.801605,51.645378
1094,10.940000,0.000319,0.000308,0.002109,0.999998,83.395142,416.799164,51.645176
1095,10.950000,0.000316,0.000151,0.002203,0.999998,83.389755,416.795837,51.647713
1096,10.960000,0.000324,0.000279,0.002151,0.999998,83.377724,416.796143,51.646694
1097,10.970000,0.000328,0.000271,0.002158,0.999998,83.372902,416.794891,51.646088
1098,10.980000,0.000319,0.000146,0.002227,0.999997,83.377678,416.793488,51.646721
1099,10.990000,0.000322,0.000250,0.002158,0.999998,83.377220,416.795593,51.645237
1100,11.000000,0.000322,0.000290,0.002112,0.999998,83.383102,416.797150,51.645359
1101,11.010000,0.000318,0.000126,0.002239,0.999997,83.394875,416.797943,51.646877
1102,11.020000,0.000323,0.000264,0.002131,0.999998,83.400711,416.801575,51.646450
1103,11.030000,0.000315,0.000140,0.002198,0.999998,83.413582,416.801270,51.648129
1104,11.040000,0.000325,0.000243,0.002132,0.999998,83.416222,416.803589,51.647034
1105,11.050000,0.000337,0.000259,0.002071,0.999998,83.415359,416.804749,51.645123
1106,11.060000,0.000316,0.000099,0.002214,0.999997,83.421638,416.803864,51.647430
1107,11.070000,0.000316,0.000077,0.002257,0.999997,83.419144,416.802094,51.647312
1108,11.080000,0.000318,0.000109,0.002243,0.999997,83.410973,416.800629,51.647030
1109,11.090000,0.000314,0.000113,0.002238,0.999997,83.403290,416.798492,51.646290
1110,11.100000,0.000310,0.000110,0.002253,0.999997,83.393066,416.796967,51.645962
1111,11.110000,0.000314,0.000264,0.002164,0.999998,83.380814,416.795929,51.643688
1112,11.120000,0.000319,0.000278,0.002160,0.999998,83.375954,416.795349,51.644020
1113,11.130000,0.000321,0.000298,0.002131,0.999998,83.371582,416.795074,51.644562
1114,11.140000,0.000315,0.000125,0.002244,0.999997,83.378113,416.793945,51.646557
1115,11.150000,0.000320,0.000270,0.002146,0.999998,83.376366,416.795776,51.646492
1116,11.160000,0.000328,0.000290,0.002140,0.999998,83.384506,416.797455,51.646156
1117,11.170000,0.000327,0.000285,0.002123,0.999998,83.393539,416.798767,51.645920
1118,11.180000,0.000318,0.000113,0.002239,0.999997,83.406868,416.799622,51.646988
1119,11.190000,0.000329,0.000231,0.002131,0.999998,83.412071,416.802887,51.646488
1120,11.200000,0.000324,0.000118,0.002197,0.999998,83.422249,416.803009,51.647800
1121,11.210000,0.000318,0.000094,0.002222,0.999997,83.426048,416.804504,51.647980
1122,11.220000,0.000321,0.000272,0.002098,0.999998,83.421516,416.805969,51.646248
1123,11.230000,0.000321,0.000315,0.002064,0.999998,83.417107,416.804291,51.645626
1124,11.240000,0.000315,0.000153,0.002205,0.999997,83.411461,416.800995,51.646431
1125,11.250000,0.000316,0.000296,0.002117,0.999998,83.394844,416.800110,51.644165
1126,11.260000,0.000316,0.000310,0.002113,0.999998,83.384422,416.798187,51.644039
1127,11.270000,0.000314,0.000157,0.002226,0.999997,83.380142,416.795166,51.646034
1128,11.280000,0.000327,0.000276,0.002172,0.999998,83.371048,416.794373,51.644653
1129,11.290000,0.000327,0.000293,0.002150,0.999998,83.371254,416.793365,51.645329
1130,11.300000,0.000326,0.000303,0.002129,0.999998,83.373573,416.794647,51.645344
1131,11.310000,0.000319,0.000107,0.002267,0.999997,83.386032,416.796204,51.646515
1132,11.320000,0.000321,0.000311,0.002095,0.999998,83.390511,416.799316,51.645409
1133,11.330000,0.000319,0.000282,0.002140,0.999998,83.403244,416.801849,51.645061
1134,11.340000,0.000319,0.000294,0.002083,0.999998,83.412682,416.803894,51.646008
1135,11.350000,0.000310,0.000126,0.002191,0.999998,83.422043,416.803558,51.647575
1136,11.360000,0.000318,0.000254,0.002126,0.999998,83.418144,416.805267,51.646061
1137,11.370000,0.000316,0.000267,0.002113,0.999998,83.413979,416.805054,51.645874
1138,11.380000,0.000316,0.000093,0.002232,0.999997,83.411789,416.800659,51.647102
1139,11.390000,0.000318,0.000086,0.002270,0.999997,83.404419,416.798767,51.647255
1140,11.400000,0.000313,0.000117,0.002266,0.999997,83.394402,416.798309,51.645874
1141,11.410000,0.000322,0.000300,0.002143,0.999998,83.383522,416.797577,51.644207
1142,11.420000,0.000324,0.000299,0.002141,0.999998,83.379082,416.795471,51.644119
1143,11.430000,0.000319,0.000169,0.002220,0.999997,83.381760,416.793671,51.646492
1144,11.440000,0.000316,0.000134,0.002235,0.999997,83.384644,416.794220,51.646259
1145,11.450000,0.000331,-0.000044,0.002439,0.999997,83.375488,416.798431,51.641960
1146,11.460000,0.000326,0.000206,0.002201,0.999997,83.389015,416.799805,51.645023
1147,11.470000,0.000319,0.000287,0.002108,0.999998,83.399361,416.800354,51.645939
1148,11.480000,0.000315,0.000270,0.002109,0.999998,83.404007,416.801239,51.645512
1149,11.490000,0.000304,0.000131,0.002183,0.999998,83.409958,416.801666,51.646564
1150,11.500000,0.000310,0.000125,0.002224,0.999997,83.408813,416.801300,51.645828
1151,11.510000,0.000313,0.000294,0.002112,0.999998,83.402489,416.801422,51.644527
1152,11.520000,0.000312,0.000115,0.002230,0.999997,83.404518,416.798615,51.646091
1153,11.530000,0.000312,0.000116,0.002255,0.999997,83.399803,416.798431,51.646343
1154,11.540000,0.000316,0.000118,0.002242,0.999997,83.396721,416.797577,51.646736
1155,11.550000,0.000325,0.000273,0.002125,0.999998,83.390427,416.797882,51.646225
1156,11.560000,0.000318,0.000138,0.002228,0.999997,83.394203,416.796204,51.646290
1157,11.570000,0.000322,0.000297,0.002108,0.999998,83.390907,416.797821,51.645203
1158,11.580000,0.000317,0.000117,0.002239,0.999997,83.397461,416.797913,51.646069
1159,11.590000,0.000321,0.000264,0.002146,0.999998,83.394821,416.800964,51.645325
1160,11.600000,0.000322,0.000278,0.002131,0.999998,83.396126,416.800995,51.645546
1161,11.610000,0.000322,0.000294,0.002114,0.999998,83.397423,416.800812,51.645737
1162,11.620000,0.000320,0.000290,0.002116,0.999998,83.396942,416.800934,51.645527
1163,11.630000,0.000319,0.000278,0.002146,0.999998,83.395241,416.800079,51.645092
1164,11.640000,0.000312,0.000105,0.002247,0.999997,83.399162,416.798004,51.645786
1165,11.650000,0.000314,0.000102,0.002246,0.999997,83.397072,416.797668,51.646065
1166,11.660000,0.000313,0.000127,0.002254,0.999997,83.396446,416.797913,51.645447
1167,11.670000,0.000311,0.000138,0.002241,0.999997,83.395798,416.797913,51.645836
1168,11.680000,0.000323,0.000302,0.002125,0.999998,83.392784,416.799561,51.644295
1169,11.690000,0.000318,0.000150,0.002216,0.999997,83.398964,416.798126,51.645622
1170,11.700000,0.000314,0.000117,0.002233,0.999997,83.401237,416.798981,51.645390
1171,11.710000,0.000318,0.000276,0.002134,0.999998,83.399544,416.801483,51.644333
1172,11.720000,0.000309,0.000117,0.002216,0.999997,83.404388,416.799957,51.645954
1173,11.730000,0.000319,0.000275,0.002126,0.999998,83.399246,416.800659,51.645794
1174,11.740000,0.000324,0.000277,0.002129,0.999998,83.395721,416.799835,51.645638
1175,11.750000,0.000328,0.000291,0.002106,0.999998,83.392731,416.798645,51.646576
1176,11.760000,0.000326,0.000305,0.002112,0.999998,83.388847,416.797668,51.646545
1177,11.770000,0.000325,0.000311,0.002108,0.999998,83.387558,416.797150,51.646107
1178,11.780000,0.000314,0.000117,0.002254,0.999997,83.392075,416.795685,51.647045
1179,11.790000,0.000315,0.000098,0.002266,0.999997,83.392311,416.797089,51.645569
1180,11.800000,0.000314,0.000277,0.002143,0.999998,83.390366,416.799835,51.643368
1181,11.810000,0.000314,0.000319,0.002109,0.999998,83.392410,416.800415,51.643047
1182,11.820000,0.000315,0.000305,0.002121,0.999998,83.396057,416.800781,51.641914
1183,11.830000,0.000315,0.000290,0.002138,0.999998,83.398766,416.801056,51.642349
1184,11.840000,0.000312,0.000120,0.002216,0.999997,83.407143,416.799164,51.644680
1185,11.850000,0.000324,0.000288,0.002130,0.999998,83.403015,416.801147,51.644306
1186,11.860000,0.000325,0.000299,0.002105,0.999998,83.403358,416.800995,51.644978
1187,11.870000,0.000330,0.000297,0.002096,0.999998,83.401138,416.800842,51.646477
1188,11.880000,0.000325,0.000125,0.002218,0.999997,83.402748,416.800446,51.648312
1189,11.890000,0.000321,0.000130,0.002211,0.999997,83.400787,416.799408,51.649300
1190,11.900000,0.000319,0.000114,0.002234,0.999997,83.396629,416.795990,51.648827
1191,11.910000,0.000322,0.000260,0.002123,0.999998,83.389366,416.794647,51.645573
1192,11.920000,0.000322,0.000318,0.002122,0.999998,83.386848,416.796417,51.650059
1193,11.930000,0.000326,0.000298,0.002159,0.999998,83.385681,416.805908,51.637100
1194,11.940000,0.000269,0.000355,0.002070,0.999998,83.379707,416.795563,51.647961
1195,11.950000,0.000331,0.000286,0.002140,0.999998,83.392632,416.793884,51.635109
1196,11.960000,0.000345,-0.000069,0.002476,0.999997,83.375824,416.801819,51.650112
1197,11.970000,0.000275,0.000096,0.002244,0.999997,83.395111,416.792603,51.633877
1198,11.980000,0.000344,0.000268,0.002112,0.999998,83.396179,416.797760,51.652164
1199,11.990000,0.000316,0.000274,0.002164,0.999998,83.396317,416.807800,51.641205
1200,12.000000,0.000303,0.000107,0.002217,0.999997,83.410103,416.802216,51.645744
1201,12.010000,0.000315,0.000110,0.002249,0.999997,83.410797,416.798218,51.642700
1202,12.020000,0.000292,0.000353,0.002089,0.999998,83.401360,416.809479,51.643860
1203,12.030000,0.000326,0.000165,0.002204,0.999997,83.407646,416.798981,51.646446
1204,12.040000,0.000310,0.000335,0.002038,0.999998,83.393021,416.795380,51.648548
1205,12.050000,0.000318,0.000294,0.002130,0.999998,83.396027,416.800934,51.640533
1206,12.060000,0.000347,0.000278,0.002100,0.999998,83.392677,416.799438,51.651176
1207,12.070000,0.000310,0.000108,0.002239,0.999997,83.395058,416.796844,51.645657
1208,12.080000,0.000324,0.000243,0.002178,0.999998,83.395859,416.800537,51.647118
1209,12.090000,0.000330,0.000247,0.002166,0.999998,83.387321,416.799133,51.644154
1210,12.100000,0.000286,0.000143,0.002161,0.999998,83.394958,416.796600,51.644398
1211,12.110000,0.000313,0.000258,0.002142,0.999998,83.386742,416.797394,51.643200
1212,12.120000,0.000287,0.000153,0.002228,0.999997,83.390701,416.799835,51.641018
1213,12.130000,0.000299,0.000322,0.002118,0.999998,83.388153,416.796783,51.638973
1214,12.140000,0.000320,0.000332,0.002111,0.999998,83.391563,416.798279,51.643883
1215,12.150000,0.000317,0.000302,0.002140,0.999998,83.392677,416.803375,51.643063
1216,12.160000,0.000319,0.000094,0.002241,0.999997,83.402687,416.798462,51.647743
1217,12.170000,0.000322,0.000319,0.002070,0.999998,83.397430,416.798676,51.645523
1218,12.180000,0.000320,0.000147,0.002195,0.999998,83.411049,416.798492,51.648323
1219,12.190000,0.000322,0.000103,0.002230,0.999997,83.409897,416.798462,51.648640
1220,12.200000,0.000304,0.000110,0.002187,0.999998,83.414291,416.801575,51.647018
1221,12.210000,0.000325,0.000297,0.002105,0.999998,83.403404,416.804016,51.645489
1222,12.220000,0.000313,0.000117,0.002222,0.999997,83.405418,416.800568,51.648060
1223,12.230000,0.000317,0.000297,0.002113,0.999998,83.392387,416.799683,51.644741
1224,12.240000,0.000315,0.000309,0.002116,0.999998,83.384346,416.797638,51.643608
1225,12.250000,0.000305,0.000149,0.002229,0.999997,83.381409,416.794495,51.643429
1226,12.260000,0.000319,0.000266,0.002170,0.999998,83.376389,416.793396,51.643120
