35,20.00,1850,20.00,3260,20.00,2496,20.00,1488,2.00,398,2.00,397,1.00,397,2.00,396,20.00,2186,0.00,3075,0.00,2676,0.00,200,-3.00,203,3.00,3754,20.00,942,20.00,1608,20.00,1784,20.00,1577,2.00,2922,2.00,1588,12.00,1487,-5.00,4,0.81
71,20.00,1850,20.00,3260,20.00,2496,20.00,1488,2.00,398,3.00,397,2.00,397,4.00,396,20.00,2187,0.00,3075,0.00,2676,0.00,200,-2.00,203,3.00,3754,20.00,942,20.00,1608,20.00,1784,21.00,1577,4.00,2922,2.00,1588,12.00,1487,-4.00,4,0.48
106,20.00,1850,19.00,3260,19.00,2496,20.00,1488,2.00,398,3.00,397,2.00,397,3.00,396,21.00,2186,0.00,3075,0.00,2676,0.00,200,-3.00,203,7.00,3755,20.00,942,20.00,1608,20.00,1784,21.00,1577,4.00,2922,2.00,1588,12.00,1487,-4.00,4,0.56
142,20.00,1850,20.00,3260,20.00,2496,20.00,1488,2.00,398,2.00,397,2.00,397,2.00,396,20.00,2187,0.00,3075,0.00,2676,0.00,200,-2.00,203,0.00,3755,20.00,942,20.00,1608,20.00,1783,21.00,1577,3.00,2922,2.00,1588,12.00,1487,-4.00,4,0.40
178,20.00,1850,20.00,3260,20.00,2496,20.00,1488,3.00,398,4.00,397,3.00,397,4.00,396,20.00,2186,0.00,3075,0.00,2676,0.00,200,-2.00,203,10.00,3755,20.00,942,20.00,1608,20.00,1784,20.00,1577,2.00,2922,3.00,1588,13.00,1487,-3.00,4,0.32
214,19.00,1850,20.00,3260,20.00,2496,20.00,1488,1.00,398,3.00,397,2.00,397,2.00,396,20.00,2186,0.00,3075,0.00,2676,0.00,200,-2.00,203,3.00,3755,20.00,942,20.00,1608,20.00,1784,20.00,1577,3.00,2922,1.00,1588,12.00,1487,-4.00,4,0.24
250,20.00,1850,20.00,3260,20.00,2496,20.00,1488,2.00,398,3.00,397,2.00,397,2.00,396,20.00,2187,0.00,3075,0.00,2676,0.00,200,-3.00,203,4.00,3755,21.00,942,21.00,1608,20.00,1783,20.00,1577,3.00,2922,3.00,1588,12.00,1487,-5.00,4,0.97
285,20.00,1850,19.00,3260,20.00,2496,20.00,1488,2.00,398,2.00,397,2.00,397,2.00,396,20.00,2186,0.00,3075,0.00,2676,1.00,200,-3.00,203,3.00,3755,20.00,942,20.00,1608,20.00,1784,20.00,1577,3.00,2922,3.00,1588,12.00,1487,-4.00,4,1.94
321,20.00,1850,21.00,3260,20.00,2496,20.00,1488,3.00,398,2.00,397,-5.00,397,4.00,396,20.00,2187,0.00,3075,0.00,2676,0.00,200,-3.00,203,2.00,3755,20.00,942,20.00,1608,20.00,1784,20.00,1577,2.00,2922,3.00,1588,12.00,1487,-4.00,4,0.40
357,20.00,1850,20.00,3260,20.00,2496,20.00,1488,2.00,398,4.00,397,3.00,397,3.00,396,20.00,2186,0.00,3075,0.00,2676,0.00,200,-2.00,203,-13.00,3755,20.00,942,20.00,1608,20.00,1784,20.00,1577,3.00,2922,3.00,1588,12.00,1487,-4.00,4,0.65
392,20.00,1850,20.00,3260,20.00,2496,22.00,1489,2.00,398,4.00,397,1.00,397,2.00,396,20.00,2186,0.00,3075,0.00,2676,0.00,200,-2.00,203,-3.00,3755,19.00,942,20.00,1608,20.00,1784,19.00,1577,3.00,2922,3.00,1588,12.00,1487,-4.00,4,0.24
428,20.00,1850,20.00,3260,20.00,2496,20.00,1488,2.00,398,4.00,397,1.00,397,2.00,396,20.00,2186,0.00,3075,0.00,2676,0.00,200,-1.00,203,-1.00,3755,20.00,942,20.00,1608,20.00,1784,20.00,1577,2.00,2922,2.00,1588,12.00,1487,-4.00,4,0.40
464,20.00,1850,20.00,3260,20.00,2496,20.00,1488,1.00,398,4.00,397,2.00,397,3.00,396,20.00,2187,0.00,3075,0.00,2676,0.00,200,-3.00,203,11.00,3755,20.00,942,20.00,1608,19.00,1784,19.00,1577,3.00,2922,2.00,1588,12.00,1487,-5.00,4,0.08
500,20.00,1850,19.00,3260,21.00,2496,21.00,1489,3.00,398,3.00,397,3.00,397,4.00,396,20.00,2187,0.00,3075,0.00,2676,0.00,200,-3.00,203,5.00,3755,20.00,942,20.00,1608,20.00,1784,20.00,1577,2.00,2922,1.00,1588,12.00,1487,-3.00,4,0.81
535,20.00,1850,20.00,3260,20.00,2496,20.00,1489,1.00,398,2.00,397,2.00,397,3.00,396,20.00,2187,0.00,3075,0.00,2676,0.00,200,-2.00,203,5.00,3755,20.00,942,20.00,1608,20.00,1784,19.00,1577,2.00,2922,1.00,1588,12.00,1487,-4.00,4,0.00
571,20.00,1850,20.00,3260,20.00,2496,20.00,1489,3.00,398,3.00,398,1.00,397,2.00,396,21.00,2187,0.00,3075,0.00,2676,0.00,200,-2.00,203,3.00,3755,20.00,942,20.00,1608,20.00,1784,20.00,1577,3.00,2922,1.00,1588,12.00,1487,-5.00,4,0.00
607,20.00,1850,20.00,3260,20.00,2496,20.00,1489,2.00,398,2.00,397,1.00,397,4.00,396,20.00,2187,0.00,3075,0.00,2676,0.00,200,-2.00,203,6.00,3755,20.00,942,20.00,1608,20.00,1784,20.00,1577,3.00,2922,2.00,1588,12.00,1487,-4.00,4,0.65
642,19.00,1850,20.00,3260,19.00,2496,20.00,1489,2.00,398,2.00,397,3.00,397,3.00,396,20.00,2186,0.00,3075,0.00,2676,0.00,200,-3.00,203,5.00,3755,19.00,942,20.00,1608,20.00,1783,20.00,1577,4.00,2922,1.00,1588,12.00,1487,-5.00,4,0.16
678,19.00,1850,20.00,3260,20.00,2496,20.00,1489,2.00,398,4.00,397,2.00,397,2.00,396,20.00,2187,0.00,3075,0.00,2676,0.00,200,-3.00,203,-5.00,3755,20.00,942,20.00,1608,21.00,1784,19.00,1577,3.00,2922,3.00,1588,12.00,1487,-4.00,4,0.00
714,21.00,1850,21.00,3260,20.00,2496,20.00,1493,2.00,398,4.00,397,1.00,397,4.00,396,20.00,2186,0.00,3075,0.00,2676,0.00,200,-2.00,203,3.00,3755,20.00,942,21.00,1608,21.00,1784,20.00,1577,4.00,2922,1.00,1588,12.00,1487,-3.00,4,0.32
749,20.00,1850,20.00,3260,20.00,2496,20.00,1498,3.00,398,2.00,397,2.00,397,3.00,396,20.00,2186,0.00,3075,0.00,2676,0.00,200,-3.00,203,1.00,3755,20.00,942,21.00,1608,20.00,1784,20.00,1577,4.00,2922,2.00,1588,12.00,1487,-4.00,4,0.24
785,20.00,1850,20.00,3260,20.00,2496,19.00,1503,2.00,398,2.00,397,2.00,397,3.00,396,20.00,2186,0.00,3075,0.00,2676,0.00,200,-2.00,203,4.00,3754,20.00,942,20.00,1608,20.00,1784,20.00,1577,3.00,2922,3.00,1588,12.00,1487,-3.00,4,0.81
821,20.00,1850,20.00,3260,20.00,2496,21.00,1505,1.00,398,2.00,397,2.00,397,5.00,396,20.00,2186,0.00,3075,0.00,2676,0.00,200,-2.00,203,11.00,3755,20.00,942,20.00,1608,20.00,1784,20.00,1577,2.00,2922,3.00,1588,12.00,1487,-5.00,4,0.40
857,21.00,1850,20.00,3260,20.00,2496,20.00,1507,2.00,398,2.00,397,1.00,397,3.00,396,20.00,2186,0.00,3075,0.00,2676,0.00,200,-2.00,203,2.00,3755,20.00,942,19.00,1608,20.00,1784,20.00,1577,3.00,2922,2.00,1588,12.00,1487,-3.00,4,1.45
892,19.00,1850,20.00,3260,20.00,2496,20.00,1509,3.00,398,5.00,397,5.00,397,2.00,396,20.00,2187,0.00,3075,0.00,2676,0.00,200,-1.00,203,5.00,3755,20.00,942,20.00,1608,20.00,1784,20.00,1577,4.00,2922,2.00,1588,13.00,1487,-5.00,4,1.53
928,21.00,1850,19.00,3260,20.00,2496,20.00,1509,2.00,398,5.00,397,2.00,397,2.00,396,20.00,2186,0.00,3075,0.00,2676,0.00,200,-2.00,203,8.00,3755,20.00,942,19.00,1608,19.00,1784,20.00,1577,2.00,2922,1.00,1588,12.00,1487,-4.00,4,1.45
964,20.00,1850,20.00,3260,20.00,2496,20.00,1509,2.00,398,3.00,397,3.00,397,4.00,396,20.00,2186,0.00,3075,0.00,2676,0.00,200,-2.00,203,-4.00,3754,20.00,942,20.00,1608,20.00,1784,20.00,1577,3.00,2922,2.00,1588,12.00,1487,-5.00,4,1.77
999,21.00,1850,20.00,3260,20.00,2496,20.00,1509,1.00,398,4.00,397,2.00,397,4.00,396,20.00,2186,0.00,3075,0.00,2676,0.00,200,-2.00,203,5.00,3755,20.00,942,20.00,1608,20.00,1784,20.00,1577,3.00,2922,1.00,1588,12.00,1487,-5.00,4,0.81
1035,20.00,1850,20.00,3260,20.00,2496,20.00,1509,2.00,398,4.00,397,3.00,397,4.00,396,20.00,2186,0.00,3075,0.00,2676,0.00,200,-2.00,203,5.00,3755,20.00,942,20.00,1608,20.00,1784,20.00,1577,3.00,2922,1.00,1588,13.00,1487,-4.00,4,3.31
1071,20.00,1850,20.00,3260,20.00,2496,20.00,1509,1.00,398,3.00,397,-4.00,397,4.00,396,20.00,2187,0.00,3075,0.00,2676,0.00,200,-2.00,203,7.00,3755,20.00,942,20.00,1608,20.00,1784,20.00,1577,2.00,2922,3.00,1588,12.00,1487,-3.00,4,2.18
1107,19.00,1850,20.00,3260,20.00,2496,20.00,1509,2.00,398,3.00,397,2.00,397,4.00,396,20.00,2186,0.00,3075,0.00,2676,0.00,200,-3.00,203,8.00,3755,21.00,942,20.00,1608,20.00,1784,20.00,1577,4.00,2922,1.00,1588,12.00,1487,-5.00,4,0.89
1142,20.00,1850,20.00,3260,20.00,2496,22.00,1509,3.00,398,3.00,397,1.00,397,4.00,396,20.00,2186,0.00,3075,0.00,2676,0.00,200,-2.00,203,8.00,3755,20.00,942,20.00,1608,20.00,1784,20.00,1577,4.00,2922,1.00,1588,13.00,1487,-5.00,4,1.85
1178,20.00,1850,20.00,3260,19.00,2496,19.00,1509,2.00,398,2.00,397,3.00,397,5.00,396,20.00,2186,0.00,3075,0.00,2676,0.00,200,-3.00,203,2.00,3755,20.00,942,20.00,1608,20.00,1784,20.00,1577,2.00,2922,2.00,1588,12.00,1487,-3.00,4,2.10
1214,20.00,1850,20.00,3260,20.00,2496,20.00,1509,1.00,398,3.00,397,2.00,397,2.00,396,20.00,2186,0.00,3075,0.00,2676,0.00,200,-2.00,203,3.00,3755,20.00,942,20.00,1608,20.00,1784,20.00,1577,4.00,2922,2.00,1588,12.00,1487,-3.00,4,2.34
1250,20.00,1850,20.00,3260,20.00,2496,20.00,1509,1.00,398,3.00,397,3.00,397,3.00,396,19.00,2187,0.00,3075,0.00,2676,0.00,200,-2.00,203,10.00,3754,20.00,942,19.00,1608,20.00,1784,20.00,1577,4.00,2922,2.00,1588,12.00,1487,-5.00,4,2.18
1285,20.00,1850,18.00,3260,19.00,2496,20.00,1510,3.00,398,4.00,397,2.00,397,5.00,396,20.00,2186,0.00,3075,0.00,2676,0.00,200,-2.00,203,11.00,3755,20.00,942,20.00,1608,20.00,1784,20.00,1577,2.00,2922,3.00,1588,12.00,1487,-3.00,4,2.90
1321,20.00,1850,21.00,3260,20.00,2496,20.00,1510,1.00,398,-4.00,397,3.00,397,2.00,396,20.00,2187,0.00,3075,0.00,2676,0.00,200,-2.00,203,5.00,3754,20.00,942,21.00,1608,20.00,1784,21.00,1577,2.00,2922,1.00,1588,11.00,1487,-4.00,4,1.85
1357,20.00,1850,20.00,3260,19.00,2496,20.00,1510,2.00,398,2.00,397,3.00,397,3.00,396,20.00,2186,0.00,3075,0.00,2676,0.00,200,-1.00,203,3.00,3755,20.00,942,20.00,1608,21.00,1784,20.00,1578,3.00,2922,3.00,1588,12.00,1487,-5.00,4,1.45
1393,20.00,1850,20.00,3260,20.00,2496,20.00,1510,1.00,398,4.00,397,4.00,397,4.00,396,20.00,2187,0.00,3075,0.00,2676,0.00,200,-2.00,203,9.00,3755,19.00,942,20.00,1608,20.00,1784,19.00,1582,2.00,2922,1.00,1588,12.00,1487,-4.00,4,1.05
1428,20.00,1850,20.00,3261,20.00,2496,20.00,1510,1.00,398,4.00,397,-5.00,397,3.00,396,20.00,2187,0.00,3075,0.00,2676,0.00,200,-3.00,203,3.00,3755,20.00,942,20.00,1608,20.00,1784,20.00,1588,4.00,2922,2.00,1588,12.00,1487,-3.00,4,1.77
1464,20.00,1850,20.00,3260,20.00,2496,20.00,1510,1.00,398,4.00,397,2.00,397,4.00,396,20.00,2186,0.00,3075,0.00,2676,0.00,200,-2.00,203,2.00,3755,20.00,942,20.00,1608,20.00,1784,21.00,1594,3.00,2922,2.00,1588,12.00,1487,-4.00,4,2.66
1500,20.00,1850,20.00,3260,20.00,2496,20.00,1510,2.00,398,3.00,397,2.00,397,5.00,396,21.00,2187,0.00,3075,0.00,2676,0.00,200,-3.00,203,4.00,3754,20.00,942,20.00,1608,20.00,1784,20.00,1600,2.00,2922,2.00,1588,12.00,1487,-5.00,4,1.37
1536,19.00,1850,19.00,3260,20.00,2496,20.00,1510,2.00,398,2.00,397,2.00,397,2.00,396,20.00,2186,0.00,3075,0.00,2676,0.00,200,-3.00,203,4.00,3755,20.00,942,20.00,1608,21.00,1784,21.00,1603,2.00,2922,1.00,1588,13.00,1487,-4.00,4,1.85
1571,20.00,1850,20.00,3260,20.00,2496,20.00,1510,1.00,398,3.00,397,2.00,397,4.00,396,20.00,2186,0.00,3075,0.00,2676,0.00,200,-2.00,203,5.00,3755,20.00,942,20.00,1608,20.00,1784,20.00,1606,2.00,2922,2.00,1588,12.00,1487,-3.00,4,2.10
1607,20.00,1850,20.00,3261,20.00,2496,20.00,1510,3.00,398,2.00,397,1.00,397,4.00,396,20.00,2186,0.00,3075,0.00,2676,1.00,200,-2.00,203,3.00,3754,20.00,942,20.00,1608,19.00,1784,20.00,1606,4.00,2922,2.00,1588,12.00,1487,-4.00,4,2.26
1643,20.00,1850,20.00,3260,20.00,2496,20.00,1510,2.00,398,5.00,397,2.00,397,4.00,396,20.00,2187,0.00,3075,0.00,2676,0.00,200,-3.00,203,4.00,3755,20.00,942,20.00,1608,20.00,1785,20.00,1606,3.00,2922,1.00,1588,12.00,1487,-5.00,4,3.15
1678,20.00,1850,21.00,3260,20.00,2496,20.00,1510,1.00,398,3.00,397,0.00,397,3.00,396,20.00,2186,0.00,3075,0.00,2676,0.00,200,-2.00,203,4.00,3755,20.00,942,20.00,1608,19.00,1790,21.00,1606,2.00,2922,2.00,1588,12.00,1487,-4.00,4,2.34
1714,20.00,1850,20.00,3261,20.00,2496,20.00,1510,1.00,398,3.00,397,2.00,397,1.00,396,20.00,2186,0.00,3075,0.00,2676,0.00,200,-2.00,203,7.00,3755,20.00,942,20.00,1608,19.00,1797,20.00,1606,4.00,2922,3.00,1588,12.00,1487,-4.00,4,3.71
1750,20.00,1850,19.00,3261,20.00,2496,20.00,1510,3.00,398,4.00,397,3.00,397,4.00,396,20.00,2186,0.00,3075,0.00,2676,0.00,200,-3.00,203,4.00,3755,20.00,942,20.00,1608,19.00,1804,20.00,1607,2.00,2922,2.00,1588,12.00,1487,-3.00,4,1.37
1786,20.00,1850,19.00,3263,20.00,2496,20.00,1510,2.00,398,4.00,397,1.00,397,3.00,396,20.00,2187,0.00,3075,0.00,2676,0.00,200,-1.00,203,0.00,3755,20.00,942,20.00,1608,21.00,1810,20.00,1610,3.00,2922,3.00,1588,12.00,1487,-5.00,4,3.39
1822,20.00,1850,19.00,3265,20.00,2496,20.00,1510,3.00,398,2.00,397,2.00,397,3.00,396,20.00,2186,0.00,3075,0.00,2676,0.00,200,-2.00,203,-4.00,3755,20.00,942,20.00,1608,20.00,1814,18.00,1614,2.00,2922,1.00,1588,12.00,1487,-4.00,4,2.34
1857,19.00,1850,20.00,3265,20.00,2496,20.00,1510,2.00,398,5.00,397,3.00,397,3.00,396,20.00,2186,0.00,3075,0.00,2676,0.00,200,-1.00,203,4.00,3755,20.00,942,20.00,1608,20.00,1817,21.00,1617,4.00,2922,1.00,1588,13.00,1487,-3.00,4,3.63
1893,20.00,1850,20.00,3265,21.00,2496,20.00,1510,2.00,398,2.00,397,2.00,397,1.00,396,20.00,2186,0.00,3075,0.00,2676,0.00,200,-2.00,203,-2.00,3755,20.00,942,20.00,1608,20.00,1820,20.00,1620,3.00,2922,2.00,1588,12.00,1487,-4.00,4,2.90
1929,20.00,1850,20.00,3265,20.00,2496,20.00,1510,1.00,398,1.00,397,3.00,397,2.00,396,20.00,2187,0.00,3075,0.00,2676,0.00,200,-3.00,203,13.00,3755,20.00,942,20.00,1607,21.00,1820,20.00,1621,1.00,2922,1.00,1588,12.00,1487,-3.00,4,2.10
1964,20.00,1850,20.00,3265,20.00,2496,20.00,1510,3.00,398,3.00,397,2.00,397,2.00,396,20.00,2187,0.00,3075,0.00,2676,0.00,200,-1.00,203,3.00,3755,20.00,942,20.00,1608,20.00,1821,19.00,1623,5.00,2922,1.00,1588,12.00,1487,-4.00,4,3.06
2000,20.00,1850,20.00,3265,20.00,2496,20.00,1510,1.00,398,4.00,397,2.00,397,4.00,396,20.00,2186,0.00,3075,0.00,2676,0.00,200,-3.00,203,8.00,3754,20.00,942,20.00,1607,21.00,1821,19.00,1625,2.00,2922,2.00,1588,12.00,1487,-5.00,4,3.87
2036,20.00,1850,20.00,3265,20.00,2496,20.00,1510,2.00,398,4.00,397,3.00,397,3.00,396,20.00,2187,0.00,3075,0.00,2676,0.00,200,-2.00,203,5.00,3754,20.00,942,20.00,1607,20.00,1821,20.00,1625,4.00,2922,2.00,1588,11.00,1487,-3.00,4,1.85
2072,20.00,1850,20.00,3265,20.00,2496,20.00,1510,2.00,398,4.00,397,2.00,397,4.00,396,20.00,2187,0.00,3075,0.00,2676,0.00,200,-2.00,203,3.00,3755,20.00,942,20.00,1607,20.00,1821,20.00,1625,4.00,2922,3.00,1588,12.00,1487,-4.00,4,4.03
2107,20.00,1850,20.00,3265,20.00,2496,20.00,1510,3.00,398,4.00,397,1.00,397,4.00,396,20.00,2187,0.00,3075,0.00,2676,-1.00,200,-1.00,203,7.00,3755,20.00,942,20.00,1607,20.00,1821,20.00,1625,2.00,2922,2.00,1588,11.00,1487,-5.00,4,1.69
2143,19.00,1850,20.00,3265,20.00,2496,20.00,1510,2.00,398,4.00,397,1.00,397,3.00,396,20.00,2187,0.00,3075,0.00,2676,0.00,200,-2.00,203,6.00,3755,20.00,942,20.00,1607,20.00,1821,19.00,1625,2.00,2922,2.00,1588,12.00,1487,-5.00,4,2.74
2179,20.00,1850,21.00,3265,20.00,2496,20.00,1510,2.00,398,4.00,397,3.00,397,3.00,396,21.00,2187,0.00,3075,0.00,2676,0.00,200,-2.00,203,4.00,3754,21.00,942,20.00,1607,20.00,1821,20.00,1625,4.00,2922,1.00,1588,12.00,1487,-3.00,4,2.50
2214,20.00,1850,20.00,3265,20.00,2496,20.00,1510,2.00,398,3.00,397,3.00,397,2.00,396,20.00,2187,0.00,3075,0.00,2676,0.00,200,-2.00,203,-7.00,3755,20.00,942,20.00,1607,20.00,1822,20.00,1628,3.00,2922,2.00,1588,12.00,1487,-4.00,4,3.87
2250,20.00,1850,20.00,3265,20.00,2496,20.00,1510,2.00,398,4.00,397,3.00,397,3.00,396,20.00,2187,0.00,3075,0.00,2676,0.00,200,-2.00,203,1.00,3755,20.00,942,20.00,1607,19.00,1826,20.00,1632,1.00,2922,1.00,1588,2.00,1487,-5.00,4,2.90
2286,20.00,1850,20.00,3265,19.00,2496,20.00,1510,1.00,398,3.00,397,1.00,397,4.00,396,20.00,2187,0.00,3075,0.00,2676,0.00,200,-2.00,203,6.00,3755,20.00,942,20.00,1607,19.00,1833,22.00,1636,2.00,2922,3.00,1588,11.00,1487,-3.00,4,3.95
2321,20.00,1849,20.00,3265,20.00,2496,20.00,1510,1.00,398,4.00,397,3.00,397,3.00,396,20.00,2187,0.00,3075,0.00,2676,0.00,200,-3.00,203,2.00,3755,20.00,942,20.00,1607,19.00,1839,19.00,1640,3.00,2922,2.00,1588,11.00,1486,-5.00,4,3.79
2357,21.00,1850,19.00,3265,20.00,2496,20.00,1510,2.00,398,4.00,397,2.00,397,2.00,396,20.00,2187,0.00,3075,0.00,2676,0.00,200,-1.00,203,1.00,3754,20.00,942,20.00,1607,20.00,1845,20.00,1644,3.00,2922,1.00,1588,7.00,1486,-3.00,4,2.74
2393,20.00,1850,20.00,3265,20.00,2496,20.00,1510,1.00,398,3.00,397,3.00,397,5.00,396,20.00,2187,0.00,3075,0.00,2676,0.00,200,-2.00,203,9.00,3755,20.00,942,20.00,1607,21.00,1851,21.00,1646,3.00,2922,2.00,1588,13.00,1486,-5.00,4,3.47
2429,20.00,1850,20.00,3265,19.00,2496,20.00,1510,2.00,398,3.00,397,1.00,397,2.00,396,20.00,2187,0.00,3075,0.00,2676,0.00,200,-3.00,203,4.00,3755,20.00,942,20.00,1606,21.00,1855,20.00,1649,2.00,2922,2.00,1588,13.00,1486,-4.00,4,3.39
2464,20.00,1850,21.00,3265,20.00,2496,20.00,1510,2.00,398,4.00,397,1.00,397,2.00,396,20.00,2187,0.00,3075,0.00,2676,0.00,200,-2.00,203,6.00,3755,20.00,942,19.00,1606,20.00,1860,20.00,1650,3.00,2922,1.00,1588,13.00,1486,-4.00,4,3.63
2500,20.00,1850,19.00,3265,20.00,2496,20.00,1510,2.00,398,3.00,397,3.00,398,4.00,396,20.00,2187,0.00,3075,0.00,2676,0.00,200,-2.00,203,7.00,3755,20.00,942,20.00,1606,20.00,1863,20.00,1654,3.00,2922,1.00,1588,13.00,1486,-4.00,4,4.60
2536,20.00,1850,20.00,3265,21.00,2496,20.00,1510,1.00,398,4.00,397,3.00,397,4.00,396,20.00,2187,0.00,3075,0.00,2676,0.00,200,-3.00,203,10.00,3754,20.00,942,20.00,1606,20.00,1865,19.00,1657,3.00,2922,2.00,1588,13.00,1486,-4.00,4,3.71
2572,20.00,1850,20.00,3265,21.00,2496,19.00,1510,3.00,398,3.00,397,2.00,397,3.00,396,19.00,2187,0.00,3075,0.00,2676,-1.00,200,-1.00,203,3.00,3755,20.00,941,20.00,1606,20.00,1868,19.00,1659,3.00,2922,2.00,1588,13.00,1486,-4.00,4,3.06
2607,20.00,1850,20.00,3265,20.00,2496,20.00,1510,1.00,398,3.00,397,2.00,397,3.00,396,19.00,2190,0.00,3075,0.00,2677,0.00,200,-2.00,203,5.00,3754,20.00,942,20.00,1606,20.00,1870,20.00,1661,3.00,2922,2.00,1588,13.00,1486,-4.00,4,2.02
2643,20.00,1850,20.00,3265,20.00,2496,21.00,1510,3.00,398,2.00,397,3.00,397,3.00,396,19.00,2196,0.00,3075,0.00,2677,0.00,200,-2.00,203,12.00,3755,20.00,941,20.00,1606,20.00,1873,20.00,1663,4.00,2922,2.00,1588,13.00,1486,-5.00,4,3.95
2679,19.00,1850,20.00,3265,20.00,2496,20.00,1510,2.00,398,2.00,397,1.00,397,3.00,396,20.00,2203,0.00,3075,0.00,2677,0.00,200,-2.00,203,9.00,3755,20.00,941,20.00,1606,20.00,1874,21.00,1663,4.00,2922,3.00,1588,13.00,1486,-5.00,4,3.63
2714,20.00,1850,19.00,3265,20.00,2496,20.00,1510,2.00,398,4.00,397,3.00,397,4.00,396,20.00,2211,0.00,3075,0.00,2677,0.00,200,-2.00,203,3.00,3755,20.00,941,19.00,1606,20.00,1876,20.00,1663,4.00,2922,3.00,1588,13.00,1486,-4.00,4,4.35
2750,19.00,1850,20.00,3265,20.00,2496,20.00,1510,2.00,398,2.00,397,2.00,397,3.00,396,20.00,2219,0.00,3075,0.00,2677,0.00,200,-2.00,203,8.00,3754,20.00,941,20.00,1606,21.00,1878,20.00,1663,4.00,2922,1.00,1588,14.00,1486,-5.00,4,3.63
2786,20.00,1850,21.00,3265,20.00,2496,20.00,1510,2.00,398,1.00,397,2.00,397,2.00,396,20.00,2226,0.00,3075,0.00,2677,-1.00,200,-2.00,203,11.00,3755,20.00,941,20.00,1605,20.00,1878,20.00,1663,2.00,2922,2.00,1588,13.00,1486,-4.00,4,2.50
2822,20.00,1850,19.00,3265,20.00,2496,20.00,1510,1.00,398,4.00,397,2.00,397,3.00,396,20.00,2233,0.00,3075,0.00,2677,0.00,200,-1.00,203,5.00,3754,20.00,941,20.00,1605,19.00,1878,19.00,1663,2.00,2922,2.00,1588,13.00,1486,-4.00,4,3.95
2857,20.00,1849,20.00,3265,21.00,2496,20.00,1510,2.00,398,4.00,397,2.00,397,2.00,396,20.00,2239,0.00,3075,0.00,2677,0.00,200,-2.00,203,5.00,3755,20.00,941,21.00,1605,20.00,1878,19.00,1666,4.00,2922,3.00,1588,13.00,1486,-5.00,4,4.35
2893,21.00,1850,20.00,3265,20.00,2496,20.00,1510,1.00,398,5.00,397,3.00,397,1.00,396,19.00,2244,0.00,3075,0.00,2677,0.00,200,-2.00,203,5.00,3754,20.00,941,20.00,1605,20.00,1878,20.00,1671,2.00,2922,1.00,1588,12.00,1486,-3.00,4,3.31
2929,20.00,1850,20.00,3265,20.00,2496,20.00,1510,3.00,398,4.00,397,3.00,397,4.00,396,20.00,2249,0.00,3075,0.00,2677,0.00,200,-1.00,203,1.00,3755,19.00,941,19.00,1605,20.00,1879,20.00,1675,4.00,2922,2.00,1588,13.00,1486,-3.00,4,3.95
2965,20.00,1850,20.00,3265,19.00,2496,21.00,1510,1.00,398,3.00,397,-2.00,397,2.00,396,20.00,2253,0.00,3075,0.00,2677,0.00,200,-2.00,203,4.00,3755,20.00,941,20.00,1605,19.00,1885,21.00,1679,-8.00,2922,3.00,1588,13.00,1486,-5.00,4,4.44
3000,21.00,1849,20.00,3265,20.00,2496,20.00,1509,2.00,398,2.00,397,3.00,397,4.00,396,20.00,2257,0.00,3075,0.00,2677,0.00,200,-2.00,203,-5.00,3755,20.00,941,20.00,1605,20.00,1892,20.00,1682,2.00,2922,1.00,1588,12.00,1486,-5.00,4,4.68
3036,20.00,1849,20.00,3265,20.00,2496,20.00,1509,1.00,398,2.00,397,1.00,397,3.00,396,20.00,2261,0.00,3075,0.00,2677,0.00,200,-2.00,203,4.00,3754,20.00,941,20.00,1605,20.00,1899,19.00,1684,2.00,2922,2.00,1588,13.00,1486,-5.00,4,4.92
3072,20.00,1850,20.00,3265,20.00,2496,20.00,1509,1.00,398,4.00,397,2.00,397,3.00,396,20.00,2264,0.00,3075,0.00,2677,0.00,200,-1.00,203,11.00,3754,20.00,941,21.00,1605,20.00,1905,20.00,1686,3.00,2922,1.00,1588,14.00,1486,-4.00,4,3.63
3107,20.00,1849,21.00,3265,20.00,2496,20.00,1509,2.00,398,2.00,397,3.00,397,2.00,396,21.00,2266,0.00,3075,0.00,2677,0.00,200,-2.00,203,10.00,3754,20.00,941,20.00,1605,20.00,1910,20.00,1686,1.00,2922,2.00,1588,13.00,1486,-5.00,4,3.63
3143,20.00,1850,20.00,3265,20.00,2496,20.00,1509,2.00,398,4.00,397,2.00,397,3.00,396,20.00,2268,0.00,3075,0.00,2677,0.00,200,-2.00,203,4.00,3754,20.00,941,20.00,1605,19.00,1914,20.00,1686,2.00,2922,1.00,1588,13.00,1486,-5.00,4,4.27
3179,20.00,1849,20.00,3265,21.00,2496,20.00,1509,1.00,398,2.00,397,2.00,397,2.00,396,19.00,2271,0.00,3075,0.00,2677,0.00,200,-2.00,203,6.00,3755,20.00,941,19.00,1604,21.00,1916,20.00,1686,2.00,2922,2.00,1588,13.00,1486,-4.00,4,4.92
3214,20.00,1849,20.00,3265,20.00,2496,20.00,1509,1.00,398,3.00,397,3.00,398,3.00,396,20.00,2271,0.00,3075,0.00,2677,0.00,200,-2.00,203,3.00,3755,20.00,941,20.00,1604,20.00,1918,20.00,1686,4.00,2922,1.00,1588,13.00,1486,-4.00,4,3.63
3250,20.00,1849,19.00,3265,20.00,2496,20.00,1509,1.00,398,3.00,397,2.00,397,3.00,396,20.00,2271,0.00,3075,0.00,2677,0.00,200,-1.00,203,2.00,3754,20.00,941,19.00,1604,21.00,1919,19.00,1686,2.00,2922,3.00,1588,13.00,1486,-5.00,4,3.87
3286,20.00,1849,20.00,3265,20.00,2496,20.00,1509,1.00,398,2.00,397,2.00,397,2.00,396,20.00,2271,0.00,3075,0.00,2677,0.00,200,-1.00,203,-3.00,3755,20.00,941,21.00,1604,20.00,1919,20.00,1686,4.00,2922,3.00,1588,13.00,1486,-4.00,4,4.11
3322,20.00,1850,20.00,3265,20.00,2496,20.00,1509,2.00,398,4.00,397,2.00,397,4.00,396,20.00,2271,0.00,3075,0.00,2677,0.00,200,-2.00,203,4.00,3755,20.00,941,20.00,1604,20.00,1919,20.00,1686,3.00,2922,2.00,1588,12.00,1486,-4.00,4,4.19
3357,20.00,1849,20.00,3265,20.00,2496,20.00,1509,1.00,398,2.00,397,1.00,397,2.00,396,20.00,2271,0.00,3075,0.00,2677,0.00,200,-2.00,203,4.00,3754,20.00,941,21.00,1604,20.00,1919,20.00,1686,2.00,2922,1.00,1588,13.00,1486,-5.00,4,4.76
3393,20.00,1850,20.00,3265,20.00,2496,20.00,1509,1.00,398,4.00,397,3.00,397,4.00,396,20.00,2271,0.00,3075,0.00,2677,0.00,200,-2.00,203,5.00,3755,20.00,941,20.00,1604,20.00,1919,20.00,1686,3.00,2922,2.00,1588,13.00,1486,-5.00,4,5.48
3429,20.00,1849,20.00,3265,20.00,2495,21.00,1509,3.00,398,4.00,397,-4.00,397,4.00,396,21.00,2271,0.00,3075,0.00,2677,0.00,200,-2.00,203,4.00,3755,20.00,941,20.00,1604,20.00,1919,20.00,1686,2.00,2922,2.00,1588,13.00,1486,-5.00,4,3.79
3465,20.00,1849,20.00,3265,20.00,2496,20.00,1509,1.00,398,3.00,397,1.00,397,3.00,396,20.00,2271,0.00,3075,0.00,2677,0.00,200,-2.00,203,-8.00,3755,20.00,941,20.00,1604,20.00,1920,20.00,1686,2.00,2922,3.00,1588,13.00,1486,-3.00,4,3.39
3500,20.00,1849,19.00,3265,19.00,2496,20.00,1509,2.00,398,2.00,397,3.00,397,3.00,396,20.00,2271,0.00,3075,0.00,2678,0.00,200,-1.00,203,11.00,3755,20.00,941,19.00,1604,19.00,1920,20.00,1686,4.00,2922,2.00,1588,12.00,1486,-5.00,4,5.40
3536,20.00,1849,20.00,3265,20.00,2496,20.00,1509,2.00,398,3.00,397,-4.00,397,2.00,396,20.00,2271,0.00,3075,0.00,2677,0.00,200,-1.00,203,8.00,3754,20.00,941,20.00,1604,19.00,1925,20.00,1687,2.00,2922,1.00,1588,12.00,1486,-5.00,4,2.98
3572,20.00,1849,19.00,3265,20.00,2495,20.00,1509,1.00,398,2.00,397,2.00,397,2.00,396,20.00,2271,0.00,3075,0.00,2677,0.00,200,-3.00,203,4.00,3754,20.00,941,20.00,1604,20.00,1932,20.00,1692,2.00,2922,1.00,1588,13.00,1486,-4.00,4,4.35
3607,20.00,1849,20.00,3265,21.00,2495,20.00,1509,2.00,398,3.00,397,1.00,397,3.00,396,20.00,2271,0.00,3075,0.00,2678,0.00,200,-2.00,203,-3.00,3754,20.00,941,19.00,1604,20.00,1940,20.00,1698,2.00,2922,2.00,1588,11.00,1486,-4.00,4,5.40
3643,20.00,1849,20.00,3265,20.00,2495,20.00,1509,2.00,398,3.00,397,2.00,397,4.00,396,20.00,2271,0.00,3075,0.00,2677,0.00,200,-2.00,203,5.00,3755,20.00,940,20.00,1604,20.00,1947,20.00,1704,3.00,2922,2.00,1588,3.00,1485,-4.00,4,4.44
3679,20.00,1849,21.00,3265,20.00,2495,20.00,1509,2.00,398,2.00,397,3.00,397,3.00,396,20.00,2271,0.00,3075,0.00,2678,0.00,200,-2.00,203,6.00,3754,20.00,941,20.00,1604,21.00,1952,20.00,1708,2.00,2922,2.00,1588,11.00,1485,-4.00,4,5.00
3714,20.00,1849,20.00,3265,20.00,2495,20.00,1509,2.00,398,3.00,397,2.00,397,2.00,396,20.00,2273,0.00,3075,0.00,2678,0.00,200,-2.00,203,5.00,3754,20.00,940,20.00,1604,20.00,1956,20.00,1711,2.00,2922,2.00,1588,13.00,1485,-5.00,4,3.71
3750,20.00,1849,20.00,3265,21.00,2495,20.00,1509,1.00,398,2.00,397,3.00,397,2.00,396,19.00,2276,0.00,3075,0.00,2677,0.00,200,-3.00,203,2.00,3755,20.00,940,20.00,1603,20.00,1958,19.00,1714,4.00,2922,3.00,1588,13.00,1485,-4.00,4,4.19
3786,20.00,1849,20.00,3265,20.00,2495,21.00,1509,2.00,398,2.00,397,1.00,397,2.00,396,20.00,2280,0.00,3075,0.00,2678,0.00,200,-2.00,203,3.00,3754,20.00,940,20.00,1603,19.00,1962,20.00,1715,4.00,2922,2.00,1588,13.00,1485,-3.00,4,5.56
3822,20.00,1849,19.00,3265,20.00,2495,20.00,1509,3.00,398,4.00,397,3.00,397,4.00,396,20.00,2283,0.00,3075,0.00,2678,0.00,200,-1.00,203,4.00,3754,20.00,940,20.00,1603,20.00,1964,20.00,1715,2.00,2922,2.00,1588,14.00,1485,-4.00,4,4.03
3857,20.00,1849,20.00,3265,20.00,2495,20.00,1509,2.00,398,2.00,397,-4.00,397,4.00,396,20.00,2286,0.00,3075,0.00,2678,0.00,200,-2.00,203,5.00,3754,20.00,940,20.00,1603,19.00,1968,20.00,1715,3.00,2922,3.00,1588,14.00,1485,-5.00,4,5.56
3893,20.00,1849,19.00,3265,21.00,2495,20.00,1509,2.00,398,3.00,397,3.00,397,2.00,396,20.00,2289,0.00,3075,0.00,2678,0.00,200,-2.00,203,-7.00,3754,20.00,940,20.00,1603,20.00,1972,20.00,1715,3.00,2922,2.00,1588,14.00,1485,-4.00,4,5.16
3929,20.00,1849,20.00,3265,20.00,2495,21.00,1508,1.00,398,4.00,397,2.00,397,4.00,396,20.00,2292,0.00,3075,0.00,2678,0.00,200,-2.00,203,2.00,3754,20.00,940,20.00,1603,19.00,1977,20.00,1715,1.00,2922,2.00,1588,14.00,1485,-4.00,4,5.48
3964,20.00,1849,20.00,3265,20.00,2495,19.00,1508,2.00,398,4.00,397,2.00,397,3.00,396,20.00,2295,0.00,3075,0.00,2678,0.00,200,-2.00,203,-1.00,3754,20.00,940,20.00,1603,21.00,1981,20.00,1715,1.00,2922,2.00,1588,14.00,1485,-5.00,4,5.32
4000,20.00,1849,20.00,3265,20.00,2495,20.00,1508,1.00,398,1.00,397,2.00,397,5.00,396,20.00,2299,0.00,3075,0.00,2678,0.00,200,-2.00,202,5.00,3754,20.00,940,20.00,1602,20.00,1984,20.00,1715,3.00,2922,1.00,1588,14.00,1485,-3.00,4,5.40
4036,20.00,1849,20.00,3265,20.00,2495,20.00,1508,3.00,398,2.00,397,2.00,397,2.00,396,19.00,2302,0.00,3075,0.00,2678,0.00,200,-3.00,203,5.00,3755,20.00,940,21.00,1602,20.00,1988,19.00,1715,4.00,2922,3.00,1588,14.00,1485,-5.00,4,4.76
4071,20.00,1849,20.00,3265,20.00,2495,20.00,1508,2.00,398,4.00,397,2.00,397,2.00,396,20.00,2305,0.00,3075,0.00,2678,3.00,200,-3.00,203,0.00,3754,20.00,940,20.00,1602,20.00,1992,21.00,1715,4.00,2922,2.00,1588,14.00,1485,-5.00,4,4.27
4107,19.00,1849,20.00,3265,20.00,2495,20.00,1508,2.00,398,4.00,397,3.00,397,3.00,396,19.00,2309,0.00,3075,0.00,2678,0.00,200,-2.00,203,10.00,3755,19.00,940,21.00,1602,20.00,1996,19.00,1720,2.00,2922,3.00,1588,14.00,1485,-4.00,4,5.24
4143,20.00,1849,20.00,3265,20.00,2495,20.00,1508,1.00,398,3.00,397,3.00,397,3.00,396,20.00,2312,0.00,3075,0.00,2678,0.00,200,-2.00,203,7.00,3754,21.00,940,21.00,1602,20.00,2000,20.00,1725,3.00,2922,3.00,1588,14.00,1485,-3.00,4,5.32
4179,20.00,1849,20.00,3265,21.00,2495,20.00,1508,2.00,398,4.00,397,2.00,397,3.00,396,20.00,2315,0.00,3075,0.00,2678,0.00,200,-2.00,203,-4.00,3754,20.00,940,21.00,1602,20.00,2005,20.00,1730,2.00,2922,2.00,1588,14.00,1485,-4.00,4,3.55
4214,20.00,1849,21.00,3265,20.00,2495,20.00,1508,2.00,398,4.00,397,-1.00,397,4.00,396,20.00,2318,0.00,3075,0.00,2678,0.00,200,-2.00,203,10.00,3755,20.00,940,20.00,1602,20.00,2009,21.00,1734,4.00,2922,2.00,1588,14.00,1485,-4.00,4,4.92
4250,21.00,1849,20.00,3265,20.00,2495,20.00,1508,2.00,398,4.00,397,3.00,397,4.00,396,20.00,2322,0.00,3075,0.00,2678,0.00,200,-2.00,203,-2.00,3754,20.00,940,21.00,1602,19.00,2013,20.00,1737,2.00,2922,3.00,1588,14.00,1485,-3.00,4,4.19
4286,20.00,1849,20.00,3265,20.00,2495,20.00,1508,2.00,398,2.00,397,2.00,397,3.00,396,21.00,2323,0.00,3075,0.00,2678,0.00,200,-3.00,203,7.00,3754,20.00,940,20.00,1602,20.00,2017,21.00,1738,4.00,2922,1.00,1588,14.00,1485,-4.00,4,2.98
4321,20.00,1849,20.00,3265,20.00,2495,20.00,1508,2.00,398,4.00,397,3.00,397,2.00,396,21.00,2323,0.00,3075,0.00,2678,0.00,200,-2.00,203,3.00,3754,20.00,940,19.00,1602,21.00,2019,20.00,1738,4.00,2922,2.00,1588,14.00,1485,-4.00,4,3.47
4357,21.00,1849,19.00,3265,20.00,2495,20.00,1508,3.00,398,3.00,397,3.00,397,3.00,396,20.00,2323,0.00,3075,0.00,2678,0.00,200,-1.00,203,-5.00,3754,20.00,940,20.00,1603,20.00,2019,21.00,1738,1.00,2922,2.00,1588,14.00,1485,-3.00,4,0.65
4393,21.00,1850,20.00,3265,20.00,2495,20.00,1509,2.00,398,3.00,397,3.00,397,3.00,396,20.00,2323,0.00,3075,0.00,2677,0.00,200,-3.00,203,7.00,3755,20.00,940,20.00,1603,21.00,2019,21.00,1738,3.00,2922,1.00,1588,14.00,1485,-5.00,4,2.34
4429,20.00,1850,20.00,3265,20.00,2496,20.00,1509,2.00,398,4.00,397,2.00,397,3.00,396,19.00,2324,0.00,3075,0.00,2677,0.00,200,-2.00,203,-4.00,3755,20.00,940,20.00,1604,20.00,2019,20.00,1738,2.00,2922,3.00,1588,14.00,1485,-3.00,4,0.40
4464,20.00,1850,20.00,3266,20.00,2496,20.00,1509,2.00,398,3.00,397,2.00,397,1.00,396,20.00,2325,0.00,3075,0.00,2677,0.00,200,-3.00,203,0.00,3755,20.00,940,19.00,1605,19.00,2019,20.00,1738,3.00,2922,3.00,1588,14.00,1485,-5.00,4,0.24
4500,20.00,1850,21.00,3267,20.00,2496,20.00,1510,3.00,398,2.00,397,2.00,397,2.00,396,20.00,2325,0.00,3075,0.00,2676,0.00,200,-2.00,203,8.00,3754,20.00,941,20.00,1606,22.00,2019,20.00,1738,2.00,2922,1.00,1588,14.00,1486,-4.00,4,0.48
4536,19.00,1850,18.00,3270,20.00,2496,19.00,1510,3.00,398,3.00,397,3.00,397,2.00,396,20.00,2325,0.00,3075,0.00,2676,0.00,200,-2.00,203,8.00,3755,20.00,941,20.00,1606,21.00,2019,20.00,1738,3.00,2922,3.00,1588,14.00,1485,-3.00,4,0.56
4571,20.00,1850,18.00,3278,20.00,2496,20.00,1510,3.00,398,1.00,397,1.00,397,2.00,396,20.00,2325,0.00,3075,0.00,2676,0.00,200,-2.00,203,5.00,3755,20.00,941,20.00,1606,20.00,2019,20.00,1738,3.00,2922,2.00,1588,5.00,1486,-3.00,4,0.08
4607,20.00,1850,19.00,3288,20.00,2496,20.00,1510,1.00,398,4.00,397,2.00,397,4.00,396,21.00,2325,0.00,3075,0.00,2676,0.00,200,0.00,203,2.00,3755,20.00,941,20.00,1606,20.00,2019,20.00,1738,2.00,2922,2.00,1588,12.00,1486,-5.00,4,0.16
4643,20.00,1850,21.00,3295,20.00,2496,20.00,1510,2.00,398,4.00,397,1.00,397,4.00,396,20.00,2325,0.00,3075,0.00,2676,0.00,200,-2.00,203,5.00,3755,20.00,941,20.00,1606,20.00,2019,20.00,1738,2.00,2922,3.00,1588,7.00,1485,-4.00,4,1.05
4679,20.00,1850,21.00,3301,20.00,2496,20.00,1510,3.00,398,2.00,397,2.00,397,5.00,396,20.00,2325,0.00,3075,0.00,2676,0.00,200,-2.00,203,5.00,3755,20.00,941,20.00,1606,20.00,2019,21.00,1738,3.00,2922,3.00,1588,12.00,1486,-4.00,4,1.05
4714,19.00,1850,21.00,3305,20.00,2496,20.00,1510,3.00,398,3.00,397,2.00,397,4.00,396,20.00,2325,0.00,3075,0.00,2677,0.00,200,-2.00,203,4.00,3755,20.00,941,20.00,1606,20.00,2018,20.00,1738,4.00,2922,2.00,1588,13.00,1486,-4.00,4,0.40
4750,21.00,1850,20.00,3309,20.00,2496,20.00,1510,3.00,398,2.00,397,1.00,397,1.00,396,20.00,2324,0.00,3075,0.00,2676,0.00,200,-2.00,203,3.00,3754,20.00,941,21.00,1606,21.00,2019,20.00,1738,4.00,2922,1.00,1588,10.00,1485,-3.00,4,0.40
4786,20.00,1850,20.00,3312,20.00,2496,20.00,1510,2.00,398,3.00,397,3.00,397,2.00,396,20.00,2325,0.00,3075,0.00,2676,0.00,200,-2.00,203,4.00,3755,20.00,941,20.00,1606,20.00,2019,20.00,1738,3.00,2922,1.00,1588,12.00,1486,-4.00,4,0.08
4821,20.00,1850,21.00,3312,20.00,2496,20.00,1510,2.00,398,2.00,397,2.00,397,3.00,396,20.00,2324,0.00,3075,0.00,2676,0.00,200,-3.00,203,4.00,3755,20.00,941,20.00,1606,20.00,2019,20.00,1738,2.00,2922,1.00,1588,11.00,1485,-4.00,4,0.89
4857,19.00,1850,21.00,3313,20.00,2496,20.00,1510,2.00,398,3.00,397,3.00,397,4.00,396,20.00,2325,0.00,3075,0.00,2676,0.00,200,-1.00,203,5.00,3755,20.00,941,21.00,1606,20.00,2018,20.00,1738,4.00,2922,1.00,1588,13.00,1485,-5.00,4,0.16
4893,20.00,1850,20.00,3312,20.00,2496,20.00,1510,2.00,398,2.00,397,2.00,397,2.00,396,20.00,2325,0.00,3075,0.00,2676,0.00,200,-1.00,203,5.00,3754,20.00,941,20.00,1606,20.00,2018,20.00,1738,4.00,2922,2.00,1588,3.00,1485,-4.00,4,0.24
4929,20.00,1850,20.00,3313,19.00,2496,20.00,1511,2.00,398,4.00,397,2.00,397,4.00,396,20.00,2325,0.00,3075,0.00,2676,0.00,200,-2.00,203,5.00,3755,20.00,941,20.00,1606,20.00,2019,20.00,1738,2.00,2922,3.00,1588,16.00,1486,-4.00,4,0.00
4965,20.00,1850,20.00,3313,20.00,2496,20.00,1510,1.00,398,4.00,397,1.00,397,3.00,396,20.00,2325,0.00,3075,0.00,2676,0.00,200,-2.00,203,4.00,3755,20.00,941,19.00,1606,20.00,2019,20.00,1738,4.00,2922,3.00,1588,7.00,1485,-3.00,4,0.16
5000,20.00,1850,20.00,3313,20.00,2496,20.00,1510,2.00,398,3.00,397,2.00,397,2.00,396,20.00,2325,0.00,3075,0.00,2676,0.00,200,-2.00,203,7.00,3755,20.00,941,21.00,1607,20.00,2019,20.00,1738,3.00,2922,3.00,1588,14.00,1485,-5.00,4,0.81