stiffness,condition,angle,rep,stiffness_norm
74.32066121343667,Finger,0,1,0.8238193285109501
0.4575503943244899,Finger,0,2,0.005071790972497076
57.435599663554896,Finger,0,3,0.6366541467058293
55.21007666468398,Finger,0,4,0.6119849789053678
132.71358334518717,Finger,0,5,1.471085070162799
36.958911828399295,Finger,0,6,0.4096770053959453
81.97825208003692,Finger,0,7,0.9087011266910997
108.99974721127984,Finger,0,8,1.2082252376304927
54.977704995763034,Finger,30,1,0.6094092177491847
71.80871692676178,Finger,30,2,0.7959752778564156
47.52872568315126,Finger,30,3,0.5268398079078963
79.05689248271246,Finger,30,4,0.8763188461447077
54.98790615316892,Finger,30,5,0.609522294119967
92.33454520107765,Finger,30,6,1.0234971242715931
92.25267578359842,Finger,30,7,1.0225896295395478
104.37893753680211,Finger,30,8,1.1570051292373114
50.85460202001377,Finger,60,1,0.5637060193464078
43.42324239946167,Finger,60,2,0.48133191781702334
106.38667675377656,Finger,60,3,1.1792602376627184
157.69910978035148,Finger,60,4,1.7480411584731153
90.49317796170999,Finger,60,5,1.0030861928036734
81.85789005706192,Finger,60,6,0.9073669544794085
101.41493057097824,Finger,60,7,1.124150117072197
82.3818008321001,Finger,60,8,0.9131743277702905
43.55996955598633,Finger,90,1,0.4828474919849371
82.64627112758568,Finger,90,2,0.9161058913177719
81.87654644506775,Finger,90,3,0.907573754214347
63.11134761159412,Finger,90,4,0.6995678881474316
13.43644192389252,Finger,90,5,0.14893840262707833
92.94466892564438,Finger,90,6,1.0302601388744597
96.21649225691647,Finger,90,7,1.0665271910745782
50.79930633924211,Finger,90,8,0.5630930854750037
0.40246474782777397,Finger,120,1,0.0044611852598112
29.984241944210453,Finger,120,2,0.3323651547373941
58.92165562643959,Finger,120,3,0.6531265731547483
50.03822128838356,Finger,120,4,0.5546567157589515
23.461974700251343,Finger,120,5,0.260068033942727
78.5371883694609,Finger,120,7,0.8705581022733135
76.11055809605276,Finger,120,8,0.8436597285271173
25.49100288511552,Finger,150,1,0.2825591233584169
23.338047787571266,Finger,150,2,0.2586943461374565
69.23406881490237,Finger,150,3,0.7674361765616531
32.17095321033257,Finger,150,4,0.3566041076408212
21.167872786959013,Finger,150,5,0.23463869213000255
19.74697863324785,Finger,150,6,0.21888856224036377
82.26584132536537,Finger,150,7,0.9118889559582944
34.666429179828654,Finger,150,8,0.38426561258359204
30.208911184505194,Finger,180,1,0.33485553708403576
46.33987938036951,Finger,180,2,0.5136618497618066
81.7781769568305,Finger,180,3,0.9064833617928798
48.445440207942525,Finger,180,4,0.5370012775708336
45.02264839880193,Finger,180,5,0.4990607909847268
72.52579828461302,Finger,180,6,0.8039238815564851
90.43574698874849,Finger,180,7,1.002449589942391
57.237093513005945,Finger,180,8,0.6344537733375019
85.89569136161408,Finger,210,1,0.9521246127815041
125.83942556524887,Finger,210,2,1.3948873620976932
48.89857846621377,Finger,210,3,0.5420241615112708
99.76950083552713,Finger,210,4,1.1059110863956747
87.03464849893406,Finger,210,5,0.9647495664451302
78.38943804110265,Finger,210,6,0.8689203399834193
73.91870140433316,Finger,210,7,0.8193637403256802
57.65440823969565,Finger,210,8,0.6390795655775888
138.72637385014156,Finger,240,1,1.5377348140616462
298.94597948379436,Finger,240,2,3.31371481440564
185.66063196684206,Finger,240,3,2.0579851505706195
174.8987519445269,Finger,240,4,1.938693359718035
108.78803857299033,Finger,240,5,1.20587851916233
184.45576885158937,Finger,240,6,2.044629651489354
211.6875283036452,Finger,240,7,2.3464844711274284
132.49736091402156,Finger,240,8,1.4686883178311654
97.28290608234349,Finger,270,1,1.0783480267242378
154.14840342467858,Finger,270,2,1.7086827825126338
144.1380996219738,Finger,270,3,1.59772195920602
101.46718563792446,Finger,270,4,1.1247293467703734
90.47755205215982,Finger,270,5,1.0029129848948253
155.9046646419787,Finger,270,6,1.7281503425841318
272.74271971220054,Finger,270,7,3.0232605649764155
77.56207692883974,Finger,270,8,0.8597493225999346
124.33634496468903,Finger,300,1,1.3782262233129488
57.36625036619297,Finger,300,2,0.6358854332598962
125.17952175905944,Finger,300,3,1.3875725521697304
146.53212482258107,Finger,300,4,1.6242589167761177
81.5961857271451,Finger,300,5,0.9044660507223586
190.1508007826378,Finger,300,6,2.107757149343699
200.07011150603552,Finger,300,7,2.2177093452206056
159.6670342537511,Finger,300,8,1.7698549339665879
78.47544865951383,Finger,330,1,0.8698737385235752
119.71755338342639,Finger,330,2,1.3270284847987508
185.92445413228444,Finger,330,3,2.0609095298163433
137.99889656466303,Finger,330,4,1.5296709750289341
115.39177582967447,Finger,330,5,1.2790787074227745
53.62694385241122,Finger,330,6,0.59443648849831
45.382127233104264,Finger,330,7,0.5030454919689977
80.16782913023273,Finger,330,8,0.888633202180239
173.42015097202582,Combined,0,1,1.6211432278218374
120.14506649584449,Combined,0,2,1.123124157223004
152.71541242226226,Combined,0,3,1.4275939401777198
96.13961718234789,Combined,0,4,0.8987196035003348
120.5567979810164,Combined,0,5,1.12697305082116
124.00025232881814,Combined,0,6,1.159162693518178
87.76717782600089,Combined,0,7,0.820453477638869
102.05763063456526,Combined,0,8,0.9540415910343457
165.52334045441683,Combined,30,1,1.5473233123145609
113.37717897273713,Combined,30,2,1.059857489749538
70.62886535410047,Combined,30,3,0.6602433806899992
116.61888980066539,Combined,30,4,1.0901612204624722
146.15854352769696,Combined,30,5,1.366299889027604
111.15939326383784,Combined,30,6,1.0391254798730039
185.25492973562007,Combined,30,7,1.731775535185388
74.29336298205638,Combined,30,8,0.69449935082745
110.54664059082118,Combined,60,1,1.0333974266991202
141.20081453654694,Combined,60,2,1.3199547051817235
332.3029819628234,Combined,60,3,3.106390611324817
151.66775957782372,Combined,60,4,1.417800410969319
57.38380117316675,Combined,60,5,0.5364276304520126
97.16008739256827,Combined,60,6,0.9082590276169679
95.45339880300801,Combined,60,7,0.892304787965702
81.00058052280752,Combined,60,8,0.7571988712278821
130.5307796961532,Combined,90,1,1.2202105023011849
255.72246929815955,Combined,90,2,2.390510831532269
221.1399177954778,Combined,90,3,2.0672308155990806
52.63117363479847,Combined,90,4,0.49199974877274827
42.04924144030327,Combined,90,5,0.3930791353479393
268.67953104392166,Combined,90,6,2.511634315648022
46.71603944462053,Combined,90,7,0.4367046767738131
44.85951872887222,Combined,90,8,0.4193497963358886
144.4258183755492,Combined,120,1,1.3501022578392075
105.75813558016526,Combined,120,2,0.988634159997386
130.88330234395838,Combined,120,3,1.2235059077078807
26.43034484426079,Combined,120,4,0.24707264013500282
30.10288758302961,Combined,120,5,0.28140381650908936
67.92221665068645,Combined,120,6,0.6349414466815333
95.34120588781309,Combined,120,7,0.8912560010533483
87.8654362087386,Combined,120,8,0.8213720036051949
64.48613016572477,Combined,150,1,0.6028206792615792
35.44552388846115,Combined,150,2,0.3313471398006401
70.31012494787456,Combined,150,3,0.6572637739482794
56.86537463060213,Combined,150,4,0.5315813442857799
49.75687827064913,Combined,150,5,0.46513064251126174
16.96017750283535,Combined,150,6,0.158544879284605
67.64492163102922,Combined,150,7,0.632349274199233
29.900408765018266,Combined,150,8,0.279511030908589
23.483121505091475,Combined,180,1,0.2195217982611337
39.022809913557154,Combined,180,2,0.3647878500125783
53.812019003728544,Combined,180,3,0.5030383706527083
70.99601560378544,Combined,180,4,0.6636755259022697
54.88206566514052,Combined,180,5,0.5130412387673902
60.814280352666664,Combined,180,6,0.5684959804036118
36.79300085784515,Combined,180,7,0.3439434450818824
44.97137877189985,Combined,180,8,0.4203954715368481
62.901894039521316,Combined,210,1,0.5880111334684855
21.40300342660474,Combined,210,2,0.20007671464710486
89.07181050967988,Combined,210,3,0.8326492716575375
155.51899343562476,Combined,210,4,1.4538020039349453
74.37160538179356,Combined,210,6,0.695230766039301
53.32542346953621,Combined,210,7,0.4984896428922792
68.37977413814598,Combined,210,8,0.639218724829295
143.86397946904694,Combined,240,1,1.3448501499768986
62.52016356573853,Combined,240,2,0.5844426913413303
47.24324394074533,Combined,240,3,0.4416330198399416
53.91372158132208,Combined,240,4,0.5039890931840499
31.291258656363162,Combined,240,5,0.2925127891796576
45.57532468004437,Combined,240,6,0.42604119848075517
60.30546504055894,Combined,240,7,0.5637395406657145
40.7800827628927,Combined,240,8,0.38121495472427375
161.84740750985344,Combined,270,1,1.5129604440688322
80.4867269458866,Combined,270,2,0.7523953334518612
148.38921098919036,Combined,270,3,1.3871523183932424
69.83667293184301,Combined,270,4,0.6528379126790665
113.5708308879957,Combined,270,5,1.0616677608698004
98.1765017209495,Combined,270,6,0.9177605370775502
81.71546144418133,Combined,270,7,0.7638816261320173
83.44282047438467,Combined,270,8,0.7800290944517904
317.83561255911496,Combined,300,1,2.9711486697063827
231.24770152141843,Combined,300,2,2.1617190572696794
188.84396015985823,Combined,300,3,1.7653260328299136
157.9395672539077,Combined,300,4,1.4764296906885177
158.3934067335748,Combined,300,5,1.4806722126495278
214.57665686545835,Combined,300,6,2.005877011271895
87.03221831670588,Combined,300,7,0.8135830267452525
109.2129301610369,Combined,300,8,1.0209298119553818
172.83507444803845,Combined,330,1,1.615673893149348
406.5226229118177,Combined,330,2,3.8002008036319337
166.86271422382998,Combined,330,3,1.5598438683378146
129.01337988904487,Combined,330,4,1.2060257469114342
88.50887853982442,Combined,330,5,0.8273869457655322
111.60842995307938,Combined,330,6,1.0433231050262934
97.05547105013576,Combined,330,7,0.907281067016061
123.37362756406401,Combined,330,8,1.153304963098312
