Format Version,1.24,Take Name,Push_120_deg_005,Take Notes,,Capture Frame Rate,100.000000,Export Frame Rate,100.000000,Capture Start Time,2025-02-21 09.20.54.094 午後,Capture Start Frame,45670796,Total Frames in Take,1001,Total Exported Frames,1001,Rotation Type,Quaternion,Length Units,Millimeters,Coordinate Space,Local

,Type,Rigid Body,Rigid Body,Rigid Body,Rigid Body,Rigid Body,Rigid Body,Rigid Body
,Name,ForceGage,ForceGage,ForceGage,ForceGage,ForceGage,ForceGage,ForceGage
,ID,1FCEE7A3EF9111EF3C28FEC2583C42A9,1FCEE7A3EF9111EF3C28FEC2583C42A9,1FCEE7A3EF9111EF3C28FEC2583C42A9,1FCEE7A3EF9111EF3C28FEC2583C42A9,1FCEE7A3EF9111EF3C28FEC2583C42A9,1FCEE7A3EF9111EF3C28FEC2583C42A9,1FCEE7A3EF9111EF3C28FEC2583C42A9
,,Rotation,Rotation,Rotation,Rotation,Position,Position,Position
Frame,Time (Seconds),X,Y,Z,W,X,Y,Z
0,0.000000,-0.003748,-0.012018,0.018738,0.999745,-29.290007,419.638855,138.688507
1,0.010000,-0.003757,-0.012019,0.018773,0.999744,-29.294136,419.640594,138.692368
2,0.020000,-0.003761,-0.011930,0.018787,0.999745,-29.300947,419.646484,138.692780
3,0.030000,-0.003780,-0.011947,0.018807,0.999745,-29.295624,419.649414,138.691406
4,0.040000,,,,,,,
5,0.050000,-0.003783,-0.011833,0.018584,0.999750,-29.259073,419.647400,138.678436
6,0.060000,-0.003784,-0.011837,0.018498,0.999752,-29.239204,419.645386,138.676346
7,0.070000,-0.003785,-0.011891,0.018441,0.999752,-29.221235,419.643005,138.678360
8,0.080000,-0.003788,-0.011913,0.018453,0.999752,-29.209295,419.642181,138.684784
9,0.090000,-0.003787,-0.011871,0.018423,0.999753,-29.208710,419.641571,138.690659
10,0.100000,-0.003755,-0.011897,0.018602,0.999749,-29.213074,419.640289,138.699188
11,0.110000,-0.003730,-0.011849,0.018491,0.999752,-29.226149,419.644745,138.709076
12,0.120000,-0.003681,-0.011872,0.018741,0.999747,-29.233337,419.647339,138.717651
13,0.130000,-0.003652,-0.011915,0.018811,0.999745,-29.239624,419.649597,138.726532
14,0.140000,-0.003640,-0.011865,0.018838,0.999746,-29.242693,419.650330,138.734360
15,0.150000,-0.003667,-0.011884,0.018772,0.999747,-29.224884,419.650787,138.736160
16,0.160000,-0.003707,-0.011894,0.018687,0.999748,-29.192215,419.653046,138.732285
17,0.170000,-0.003733,-0.011944,0.018644,0.999748,-29.150288,419.657990,138.727600
18,0.180000,-0.003751,-0.012012,0.018846,0.999743,-29.101271,419.674683,138.726944
19,0.190000,-0.003639,-0.011545,0.018490,0.999756,-29.027925,419.686615,138.727036
20,0.200000,-0.003770,-0.012016,0.019588,0.999729,-28.995506,419.701141,138.709503
21,0.210000,-0.003778,-0.011855,0.019545,0.999732,-28.944536,419.716736,138.723053
22,0.220000,-0.003811,-0.012119,0.019699,0.999725,-28.889740,419.722076,138.735046
23,0.230000,-0.003871,-0.012343,0.019900,0.999718,-28.863684,419.731323,138.743347
24,0.240000,-0.003771,-0.011950,0.019342,0.999734,-28.812052,419.728455,138.751663
25,0.250000,-0.002754,-0.011949,0.019693,0.999731,-28.772923,419.716125,138.690414
26,0.260000,-0.003113,-0.012146,0.019772,0.999726,-28.741486,419.728577,138.752136
27,0.270000,-0.003122,-0.012558,0.020317,0.999710,-28.673147,419.715057,138.763062
28,0.280000,-0.003100,-0.012162,0.019949,0.999722,-28.595015,419.709778,138.771866
29,0.290000,-0.003103,-0.012253,0.020225,0.999716,-28.510019,419.719788,138.775711
30,0.300000,-0.002958,-0.012091,0.019554,0.999731,-28.367203,419.725800,138.811966
31,0.310000,-0.003692,-0.011940,0.019160,0.999738,-28.233332,419.740173,138.875748
32,0.320000,-0.003811,-0.011953,0.019389,0.999733,-28.048626,419.744415,138.900436
33,0.330000,-0.003619,-0.011718,0.018977,0.999745,-27.830242,419.725159,138.864029
34,0.340000,-0.003579,-0.011541,0.018944,0.999748,-27.621086,419.722992,138.864609
35,0.350000,-0.003601,-0.011533,0.018882,0.999749,-27.336170,419.726807,138.869797
36,0.360000,-0.003622,-0.011657,0.018941,0.999746,-27.077684,419.738373,138.881653
37,0.370000,-0.003650,-0.011776,0.019244,0.999739,-26.772177,419.737549,138.893234
38,0.380000,-0.003069,-0.011788,0.019500,0.999736,-26.454378,419.737610,138.918869
39,0.390000,,,,,,,
40,0.400000,,,,,,,
41,0.410000,-0.003832,-0.012121,0.019280,0.999733,-25.536739,419.739075,139.026886
42,0.420000,-0.004081,-0.012097,0.019265,0.999733,-25.108681,419.744141,139.049026
43,0.430000,-0.002738,-0.011961,0.019614,0.999732,-24.678997,419.708679,138.933716
44,0.440000,-0.002784,-0.011742,0.019439,0.999738,-24.299324,419.707855,138.940399
45,0.450000,,,,,,,
46,0.460000,-0.004378,-0.012272,0.019906,0.999717,-23.559948,419.757416,139.070984
47,0.470000,-0.003938,-0.011782,0.019087,0.999741,-23.169790,419.749268,139.068924
48,0.480000,-0.003949,-0.011692,0.018982,0.999744,-22.714891,419.755524,139.091919
49,0.490000,-0.002991,-0.011700,0.019349,0.999740,-22.296864,419.742981,139.042603
50,0.500000,,,,,,,
51,0.510000,-0.004134,-0.012062,0.019417,0.999730,-21.553303,419.767273,139.211243
52,0.520000,-0.003303,-0.012136,0.019697,0.999727,-21.000940,419.746948,139.206650
53,0.530000,,,,,,,
54,0.540000,-0.004125,-0.012112,0.019423,0.999730,-20.078253,419.743011,139.350082
55,0.550000,,,,,,,
56,0.560000,-0.003043,-0.011662,0.019195,0.999743,-19.139153,419.691803,139.293732
57,0.570000,-0.003732,-0.011602,0.018793,0.999749,-18.486609,419.676941,139.388000
58,0.580000,,,,,,,
59,0.590000,-0.003218,-0.011769,0.019151,0.999742,-17.499950,419.668121,139.452972
60,0.600000,-0.003809,-0.011738,0.018807,0.999747,-16.802309,419.665375,139.495911
61,0.610000,-0.003815,-0.011514,0.018672,0.999752,-16.218700,419.667450,139.535126
62,0.620000,-0.003227,-0.012231,0.019682,0.999726,-15.634648,419.670044,139.564575
63,0.630000,-0.003235,-0.012009,0.019502,0.999733,-15.092074,419.661163,139.593811
64,0.640000,-0.004179,-0.011927,0.018825,0.999743,-14.460866,419.670410,139.689835
65,0.650000,-0.002872,-0.011671,0.019132,0.999745,-13.831593,419.630829,139.605591
66,0.660000,-0.002939,-0.011513,0.018888,0.999751,-13.302073,419.635834,139.635117
67,0.670000,-0.003866,-0.011589,0.018533,0.999754,-12.649342,419.644653,139.735077
68,0.680000,-0.002956,-0.011879,0.019287,0.999739,-12.047306,419.632721,139.702332
69,0.690000,-0.003280,-0.011847,0.019280,0.999739,-11.468450,419.642303,139.813873
70,0.700000,,,,,,,
71,0.710000,-0.002393,-0.011523,0.017966,0.999769,-10.394472,419.589020,139.844482
72,0.720000,-0.003328,-0.012224,0.019614,0.999727,-9.653381,419.624176,139.930313
73,0.730000,-0.004182,-0.011968,0.018761,0.999744,-9.053388,419.630890,140.032898
74,0.740000,-0.003078,-0.011700,0.019064,0.999745,-8.491518,419.597717,139.953827
75,0.750000,-0.003831,-0.011509,0.018554,0.999754,-7.836222,419.602875,140.046585
76,0.760000,-0.003885,-0.011610,0.018547,0.999753,-7.232538,419.603760,140.095016
77,0.770000,-0.003278,-0.011922,0.019369,0.999736,-6.630156,419.602142,140.123428
78,0.780000,-0.004255,-0.011942,0.018789,0.999743,-6.028314,419.612000,140.216522
79,0.790000,-0.004267,-0.011918,0.018817,0.999743,-5.479125,419.602814,140.248215
80,0.800000,-0.003388,-0.012094,0.019034,0.999740,-4.806548,419.581909,140.241180
81,0.810000,,,,,,,
82,0.820000,-0.003951,-0.011507,0.018265,0.999759,-3.701095,419.575745,140.297882
83,0.830000,-0.003877,-0.011516,0.018444,0.999756,-2.945623,419.554840,140.353027
84,0.840000,-0.003944,-0.011682,0.018419,0.999754,-2.347015,419.548462,140.398392
85,0.850000,-0.003326,-0.011925,0.019119,0.999741,-1.736206,419.537659,140.440201
86,0.860000,-0.003331,-0.012018,0.019138,0.999739,-1.133083,419.530212,140.474411
87,0.870000,-0.004108,-0.011764,0.018504,0.999751,-0.614155,419.544861,140.556396
88,0.880000,-0.003281,-0.012064,0.019269,0.999736,0.026369,419.521667,140.548218
89,0.890000,-0.004232,-0.011853,0.018384,0.999752,0.576883,419.538544,140.634018
90,0.900000,,,,,,,
91,0.910000,-0.003975,-0.011358,0.018319,0.999760,1.561813,419.521210,140.642822
92,0.920000,-0.004173,-0.012026,0.018734,0.999744,2.174704,419.530212,140.745224
93,0.930000,-0.004188,-0.011679,0.018282,0.999756,2.669177,419.530914,140.768784
94,0.940000,-0.003469,-0.011862,0.018977,0.999744,3.177108,419.518005,140.734192
95,0.950000,-0.003494,-0.012029,0.019160,0.999738,3.606123,419.520691,140.756638
96,0.960000,-0.003479,-0.012140,0.019040,0.999739,4.128439,419.517029,140.793121
97,0.970000,-0.004271,-0.012230,0.018912,0.999737,4.586697,419.535828,140.881454
98,0.980000,-0.004281,-0.011940,0.018672,0.999745,4.992125,419.526550,140.909546
99,0.990000,-0.004246,-0.011788,0.018465,0.999751,5.471939,419.515289,140.942535
100,1.000000,-0.003963,-0.011496,0.018091,0.999762,5.931479,419.488770,140.931046
101,1.010000,-0.004241,-0.011827,0.018290,0.999754,6.356575,419.492310,141.015244
102,1.020000,-0.004204,-0.011784,0.018166,0.999757,6.800204,419.479950,141.041519
103,1.030000,-0.004212,-0.011843,0.018249,0.999754,7.187041,419.473206,141.069916
104,1.040000,-0.003938,-0.011475,0.017835,0.999767,7.678348,419.453979,141.044022
105,1.050000,-0.003380,-0.012195,0.019188,0.999736,8.097997,419.457062,141.059616
106,1.060000,-0.003411,-0.012122,0.019027,0.999740,8.470053,419.454529,141.071671
107,1.070000,-0.003456,-0.012021,0.019015,0.999741,8.909322,419.457581,141.096634
108,1.080000,-0.003544,-0.011903,0.018731,0.999747,9.284024,419.462708,141.117889
109,1.090000,-0.004413,-0.011892,0.018150,0.999755,9.659024,419.470795,141.196045
110,1.100000,-0.005033,-0.011900,0.019938,0.999718,10.073311,419.474091,141.234390
111,1.110000,-0.004338,-0.011875,0.018635,0.999747,10.351113,419.471527,141.238251
112,1.120000,-0.004304,-0.012111,0.018546,0.999745,10.749751,419.453064,141.271545
113,1.130000,-0.005254,-0.012462,0.020474,0.999699,11.100783,419.471252,141.356949
114,1.140000,-0.005259,-0.012519,0.020544,0.999697,11.394776,419.468018,141.378250
115,1.150000,-0.003994,-0.011374,0.017767,0.999770,11.732548,419.431396,141.282730
116,1.160000,-0.003348,-0.011957,0.019021,0.999742,12.051268,419.423615,141.301346
117,1.170000,-0.003114,-0.011925,0.018731,0.999749,12.331078,419.409515,141.318954
118,1.180000,-0.003055,-0.012099,0.018798,0.999745,12.613285,419.411591,141.327393
119,1.190000,-0.003405,-0.012097,0.019059,0.999739,12.871935,419.433838,141.334000
120,1.200000,-0.004319,-0.011844,0.018445,0.999750,13.140373,419.456818,141.399673
121,1.210000,-0.003627,-0.012483,0.019507,0.999725,13.392737,419.429993,141.343323
122,1.220000,-0.003068,-0.011779,0.018920,0.999747,13.645281,419.420471,141.326355
123,1.230000,-0.002735,-0.011510,0.018387,0.999761,13.890059,419.394653,141.340027
124,1.240000,-0.005058,-0.011894,0.020176,0.999713,14.122060,419.469788,141.488647
125,1.250000,-0.005094,-0.011794,0.019856,0.999720,14.347293,419.462738,141.496384
126,1.260000,-0.004370,-0.011916,0.018237,0.999753,14.509730,419.458466,141.494293
127,1.270000,-0.004358,-0.011725,0.018110,0.999758,14.673448,419.459686,141.495987
128,1.280000,-0.004363,-0.012042,0.018776,0.999742,14.860108,419.469604,141.506546
129,1.290000,-0.005325,-0.012318,0.020033,0.999709,15.080891,419.481079,141.585068
130,1.300000,-0.005375,-0.012548,0.020841,0.999690,15.242818,419.486420,141.598694
131,1.310000,-0.005354,-0.012571,0.020529,0.999696,15.429420,419.490112,141.611420
132,1.320000,-0.004389,-0.012011,0.018621,0.999745,15.593364,419.477997,141.558075
133,1.330000,-0.004096,-0.011691,0.018216,0.999757,15.787052,419.458954,141.522095
134,1.340000,-0.004050,-0.011563,0.018131,0.999761,15.985071,419.454987,141.538025
135,1.350000,-0.004082,-0.011648,0.018265,0.999757,16.142122,419.457184,141.554077
136,1.360000,-0.004325,-0.012046,0.018463,0.999748,16.355146,419.470520,141.613083
137,1.370000,-0.004089,-0.012400,0.019839,0.999718,16.557573,419.451660,141.617905
138,1.380000,-0.005220,-0.012367,0.020367,0.999703,16.755537,419.482849,141.697479
139,1.390000,-0.005134,-0.012571,0.020610,0.999695,16.979055,419.475769,141.712036
140,1.400000,-0.003427,-0.011836,0.018798,0.999747,17.194368,419.440063,141.605225
141,1.410000,-0.003457,-0.011960,0.018962,0.999743,17.409706,419.445038,141.612717
142,1.420000,-0.003130,-0.011561,0.018613,0.999755,17.648499,419.420959,141.564560
143,1.430000,-0.002978,-0.011623,0.018567,0.999756,17.830795,419.380646,141.566910
144,1.440000,-0.005282,-0.012336,0.020438,0.999701,18.103832,419.431366,141.718811
145,1.450000,-0.004903,-0.011872,0.019458,0.999728,18.326067,419.433258,141.740555
146,1.460000,-0.004671,-0.011854,0.019559,0.999728,18.497877,419.436829,141.725220
147,1.470000,-0.003582,-0.011975,0.018751,0.999746,18.692104,419.438843,141.675888
148,1.480000,-0.004414,-0.011906,0.018345,0.999751,18.863405,419.451721,141.735992
149,1.490000,-0.004461,-0.011890,0.018181,0.999754,19.057295,419.450958,141.750656
150,1.500000,-0.005466,-0.012465,0.020044,0.999707,19.277309,419.454590,141.847275
151,1.510000,-0.005497,-0.012640,0.020240,0.999700,19.444098,419.458374,141.862335
152,1.520000,-0.004525,-0.011910,0.018060,0.999756,19.568068,419.461273,141.792419
153,1.530000,-0.005499,-0.012371,0.020476,0.999699,19.701286,419.485687,141.864212
154,1.540000,-0.005188,-0.011834,0.020098,0.999715,19.826952,419.481598,141.830093
155,1.550000,-0.005144,-0.012060,0.020016,0.999714,19.927212,419.464630,141.829147
156,1.560000,-0.004173,-0.011633,0.018159,0.999759,20.008371,419.442108,141.767654
157,1.570000,-0.004133,-0.011621,0.018291,0.999757,20.048103,419.433990,141.770538
158,1.580000,-0.004096,-0.011507,0.018193,0.999760,20.105743,419.438507,141.779709
159,1.590000,-0.004083,-0.011514,0.018299,0.999758,20.122568,419.437317,141.787109
160,1.600000,-0.004029,-0.011516,0.018230,0.999759,20.154020,419.431427,141.800232
161,1.610000,-0.004022,-0.011578,0.018237,0.999759,20.155582,419.419586,141.807800
162,1.620000,-0.003996,-0.011598,0.018329,0.999757,20.170628,419.418213,141.809082
163,1.630000,-0.004003,-0.011599,0.018338,0.999757,20.172373,419.415710,141.810074
164,1.640000,-0.004026,-0.011521,0.018250,0.999759,20.181023,419.418091,141.801971
165,1.650000,-0.004035,-0.011542,0.018304,0.999758,20.178574,419.420898,141.800079
166,1.660000,-0.004048,-0.011571,0.018402,0.999756,20.177864,419.425873,141.795395
167,1.670000,-0.004042,-0.011601,0.018526,0.999753,20.173508,419.432739,141.797638
168,1.680000,-0.004038,-0.011603,0.018590,0.999752,20.171318,419.438995,141.798340
169,1.690000,-0.004039,-0.011581,0.018583,0.999752,20.168524,419.444794,141.801605
170,1.700000,-0.004052,-0.011575,0.018592,0.999752,20.163935,419.447083,141.799805
171,1.710000,-0.004053,-0.011626,0.018669,0.999750,20.163099,419.451233,141.798157
172,1.720000,-0.004062,-0.011578,0.018641,0.999751,20.163364,419.455750,141.792770
173,1.730000,-0.004056,-0.011598,0.018694,0.999750,20.162842,419.460327,141.788162
174,1.740000,-0.004070,-0.011632,0.018746,0.999748,20.168179,419.460876,141.787094
175,1.750000,-0.004077,-0.011682,0.018749,0.999748,20.178604,419.458130,141.791763
176,1.760000,-0.004074,-0.011643,0.018684,0.999749,20.188669,419.451508,141.794449
177,1.770000,-0.004066,-0.011679,0.018764,0.999747,20.196003,419.453278,141.794785
178,1.780000,-0.004059,-0.011654,0.018741,0.999748,20.195808,419.455139,141.792618
179,1.790000,-0.004054,-0.011648,0.018738,0.999748,20.191406,419.460663,141.793732
180,1.800000,-0.004058,-0.011666,0.018871,0.999746,20.175194,419.467346,141.793396
181,1.810000,-0.004068,-0.011654,0.018939,0.999744,20.165089,419.473053,141.791718
182,1.820000,-0.004087,-0.011653,0.018995,0.999743,20.152723,419.482727,141.786026
183,1.830000,-0.004090,-0.011643,0.019018,0.999743,20.149031,419.489349,141.785934
184,1.840000,-0.004085,-0.011622,0.018991,0.999744,20.153128,419.495544,141.787949
185,1.850000,-0.004188,-0.011887,0.019465,0.999731,20.157419,419.487213,141.773682
186,1.860000,-0.004069,-0.011649,0.019049,0.999742,20.190092,419.497650,141.796097
187,1.870000,-0.004016,-0.011548,0.018952,0.999746,20.224707,419.497559,141.808655
188,1.880000,-0.003996,-0.011709,0.018903,0.999745,20.271706,419.488892,141.831818
189,1.890000,-0.004950,-0.012146,0.020663,0.999700,20.334032,419.500763,141.914932
190,1.900000,-0.003993,-0.011911,0.019213,0.999737,20.356443,419.491272,141.854630
191,1.910000,-0.004864,-0.012285,0.020846,0.999695,20.418924,419.506012,141.923584
192,1.920000,-0.004959,-0.012170,0.020840,0.999696,20.471823,419.511871,141.934250
193,1.930000,-0.004986,-0.012230,0.020947,0.999693,20.515282,419.517303,141.936798
194,1.940000,-0.005033,-0.012231,0.021173,0.999688,20.558712,419.527466,141.934433
195,1.950000,-0.005066,-0.012221,0.021234,0.999687,20.599049,419.542328,141.927002
196,1.960000,-0.004158,-0.011829,0.019431,0.999733,20.610224,419.545471,141.848206
197,1.970000,-0.005087,-0.012120,0.021108,0.999691,20.676554,419.574280,141.910995
198,1.980000,-0.005142,-0.012252,0.021191,0.999687,20.710144,419.592773,141.906204
199,1.990000,-0.005139,-0.012227,0.021500,0.999681,20.753275,419.601562,141.911484
200,2.000000,-0.005075,-0.012304,0.021692,0.999676,20.809237,419.620911,141.912125
201,2.010000,-0.005155,-0.012259,0.021636,0.999677,20.873966,419.618744,141.923676
202,2.020000,-0.005138,-0.012143,0.021646,0.999679,20.943617,419.606018,141.932541
203,2.030000,-0.005087,-0.011994,0.021493,0.999684,21.010998,419.609680,141.940552
204,2.040000,-0.005007,-0.011893,0.021396,0.999688,21.076796,419.622955,141.946854
205,2.050000,-0.005329,-0.012423,0.022153,0.999663,21.141947,419.643799,141.999237
206,2.060000,-0.004365,-0.012089,0.020411,0.999709,21.193672,419.624390,141.937012
207,2.070000,-0.005293,-0.012548,0.022162,0.999662,21.312613,419.632568,142.004974
208,2.080000,-0.004381,-0.012101,0.020339,0.999710,21.371635,419.630951,141.952194
209,2.090000,-0.004385,-0.012170,0.020694,0.999702,21.454424,419.649048,141.958282
210,2.100000,-0.004423,-0.012327,0.020688,0.999700,21.547089,419.658508,141.974945
211,2.110000,-0.003619,-0.012570,0.021748,0.999678,21.665180,419.653198,141.920212
212,2.120000,-0.003654,-0.012641,0.021429,0.999684,21.767393,419.660309,141.917847
213,2.130000,-0.003627,-0.012322,0.020784,0.999702,21.854311,419.633179,141.926468
214,2.140000,-0.003718,-0.012422,0.021146,0.999692,21.937883,419.634369,141.923248
215,2.150000,-0.003790,-0.012479,0.021310,0.999688,21.995070,419.642548,141.923370
216,2.160000,-0.003807,-0.012471,0.021776,0.999678,22.052509,419.659943,141.920944
217,2.170000,-0.003853,-0.012474,0.021571,0.999682,22.113819,419.658020,141.932266
218,2.180000,-0.003907,-0.012536,0.021531,0.999682,22.159189,419.654480,141.937988
219,2.190000,-0.003931,-0.012262,0.021225,0.999692,22.211809,419.657196,141.943451
220,2.200000,-0.003973,-0.012192,0.021194,0.999693,22.245285,419.666779,141.951538
221,2.210000,-0.003962,-0.012372,0.021669,0.999681,22.292452,419.671875,141.961884
222,2.220000,-0.003977,-0.012410,0.021784,0.999678,22.332800,419.680267,141.970932
223,2.230000,-0.004011,-0.012429,0.021881,0.999675,22.376335,419.689453,141.974075
224,2.240000,-0.004087,-0.012520,0.022036,0.999671,22.438192,419.693848,141.972900
225,2.250000,-0.004162,-0.012614,0.022251,0.999664,22.499319,419.693512,141.970444
226,2.260000,-0.004221,-0.012687,0.022135,0.999666,22.555883,419.701141,141.967270
227,2.270000,-0.004332,-0.012614,0.022167,0.999665,22.607220,419.702789,141.947906
228,2.280000,-0.003829,-0.012350,0.021558,0.999684,22.654812,419.740967,141.919983
229,2.290000,-0.003806,-0.012374,0.021934,0.999676,22.696419,419.753265,141.917984
230,2.300000,-0.003867,-0.012439,0.022000,0.999673,22.733309,419.765442,141.916229
231,2.310000,-0.003875,-0.012426,0.022024,0.999673,22.756786,419.771332,141.915298
232,2.320000,-0.003866,-0.012415,0.022067,0.999672,22.783558,419.772888,141.918884
233,2.330000,-0.003834,-0.012468,0.022067,0.999671,22.811695,419.768494,141.927338
234,2.340000,-0.003820,-0.012642,0.022176,0.999667,22.856125,419.749573,141.942062
235,2.350000,-0.003801,-0.012582,0.022205,0.999667,22.884354,419.741943,141.942230
236,2.360000,-0.003392,-0.012123,0.021657,0.999686,22.939451,419.709991,141.894379
237,2.370000,-0.003379,-0.012182,0.021746,0.999684,22.970020,419.728302,141.901627
238,2.380000,-0.003324,-0.011903,0.021363,0.999695,23.027416,419.731018,141.910004
239,2.390000,-0.003295,-0.011915,0.021441,0.999694,23.081285,419.725342,141.919128
240,2.400000,-0.003156,-0.011808,0.021120,0.999702,23.135525,419.693970,141.941895
241,2.410000,-0.003159,-0.011822,0.021225,0.999700,23.195839,419.689117,141.949463
242,2.420000,-0.005047,-0.012299,0.022759,0.999653,23.278688,419.734161,142.062027
243,2.430000,-0.005284,-0.012427,0.022917,0.999646,23.347692,419.739288,142.074051
244,2.440000,-0.005207,-0.012089,0.022448,0.999661,23.416965,419.749298,142.071320
245,2.450000,-0.005223,-0.012261,0.022545,0.999657,23.476328,419.773468,142.064758
246,2.460000,-0.005290,-0.012308,0.022933,0.999647,23.540270,419.784973,142.066956
247,2.470000,-0.005301,-0.012383,0.023114,0.999642,23.597792,419.790283,142.069290
248,2.480000,-0.005350,-0.012519,0.023477,0.999632,23.676733,419.789368,142.079391
249,2.490000,-0.005351,-0.012538,0.023367,0.999634,23.749405,419.787720,142.091110
250,2.500000,-0.005289,-0.012235,0.022893,0.999649,23.832249,419.783813,142.096939
251,2.510000,-0.004312,-0.011880,0.021257,0.999694,23.911196,419.772980,142.037796
252,2.520000,-0.003693,-0.012530,0.022469,0.999662,24.009409,419.781342,142.037140
253,2.530000,-0.003728,-0.012590,0.022706,0.999656,24.105169,419.783783,142.043091
254,2.540000,-0.004522,-0.012213,0.021593,0.999682,24.207771,419.800110,142.101044
255,2.550000,-0.004592,-0.012562,0.021757,0.999674,24.343296,419.779663,142.118164
256,2.560000,-0.005547,-0.013007,0.023864,0.999615,24.503168,419.795959,142.179245
257,2.570000,-0.005519,-0.012760,0.023415,0.999629,24.634329,419.798431,142.178452
258,2.580000,-0.005571,-0.012940,0.023812,0.999617,24.769073,419.812256,142.185837
259,2.590000,-0.005681,-0.013252,0.024608,0.999593,24.907459,419.816895,142.183624
260,2.600000,-0.005631,-0.012793,0.023957,0.999615,25.079073,419.843414,142.204163
261,2.610000,-0.004411,-0.012018,0.021961,0.999677,25.226728,419.817474,142.099792
262,2.620000,-0.004410,-0.011881,0.021428,0.999690,25.395973,419.798981,142.114319
263,2.630000,-0.004454,-0.012045,0.021634,0.999683,25.538111,419.796753,142.131073
264,2.640000,-0.003471,-0.012318,0.022792,0.999658,25.715227,419.796051,142.066254
265,2.650000,-0.003378,-0.012036,0.022619,0.999666,25.879936,419.796600,142.081879
266,2.660000,-0.005149,-0.012261,0.023393,0.999638,26.046999,419.823059,142.213028
267,2.670000,-0.005524,-0.012962,0.024204,0.999608,26.200619,419.818237,142.254654
268,2.680000,-0.005165,-0.012636,0.023793,0.999624,26.362566,419.836060,142.279770
269,2.690000,-0.003879,-0.012924,0.023267,0.999638,26.520103,419.825012,142.206711
270,2.700000,-0.003835,-0.012635,0.022780,0.999653,26.665010,419.816589,142.221512
271,2.710000,-0.003666,-0.012544,0.022905,0.999652,26.787958,419.796631,142.233932
272,2.720000,-0.003747,-0.012589,0.023161,0.999645,26.960966,419.831787,142.226288
273,2.730000,-0.003181,-0.012041,0.022604,0.999667,27.112869,419.784119,142.191315
274,2.740000,-0.003118,-0.011944,0.022569,0.999669,27.255312,419.774323,142.199203
275,2.750000,-0.003096,-0.011863,0.022101,0.999681,27.418880,419.766144,142.208603
276,2.760000,-0.003049,-0.011931,0.022477,0.999672,27.559332,419.775665,142.210846
277,2.770000,-0.005302,-0.012335,0.024143,0.999618,27.721308,419.862549,142.345734
278,2.780000,-0.003489,-0.012124,0.022806,0.999660,27.844816,419.837738,142.224884
279,2.790000,-0.004308,-0.012048,0.022498,0.999665,27.947924,419.851868,142.280899
280,2.800000,-0.005373,-0.012426,0.024206,0.999615,28.128490,419.867737,142.343002
281,2.810000,-0.005376,-0.012280,0.023729,0.999629,28.254868,419.866608,142.341827
282,2.820000,-0.005533,-0.012563,0.024207,0.999613,28.371504,419.860199,142.353226
283,2.830000,-0.005839,-0.012822,0.024474,0.999601,28.497797,419.863007,142.421051
284,2.840000,-0.004758,-0.012151,0.022466,0.999663,28.571342,419.865784,142.362091
285,2.850000,-0.004781,-0.012370,0.022806,0.999652,28.701601,419.864899,142.362717
286,2.860000,-0.005766,-0.012754,0.024722,0.999596,28.859335,419.883209,142.435425
287,2.870000,-0.005768,-0.012631,0.024360,0.999607,28.976473,419.887238,142.435486
288,2.880000,-0.005807,-0.012734,0.024507,0.999602,29.144896,419.885406,142.432831
289,2.890000,-0.004627,-0.011609,0.022287,0.999674,29.291842,419.857330,142.314041
290,2.900000,-0.005496,-0.012031,0.023891,0.999627,29.469379,419.870941,142.379456
291,2.910000,-0.005634,-0.012140,0.024022,0.999622,29.668892,419.869446,142.392578
292,2.920000,-0.005696,-0.012031,0.023715,0.999630,29.853292,419.877106,142.382812
293,2.930000,-0.005955,-0.012385,0.024324,0.999610,30.034548,419.906769,142.368271
294,2.940000,-0.005800,-0.012049,0.023850,0.999626,30.216368,419.914978,142.337936
295,2.950000,-0.004474,-0.012193,0.023322,0.999644,30.391075,419.903137,142.224777
296,2.960000,-0.004141,-0.011672,0.022513,0.999670,30.585863,419.885040,142.214996
297,2.970000,-0.004013,-0.011813,0.022918,0.999660,30.747524,419.896790,142.220398
298,2.980000,-0.006160,-0.012370,0.024271,0.999610,30.934481,419.941162,142.407211
299,2.990000,-0.006130,-0.012440,0.024500,0.999604,31.133644,419.922241,142.452637
300,3.000000,-0.006213,-0.012304,0.024485,0.999605,31.329676,419.933105,142.486588
301,3.010000,-0.005882,-0.011831,0.024194,0.999620,31.523106,419.917023,142.458694
302,3.020000,-0.005892,-0.012028,0.024274,0.999616,31.733103,419.891815,142.478745
303,3.030000,-0.005679,-0.011904,0.024192,0.999620,31.897400,419.889832,142.509674
304,3.040000,-0.004763,-0.011515,0.022672,0.999665,32.095882,419.878143,142.463257
305,3.050000,-0.005846,-0.012098,0.024273,0.999615,32.337780,419.868744,142.535095
306,3.060000,-0.006022,-0.012455,0.024446,0.999605,32.531803,419.865936,142.597672
307,3.070000,-0.006140,-0.012470,0.024397,0.999606,32.765343,419.878662,142.591751
308,3.080000,-0.006234,-0.012452,0.024574,0.999601,32.965088,419.905914,142.585602
309,3.090000,-0.006270,-0.012172,0.024241,0.999612,33.175625,419.907867,142.577301
310,3.100000,-0.005111,-0.011369,0.022327,0.999673,33.364063,419.870850,142.468826
311,3.110000,-0.005070,-0.011302,0.022306,0.999674,33.530170,419.872559,142.484924
312,3.120000,-0.006014,-0.011933,0.024202,0.999618,33.762680,419.882843,142.596710
313,3.130000,-0.006151,-0.012053,0.024015,0.999620,33.944065,419.868073,142.623016
314,3.140000,-0.005721,-0.011805,0.024001,0.999626,34.070110,419.876801,142.634567
315,3.150000,-0.005382,-0.011686,0.024125,0.999626,34.202332,419.895294,142.620651
316,3.160000,-0.005172,-0.011698,0.024011,0.999630,34.358009,419.894897,142.626663
317,3.170000,-0.006007,-0.012308,0.024852,0.999597,34.501957,419.918884,142.723373
318,3.180000,-0.005984,-0.012271,0.024262,0.999612,34.664158,419.875641,142.738785
319,3.190000,-0.005886,-0.012495,0.024295,0.999609,34.831818,419.857452,142.745468
320,3.200000,-0.004391,-0.012187,0.023839,0.999632,34.966480,419.874023,142.635468
321,3.210000,-0.004313,-0.012046,0.023342,0.999646,35.129337,419.866455,142.640488
322,3.220000,-0.005778,-0.011798,0.024171,0.999622,35.302673,419.900116,142.681870
323,3.230000,-0.006222,-0.012121,0.024140,0.999616,35.468357,419.894531,142.737381
324,3.240000,-0.006028,-0.011617,0.023810,0.999631,35.660789,419.895203,142.697205
325,3.250000,-0.005847,-0.011663,0.024017,0.999627,35.813988,419.895203,142.677689
326,3.260000,-0.005669,-0.011587,0.023910,0.999631,35.985229,419.901093,142.668167
327,3.270000,-0.004429,-0.011592,0.023584,0.999645,36.135445,419.898224,142.581802
328,3.280000,-0.005488,-0.011869,0.022880,0.999653,36.288242,419.913727,142.710037
329,3.290000,-0.005394,-0.012037,0.023168,0.999645,36.492325,419.889435,142.734268
330,3.300000,-0.005351,-0.011895,0.022922,0.999652,36.638496,419.885071,142.743988
331,3.310000,-0.006270,-0.012150,0.024444,0.999608,36.876610,419.899078,142.814560
332,3.320000,-0.006280,-0.012177,0.024346,0.999610,37.069649,419.898224,142.822418
333,3.330000,-0.006480,-0.012201,0.024306,0.999609,37.290627,419.906189,142.827408
334,3.340000,-0.005246,-0.012462,0.024050,0.999619,37.478374,419.881134,142.666092
335,3.350000,-0.004835,-0.011660,0.023201,0.999651,37.702072,419.897095,142.599625
336,3.360000,-0.004821,-0.011315,0.022329,0.999675,37.922424,419.828613,142.572327
337,3.370000,-0.006655,-0.011595,0.023861,0.999626,38.117828,419.939911,142.704605
338,3.380000,-0.006684,-0.011666,0.023749,0.999628,38.286018,419.945709,142.719284
339,3.390000,-0.006692,-0.011608,0.023650,0.999631,38.493408,419.939911,142.743561
340,3.400000,-0.006691,-0.011892,0.023616,0.999628,38.680038,419.911835,142.780289
341,3.410000,-0.006785,-0.011880,0.023456,0.999631,38.787952,419.934906,142.834732
342,3.420000,-0.006448,-0.011969,0.023821,0.999624,38.928318,419.909180,142.862106
343,3.430000,-0.006255,-0.012218,0.023954,0.999619,39.045570,419.885315,142.886841
344,3.440000,-0.005704,-0.011406,0.022889,0.999657,39.193222,419.851837,142.869614
345,3.450000,-0.005329,-0.011495,0.022081,0.999676,39.301125,419.841278,142.837463
346,3.460000,-0.004291,-0.011317,0.022442,0.999675,39.410805,419.808044,142.805161
347,3.470000,-0.004144,-0.011219,0.022277,0.999680,39.526569,419.785889,142.840836
348,3.480000,-0.004989,-0.011025,0.021232,0.999701,39.591095,419.802856,142.903839
349,3.490000,-0.005045,-0.011109,0.021516,0.999694,39.669548,419.805725,142.883209
350,3.500000,-0.005092,-0.011159,0.021505,0.999694,39.741257,419.805878,142.869354
351,3.510000,-0.005403,-0.011689,0.021939,0.999676,39.777458,419.823700,142.906616
352,3.520000,-0.005450,-0.011685,0.021839,0.999678,39.825089,419.825806,142.910324
353,3.530000,-0.005473,-0.011795,0.021921,0.999675,39.867577,419.827087,142.905930
354,3.540000,-0.005498,-0.011798,0.021911,0.999675,39.890774,419.829010,142.901733
355,3.550000,-0.005498,-0.011800,0.021889,0.999676,39.911549,419.829956,142.902252
356,3.560000,-0.005498,-0.011781,0.021794,0.999678,39.926144,419.825684,142.907883
357,3.570000,-0.005488,-0.011737,0.021654,0.999682,39.940887,419.816193,142.915726
358,3.580000,-0.005461,-0.011719,0.021565,0.999684,39.950916,419.805603,142.921295
359,3.590000,-0.005552,-0.011754,0.021422,0.999686,39.975979,419.792267,142.915039
360,3.600000,-0.005626,-0.011762,0.021328,0.999688,39.997768,419.787018,142.907455
361,3.610000,-0.005675,-0.011697,0.021194,0.999691,40.020748,419.787170,142.898727
362,3.620000,-0.006446,-0.011988,0.022411,0.999656,40.062782,419.792999,142.945786
363,3.630000,-0.006600,-0.012094,0.022947,0.999642,40.103615,419.798798,142.949142
364,3.640000,-0.006470,-0.012165,0.023043,0.999640,40.136574,419.807404,142.959854
365,3.650000,-0.006327,-0.012126,0.023063,0.999640,40.179489,419.796997,142.964508
366,3.660000,-0.006248,-0.012048,0.022997,0.999643,40.223434,419.797760,142.961609
367,3.670000,-0.006431,-0.012058,0.023105,0.999640,40.268856,419.809570,142.963074
368,3.680000,-0.006463,-0.012123,0.023044,0.999640,40.318737,419.812134,142.954926
369,3.690000,-0.006466,-0.012034,0.022876,0.999645,40.352234,419.815979,142.947632
370,3.700000,-0.006449,-0.011998,0.022788,0.999648,40.373371,419.817535,142.942047
371,3.710000,-0.006501,-0.011982,0.022686,0.999650,40.390713,419.815735,142.938049
372,3.720000,-0.006568,-0.011980,0.022653,0.999650,40.393761,419.813110,142.940933
373,3.730000,-0.006547,-0.011985,0.022684,0.999649,40.391567,419.812469,142.949509
374,3.740000,-0.006593,-0.012009,0.022702,0.999648,40.386597,419.810760,142.949432
375,3.750000,-0.006599,-0.012067,0.022739,0.999647,40.384567,419.811646,142.952850
376,3.760000,-0.006562,-0.012076,0.022736,0.999647,40.383484,419.811554,142.958145
377,3.770000,-0.006568,-0.012073,0.022712,0.999648,40.388500,419.808716,142.957672
378,3.780000,-0.006564,-0.012056,0.022712,0.999648,40.392178,419.809570,142.958405
379,3.790000,-0.006545,-0.012049,0.022701,0.999648,40.393826,419.808685,142.964066
380,3.800000,-0.006535,-0.012072,0.022718,0.999648,40.390793,419.806824,142.970581
381,3.810000,-0.006444,-0.012110,0.022791,0.999646,40.387775,419.794830,142.972427
382,3.820000,-0.006403,-0.012143,0.022799,0.999646,40.379536,419.795349,142.968857
383,3.830000,-0.006363,-0.012134,0.022821,0.999646,40.369740,419.793793,142.968399
384,3.840000,-0.006267,-0.012104,0.022766,0.999648,40.354824,419.790314,142.976761
385,3.850000,-0.006126,-0.012146,0.022813,0.999647,40.346710,419.785095,142.992752
386,3.860000,-0.005956,-0.012186,0.022863,0.999647,40.338627,419.778625,143.016495
387,3.870000,-0.005746,-0.012345,0.022707,0.999650,40.357937,419.752838,143.064743
388,3.880000,-0.005461,-0.012369,0.022699,0.999651,40.361202,419.743347,143.103455
389,3.890000,-0.004823,-0.011950,0.021259,0.999691,40.339306,419.739777,143.085800
390,3.900000,-0.004440,-0.011391,0.020758,0.999710,40.356674,419.712067,143.046509
391,3.910000,-0.003523,-0.011505,0.021430,0.999698,40.364368,419.688171,143.007156
392,3.920000,-0.003365,-0.011488,0.021538,0.999696,40.336723,419.677887,143.016953
393,3.930000,-0.004272,-0.011315,0.020539,0.999716,40.287655,419.694916,143.089691
394,3.940000,-0.004262,-0.011269,0.020532,0.999717,40.259636,419.705353,143.090714
395,3.950000,-0.004138,-0.011148,0.020618,0.999717,40.217422,419.732605,143.079681
396,3.960000,-0.003181,-0.011284,0.021365,0.999703,40.213982,419.723419,143.015793
397,3.970000,-0.003217,-0.011434,0.021295,0.999703,40.209251,419.716400,143.022476
398,3.980000,-0.003528,-0.011691,0.021735,0.999689,40.155998,419.753174,143.063293
399,3.990000,-0.003538,-0.011657,0.021692,0.999691,40.136776,419.758759,143.052444
400,4.000000,-0.003181,-0.011207,0.021285,0.999706,40.126774,419.750000,142.984024
401,4.010000,-0.003656,-0.011711,0.021502,0.999694,40.063782,419.793610,143.026993
402,4.020000,-0.003672,-0.011721,0.021610,0.999691,40.021538,419.806427,143.012711
403,4.030000,-0.004522,-0.011566,0.020885,0.999705,39.939781,419.826263,143.041367
404,4.040000,-0.004580,-0.011550,0.020780,0.999707,39.852726,419.814331,143.021500
405,4.050000,-0.004600,-0.011426,0.020673,0.999711,39.730404,419.804657,142.999451
406,4.060000,-0.005375,-0.011721,0.021952,0.999676,39.594517,419.806793,143.053467
407,4.070000,-0.005111,-0.011385,0.021707,0.999686,39.429150,419.793396,143.018631
408,4.080000,-0.005269,-0.011855,0.022030,0.999673,39.184868,419.802612,143.064819
409,4.090000,-0.004302,-0.011568,0.020530,0.999713,38.924377,419.770721,143.006348
410,4.100000,-0.003243,-0.011303,0.020750,0.999716,38.755833,419.709351,142.906662
411,4.110000,-0.003026,-0.010814,0.019918,0.999739,38.454437,419.680023,142.926270
412,4.120000,-0.004919,-0.011636,0.021179,0.999696,38.145134,419.748901,143.057877
413,4.130000,-0.004994,-0.011960,0.021609,0.999682,37.842560,419.746429,143.061951
414,4.140000,-0.004036,-0.011259,0.020176,0.999725,37.434509,419.763641,142.970535
415,4.150000,-0.003989,-0.011381,0.020432,0.999719,37.089458,419.733368,142.897476
416,4.160000,-0.004787,-0.011377,0.021485,0.999693,36.636703,419.761200,142.957413
417,4.170000,-0.004866,-0.011762,0.021809,0.999681,36.142227,419.782806,142.976044
418,4.180000,-0.003309,-0.011512,0.020880,0.999710,35.674488,419.757416,142.839340
419,4.190000,-0.003574,-0.011530,0.020949,0.999708,35.060211,419.732697,142.824799
420,4.200000,-0.004042,-0.011363,0.019924,0.999729,34.449913,419.782288,142.805130
421,4.210000,-0.004874,-0.011602,0.021792,0.999683,33.831196,419.819580,142.821075
422,4.220000,-0.004707,-0.011521,0.021432,0.999693,33.195354,419.807953,142.739304
423,4.230000,-0.004921,-0.011594,0.021483,0.999690,32.525459,419.822754,142.728989
424,4.240000,-0.005372,-0.011601,0.022176,0.999672,31.699490,419.840363,142.694397
425,4.250000,-0.005528,-0.011215,0.022086,0.999678,30.930607,419.851532,142.620239
426,4.260000,-0.004331,-0.011450,0.020602,0.999713,30.125643,419.841003,142.510956
427,4.270000,-0.004693,-0.011173,0.021517,0.999695,29.167360,419.841125,142.451904
428,4.280000,-0.004114,-0.010915,0.020211,0.999728,28.191193,419.847137,142.374878
429,4.290000,-0.004410,-0.011032,0.021505,0.999698,27.256260,419.841217,142.318405
430,4.300000,-0.005347,-0.011607,0.022245,0.999671,26.231419,419.877563,142.349655
431,4.310000,-0.004283,-0.011332,0.020695,0.999713,25.248140,419.888000,142.214722
432,4.320000,-0.003837,-0.011021,0.020363,0.999725,24.093081,419.877838,142.081894
433,4.330000,-0.003220,-0.011510,0.021056,0.999707,23.048615,419.859161,142.018265
434,4.340000,-0.003560,-0.011103,0.021162,0.999708,22.077635,419.844116,141.970184
435,4.350000,-0.004699,-0.011692,0.022153,0.999675,20.904877,419.879578,141.998856
436,4.360000,-0.003701,-0.010699,0.019997,0.999736,19.828247,419.866119,141.835648
437,4.370000,-0.004052,-0.011363,0.020613,0.999715,18.767614,419.889404,141.806595
438,4.380000,-0.004463,-0.011203,0.021754,0.999691,17.790180,419.888123,141.747925
439,4.390000,-0.005381,-0.011734,0.022805,0.999657,16.859175,419.926453,141.762863
440,4.400000,-0.003906,-0.010944,0.019913,0.999734,15.691748,419.902313,141.537766
441,4.410000,-0.004142,-0.011187,0.020260,0.999724,14.672954,419.914185,141.510498
442,4.420000,-0.004716,-0.011425,0.022060,0.999680,13.730159,419.915283,141.423279
443,4.430000,-0.005804,-0.011866,0.022743,0.999654,12.591146,419.982483,141.447800
444,4.440000,-0.003514,-0.011314,0.021008,0.999709,11.484366,419.959198,141.214233
445,4.450000,-0.004326,-0.011363,0.020652,0.999713,10.413288,419.984833,141.188599
446,4.460000,-0.004501,-0.011498,0.020936,0.999705,9.328050,420.002045,141.114456
447,4.470000,-0.003303,-0.011075,0.020890,0.999715,8.400032,419.965607,140.949661
448,4.480000,-0.003585,-0.011552,0.021311,0.999700,7.197249,419.994354,140.915894
449,4.490000,-0.004406,-0.011551,0.020824,0.999707,6.102077,420.005066,140.900436
450,4.500000,-0.004344,-0.011364,0.020656,0.999713,5.147760,420.003357,140.851669
451,4.510000,-0.004133,-0.011136,0.020624,0.999717,3.977839,419.992706,140.732162
452,4.520000,-0.004426,-0.011471,0.020535,0.999714,2.897092,420.020325,140.714874
453,4.530000,-0.003521,-0.011543,0.021449,0.999697,1.847517,420.009155,140.588730
454,4.540000,-0.004074,-0.011071,0.020333,0.999724,0.801609,420.012054,140.515839
455,4.550000,-0.004222,-0.011375,0.020818,0.999710,-0.146696,420.026581,140.460129
456,4.560000,-0.003618,-0.011621,0.021318,0.999699,-1.270428,420.032898,140.381561
457,4.570000,-0.004469,-0.011772,0.021125,0.999698,-2.281573,420.047180,140.372360
458,4.580000,-0.003317,-0.011441,0.021112,0.999706,-3.140088,420.017242,140.209686
459,4.590000,-0.004077,-0.010939,0.020237,0.999727,-4.216295,420.035889,140.194366
460,4.600000,-0.003545,-0.011775,0.021510,0.999693,-5.151656,420.044861,140.137482
461,4.610000,-0.004427,-0.011471,0.020747,0.999709,-6.071136,420.058044,140.130722
462,4.620000,-0.003639,-0.011674,0.021439,0.999695,-6.951861,420.049591,140.010193
463,4.630000,-0.004177,-0.011247,0.020643,0.999715,-7.722163,420.050476,139.947464
464,4.640000,-0.003688,-0.011769,0.021466,0.999694,-8.651463,420.067963,139.872086
465,4.650000,-0.004208,-0.011218,0.020513,0.999718,-9.449593,420.065857,139.808746
466,4.660000,-0.003425,-0.011309,0.020835,0.999713,-10.135154,420.053040,139.704269
467,4.670000,-0.004528,-0.011652,0.020917,0.999703,-10.986626,420.075745,139.779297
468,4.680000,-0.004447,-0.011495,0.020711,0.999710,-11.709528,420.070984,139.761932
469,4.690000,-0.003082,-0.011410,0.021145,0.999707,-12.377339,420.041107,139.624405
470,4.700000,-0.004241,-0.011293,0.020805,0.999711,-13.083507,420.085388,139.718964
471,4.710000,-0.003966,-0.011158,0.020598,0.999718,-13.690253,420.078217,139.639923
472,4.720000,-0.003056,-0.011446,0.021327,0.999702,-14.407944,420.072021,139.500198
473,4.730000,-0.004333,-0.011411,0.020818,0.999709,-15.091440,420.101105,139.550278
474,4.740000,-0.003670,-0.011823,0.021790,0.999686,-15.689035,420.077759,139.427261
475,4.750000,-0.003363,-0.011349,0.021053,0.999708,-16.369616,420.066498,139.410248
476,4.760000,-0.003927,-0.011108,0.020403,0.999722,-17.011528,420.049591,139.373611
477,4.770000,-0.003380,-0.011628,0.021475,0.999696,-17.668575,420.060822,139.368301
478,4.780000,-0.003853,-0.011115,0.020591,0.999719,-18.320391,420.078033,139.342575
479,4.790000,-0.003997,-0.011379,0.021124,0.999704,-18.905056,420.100159,139.307709
480,4.800000,-0.003411,-0.011622,0.021318,0.999699,-19.597464,420.094177,139.230240
481,4.810000,-0.004075,-0.011502,0.020910,0.999707,-20.218800,420.082092,139.180542
482,4.820000,-0.004098,-0.011340,0.020548,0.999716,-20.755331,420.073242,139.122070
483,4.830000,-0.003544,-0.011758,0.021194,0.999700,-21.417492,420.081268,139.061874
484,4.840000,-0.004375,-0.011534,0.020717,0.999709,-21.993404,420.104401,139.084702
485,4.850000,-0.004086,-0.011235,0.020512,0.999718,-22.516792,420.077240,139.016907
486,4.860000,-0.004136,-0.011486,0.020575,0.999714,-23.035982,420.075684,138.992813
487,4.870000,-0.004114,-0.011266,0.020434,0.999719,-23.464094,420.068756,138.971542
488,4.880000,-0.004002,-0.011324,0.020445,0.999719,-23.971056,420.056488,138.950119
489,4.890000,-0.004286,-0.011579,0.020760,0.999708,-24.421326,420.072174,138.969070
490,4.900000,-0.004328,-0.011514,0.020776,0.999709,-24.790579,420.066254,138.936569
491,4.910000,-0.003026,-0.011302,0.020819,0.999715,-25.233366,420.025085,138.762344
492,4.920000,-0.003187,-0.011630,0.021460,0.999697,-25.656878,420.031647,138.703018
493,4.930000,-0.004098,-0.011118,0.020292,0.999724,-26.057001,420.068207,138.779724
494,4.940000,-0.004328,-0.011350,0.020573,0.999715,-26.494631,420.094971,138.809891
495,4.950000,-0.003429,-0.011586,0.021046,0.999706,-26.863611,420.079041,138.750977
496,4.960000,-0.003376,-0.011454,0.021023,0.999708,-27.338270,420.068146,138.738220
497,4.970000,-0.003848,-0.011257,0.020448,0.999720,-27.781303,420.043182,138.706070
498,4.980000,-0.003829,-0.011145,0.020420,0.999722,-28.188732,420.024261,138.693130
499,4.990000,-0.003844,-0.011424,0.020371,0.999720,-28.704498,420.016693,138.686707
500,5.000000,-0.004025,-0.011801,0.020873,0.999704,-29.196701,420.017914,138.731277
501,5.010000,-0.003012,-0.011670,0.020943,0.999708,-29.662689,419.986359,138.678070
502,5.020000,-0.003847,-0.011265,0.020301,0.999723,-30.144634,419.986176,138.744415
503,5.030000,-0.003396,-0.011164,0.020061,0.999731,-30.571777,419.946075,138.696762
504,5.040000,-0.003316,-0.010902,0.019848,0.999738,-31.093407,419.927887,138.689133
505,5.050000,-0.003402,-0.011303,0.020348,0.999723,-31.574116,419.919952,138.667175
506,5.060000,-0.002745,-0.011583,0.020730,0.999714,-31.995203,419.911652,138.627365
507,5.070000,-0.003797,-0.011748,0.020747,0.999709,-32.515594,419.927368,138.625702
508,5.080000,-0.003700,-0.011721,0.020153,0.999721,-32.918659,419.916595,138.591553
509,5.090000,-0.003511,-0.011683,0.020114,0.999723,-33.282806,419.879456,138.474289
510,5.100000,-0.003723,-0.011936,0.020195,0.999718,-33.636665,419.862823,138.411682
511,5.110000,-0.003749,-0.011767,0.019369,0.999736,-33.902977,419.833496,138.358459
512,5.120000,-0.003676,-0.011986,0.019335,0.999734,-34.195599,419.796417,138.328278
513,5.130000,-0.002627,-0.012113,0.019312,0.999737,-34.354156,419.728668,138.252716
514,5.140000,-0.002464,-0.012635,0.019553,0.999726,-34.433285,419.645447,138.271179
515,5.150000,-0.003594,-0.012738,0.018654,0.999738,-34.444412,419.556305,138.454407
516,5.160000,-0.003547,-0.012126,0.017884,0.999760,-34.364445,419.487854,138.516800
517,5.170000,-0.002452,-0.012194,0.018248,0.999756,-34.297134,419.481018,138.528625
518,5.180000,-0.002364,-0.012203,0.018340,0.999755,-34.244850,419.520477,138.543274
519,5.190000,-0.003269,-0.012185,0.017951,0.999759,-34.207592,419.537262,138.566635
520,5.200000,-0.003526,-0.012522,0.018076,0.999752,-34.131966,419.492249,138.528946
521,5.210000,-0.003661,-0.012783,0.018064,0.999749,-34.091423,419.448853,138.485001
522,5.220000,-0.003357,-0.012512,0.017699,0.999759,-34.062408,419.423859,138.421753
523,5.230000,-0.003502,-0.012713,0.018127,0.999749,-34.089008,419.457458,138.496124
524,5.240000,-0.003432,-0.012496,0.018096,0.999752,-34.125515,419.479858,138.535995
525,5.250000,-0.003395,-0.012304,0.017829,0.999760,-34.177334,419.484985,138.566101
526,5.260000,-0.002463,-0.012459,0.018465,0.999749,-34.214230,419.462097,138.525787
527,5.270000,-0.002440,-0.012455,0.018533,0.999748,-34.261974,419.462952,138.520370
528,5.280000,-0.003350,-0.012341,0.018242,0.999752,-34.324345,419.494873,138.551880
529,5.290000,-0.003397,-0.012303,0.017968,0.999757,-34.340115,419.509857,138.524323
530,5.300000,-0.003414,-0.012421,0.017942,0.999756,-34.322296,419.500336,138.509659
531,5.310000,-0.003483,-0.012457,0.017878,0.999757,-34.287231,419.480377,138.509140
532,5.320000,-0.003460,-0.012455,0.018001,0.999754,-34.245598,419.472260,138.529114
533,5.330000,-0.003422,-0.012379,0.017922,0.999757,-34.213173,419.481171,138.554901
534,5.340000,-0.003389,-0.012312,0.017907,0.999758,-34.186680,419.489441,138.574387
535,5.350000,-0.003411,-0.012365,0.017910,0.999757,-34.165211,419.483215,138.567230
536,5.360000,-0.003494,-0.012429,0.017751,0.999759,-34.138523,419.465912,138.541122
537,5.370000,-0.003491,-0.012472,0.017674,0.999760,-34.144871,419.457489,138.521576
538,5.380000,-0.003488,-0.012471,0.017718,0.999759,-34.158962,419.462982,138.514694
539,5.390000,-0.003476,-0.012362,0.017850,0.999758,-34.190014,419.478607,138.522446
540,5.400000,-0.003464,-0.012293,0.017821,0.999760,-34.200493,419.479828,138.540085
541,5.410000,-0.003452,-0.012271,0.017807,0.999760,-34.200047,419.477478,138.556351
542,5.420000,-0.003433,-0.012319,0.017906,0.999758,-34.197800,419.474396,138.561584
543,5.430000,-0.003403,-0.012403,0.017931,0.999757,-34.200787,419.474731,138.554153
544,5.440000,-0.003446,-0.012377,0.017788,0.999759,-34.217125,419.481537,138.536301
545,5.450000,-0.003431,-0.012432,0.017939,0.999756,-34.228989,419.477203,138.526489
546,5.460000,-0.003481,-0.012414,0.017809,0.999758,-34.240021,419.475403,138.523239
547,5.470000,-0.003459,-0.012433,0.017948,0.999756,-34.239613,419.474548,138.530762
548,5.480000,-0.003415,-0.012439,0.017978,0.999755,-34.239872,419.475830,138.547363
549,5.490000,-0.003362,-0.012413,0.018027,0.999755,-34.244476,419.479462,138.561340
550,5.500000,-0.003363,-0.012384,0.018030,0.999755,-34.245995,419.477386,138.563675
551,5.510000,-0.003379,-0.012381,0.018074,0.999754,-34.242878,419.474030,138.556610
552,5.520000,-0.003414,-0.012371,0.018010,0.999755,-34.227528,419.471924,138.543396
553,5.530000,-0.003421,-0.012446,0.017976,0.999755,-34.200459,419.468048,138.538055
554,5.540000,-0.003426,-0.012444,0.017883,0.999757,-34.171577,419.465790,138.535767
555,5.550000,-0.003458,-0.012509,0.017793,0.999757,-34.138035,419.463074,138.540009
556,5.560000,-0.003434,-0.012579,0.018112,0.999751,-34.123478,419.460541,138.549454
557,5.570000,-0.003442,-0.012506,0.018080,0.999752,-34.126125,419.463318,138.552811
558,5.580000,-0.003465,-0.012326,0.017691,0.999762,-34.153999,419.470612,138.547913
559,5.590000,-0.003464,-0.012361,0.017708,0.999761,-34.173016,419.471588,138.541672
560,5.600000,-0.003475,-0.012373,0.017722,0.999760,-34.203407,419.472412,138.533646
561,5.610000,-0.003464,-0.012384,0.017762,0.999760,-34.237453,419.476410,138.530838
562,5.620000,-0.003445,-0.012358,0.017822,0.999759,-34.266869,419.482086,138.532486
563,5.630000,-0.003414,-0.012383,0.017940,0.999757,-34.290874,419.487518,138.541061
564,5.640000,-0.003407,-0.012375,0.017980,0.999756,-34.289680,419.487152,138.547394
565,5.650000,-0.003370,-0.012389,0.018116,0.999754,-34.265175,419.478668,138.549423
566,5.660000,-0.003384,-0.012445,0.018014,0.999755,-34.230911,419.471252,138.547318
567,5.670000,-0.003380,-0.012461,0.017944,0.999756,-34.204559,419.466858,138.548248
568,5.680000,-0.003386,-0.012492,0.017909,0.999756,-34.177456,419.461700,138.550186
569,5.690000,-0.003413,-0.012426,0.017840,0.999758,-34.160454,419.458282,138.550446
570,5.700000,-0.003143,-0.012311,0.017627,0.999764,-34.131832,419.437622,138.500076
571,5.710000,-0.003409,-0.012579,0.018084,0.999752,-34.128735,419.453522,138.549103
572,5.720000,-0.003413,-0.012401,0.017786,0.999759,-34.152088,419.457062,138.551743
573,5.730000,-0.003411,-0.012412,0.017842,0.999758,-34.173038,419.461609,138.549240
574,5.740000,-0.003408,-0.012404,0.017921,0.999757,-34.203079,419.467682,138.546555
575,5.750000,-0.003440,-0.012328,0.017786,0.999760,-34.232624,419.475403,138.543686
576,5.760000,-0.003452,-0.012332,0.017839,0.999759,-34.257210,419.480652,138.538666
577,5.770000,-0.003466,-0.012381,0.017870,0.999758,-34.261467,419.484772,138.534531
578,5.780000,-0.003459,-0.012378,0.017841,0.999758,-34.254662,419.484161,138.532410
579,5.790000,-0.003442,-0.012344,0.017756,0.999760,-34.239235,419.480255,138.535400
580,5.800000,-0.003426,-0.012366,0.017885,0.999758,-34.219688,419.472382,138.539978
581,5.810000,-0.003413,-0.012386,0.017907,0.999757,-34.204327,419.468567,138.546768
582,5.820000,-0.003413,-0.012412,0.017910,0.999757,-34.189278,419.464966,138.550125
583,5.830000,-0.003408,-0.012421,0.017871,0.999757,-34.178169,419.461945,138.549332
584,5.840000,-0.003418,-0.012436,0.017837,0.999758,-34.167778,419.458923,138.546478
585,5.850000,-0.003395,-0.012439,0.017840,0.999758,-34.168163,419.456879,138.546509
586,5.860000,-0.003380,-0.012464,0.017911,0.999756,-34.175648,419.457153,138.548599
587,5.870000,-0.003386,-0.012426,0.017931,0.999756,-34.190804,419.460083,138.552933
588,5.880000,-0.003373,-0.012406,0.017983,0.999756,-34.204109,419.463470,138.554276
589,5.890000,-0.003396,-0.012356,0.017932,0.999757,-34.212654,419.465851,138.552475
590,5.900000,-0.003409,-0.012371,0.017892,0.999758,-34.216370,419.468781,138.547363
591,5.910000,-0.003423,-0.012403,0.017910,0.999757,-34.217590,419.470764,138.542389
592,5.920000,-0.003435,-0.012388,0.017900,0.999757,-34.221413,419.473450,138.539169
593,5.930000,-0.003446,-0.012362,0.017768,0.999760,-34.226917,419.476440,138.540909
594,5.940000,-0.003444,-0.012341,0.017744,0.999760,-34.225807,419.475800,138.542694
595,5.950000,-0.003451,-0.012319,0.017722,0.999761,-34.219158,419.474060,138.543594
596,5.960000,-0.003433,-0.012382,0.017875,0.999758,-34.207153,419.470917,138.545364
597,5.970000,-0.003428,-0.012373,0.017835,0.999759,-34.199913,419.470459,138.544388
598,5.980000,-0.003429,-0.012373,0.017880,0.999758,-34.195843,419.468933,138.542831
599,5.990000,-0.003411,-0.012378,0.017881,0.999758,-34.190868,419.467499,138.544159
600,6.000000,-0.003407,-0.012381,0.017888,0.999758,-34.185410,419.464325,138.547821
601,6.010000,-0.003397,-0.012406,0.017896,0.999757,-34.176655,419.460938,138.550415
602,6.020000,-0.003406,-0.012412,0.017849,0.999758,-34.171005,419.459320,138.551712
603,6.030000,-0.003406,-0.012450,0.017876,0.999757,-34.169754,419.458374,138.552383
604,6.040000,-0.003395,-0.012432,0.017855,0.999758,-34.176418,419.458954,138.550751
605,6.050000,-0.003400,-0.012398,0.017845,0.999758,-34.190048,419.461212,138.548920
606,6.060000,-0.003393,-0.012400,0.017881,0.999757,-34.205006,419.465546,138.548233
607,6.070000,-0.003383,-0.012412,0.017921,0.999757,-34.216774,419.468445,138.548172
608,6.080000,-0.003402,-0.012412,0.017937,0.999756,-34.230045,419.469482,138.547058
609,6.090000,-0.003407,-0.012404,0.017946,0.999756,-34.238880,419.471191,138.545364
610,6.100000,-0.003415,-0.012368,0.017933,0.999757,-34.244797,419.471191,138.542770
611,6.110000,-0.003425,-0.012325,0.017777,0.999760,-34.246807,419.477722,138.541901
612,6.120000,-0.003406,-0.012355,0.017933,0.999757,-34.232677,419.475433,138.543732
613,6.130000,-0.003422,-0.012389,0.017946,0.999756,-34.213516,419.470001,138.541443
614,6.140000,-0.003404,-0.012393,0.017885,0.999757,-34.189705,419.465027,138.544907
615,6.150000,-0.003412,-0.012422,0.017861,0.999757,-34.170345,419.459229,138.545898
616,6.160000,-0.003415,-0.012408,0.017814,0.999759,-34.154793,419.454163,138.549698
617,6.170000,-0.003417,-0.012474,0.017788,0.999758,-34.140636,419.454010,138.548264
618,6.180000,-0.003413,-0.012486,0.017816,0.999758,-34.143646,419.455780,138.551544
619,6.190000,-0.003390,-0.012434,0.017872,0.999757,-34.161919,419.455872,138.549179
620,6.200000,-0.003392,-0.012423,0.017867,0.999757,-34.176571,419.458557,138.548874
621,6.210000,-0.003377,-0.012443,0.017921,0.999756,-34.198673,419.461029,138.546783
622,6.220000,-0.003385,-0.012396,0.017938,0.999757,-34.221611,419.462402,138.550034
623,6.230000,-0.003395,-0.012424,0.018022,0.999755,-34.241009,419.466888,138.548950
624,6.240000,-0.003385,-0.012417,0.018050,0.999754,-34.257263,419.470886,138.545898
625,6.250000,-0.003389,-0.012413,0.018024,0.999755,-34.259266,419.473907,138.546341
626,6.260000,-0.003379,-0.012411,0.018005,0.999755,-34.254101,419.474396,138.546051
627,6.270000,-0.003386,-0.012454,0.017972,0.999755,-34.237484,419.472961,138.544189
628,6.280000,-0.003402,-0.012409,0.017912,0.999757,-34.223537,419.468658,138.543762
629,6.290000,-0.003409,-0.012401,0.017883,0.999757,-34.207962,419.463440,138.545578
630,6.300000,-0.003418,-0.012397,0.017858,0.999758,-34.191860,419.460419,138.544754
631,6.310000,-0.003410,-0.012408,0.017827,0.999758,-34.178135,419.460846,138.545090
632,6.320000,-0.003406,-0.012408,0.017824,0.999758,-34.166115,419.459686,138.547653
633,6.330000,-0.003392,-0.012419,0.017828,0.999758,-34.160824,419.458801,138.549500
634,6.340000,-0.003387,-0.012424,0.017859,0.999758,-34.162170,419.458374,138.548584
635,6.350000,-0.003394,-0.012347,0.017821,0.999759,-34.173950,419.458252,138.548065
636,6.360000,-0.003391,-0.012416,0.017896,0.999757,-34.182594,419.460327,138.547226
637,6.370000,-0.003395,-0.012408,0.017889,0.999757,-34.189640,419.462616,138.543488
638,6.380000,-0.003388,-0.012419,0.017890,0.999757,-34.194569,419.463745,138.541229
639,6.390000,-0.003383,-0.012418,0.017888,0.999757,-34.200634,419.463257,138.543137
640,6.400000,-0.003381,-0.012396,0.017884,0.999757,-34.210228,419.463135,138.546173
641,6.410000,-0.003382,-0.012394,0.017914,0.999757,-34.219414,419.464691,138.546875
642,6.420000,-0.003394,-0.012413,0.017939,0.999756,-34.227024,419.466553,138.547089
643,6.430000,-0.003408,-0.012425,0.017954,0.999756,-34.230164,419.463470,138.544434
644,6.440000,-0.003373,-0.012424,0.017912,0.999757,-34.229404,419.467773,138.543564
645,6.450000,-0.003380,-0.012417,0.017929,0.999757,-34.228119,419.468231,138.543594
646,6.460000,-0.003387,-0.012398,0.017941,0.999757,-34.222260,419.460938,138.544693
647,6.470000,-0.003386,-0.012415,0.017930,0.999757,-34.209904,419.460876,138.546219
648,6.480000,-0.003382,-0.012415,0.017922,0.999757,-34.195484,419.458344,138.549652
649,6.490000,-0.003387,-0.012418,0.017897,0.999757,-34.184761,419.458191,138.548325
650,6.500000,-0.003393,-0.012421,0.017872,0.999757,-34.175377,419.461792,138.546204
651,6.510000,-0.003393,-0.012414,0.017840,0.999758,-34.162479,419.459473,138.541290
652,6.520000,-0.003101,-0.012197,0.017640,0.999765,-34.146965,419.432343,138.485779
653,6.530000,-0.003397,-0.012402,0.017808,0.999759,-34.163078,419.451294,138.541290
654,6.540000,-0.003398,-0.012396,0.017820,0.999759,-34.179893,419.459290,138.546494
655,6.550000,-0.003397,-0.012394,0.017869,0.999758,-34.199398,419.461823,138.547867
656,6.560000,-0.003405,-0.012385,0.017897,0.999757,-34.214642,419.465485,138.544312
657,6.570000,-0.003416,-0.012396,0.017916,0.999757,-34.226528,419.469757,138.539627
658,6.580000,-0.003408,-0.012391,0.017957,0.999756,-34.237823,419.467621,138.540680
659,6.590000,-0.003396,-0.012422,0.018013,0.999755,-34.250088,419.468567,138.545074
660,6.600000,-0.003391,-0.012415,0.018027,0.999755,-34.249439,419.470123,138.544693
661,6.610000,-0.003387,-0.012410,0.017977,0.999756,-34.233875,419.466644,138.545914
662,6.620000,-0.003389,-0.012405,0.017929,0.999757,-34.212105,419.461121,138.547577
663,6.630000,-0.003389,-0.012418,0.017879,0.999757,-34.192673,419.460114,138.546860
664,6.640000,-0.003397,-0.012428,0.017863,0.999757,-34.175285,419.459137,138.544647
665,6.650000,-0.003389,-0.012433,0.017864,0.999757,-34.165085,419.455566,138.548965
666,6.660000,-0.003111,-0.012195,0.017672,0.999765,-34.150429,419.435486,138.496826
667,6.670000,-0.003392,-0.012443,0.017862,0.999757,-34.159939,419.453094,138.544769
668,6.680000,-0.003405,-0.012436,0.017858,0.999757,-34.168571,419.453857,138.546631
669,6.690000,-0.003399,-0.012412,0.017869,0.999758,-34.184246,419.457642,138.545319
670,6.700000,-0.003413,-0.012406,0.017917,0.999757,-34.199909,419.465546,138.541534
671,6.710000,-0.003410,-0.012383,0.017943,0.999757,-34.215714,419.467377,138.538254
672,6.720000,-0.003402,-0.012369,0.017952,0.999757,-34.232815,419.469696,138.540146
673,6.730000,-0.003388,-0.012389,0.017970,0.999756,-34.237881,419.470001,138.541702
674,6.740000,-0.003405,-0.012413,0.017983,0.999755,-34.235668,419.468109,138.539597
675,6.750000,-0.003405,-0.012414,0.017934,0.999756,-34.225952,419.464417,138.539536
676,6.760000,-0.003388,-0.012415,0.017890,0.999757,-34.214741,419.463654,138.540298
677,6.770000,-0.003371,-0.012398,0.017881,0.999758,-34.206783,419.462982,138.542160
678,6.780000,-0.003375,-0.012443,0.017909,0.999757,-34.199188,419.461639,138.543823
679,6.790000,-0.003372,-0.012424,0.017882,0.999757,-34.190521,419.458466,138.546783
680,6.800000,-0.003368,-0.012457,0.017869,0.999757,-34.180584,419.453918,138.548904
681,6.810000,-0.003368,-0.012467,0.017875,0.999757,-34.176033,419.451508,138.549271
682,6.820000,-0.003382,-0.012436,0.017859,0.999757,-34.180683,419.451447,138.544205
683,6.830000,-0.003370,-0.012459,0.017894,0.999757,-34.188572,419.456482,138.545120
684,6.840000,-0.003373,-0.012443,0.017942,0.999756,-34.196720,419.461884,138.544037
685,6.850000,-0.003394,-0.012436,0.017943,0.999756,-34.199265,419.459869,138.544769
686,6.860000,-0.003400,-0.012444,0.017950,0.999756,-34.202179,419.459045,138.541565
687,6.870000,-0.003413,-0.012438,0.017908,0.999757,-34.202282,419.459991,138.544846
688,6.880000,-0.003410,-0.012424,0.017904,0.999757,-34.206280,419.456573,138.544830
689,6.890000,-0.003420,-0.012386,0.017894,0.999757,-34.211208,419.461243,138.537521
690,6.900000,-0.003404,-0.012399,0.017879,0.999758,-34.214321,419.467712,138.540268
691,6.910000,-0.003381,-0.012410,0.017927,0.999757,-34.220203,419.465088,138.541504
692,6.920000,-0.003399,-0.012405,0.017919,0.999757,-34.219616,419.464264,138.543472
693,6.930000,-0.003404,-0.012395,0.017927,0.999757,-34.218376,419.463440,138.541107
694,6.940000,-0.003395,-0.012425,0.017923,0.999756,-34.215267,419.457733,138.552826
695,6.950000,-0.003404,-0.012387,0.017924,0.999757,-34.212708,419.452667,138.547958
696,6.960000,-0.003360,-0.012425,0.017939,0.999756,-34.197609,419.460144,138.547974
697,6.970000,-0.003347,-0.012426,0.017935,0.999756,-34.189270,419.461731,138.544357
698,6.980000,-0.003357,-0.012447,0.017908,0.999757,-34.178207,419.457092,138.551254
699,6.990000,-0.003373,-0.012408,0.017810,0.999759,-34.166702,419.454346,138.542542
700,7.000000,-0.003422,-0.012397,0.017798,0.999759,-34.163197,419.452606,138.546860
701,7.010000,-0.003419,-0.012389,0.017794,0.999759,-34.169186,419.446411,138.549393
702,7.020000,-0.003424,-0.012392,0.017813,0.999759,-34.178326,419.453369,138.547470
703,7.030000,-0.003383,-0.012402,0.017840,0.999758,-34.192078,419.463409,138.540604
704,7.040000,-0.003383,-0.012385,0.017887,0.999758,-34.216564,419.466278,138.536179
705,7.050000,-0.003386,-0.012374,0.017739,0.999760,-34.233856,419.473297,138.535461
706,7.060000,-0.003394,-0.012372,0.017792,0.999759,-34.246925,419.473633,138.531082
707,7.070000,-0.003407,-0.012351,0.017773,0.999760,-34.248985,419.469482,138.535446
708,7.080000,-0.003412,-0.012388,0.017981,0.999756,-34.237499,419.460480,138.541550
709,7.090000,-0.003369,-0.012447,0.017970,0.999755,-34.216923,419.458069,138.543518
710,7.100000,-0.003350,-0.012426,0.017913,0.999757,-34.199409,419.458649,138.541763
711,7.110000,-0.003314,-0.012437,0.017848,0.999758,-34.180786,419.456940,138.545624
712,7.120000,-0.003306,-0.012434,0.017828,0.999758,-34.169968,419.457764,138.542923
713,7.130000,-0.003336,-0.012464,0.017832,0.999758,-34.164734,419.456696,138.543655
714,7.140000,-0.003351,-0.012490,0.017898,0.999756,-34.170761,419.449249,138.540314
715,7.150000,-0.003373,-0.012476,0.017860,0.999757,-34.178970,419.447083,138.543854
716,7.160000,-0.003351,-0.012433,0.017882,0.999757,-34.194756,419.454193,138.538422
717,7.170000,-0.003355,-0.012401,0.017929,0.999757,-34.211113,419.462067,138.541489
718,7.180000,-0.003343,-0.012359,0.017913,0.999758,-34.225933,419.466370,138.539841
719,7.190000,-0.003346,-0.012355,0.017972,0.999757,-34.234528,419.470337,138.538422
720,7.200000,-0.003392,-0.012373,0.017973,0.999756,-34.232800,419.470032,138.533020
721,7.210000,-0.003403,-0.012394,0.017946,0.999756,-34.221310,419.463776,138.532150
722,7.220000,-0.003409,-0.012391,0.017884,0.999757,-34.205708,419.460510,138.531418
723,7.230000,-0.003385,-0.012356,0.017799,0.999759,-34.182312,419.458527,138.533646
724,7.240000,-0.003359,-0.012376,0.017805,0.999759,-34.167019,419.455688,138.537292
725,7.250000,-0.003353,-0.012436,0.017760,0.999759,-34.150860,419.455505,138.541977
726,7.260000,-0.003339,-0.012438,0.018071,0.999754,-34.156113,419.460632,138.541443
727,7.270000,-0.003347,-0.012423,0.017880,0.999757,-34.170654,419.456512,138.542404
728,7.280000,-0.003365,-0.012427,0.017886,0.999757,-34.187508,419.453308,138.539139
729,7.290000,-0.003365,-0.012443,0.017888,0.999757,-34.199753,419.455109,138.536636
730,7.300000,-0.003341,-0.012434,0.017904,0.999757,-34.212669,419.456635,138.536636
731,7.310000,-0.003320,-0.012418,0.017977,0.999756,-34.229263,419.460541,138.540604
732,7.320000,-0.003314,-0.012405,0.017989,0.999756,-34.238731,419.465027,138.544876
733,7.330000,-0.003323,-0.012411,0.018007,0.999755,-34.239437,419.466675,138.546402
734,7.340000,-0.003360,-0.012412,0.017989,0.999756,-34.234970,419.462891,138.543747
735,7.350000,-0.003361,-0.012443,0.017944,0.999756,-34.224804,419.462006,138.538483
736,7.360000,-0.003376,-0.012426,0.017910,0.999757,-34.213367,419.459045,138.533585
737,7.370000,-0.003357,-0.012448,0.017895,0.999757,-34.205090,419.457031,138.535202
738,7.380000,-0.003348,-0.012429,0.017918,0.999757,-34.203262,419.456726,138.537628
739,7.390000,-0.003354,-0.012415,0.017905,0.999757,-34.197914,419.459167,138.540787
740,7.400000,-0.003349,-0.012412,0.017865,0.999758,-34.196064,419.458374,138.543396
741,7.410000,-0.003359,-0.012450,0.017903,0.999757,-34.195126,419.457550,138.544617
742,7.420000,-0.003361,-0.012426,0.017880,0.999757,-34.194832,419.456390,138.539322
743,7.430000,-0.003365,-0.012435,0.017891,0.999757,-34.194580,419.454163,138.537186
744,7.440000,-0.003349,-0.012421,0.017896,0.999757,-34.194283,419.453766,138.537964
745,7.450000,-0.003337,-0.012434,0.017900,0.999757,-34.194313,419.456604,138.540359
746,7.460000,-0.003338,-0.012447,0.017899,0.999757,-34.195618,419.458466,138.541153
747,7.470000,-0.003346,-0.012462,0.017881,0.999757,-34.196880,419.458893,138.541855
748,7.480000,-0.003357,-0.012457,0.017917,0.999756,-34.203941,419.458191,138.541458
749,7.490000,-0.003357,-0.012388,0.017850,0.999758,-34.214306,419.458496,138.540390
750,7.500000,-0.003339,-0.012452,0.017936,0.999756,-34.225269,419.459808,138.538345
751,7.510000,-0.003325,-0.012463,0.017976,0.999755,-34.235149,419.462463,138.538528
752,7.520000,-0.003308,-0.012492,0.018024,0.999754,-34.240673,419.464111,138.539474
753,7.530000,-0.003319,-0.012403,0.017949,0.999757,-34.241913,419.462524,138.540878
754,7.540000,-0.003342,-0.012446,0.017960,0.999756,-34.235538,419.461700,138.540939
755,7.550000,-0.003350,-0.012396,0.017907,0.999757,-34.225624,419.459625,138.543488
756,7.560000,-0.003350,-0.012435,0.017905,0.999757,-34.211903,419.458191,138.540817
757,7.570000,-0.003337,-0.012459,0.017919,0.999756,-34.196587,419.456360,138.538101
758,7.580000,-0.003326,-0.012438,0.017825,0.999758,-34.180843,419.455780,138.539459
759,7.590000,-0.003334,-0.012450,0.017858,0.999757,-34.174389,419.451965,138.537811
760,7.600000,-0.003348,-0.012455,0.017846,0.999758,-34.169544,419.451538,138.538147
761,7.610000,-0.003353,-0.012469,0.017867,0.999757,-34.172844,419.453064,138.538834
762,7.620000,-0.003358,-0.012449,0.017871,0.999757,-34.181198,419.453369,138.541718
763,7.630000,-0.003352,-0.012446,0.017898,0.999757,-34.193363,419.454468,138.538925
764,7.640000,-0.003344,-0.012422,0.017905,0.999757,-34.204590,419.457916,138.538254
765,7.650000,-0.003317,-0.012444,0.017961,0.999756,-34.216320,419.459167,138.537338
766,7.660000,-0.003320,-0.012442,0.017954,0.999756,-34.224873,419.460388,138.538422
767,7.670000,-0.003327,-0.012441,0.017954,0.999756,-34.229565,419.461517,138.536209
768,7.680000,-0.003336,-0.012439,0.017961,0.999756,-34.233707,419.460205,138.538666
769,7.690000,-0.003344,-0.012439,0.017935,0.999756,-34.230179,419.459229,138.539978
770,7.700000,-0.003338,-0.012412,0.017897,0.999757,-34.226162,419.457825,138.539505
771,7.710000,-0.003330,-0.012444,0.017911,0.999757,-34.216690,419.456970,138.538254
772,7.720000,-0.003310,-0.012456,0.017929,0.999756,-34.211647,419.455963,138.540451
773,7.730000,-0.003314,-0.012445,0.017908,0.999757,-34.206619,419.454315,138.541672
774,7.740000,-0.003334,-0.012445,0.017917,0.999757,-34.203728,419.455078,138.539627
775,7.750000,-0.003340,-0.012437,0.017921,0.999757,-34.201729,419.455261,138.539536
776,7.760000,-0.003351,-0.012432,0.017891,0.999757,-34.197296,419.454010,138.537994
777,7.770000,-0.003349,-0.012412,0.017875,0.999758,-34.193542,419.454987,138.537262
778,7.780000,-0.003332,-0.012407,0.017876,0.999758,-34.192257,419.453125,138.536530
779,7.790000,-0.003335,-0.012425,0.017905,0.999757,-34.194180,419.454407,138.538925
780,7.800000,-0.003338,-0.012425,0.017895,0.999757,-34.198925,419.456085,138.539124
781,7.810000,-0.003344,-0.012417,0.017890,0.999757,-34.203617,419.456818,138.537384
782,7.820000,-0.003357,-0.012397,0.017887,0.999758,-34.209167,419.457123,138.536758
783,7.830000,-0.003349,-0.012412,0.017915,0.999757,-34.212620,419.457764,138.535263
784,7.840000,-0.003350,-0.012422,0.017930,0.999757,-34.216240,419.458344,138.535294
785,7.850000,-0.003348,-0.012408,0.017918,0.999757,-34.221809,419.458008,138.537827
786,7.860000,-0.003332,-0.012445,0.017963,0.999756,-34.220982,419.458435,138.540314
787,7.870000,-0.003341,-0.012440,0.017955,0.999756,-34.216175,419.457733,138.541885
788,7.880000,-0.003337,-0.012454,0.017958,0.999756,-34.208061,419.454651,138.540039
789,7.890000,-0.003339,-0.012409,0.017909,0.999757,-34.199482,419.453522,138.539047
790,7.900000,-0.003341,-0.012451,0.017887,0.999757,-34.189346,419.453003,138.540237
791,7.910000,-0.003340,-0.012441,0.017885,0.999757,-34.185055,419.451691,138.540237
792,7.920000,-0.003329,-0.012439,0.017880,0.999757,-34.185291,419.451599,138.541901
793,7.930000,-0.003321,-0.012431,0.017881,0.999757,-34.185230,419.451202,138.542282
794,7.940000,-0.003325,-0.012433,0.017871,0.999757,-34.189415,419.452026,138.543518
795,7.950000,-0.003337,-0.012460,0.017913,0.999756,-34.197479,419.455078,138.541214
796,7.960000,-0.003357,-0.012442,0.017898,0.999757,-34.205086,419.457153,138.538834
797,7.970000,-0.003359,-0.012408,0.017888,0.999757,-34.215427,419.458344,138.538177
798,7.980000,-0.003357,-0.012408,0.017896,0.999757,-34.221230,419.459534,138.538361
799,7.990000,-0.003349,-0.012384,0.017890,0.999758,-34.222088,419.460022,138.539139
800,8.000000,-0.003359,-0.012378,0.017894,0.999758,-34.218369,419.459930,138.540237
801,8.010000,-0.003354,-0.012438,0.017927,0.999756,-34.206207,419.456635,138.539230
802,8.020000,-0.003360,-0.012421,0.017857,0.999758,-34.196812,419.455292,138.537811
803,8.030000,-0.003367,-0.012408,0.017824,0.999759,-34.188522,419.453918,138.539398
804,8.040000,-0.003355,-0.012374,0.017776,0.999760,-34.184418,419.451508,138.540710
805,8.050000,-0.003344,-0.012427,0.017826,0.999758,-34.181980,419.452240,138.542404
806,8.060000,-0.003022,-0.012215,0.017693,0.999764,-34.171711,419.431885,138.486282
807,8.070000,-0.003296,-0.012437,0.017866,0.999758,-34.185570,419.448822,138.536423
808,8.080000,-0.003333,-0.012467,0.017903,0.999757,-34.197437,419.451660,138.543945
809,8.090000,-0.003346,-0.012428,0.017927,0.999757,-34.208580,419.455383,138.542419
810,8.100000,-0.003338,-0.012407,0.017908,0.999757,-34.217880,419.457581,138.540573
811,8.110000,-0.003338,-0.012431,0.017950,0.999756,-34.223362,419.460571,138.540695
812,8.120000,-0.003324,-0.012434,0.017974,0.999756,-34.223724,419.460327,138.539047
813,8.130000,-0.003329,-0.012365,0.017908,0.999758,-34.220470,419.459290,138.541367
814,8.140000,-0.003336,-0.012385,0.017881,0.999758,-34.213852,419.457611,138.540680
815,8.150000,-0.003342,-0.012414,0.017903,0.999757,-34.206123,419.457397,138.540924
816,8.160000,-0.003349,-0.012421,0.017893,0.999757,-34.199150,419.458191,138.538940
817,8.170000,-0.003357,-0.012394,0.017863,0.999758,-34.192993,419.456116,138.540268
818,8.180000,-0.003351,-0.012400,0.017862,0.999758,-34.189293,419.454224,138.541138
819,8.190000,-0.003342,-0.012424,0.017846,0.999758,-34.184219,419.454681,138.541489
820,8.200000,-0.003348,-0.012386,0.017858,0.999758,-34.187836,419.453949,138.541153
821,8.210000,-0.003342,-0.012422,0.017875,0.999757,-34.188770,419.453613,138.541443
822,8.220000,-0.003346,-0.012398,0.017877,0.999758,-34.193562,419.455261,138.539993
823,8.230000,-0.003354,-0.012406,0.017879,0.999758,-34.196434,419.455200,138.539047
824,8.240000,-0.003346,-0.012410,0.017898,0.999757,-34.198124,419.455109,138.540268
825,8.250000,-0.003342,-0.012423,0.017875,0.999757,-34.199024,419.455353,138.541229
826,8.260000,-0.003340,-0.012389,0.017835,0.999759,-34.199368,419.455383,138.541351
827,8.270000,-0.003355,-0.012406,0.017858,0.999758,-34.199890,419.455322,138.540070
828,8.280000,-0.003355,-0.012395,0.017856,0.999758,-34.201286,419.455414,138.540863
829,8.290000,-0.003351,-0.012429,0.017896,0.999757,-34.201092,419.455872,138.540283
830,8.300000,-0.003357,-0.012387,0.017847,0.999758,-34.204250,419.454803,138.540924
831,8.310000,-0.003340,-0.012438,0.017922,0.999757,-34.205486,419.456512,138.540329
832,8.320000,-0.003332,-0.012447,0.017923,0.999756,-34.207943,419.457855,138.542252
833,8.330000,-0.003323,-0.012449,0.017923,0.999756,-34.209217,419.456879,138.540329
834,8.340000,-0.003328,-0.012437,0.017924,0.999757,-34.208168,419.457611,138.540527
835,8.350000,-0.003331,-0.012419,0.017911,0.999757,-34.204445,419.457153,138.540115
836,8.360000,-0.003341,-0.012394,0.017884,0.999758,-34.198055,419.455719,138.539505
837,8.370000,-0.003349,-0.012415,0.017874,0.999758,-34.191051,419.455475,138.538452
838,8.380000,-0.003349,-0.012378,0.017815,0.999759,-34.183380,419.453247,138.539642
839,8.390000,-0.003354,-0.012409,0.017826,0.999759,-34.178429,419.452972,138.539520
840,8.400000,-0.003359,-0.012406,0.017837,0.999758,-34.176350,419.452362,138.539368
841,8.410000,-0.003358,-0.012387,0.017830,0.999759,-34.178127,419.453278,138.538498
842,8.420000,-0.003360,-0.012412,0.017861,0.999758,-34.181343,419.453522,138.538498
843,8.430000,-0.003364,-0.012388,0.017861,0.999758,-34.190212,419.454315,138.537399
844,8.440000,-0.003346,-0.012419,0.017881,0.999757,-34.198795,419.456360,138.535980
845,8.450000,-0.003333,-0.012414,0.017902,0.999757,-34.208763,419.457397,138.537399
846,8.460000,-0.003332,-0.012424,0.017935,0.999756,-34.215302,419.458954,138.538040
847,8.470000,-0.003337,-0.012374,0.017916,0.999757,-34.221375,419.459045,138.538513
848,8.480000,-0.003348,-0.012439,0.017961,0.999756,-34.219692,419.458496,138.535965
849,8.490000,-0.003338,-0.012438,0.017944,0.999756,-34.215927,419.457397,138.536713
850,8.500000,-0.003343,-0.012418,0.017919,0.999757,-34.211533,419.455719,138.537323
851,8.510000,-0.003349,-0.012425,0.017902,0.999757,-34.204952,419.455750,138.538254
852,8.520000,-0.003347,-0.012423,0.017891,0.999757,-34.198029,419.454498,138.538254
853,8.530000,-0.003352,-0.012406,0.017854,0.999758,-34.191536,419.453400,138.537369
854,8.540000,-0.003368,-0.012373,0.017862,0.999758,-34.189342,419.452240,138.537491
855,8.550000,-0.003370,-0.012365,0.017822,0.999759,-34.185963,419.452179,138.536789
856,8.560000,-0.003360,-0.012411,0.017863,0.999758,-34.185120,419.453033,138.536926
857,8.570000,-0.003365,-0.012364,0.017841,0.999759,-34.188328,419.452942,138.537933
858,8.580000,-0.003360,-0.012404,0.017892,0.999757,-34.190380,419.454651,138.537170
859,8.590000,-0.003354,-0.012396,0.017912,0.999757,-34.193882,419.456177,138.536011
860,8.600000,-0.003355,-0.012402,0.017890,0.999757,-34.194664,419.456451,138.534729
861,8.610000,-0.003351,-0.012406,0.017890,0.999757,-34.195766,419.456757,138.535370
862,8.620000,-0.003373,-0.012377,0.017847,0.999758,-34.197163,419.456635,138.535873
863,8.630000,-0.003364,-0.012406,0.017861,0.999758,-34.198681,419.456696,138.535522
864,8.640000,-0.003357,-0.012424,0.017888,0.999757,-34.199234,419.456665,138.537415
865,8.650000,-0.003356,-0.012439,0.017932,0.999756,-34.199326,419.456146,138.536514
866,8.660000,-0.003336,-0.012418,0.017900,0.999757,-34.198124,419.456787,138.538376
867,8.670000,-0.003326,-0.012429,0.017906,0.999757,-34.197712,419.456360,138.538284
868,8.680000,-0.003328,-0.012413,0.017881,0.999758,-34.198387,419.454346,138.539261
869,8.690000,-0.003316,-0.012437,0.017916,0.999757,-34.197708,419.454651,138.540314
870,8.700000,-0.003329,-0.012439,0.017896,0.999757,-34.197395,419.455872,138.540543
871,8.710000,-0.003339,-0.012417,0.017864,0.999758,-34.195980,419.455658,138.540054
872,8.720000,-0.003332,-0.012406,0.017865,0.999758,-34.194077,419.454010,138.540100
873,8.730000,-0.003345,-0.012390,0.017861,0.999758,-34.192268,419.453705,138.539001
874,8.740000,-0.003348,-0.012412,0.017866,0.999758,-34.189518,419.454376,138.539307
875,8.750000,-0.003357,-0.012359,0.017823,0.999759,-34.189339,419.453979,138.538834
876,8.760000,-0.003360,-0.012399,0.017836,0.999758,-34.187424,419.454590,138.539917
877,8.770000,-0.003346,-0.012412,0.017858,0.999758,-34.189075,419.454590,138.538651
878,8.780000,-0.003350,-0.012418,0.017836,0.999758,-34.191948,419.453796,138.539246
879,8.790000,-0.003349,-0.012397,0.017846,0.999758,-34.194912,419.454987,138.538132
880,8.800000,-0.003347,-0.012428,0.017877,0.999757,-34.199093,419.455841,138.538345
881,8.810000,-0.003344,-0.012396,0.017884,0.999758,-34.204899,419.456207,138.538422
882,8.820000,-0.003337,-0.012405,0.017892,0.999757,-34.206589,419.456451,138.540314
883,8.830000,-0.003328,-0.012386,0.017855,0.999758,-34.208912,419.456299,138.541107
884,8.840000,-0.003327,-0.012434,0.017899,0.999757,-34.209736,419.455841,138.540894
885,8.850000,-0.003325,-0.012428,0.017880,0.999757,-34.209816,419.456787,138.541168
886,8.860000,-0.003345,-0.012448,0.017931,0.999756,-34.208431,419.455780,138.539474
887,8.870000,-0.003345,-0.012422,0.017901,0.999757,-34.206913,419.454742,138.539291
888,8.880000,-0.003336,-0.012435,0.017895,0.999757,-34.204872,419.453827,138.539551
889,8.890000,-0.003321,-0.012435,0.017892,0.999757,-34.202709,419.455261,138.538864
890,8.900000,-0.003323,-0.012447,0.017911,0.999757,-34.201077,419.457001,138.539383
891,8.910000,-0.003338,-0.012411,0.017865,0.999758,-34.198467,419.454742,138.539215
892,8.920000,-0.003343,-0.012434,0.017898,0.999757,-34.195950,419.455139,138.538239
893,8.930000,-0.003353,-0.012415,0.017866,0.999758,-34.196976,419.455475,138.537689
894,8.940000,-0.003344,-0.012422,0.017880,0.999757,-34.198307,419.454346,138.540085
895,8.950000,-0.003340,-0.012423,0.017877,0.999757,-34.199005,419.455109,138.537949
896,8.960000,-0.003351,-0.012423,0.017877,0.999757,-34.199657,419.456970,138.538101
897,8.970000,-0.003342,-0.012438,0.017898,0.999757,-34.201672,419.456207,138.537643
898,8.980000,-0.003340,-0.012430,0.017895,0.999757,-34.203800,419.455811,138.538055
899,8.990000,-0.003360,-0.012404,0.017880,0.999758,-34.206581,419.455048,138.537140
900,9.000000,-0.003352,-0.012458,0.017914,0.999756,-34.206696,419.455597,138.538956
901,9.010000,-0.003339,-0.012445,0.017902,0.999757,-34.206985,419.454102,138.540863
902,9.020000,-0.003324,-0.012445,0.017894,0.999757,-34.206596,419.453857,138.541138
903,9.030000,-0.003329,-0.012425,0.017863,0.999758,-34.207108,419.454773,138.540863
904,9.040000,-0.003329,-0.012447,0.017877,0.999757,-34.208862,419.455475,138.541016
905,9.050000,-0.003326,-0.012446,0.017896,0.999757,-34.210499,419.455872,138.539093
906,9.060000,-0.003335,-0.012463,0.017914,0.999756,-34.211678,419.455383,138.538620
907,9.070000,-0.003346,-0.012414,0.017885,0.999757,-34.212879,419.453369,138.538818
908,9.080000,-0.003327,-0.012447,0.017893,0.999757,-34.210224,419.454346,138.540451
909,9.090000,-0.003318,-0.012461,0.017900,0.999757,-34.208157,419.454712,138.538712
910,9.100000,-0.003329,-0.012462,0.017915,0.999756,-34.206001,419.455811,138.538330
911,9.110000,-0.003341,-0.012411,0.017885,0.999757,-34.206139,419.455139,138.538391
912,9.120000,-0.003356,-0.012394,0.017847,0.999758,-34.204308,419.454346,138.537109
913,9.130000,-0.003381,-0.012421,0.017876,0.999757,-34.203136,419.453186,138.536514
914,9.140000,-0.003377,-0.012407,0.017858,0.999758,-34.202019,419.452637,138.537949
915,9.150000,-0.003354,-0.012454,0.017922,0.999756,-34.201172,419.453796,138.537949
916,9.160000,-0.003352,-0.012423,0.017885,0.999757,-34.201195,419.454834,138.538498
917,9.170000,-0.003348,-0.012424,0.017868,0.999758,-34.201694,419.454010,138.538681
918,9.180000,-0.003357,-0.012435,0.017883,0.999757,-34.202770,419.453857,138.539398
919,9.190000,-0.003341,-0.012479,0.017908,0.999756,-34.202526,419.454529,138.540283
920,9.200000,-0.003334,-0.012498,0.017915,0.999756,-34.201702,419.453369,138.541229
921,9.210000,-0.003335,-0.012438,0.017845,0.999758,-34.203381,419.453949,138.542679
922,9.220000,-0.003338,-0.012442,0.017858,0.999758,-34.203865,419.453308,138.542404
923,9.230000,-0.003330,-0.012431,0.017856,0.999758,-34.207302,419.454651,138.541855
924,9.240000,-0.003328,-0.012456,0.017924,0.999756,-34.209675,419.455048,138.542007
925,9.250000,-0.003334,-0.012486,0.017959,0.999755,-34.209568,419.456421,138.542847
926,9.260000,-0.003338,-0.012462,0.017912,0.999756,-34.209545,419.455536,138.540680
927,9.270000,-0.003342,-0.012465,0.017916,0.999756,-34.209263,419.454895,138.540573
928,9.280000,-0.003348,-0.012425,0.017906,0.999757,-34.208855,419.454224,138.539291
929,9.290000,-0.003330,-0.012431,0.017916,0.999757,-34.207523,419.454590,138.538940
930,9.300000,-0.003331,-0.012432,0.017912,0.999757,-34.205437,419.455383,138.537598
931,9.310000,-0.003348,-0.012397,0.017900,0.999757,-34.204033,419.454132,138.537674
932,9.320000,-0.003348,-0.012437,0.017909,0.999757,-34.200413,419.454193,138.537857
933,9.330000,-0.003348,-0.012431,0.017889,0.999757,-34.198902,419.453735,138.538681
934,9.340000,-0.003350,-0.012462,0.017891,0.999757,-34.196655,419.453003,138.538208
935,9.350000,-0.003068,-0.012242,0.017745,0.999763,-34.188934,419.436493,138.487671
936,9.360000,-0.003344,-0.012413,0.017901,0.999757,-34.202728,419.452362,138.535095
937,9.370000,-0.003343,-0.012435,0.017915,0.999757,-34.204887,419.454407,138.539062
938,9.380000,-0.003332,-0.012452,0.017922,0.999756,-34.207409,419.454254,138.539398
939,9.390000,-0.003330,-0.012440,0.017896,0.999757,-34.210148,419.455444,138.539017
940,9.400000,-0.003343,-0.012430,0.017900,0.999757,-34.213173,419.456024,138.539764
941,9.410000,-0.003326,-0.012464,0.017958,0.999756,-34.213821,419.455414,138.539734
942,9.420000,-0.003326,-0.012463,0.017951,0.999756,-34.214153,419.455170,138.539322
943,9.430000,-0.003338,-0.012429,0.017908,0.999757,-34.213711,419.454010,138.539948
944,9.440000,-0.003327,-0.012444,0.017898,0.999757,-34.211052,419.455780,138.541000
945,9.450000,-0.003335,-0.012442,0.017904,0.999757,-34.207203,419.455505,138.540680
946,9.460000,-0.003330,-0.012462,0.017902,0.999757,-34.203869,419.455536,138.540604
947,9.470000,-0.003340,-0.012439,0.017874,0.999757,-34.201462,419.454987,138.540115
948,9.480000,-0.003341,-0.012450,0.017903,0.999757,-34.200867,419.453583,138.539062
949,9.490000,-0.003336,-0.012464,0.017901,0.999757,-34.198872,419.453400,138.540100
950,9.500000,-0.003338,-0.012437,0.017874,0.999757,-34.198380,419.453674,138.537888
951,9.510000,-0.003333,-0.012466,0.017908,0.999756,-34.197426,419.454224,138.538818
952,9.520000,-0.003341,-0.012406,0.017851,0.999758,-34.200306,419.453979,138.538986
953,9.530000,-0.003344,-0.012425,0.017865,0.999758,-34.201019,419.454132,138.538040
954,9.540000,-0.003342,-0.012423,0.017883,0.999757,-34.201698,419.453430,138.538147
955,9.550000,-0.003348,-0.012406,0.017868,0.999758,-34.202862,419.453674,138.537827
956,9.560000,-0.003351,-0.012417,0.017857,0.999758,-34.203526,419.452942,138.538727
957,9.570000,-0.003335,-0.012409,0.017859,0.999758,-34.205673,419.452484,138.538162
958,9.580000,-0.003330,-0.012437,0.017894,0.999757,-34.208004,419.454010,138.538559
959,9.590000,-0.003330,-0.012420,0.017876,0.999758,-34.210960,419.454163,138.540558
960,9.600000,-0.003316,-0.012448,0.017939,0.999756,-34.212547,419.454590,138.540268
961,9.610000,-0.003324,-0.012455,0.017925,0.999756,-34.213387,419.455078,138.540344
962,9.620000,-0.003329,-0.012455,0.017920,0.999756,-34.212669,419.454681,138.540787
963,9.630000,-0.003322,-0.012444,0.017910,0.999757,-34.211639,419.454651,138.542160
964,9.640000,-0.003336,-0.012474,0.017932,0.999756,-34.210159,419.454926,138.541397
965,9.650000,-0.003335,-0.012445,0.017907,0.999757,-34.206615,419.455200,138.541336
966,9.660000,-0.003325,-0.012432,0.017869,0.999758,-34.202602,419.454407,138.540482
967,9.670000,-0.003343,-0.012425,0.017879,0.999757,-34.200775,419.453217,138.540268
968,9.680000,-0.003339,-0.012407,0.017844,0.999758,-34.198807,419.453186,138.540359
969,9.690000,-0.003342,-0.012431,0.017872,0.999757,-34.198597,419.453186,138.540741
970,9.700000,-0.003327,-0.012458,0.017875,0.999757,-34.197418,419.452728,138.539627
971,9.710000,-0.003322,-0.012431,0.017857,0.999758,-34.199192,419.453400,138.539703
972,9.720000,-0.003345,-0.012412,0.017838,0.999758,-34.202393,419.454529,138.541092
973,9.730000,-0.003329,-0.012476,0.017917,0.999756,-34.203552,419.453125,138.541992
974,9.740000,-0.003318,-0.012442,0.017880,0.999757,-34.206192,419.452820,138.540085
975,9.750000,-0.003316,-0.012449,0.017892,0.999757,-34.207893,419.453278,138.539841
976,9.760000,-0.003327,-0.012438,0.017894,0.999757,-34.209961,419.453461,138.541229
977,9.770000,-0.003318,-0.012478,0.017941,0.999756,-34.209160,419.454498,138.541702
978,9.780000,-0.003326,-0.012456,0.017898,0.999757,-34.209301,419.454895,138.540634
979,9.790000,-0.003334,-0.012432,0.017880,0.999757,-34.208538,419.454346,138.539948
980,9.800000,-0.003338,-0.012438,0.017891,0.999757,-34.207108,419.455841,138.541504
981,9.810000,-0.003341,-0.012434,0.017895,0.999757,-34.205803,419.453888,138.540588
982,9.820000,-0.003334,-0.012461,0.017922,0.999756,-34.203548,419.453796,138.540939
983,9.830000,-0.003336,-0.012437,0.017889,0.999757,-34.202034,419.453217,138.540085
984,9.840000,-0.003337,-0.012443,0.017902,0.999757,-34.200943,419.453552,138.539917
985,9.850000,-0.003025,-0.012228,0.017722,0.999764,-34.189083,419.434540,138.482910
986,9.860000,-0.003301,-0.012428,0.017894,0.999757,-34.199928,419.451294,138.530960
987,9.870000,-0.003338,-0.012432,0.017867,0.999758,-34.200371,419.453705,138.541000
988,9.880000,-0.003344,-0.012426,0.017861,0.999758,-34.200504,419.453644,138.540482
989,9.890000,-0.003346,-0.012390,0.017854,0.999758,-34.203037,419.453644,138.540558
990,9.900000,-0.003349,-0.012447,0.017897,0.999757,-34.200912,419.454590,138.541748
991,9.910000,-0.003342,-0.012421,0.017868,0.999758,-34.201363,419.453766,138.539948
992,9.920000,-0.003339,-0.012438,0.017888,0.999757,-34.202728,419.453339,138.540863
993,9.930000,-0.003343,-0.012410,0.017868,0.999758,-34.205662,419.453827,138.540573
994,9.940000,-0.003339,-0.012441,0.017928,0.999756,-34.206993,419.453857,138.541824
995,9.950000,-0.003338,-0.012430,0.017899,0.999757,-34.208378,419.454407,138.541534
996,9.960000,-0.003341,-0.012439,0.017909,0.999757,-34.209370,419.454651,138.541534
997,9.970000,-0.003334,-0.012402,0.017871,0.999758,-34.209305,419.453308,138.543030
998,9.980000,-0.003349,-0.012413,0.017874,0.999758,-34.209919,419.451874,138.540741
999,9.990000,-0.003334,-0.012448,0.017911,0.999757,-34.206726,419.453217,138.541107
1000,10.000000,-0.003340,-0.012445,0.017905,0.999757,-34.204502,419.451477,138.540268
