36,-4.00,204,0.00,200,-1.00,202,0.00,200,2.00,199,-1.00,203,-4.00,204,0.00,499,-3.00,501,0.00,200,-3.00,204,0.00,200,0.00,201,-2.00,202,4.00,197,0.00,1204,0.00,1203,0.00,1720,0.00,1366,-7.00,251,2.00,1628,24.00,1428,0.08
71,-2.00,204,0.00,200,-1.00,202,0.00,200,2.00,199,-2.00,203,-5.00,203,1.00,499,-2.00,501,0.00,200,-1.00,204,0.00,200,0.00,201,-1.00,202,1.00,197,0.00,1204,0.00,1203,0.00,1720,0.00,1366,-8.00,251,2.00,1628,24.00,1428,0.24
107,-4.00,204,0.00,200,-2.00,202,0.00,200,1.00,199,-1.00,203,0.00,204,1.00,499,-1.00,501,0.00,200,-3.00,204,0.00,200,0.00,201,-1.00,202,1.00,197,0.00,1204,0.00,1203,0.00,1720,0.00,1366,-7.00,251,3.00,1628,24.00,1428,0.16
143,-1.00,204,0.00,200,-1.00,202,0.00,200,1.00,199,-2.00,203,-6.00,203,2.00,499,-1.00,501,0.00,200,-3.00,204,0.00,200,0.00,201,-1.00,202,2.00,197,0.00,1204,0.00,1203,0.00,1720,0.00,1366,-7.00,251,3.00,1628,24.00,1428,0.08
179,-4.00,204,0.00,200,-1.00,202,0.00,200,1.00,199,-2.00,203,-4.00,203,1.00,499,0.00,501,0.00,200,-2.00,204,0.00,200,0.00,201,0.00,202,2.00,197,0.00,1203,0.00,1203,0.00,1720,0.00,1366,-7.00,251,2.00,1628,24.00,1428,0.00
214,-2.00,204,0.00,200,-2.00,202,0.00,200,1.00,199,-3.00,203,-1.00,204,1.00,499,-6.00,501,0.00,200,-3.00,204,0.00,200,0.00,201,-1.00,202,2.00,197,0.00,1204,0.00,1203,0.00,1720,0.00,1366,-7.00,251,3.00,1628,23.00,1428,0.08
250,-2.00,204,0.00,200,0.00,202,0.00,200,1.00,199,-3.00,203,1.00,203,0.00,499,0.00,501,0.00,200,-4.00,204,0.00,200,0.00,201,-2.00,202,2.00,197,0.00,1204,0.00,1203,0.00,1720,0.00,1366,-7.00,251,2.00,1628,24.00,1428,0.16
286,-4.00,203,0.00,200,0.00,202,0.00,200,1.00,199,-3.00,203,-6.00,204,1.00,499,-1.00,501,0.00,200,-4.00,204,0.00,200,0.00,201,-1.00,202,3.00,197,0.00,1204,0.00,1203,0.00,1720,0.00,1366,-7.00,251,3.00,1628,23.00,1428,0.08
321,-3.00,204,0.00,200,-1.00,202,0.00,200,1.00,199,-3.00,203,-2.00,204,0.00,499,-1.00,501,0.00,200,-2.00,204,0.00,200,0.00,201,-1.00,202,2.00,197,0.00,1204,0.00,1203,0.00,1720,0.00,1366,-7.00,251,4.00,1628,24.00,1428,0.08
357,-2.00,204,0.00,200,0.00,202,0.00,200,1.00,199,-2.00,203,-7.00,204,1.00,499,0.00,501,0.00,200,-2.00,204,0.00,200,0.00,201,0.00,202,1.00,197,0.00,1204,0.00,1203,0.00,1720,0.00,1366,-7.00,251,5.00,1628,24.00,1428,0.16
393,-5.00,203,0.00,200,-1.00,202,0.00,200,2.00,199,-2.00,203,-6.00,204,1.00,499,-1.00,501,0.00,200,-4.00,204,0.00,200,0.00,201,0.00,202,3.00,197,0.00,1204,0.00,1203,0.00,1720,0.00,1366,-8.00,251,4.00,1628,24.00,1428,0.16
428,-2.00,204,0.00,200,-1.00,202,0.00,200,2.00,199,-2.00,203,-2.00,203,1.00,499,-1.00,501,0.00,200,-4.00,204,0.00,200,0.00,201,-1.00,202,1.00,197,0.00,1204,0.00,1203,0.00,1720,0.00,1366,-7.00,251,4.00,1628,24.00,1428,0.00
464,-4.00,204,0.00,200,-1.00,202,0.00,200,1.00,199,-2.00,203,-5.00,204,2.00,499,0.00,501,0.00,200,-4.00,204,0.00,200,0.00,201,0.00,202,3.00,197,0.00,1204,0.00,1203,0.00,1720,0.00,1366,-6.00,251,3.00,1628,24.00,1428,0.65
500,-3.00,204,0.00,200,-1.00,202,0.00,200,1.00,199,-2.00,203,-5.00,204,2.00,499,-1.00,501,0.00,200,-3.00,204,0.00,200,0.00,201,-1.00,202,2.00,197,0.00,1204,0.00,1203,0.00,1720,0.00,1366,-8.00,251,3.00,1628,24.00,1428,0.08
535,-4.00,204,0.00,200,-1.00,202,0.00,200,1.00,199,-2.00,203,-2.00,204,2.00,499,-1.00,501,0.00,200,-4.00,204,0.00,200,0.00,201,0.00,202,2.00,197,0.00,1204,0.00,1203,0.00,1720,0.00,1366,-7.00,251,2.00,1628,24.00,1428,0.08
571,-3.00,204,0.00,200,-1.00,202,0.00,200,0.00,199,-1.00,203,-5.00,204,1.00,499,-1.00,501,0.00,200,-1.00,204,0.00,200,0.00,201,-2.00,202,2.00,197,0.00,1204,0.00,1203,0.00,1720,0.00,1366,-7.00,251,2.00,1628,24.00,1428,0.32
607,-3.00,204,0.00,200,-1.00,202,0.00,200,1.00,199,-2.00,203,1.00,204,2.00,499,-1.00,501,0.00,200,-2.00,204,0.00,200,0.00,201,-1.00,202,1.00,197,0.00,1204,0.00,1203,0.00,1720,0.00,1366,-7.00,251,3.00,1628,23.00,1428,0.08
643,-4.00,203,0.00,200,-1.00,202,0.00,200,1.00,199,-3.00,203,-6.00,203,1.00,499,-1.00,501,0.00,200,-4.00,204,0.00,200,0.00,201,-2.00,202,3.00,197,0.00,1204,0.00,1203,0.00,1720,0.00,1366,-8.00,251,4.00,1628,24.00,1428,0.08
678,-4.00,204,0.00,200,0.00,202,0.00,200,1.00,199,-1.00,203,-1.00,204,0.00,499,0.00,501,0.00,200,-4.00,204,0.00,200,0.00,201,-1.00,202,3.00,197,0.00,1204,0.00,1203,0.00,1720,0.00,1366,-6.00,251,2.00,1628,24.00,1428,0.08
714,-3.00,204,0.00,200,-2.00,202,0.00,200,0.00,199,-2.00,203,-5.00,203,1.00,499,-1.00,501,0.00,200,-3.00,204,0.00,200,0.00,201,0.00,202,1.00,197,0.00,1204,0.00,1203,0.00,1720,0.00,1366,-7.00,251,3.00,1628,24.00,1428,0.00
750,-3.00,203,0.00,200,-1.00,202,0.00,200,2.00,199,-3.00,203,-6.00,204,0.00,499,-1.00,501,0.00,200,-1.00,204,0.00,200,0.00,201,0.00,202,3.00,197,0.00,1204,0.00,1203,0.00,1720,0.00,1366,-7.00,251,4.00,1628,24.00,1428,0.08
786,-5.00,204,0.00,200,-1.00,202,0.00,200,1.00,199,-2.00,203,-4.00,204,-1.00,499,0.00,501,0.00,200,-4.00,204,0.00,200,0.00,201,-1.00,202,1.00,197,0.00,1204,0.00,1203,0.00,1720,0.00,1366,-7.00,251,4.00,1628,24.00,1428,0.00
822,-3.00,204,0.00,200,-1.00,202,0.00,200,1.00,199,-2.00,203,-5.00,204,0.00,499,-1.00,501,0.00,200,-3.00,204,0.00,200,0.00,201,-1.00,202,1.00,197,0.00,1204,0.00,1203,0.00,1720,0.00,1366,-7.00,251,3.00,1628,24.00,1428,0.08
857,-4.00,204,0.00,200,-1.00,202,0.00,200,1.00,199,-1.00,203,-5.00,203,0.00,499,-1.00,501,0.00,200,-2.00,204,0.00,200,0.00,201,-1.00,202,1.00,197,0.00,1204,0.00,1203,0.00,1720,0.00,1366,-7.00,251,3.00,1628,24.00,1428,0.16
893,-4.00,204,0.00,200,-1.00,202,0.00,200,0.00,199,-3.00,203,-5.00,204,0.00,499,-1.00,501,0.00,200,-3.00,204,0.00,200,0.00,201,-1.00,202,2.00,197,0.00,1204,0.00,1203,0.00,1720,0.00,1366,-8.00,251,3.00,1628,24.00,1428,0.08
929,-2.00,204,0.00,200,-1.00,202,0.00,200,2.00,199,-2.00,203,1.00,204,1.00,499,-1.00,501,0.00,200,-3.00,204,0.00,200,0.00,201,0.00,202,3.00,197,0.00,1204,0.00,1203,0.00,1720,0.00,1366,-7.00,251,4.00,1628,24.00,1428,0.08
964,-4.00,204,0.00,200,0.00,202,0.00,200,2.00,199,-2.00,203,-6.00,204,2.00,499,-1.00,501,0.00,200,-2.00,204,0.00,200,0.00,201,-1.00,202,3.00,197,0.00,1204,0.00,1203,0.00,1720,0.00,1366,-7.00,251,2.00,1628,24.00,1428,0.08
1000,-3.00,204,0.00,200,-1.00,202,0.00,200,1.00,199,-3.00,203,-5.00,204,0.00,499,0.00,501,0.00,200,-3.00,204,0.00,200,0.00,201,-1.00,202,2.00,197,0.00,1204,0.00,1203,0.00,1720,0.00,1366,-8.00,251,2.00,1628,23.00,1428,0.08
1036,-4.00,204,0.00,200,0.00,202,0.00,200,0.00,199,-2.00,203,-3.00,203,1.00,499,0.00,501,0.00,200,-1.00,204,0.00,200,0.00,201,0.00,202,2.00,197,0.00,1204,0.00,1203,0.00,1720,0.00,1366,-5.00,251,4.00,1628,24.00,1428,0.08
1071,-2.00,204,0.00,200,-2.00,202,0.00,200,0.00,199,-1.00,203,-4.00,204,0.00,499,-1.00,501,0.00,200,-2.00,204,0.00,200,0.00,201,-1.00,202,1.00,197,0.00,1204,0.00,1203,0.00,1720,0.00,1366,-7.00,251,2.00,1628,24.00,1428,0.48
1107,-2.00,204,0.00,200,-1.00,202,0.00,200,1.00,199,-3.00,203,-5.00,204,0.00,499,-1.00,501,0.00,200,-4.00,204,0.00,200,0.00,201,0.00,202,1.00,197,0.00,1204,0.00,1203,0.00,1720,0.00,1366,-6.00,251,3.00,1628,23.00,1428,0.08
1143,-2.00,204,0.00,200,-1.00,202,0.00,200,2.00,199,-3.00,203,-4.00,204,1.00,499,0.00,501,0.00,200,-2.00,204,0.00,200,0.00,201,-1.00,202,1.00,197,0.00,1204,0.00,1203,0.00,1720,0.00,1366,-7.00,251,4.00,1628,23.00,1428,0.00
1179,-4.00,204,0.00,200,-3.00,202,0.00,200,0.00,199,-3.00,203,-4.00,204,2.00,499,-1.00,501,0.00,200,-3.00,204,0.00,200,0.00,201,-1.00,202,3.00,197,0.00,1204,0.00,1203,0.00,1720,0.00,1366,-8.00,251,3.00,1628,24.00,1428,0.00
1214,-4.00,204,0.00,200,0.00,202,0.00,200,1.00,199,-1.00,203,-5.00,204,1.00,499,-1.00,501,0.00,200,-2.00,204,0.00,200,0.00,201,-1.00,202,1.00,197,0.00,1204,0.00,1203,0.00,1720,0.00,1366,-7.00,251,3.00,1628,24.00,1428,0.00
1250,-4.00,204,0.00,200,0.00,202,0.00,200,0.00,199,-2.00,203,-4.00,204,0.00,499,5.00,501,0.00,200,-4.00,204,0.00,200,0.00,201,-1.00,202,1.00,197,0.00,1204,0.00,1203,0.00,1720,0.00,1366,-7.00,251,3.00,1628,24.00,1428,0.08
1286,-6.00,204,0.00,200,0.00,202,0.00,200,2.00,199,-1.00,203,0.00,204,0.00,499,-1.00,501,0.00,200,-4.00,204,0.00,200,0.00,201,-1.00,202,1.00,197,0.00,1204,0.00,1203,0.00,1720,0.00,1366,-8.00,251,4.00,1628,25.00,1428,0.08
1322,-4.00,204,0.00,200,-1.00,202,0.00,200,1.00,199,-1.00,203,-6.00,204,0.00,499,-5.00,501,0.00,200,-3.00,204,0.00,200,0.00,201,-1.00,202,2.00,197,0.00,1204,0.00,1203,0.00,1720,0.00,1366,-8.00,251,3.00,1628,24.00,1428,0.08
1358,-4.00,204,0.00,200,-1.00,202,0.00,200,0.00,199,-2.00,203,-5.00,204,1.00,499,1.00,501,0.00,200,-3.00,204,0.00,200,0.00,201,-1.00,202,1.00,197,0.00,1204,0.00,1203,0.00,1720,0.00,1366,-7.00,251,3.00,1628,24.00,1428,0.08
1394,-3.00,204,0.00,200,-2.00,202,0.00,200,1.00,199,-2.00,203,-5.00,204,1.00,499,-1.00,501,0.00,200,-3.00,204,0.00,200,0.00,201,0.00,202,3.00,197,0.00,1204,0.00,1203,0.00,1720,0.00,1366,-7.00,251,2.00,1628,24.00,1428,0.08
1429,5.00,204,0.00,200,-1.00,202,0.00,200,2.00,199,-2.00,203,-7.00,204,0.00,499,-9.00,501,0.00,200,-2.00,204,0.00,200,0.00,201,0.00,202,1.00,197,0.00,1204,0.00,1203,0.00,1720,0.00,1366,-7.00,251,3.00,1628,24.00,1428,0.16
1465,-3.00,204,0.00,200,-1.00,202,0.00,200,1.00,199,-3.00,203,-6.00,204,1.00,499,-11.00,501,0.00,200,-5.00,204,0.00,200,0.00,201,-2.00,202,1.00,197,0.00,1204,0.00,1203,0.00,1720,0.00,1366,-7.00,251,2.00,1628,25.00,1428,0.08
1501,-2.00,204,0.00,200,-1.00,202,0.00,200,2.00,199,-1.00,203,-5.00,203,1.00,499,-2.00,502,0.00,200,-4.00,204,0.00,200,0.00,201,-1.00,202,2.00,197,0.00,1204,0.00,1203,0.00,1720,0.00,1366,-5.00,251,2.00,1628,24.00,1428,0.32
1536,-3.00,204,0.00,200,-1.00,202,0.00,200,1.00,199,-2.00,203,1.00,203,1.00,499,-3.00,502,0.00,200,-3.00,204,0.00,200,0.00,201,-1.00,202,1.00,197,0.00,1204,0.00,1203,0.00,1720,0.00,1366,-8.00,251,4.00,1628,24.00,1428,0.00
1572,-2.00,204,0.00,200,-1.00,202,0.00,200,2.00,199,-2.00,203,-6.00,203,1.00,499,-3.00,501,0.00,200,-2.00,204,0.00,200,0.00,201,-2.00,202,1.00,197,0.00,1204,0.00,1203,0.00,1720,0.00,1366,-7.00,251,3.00,1628,24.00,1428,0.08
1608,-4.00,204,0.00,200,0.00,202,0.00,200,2.00,199,-2.00,203,-2.00,203,0.00,499,0.00,501,0.00,200,-3.00,204,0.00,200,0.00,201,-1.00,202,1.00,197,0.00,1204,0.00,1203,0.00,1720,0.00,1366,-7.00,251,3.00,1628,24.00,1428,0.00
1644,-3.00,204,0.00,200,-1.00,202,0.00,200,0.00,199,-2.00,203,-4.00,204,1.00,499,-8.00,501,0.00,200,-2.00,204,0.00,200,0.00,201,-1.00,202,2.00,197,0.00,1204,0.00,1203,0.00,1720,0.00,1366,-7.00,251,4.00,1628,24.00,1428,0.00
1679,-4.00,204,0.00,200,-1.00,202,0.00,200,0.00,199,-1.00,203,-1.00,203,1.00,499,-1.00,501,0.00,200,-3.00,204,0.00,200,0.00,201,-1.00,202,2.00,197,0.00,1204,0.00,1203,0.00,1720,0.00,1366,-8.00,251,3.00,1628,23.00,1428,0.08
1715,-3.00,204,0.00,200,-1.00,202,0.00,200,1.00,199,-3.00,203,-4.00,204,1.00,499,-1.00,501,0.00,200,-2.00,204,0.00,200,0.00,201,-1.00,202,3.00,197,0.00,1204,0.00,1203,0.00,1720,0.00,1366,-8.00,251,2.00,1628,24.00,1428,0.00
1751,-3.00,204,0.00,200,-1.00,202,0.00,200,2.00,199,-2.00,203,-5.00,204,1.00,499,-3.00,501,0.00,200,-2.00,204,0.00,200,0.00,201,-1.00,202,1.00,197,0.00,1204,0.00,1203,0.00,1720,0.00,1365,-7.00,251,2.00,1628,24.00,1428,0.00
1787,-3.00,204,0.00,200,-1.00,202,0.00,200,2.00,199,-3.00,203,-7.00,204,0.00,499,-1.00,502,0.00,200,-4.00,204,0.00,200,0.00,201,-1.00,202,1.00,197,0.00,1204,0.00,1203,0.00,1720,0.00,1366,-7.00,251,3.00,1628,24.00,1428,0.00
1823,-4.00,204,0.00,200,-1.00,202,0.00,200,1.00,199,-1.00,203,-3.00,204,1.00,499,0.00,501,0.00,200,-2.00,204,0.00,200,0.00,201,-1.00,202,3.00,197,0.00,1204,0.00,1203,0.00,1720,0.00,1366,-7.00,251,4.00,1628,24.00,1428,0.08
1858,-4.00,204,0.00,200,-2.00,202,0.00,200,1.00,199,-2.00,203,-4.00,204,1.00,499,-1.00,501,0.00,200,-3.00,204,0.00,200,0.00,201,-1.00,202,3.00,197,0.00,1203,0.00,1203,0.00,1720,0.00,1366,-7.00,251,4.00,1628,23.00,1428,0.08
1894,-3.00,204,0.00,200,-1.00,202,0.00,200,1.00,199,-2.00,203,-6.00,203,1.00,499,1.00,502,0.00,200,-2.00,204,0.00,200,0.00,201,-1.00,202,3.00,197,0.00,1204,0.00,1203,0.00,1720,0.00,1366,-7.00,251,2.00,1628,25.00,1428,0.08
1930,-3.00,204,0.00,200,-1.00,202,0.00,200,1.00,199,-2.00,203,-5.00,204,1.00,499,3.00,501,0.00,200,-4.00,204,0.00,200,0.00,201,-1.00,202,2.00,197,0.00,1204,0.00,1203,0.00,1720,0.00,1366,-6.00,251,4.00,1628,24.00,1428,0.08
1966,-3.00,204,0.00,200,-1.00,202,0.00,200,2.00,199,-2.00,203,-7.00,204,1.00,499,1.00,501,0.00,200,-2.00,204,0.00,200,0.00,201,-1.00,202,2.00,197,0.00,1204,0.00,1203,0.00,1720,0.00,1366,-7.00,251,2.00,1628,24.00,1428,0.08
2001,-4.00,204,0.00,200,-1.00,202,0.00,200,1.00,199,-3.00,203,-5.00,204,1.00,499,3.00,501,0.00,200,-3.00,204,0.00,200,0.00,201,-1.00,202,3.00,197,0.00,1204,0.00,1203,0.00,1720,0.00,1366,-8.00,251,2.00,1628,24.00,1428,0.08
2037,-4.00,204,0.00,200,-1.00,202,0.00,200,2.00,199,-1.00,203,-6.00,203,2.00,499,-4.00,502,0.00,200,-3.00,204,0.00,200,0.00,201,-2.00,202,2.00,197,0.00,1204,0.00,1203,0.00,1720,0.00,1366,-7.00,251,2.00,1628,24.00,1428,0.00
2073,-4.00,204,0.00,200,0.00,202,0.00,200,1.00,199,-3.00,203,-5.00,204,1.00,499,6.00,501,0.00,200,-3.00,204,0.00,200,0.00,201,-1.00,202,2.00,197,0.00,1203,0.00,1203,0.00,1720,0.00,1366,-6.00,251,3.00,1628,24.00,1428,0.00
2108,-3.00,204,0.00,200,-1.00,202,0.00,200,1.00,199,-2.00,203,-3.00,204,2.00,499,1.00,502,0.00,200,-3.00,204,0.00,200,0.00,201,-1.00,202,2.00,197,0.00,1204,0.00,1203,0.00,1720,0.00,1366,-7.00,251,4.00,1628,24.00,1428,0.00
2144,-2.00,204,0.00,200,-1.00,202,0.00,200,0.00,199,-2.00,203,2.00,203,0.00,499,-4.00,501,0.00,200,-2.00,204,0.00,200,0.00,201,-1.00,202,3.00,197,0.00,1204,0.00,1203,0.00,1720,0.00,1366,-8.00,251,3.00,1628,24.00,1428,0.08
2180,-4.00,204,0.00,200,-1.00,202,0.00,200,1.00,199,-2.00,203,-3.00,204,1.00,499,-6.00,502,0.00,200,-2.00,204,0.00,200,0.00,201,-1.00,202,3.00,197,0.00,1204,0.00,1203,0.00,1720,0.00,1366,-7.00,251,3.00,1628,23.00,1428,0.16
2216,4.00,204,0.00,200,-2.00,202,0.00,200,1.00,199,-1.00,203,-1.00,204,1.00,499,-1.00,502,0.00,200,-2.00,204,0.00,200,0.00,201,0.00,202,3.00,197,0.00,1204,0.00,1203,0.00,1720,0.00,1366,-8.00,251,3.00,1628,24.00,1428,0.32
2252,-3.00,204,0.00,200,-1.00,202,0.00,200,2.00,199,-2.00,203,-7.00,204,2.00,499,-3.00,501,0.00,200,-3.00,204,0.00,200,0.00,201,-1.00,202,1.00,197,0.00,1204,0.00,1203,0.00,1720,0.00,1366,-7.00,251,2.00,1628,24.00,1428,0.08
2287,-4.00,204,0.00,200,-2.00,202,0.00,200,1.00,199,-2.00,203,-6.00,203,1.00,499,-2.00,502,0.00,200,-4.00,204,0.00,200,0.00,201,-1.00,202,3.00,197,0.00,1204,0.00,1203,0.00,1720,0.00,1366,-7.00,251,2.00,1628,24.00,1428,0.08
2323,-2.00,204,0.00,200,-2.00,202,0.00,200,0.00,199,-2.00,203,-5.00,204,1.00,499,-1.00,502,0.00,200,-1.00,204,0.00,200,0.00,201,-1.00,202,2.00,197,0.00,1204,0.00,1203,0.00,1720,0.00,1366,-6.00,251,3.00,1628,24.00,1428,0.08
2359,-3.00,204,0.00,200,-1.00,202,0.00,200,0.00,199,-3.00,203,-4.00,204,1.00,499,-5.00,502,0.00,200,-4.00,204,0.00,200,0.00,201,-1.00,202,3.00,197,0.00,1204,0.00,1203,0.00,1720,0.00,1366,-8.00,251,2.00,1628,24.00,1428,0.00
2395,-4.00,204,0.00,200,-1.00,202,0.00,200,0.00,199,-3.00,203,-7.00,204,0.00,499,-9.00,502,0.00,200,-4.00,204,0.00,200,0.00,201,-2.00,202,2.00,197,0.00,1204,0.00,1203,0.00,1720,0.00,1366,-7.00,251,4.00,1628,25.00,1428,0.00
2430,-2.00,204,0.00,200,0.00,202,0.00,200,0.00,199,-2.00,203,-6.00,203,1.00,499,-2.00,502,0.00,200,-4.00,204,0.00,200,0.00,201,-1.00,202,2.00,197,0.00,1204,0.00,1203,0.00,1720,0.00,1366,-8.00,251,3.00,1628,24.00,1428,0.16
2466,-3.00,204,0.00,200,-1.00,202,0.00,200,0.00,199,-2.00,203,2.00,203,1.00,499,-7.00,501,0.00,200,-2.00,204,0.00,200,0.00,201,-1.00,202,2.00,197,0.00,1204,0.00,1203,0.00,1720,0.00,1366,-7.00,251,3.00,1628,24.00,1428,0.00
2502,-3.00,203,0.00,200,-1.00,202,0.00,200,1.00,199,-1.00,203,-4.00,204,1.00,499,3.00,502,0.00,200,-3.00,204,0.00,200,0.00,201,-1.00,202,2.00,197,0.00,1204,0.00,1203,0.00,1720,0.00,1366,-7.00,251,3.00,1628,24.00,1428,0.32
2537,-4.00,204,0.00,200,-1.00,202,0.00,200,1.00,199,-2.00,203,1.00,203,2.00,499,3.00,502,0.00,200,-4.00,204,0.00,200,0.00,201,-1.00,202,3.00,197,0.00,1204,0.00,1203,0.00,1720,0.00,1366,-7.00,251,3.00,1628,24.00,1428,0.08
2573,-2.00,204,0.00,200,-1.00,202,0.00,200,1.00,199,-2.00,203,3.00,204,2.00,499,-3.00,501,0.00,200,-3.00,204,0.00,200,0.00,201,-1.00,202,2.00,197,0.00,1204,0.00,1203,0.00,1720,0.00,1366,-7.00,251,3.00,1628,24.00,1428,0.16
2609,-4.00,204,0.00,200,0.00,202,0.00,200,0.00,199,-3.00,203,-6.00,204,1.00,499,-6.00,501,0.00,200,-4.00,204,0.00,200,0.00,201,-1.00,202,3.00,197,0.00,1204,0.00,1203,0.00,1720,0.00,1366,-7.00,251,3.00,1628,24.00,1428,0.08
2645,-2.00,204,0.00,200,-2.00,202,0.00,200,2.00,199,-3.00,203,-5.00,203,2.00,499,-3.00,501,0.00,200,-2.00,204,0.00,200,0.00,201,-1.00,202,1.00,197,0.00,1204,0.00,1203,0.00,1720,0.00,1366,-7.00,251,3.00,1628,24.00,1428,0.00
2680,-2.00,204,0.00,200,-3.00,202,0.00,200,1.00,199,-3.00,203,-6.00,204,1.00,499,2.00,501,0.00,200,-3.00,204,0.00,200,0.00,201,-1.00,202,3.00,197,0.00,1204,0.00,1203,0.00,1720,0.00,1366,-7.00,251,3.00,1628,25.00,1428,0.16
2716,-3.00,204,0.00,200,-1.00,202,0.00,200,1.00,199,-2.00,203,-5.00,204,1.00,499,0.00,502,0.00,200,-4.00,204,0.00,200,0.00,201,-1.00,202,1.00,197,0.00,1204,0.00,1203,0.00,1720,0.00,1366,-8.00,251,3.00,1628,24.00,1428,0.24
2752,-3.00,204,0.00,200,0.00,202,0.00,200,0.00,199,-2.00,203,-5.00,204,1.00,499,-4.00,502,0.00,200,-1.00,204,0.00,200,0.00,201,-1.00,202,2.00,197,0.00,1204,0.00,1203,0.00,1720,0.00,1366,-7.00,251,4.00,1628,25.00,1428,0.08
2787,-2.00,204,0.00,200,-2.00,202,0.00,200,2.00,199,-3.00,203,-6.00,204,0.00,499,-4.00,502,0.00,200,-3.00,204,0.00,200,0.00,201,-1.00,202,3.00,197,0.00,1204,0.00,1203,0.00,1720,0.00,1366,-7.00,251,4.00,1628,24.00,1428,0.08
2823,-3.00,204,0.00,200,-1.00,202,0.00,200,1.00,199,-2.00,203,-5.00,204,1.00,499,-2.00,502,0.00,200,-2.00,204,0.00,200,0.00,201,-1.00,202,1.00,197,0.00,1204,0.00,1203,0.00,1720,0.00,1366,-7.00,251,2.00,1628,24.00,1428,0.08
2859,-2.00,204,0.00,200,0.00,202,0.00,200,1.00,199,-2.00,203,-6.00,204,2.00,499,-5.00,502,0.00,200,-2.00,204,0.00,200,0.00,201,-1.00,202,1.00,197,0.00,1204,0.00,1203,0.00,1720,0.00,1366,-7.00,251,2.00,1628,24.00,1428,0.24
2895,-4.00,204,0.00,200,-1.00,202,0.00,200,0.00,199,-2.00,203,1.00,204,0.00,499,-2.00,502,0.00,200,-4.00,204,0.00,200,0.00,201,0.00,202,3.00,197,0.00,1204,0.00,1203,0.00,1720,0.00,1366,-8.00,251,2.00,1628,24.00,1428,0.16
2930,-4.00,204,0.00,200,0.00,202,0.00,200,1.00,199,-1.00,203,-7.00,203,1.00,499,2.00,501,0.00,200,-3.00,204,0.00,200,0.00,201,-1.00,202,1.00,197,0.00,1204,0.00,1203,0.00,1720,0.00,1366,-7.00,251,4.00,1628,24.00,1428,0.32
2966,-4.00,204,0.00,200,-1.00,202,0.00,200,1.00,199,-2.00,203,-5.00,203,1.00,499,-3.00,501,0.00,200,-2.00,204,0.00,200,0.00,201,-1.00,202,2.00,197,0.00,1204,0.00,1203,0.00,1720,0.00,1366,-7.00,251,3.00,1628,24.00,1428,0.24
3002,-2.00,204,0.00,200,0.00,202,0.00,200,0.00,199,-1.00,203,-5.00,203,2.00,499,-1.00,502,0.00,200,-4.00,204,0.00,200,0.00,201,-1.00,202,1.00,197,0.00,1204,0.00,1203,0.00,1720,0.00,1366,-7.00,251,2.00,1628,24.00,1428,0.08
3038,-2.00,204,0.00,200,-1.00,202,0.00,200,1.00,199,-2.00,203,-6.00,204,0.00,499,1.00,502,0.00,200,-4.00,204,0.00,200,0.00,201,-1.00,202,2.00,197,0.00,1204,0.00,1203,0.00,1720,0.00,1366,-7.00,251,4.00,1628,24.00,1428,0.16
3074,-3.00,204,0.00,200,0.00,202,0.00,200,1.00,199,-2.00,203,-3.00,204,1.00,499,-2.00,502,0.00,200,-2.00,204,0.00,200,0.00,201,-1.00,202,1.00,197,0.00,1204,0.00,1203,0.00,1720,0.00,1366,-7.00,251,4.00,1628,25.00,1428,0.24
3109,-2.00,204,0.00,200,-4.00,202,0.00,200,2.00,199,-2.00,203,-3.00,204,1.00,499,-1.00,502,0.00,200,-4.00,204,0.00,200,0.00,201,-1.00,202,3.00,197,0.00,1204,0.00,1203,0.00,1720,0.00,1366,-7.00,251,3.00,1628,24.00,1428,0.32
3145,-3.00,204,0.00,200,0.00,202,0.00,200,0.00,199,-2.00,203,-5.00,204,0.00,499,-1.00,502,0.00,200,-3.00,204,0.00,200,0.00,201,0.00,202,2.00,197,0.00,1204,0.00,1203,0.00,1720,0.00,1366,-8.00,251,4.00,1628,24.00,1428,0.24
3181,-3.00,204,0.00,200,-1.00,202,0.00,200,2.00,199,-2.00,203,-3.00,204,1.00,499,-4.00,502,0.00,200,-1.00,204,0.00,200,0.00,201,0.00,202,2.00,197,0.00,1204,0.00,1203,0.00,1720,0.00,1366,-8.00,251,3.00,1628,25.00,1428,0.24
3217,-3.00,204,0.00,200,-1.00,202,0.00,200,1.00,199,-3.00,203,-5.00,204,1.00,499,4.00,502,0.00,200,-2.00,204,0.00,200,0.00,201,-1.00,202,1.00,197,0.00,1204,0.00,1203,0.00,1720,0.00,1366,-7.00,251,3.00,1628,24.00,1428,0.24
3252,6.00,204,0.00,200,-1.00,202,0.00,200,2.00,199,-1.00,203,-5.00,204,1.00,499,-2.00,502,0.00,200,-2.00,204,0.00,200,0.00,201,-1.00,202,1.00,197,0.00,1204,0.00,1203,0.00,1720,0.00,1366,-8.00,251,4.00,1628,23.00,1428,0.24
3288,-3.00,204,0.00,200,-1.00,202,0.00,200,1.00,199,-2.00,203,-6.00,204,0.00,499,-2.00,502,0.00,200,-2.00,204,0.00,200,0.00,201,-1.00,202,3.00,197,0.00,1204,0.00,1203,0.00,1720,0.00,1366,-7.00,251,3.00,1628,24.00,1428,0.32
3324,-3.00,204,0.00,200,-1.00,202,0.00,200,1.00,199,-2.00,203,-6.00,203,1.00,499,-4.00,502,0.00,200,-2.00,204,0.00,200,-1.00,201,-1.00,202,2.00,197,0.00,1204,0.00,1203,0.00,1720,0.00,1366,-7.00,251,3.00,1628,25.00,1428,0.24
3359,-2.00,204,0.00,200,0.00,202,0.00,200,1.00,199,-1.00,203,0.00,204,1.00,499,-3.00,502,0.00,200,-4.00,204,0.00,200,0.00,201,-1.00,202,4.00,197,0.00,1204,0.00,1203,0.00,1720,0.00,1366,-7.00,251,3.00,1628,24.00,1428,0.24
3395,-3.00,204,0.00,200,-1.00,202,0.00,200,1.00,199,-2.00,203,-2.00,203,3.00,499,2.00,502,0.00,200,-3.00,204,0.00,200,0.00,201,-1.00,202,2.00,197,0.00,1204,0.00,1203,0.00,1720,0.00,1366,-7.00,251,4.00,1628,24.00,1428,0.24
3431,-3.00,204,0.00,200,0.00,202,0.00,200,1.00,199,-1.00,203,-7.00,204,2.00,499,-2.00,502,0.00,200,-3.00,204,0.00,200,0.00,201,-1.00,202,2.00,197,0.00,1204,0.00,1203,0.00,1720,0.00,1366,-7.00,251,3.00,1628,24.00,1428,0.40
3467,-4.00,204,0.00,200,0.00,202,0.00,200,2.00,199,-1.00,203,-5.00,204,0.00,499,-2.00,502,0.00,200,-2.00,204,0.00,200,0.00,201,-1.00,202,1.00,197,0.00,1204,0.00,1203,0.00,1720,0.00,1366,-7.00,251,3.00,1628,24.00,1428,0.24
3502,-3.00,204,0.00,200,-1.00,202,0.00,200,1.00,199,-2.00,203,-5.00,204,0.00,499,-2.00,502,0.00,200,-4.00,204,0.00,200,-1.00,201,-1.00,202,1.00,197,0.00,1204,0.00,1203,0.00,1720,0.00,1366,-7.00,251,4.00,1628,24.00,1428,0.32
3538,-2.00,204,0.00,200,0.00,202,0.00,200,0.00,199,-3.00,203,-4.00,204,0.00,499,-3.00,502,0.00,200,-4.00,204,0.00,200,0.00,201,-1.00,202,1.00,197,0.00,1204,0.00,1203,0.00,1720,0.00,1366,-6.00,251,3.00,1628,24.00,1428,0.24
3574,-4.00,204,0.00,200,-1.00,202,0.00,200,0.00,199,-2.00,203,-4.00,204,2.00,499,-2.00,502,0.00,200,-2.00,204,0.00,200,0.00,201,-1.00,202,1.00,197,0.00,1204,0.00,1203,0.00,1720,0.00,1366,-7.00,251,3.00,1628,24.00,1428,0.32
3609,-4.00,204,0.00,200,-1.00,202,0.00,200,1.00,199,-2.00,203,-4.00,204,0.00,499,-1.00,502,0.00,200,-2.00,204,0.00,200,0.00,201,-1.00,202,2.00,197,0.00,1204,0.00,1203,0.00,1720,0.00,1366,-8.00,251,3.00,1628,24.00,1428,0.24
3645,-4.00,204,0.00,200,-1.00,202,0.00,200,1.00,199,-1.00,203,-5.00,204,1.00,499,-2.00,502,0.00,200,-3.00,204,0.00,200,0.00,201,-1.00,202,2.00,197,0.00,1204,0.00,1203,0.00,1720,0.00,1366,-7.00,251,3.00,1628,24.00,1428,0.24
3681,-4.00,204,0.00,200,-1.00,202,0.00,200,1.00,199,-1.00,203,-7.00,204,1.00,499,-1.00,502,0.00,200,-2.00,204,0.00,200,0.00,201,-1.00,202,1.00,197,0.00,1204,0.00,1203,0.00,1720,0.00,1366,-7.00,251,2.00,1628,24.00,1428,0.16
3717,-2.00,204,0.00,200,-1.00,202,0.00,200,2.00,199,-3.00,203,-1.00,204,0.00,499,-1.00,502,0.00,200,-2.00,204,0.00,200,-1.00,201,-1.00,202,2.00,197,0.00,1204,0.00,1204,0.00,1720,0.00,1366,-7.00,251,3.00,1628,24.00,1428,0.24
3752,-3.00,204,0.00,200,-1.00,202,0.00,200,2.00,199,-2.00,203,-1.00,204,0.00,499,-1.00,502,0.00,200,-3.00,204,0.00,200,0.00,201,-1.00,202,1.00,197,0.00,1204,0.00,1203,0.00,1720,0.00,1366,-8.00,251,3.00,1628,25.00,1428,0.32
3788,1.00,204,0.00,200,-2.00,202,0.00,200,1.00,199,-2.00,203,-4.00,204,2.00,499,-3.00,502,0.00,200,-3.00,204,0.00,200,0.00,201,-1.00,202,3.00,197,0.00,1204,0.00,1203,0.00,1720,0.00,1366,-8.00,251,4.00,1628,24.00,1428,0.16
3824,-4.00,204,0.00,200,-1.00,202,0.00,200,1.00,199,-2.00,203,-5.00,204,1.00,499,-3.00,502,0.00,200,-2.00,204,0.00,200,0.00,201,-1.00,202,3.00,197,0.00,1204,0.00,1203,0.00,1720,0.00,1366,-7.00,251,2.00,1628,24.00,1428,0.32
3860,-3.00,204,0.00,200,-1.00,202,0.00,200,0.00,199,-3.00,203,-3.00,204,1.00,499,-2.00,502,0.00,200,-3.00,204,0.00,200,0.00,201,-1.00,202,1.00,197,0.00,1204,0.00,1203,0.00,1720,0.00,1366,-7.00,251,3.00,1628,24.00,1428,0.48
3895,-3.00,204,0.00,200,-1.00,202,0.00,200,1.00,199,-2.00,203,0.00,204,2.00,499,-2.00,502,0.00,200,-3.00,204,0.00,200,0.00,201,-2.00,202,3.00,197,0.00,1204,0.00,1203,0.00,1720,0.00,1366,-8.00,251,4.00,1628,24.00,1428,0.56
3931,-3.00,204,0.00,200,-1.00,202,0.00,200,0.00,199,-2.00,203,-5.00,203,1.00,499,-3.00,502,0.00,200,-2.00,204,0.00,200,0.00,201,-1.00,202,2.00,197,0.00,1204,0.00,1203,0.00,1720,0.00,1366,-6.00,251,3.00,1628,23.00,1428,0.48
3967,-4.00,204,0.00,200,-2.00,202,0.00,200,1.00,199,-3.00,203,-2.00,203,2.00,499,-3.00,502,0.00,200,-4.00,204,0.00,200,0.00,201,-1.00,202,1.00,197,0.00,1204,0.00,1203,0.00,1720,0.00,1366,-7.00,251,2.00,1628,24.00,1428,0.73
4003,-2.00,204,0.00,200,0.00,202,0.00,200,1.00,199,-2.00,203,-5.00,204,1.00,499,-3.00,502,0.00,200,-2.00,204,0.00,200,0.00,201,0.00,202,1.00,197,0.00,1204,0.00,1204,0.00,1720,0.00,1366,-7.00,251,3.00,1628,24.00,1428,0.24
4038,-2.00,204,0.00,200,-1.00,202,0.00,200,2.00,199,-2.00,203,-5.00,204,0.00,499,-4.00,502,0.00,200,-4.00,204,0.00,200,-1.00,201,-1.00,202,1.00,197,0.00,1204,0.00,1204,0.00,1720,0.00,1366,-5.00,251,2.00,1628,24.00,1428,0.24
4074,-2.00,204,0.00,200,-2.00,202,0.00,200,1.00,199,-2.00,203,-6.00,204,1.00,499,-5.00,502,0.00,200,-2.00,204,0.00,200,0.00,201,-1.00,202,1.00,197,0.00,1204,0.00,1203,0.00,1720,0.00,1366,-6.00,251,4.00,1628,23.00,1428,0.32
4110,-4.00,204,0.00,200,-1.00,202,0.00,200,2.00,199,-2.00,203,-7.00,204,0.00,499,-4.00,502,0.00,200,-4.00,204,0.00,200,0.00,201,0.00,202,3.00,197,0.00,1204,0.00,1203,0.00,1720,0.00,1366,-7.00,251,2.00,1628,24.00,1428,0.32
4146,-3.00,204,0.00,200,0.00,202,0.00,200,1.00,199,-2.00,203,-4.00,204,0.00,499,-3.00,502,0.00,200,-2.00,204,0.00,200,0.00,201,-1.00,202,0.00,197,0.00,1204,0.00,1203,0.00,1720,0.00,1366,-8.00,251,3.00,1628,24.00,1428,0.48
4181,-4.00,204,0.00,200,-2.00,202,0.00,200,0.00,199,-1.00,203,-5.00,204,1.00,499,-2.00,502,0.00,200,-3.00,204,0.00,200,0.00,201,-2.00,202,1.00,197,0.00,1204,0.00,1203,0.00,1720,0.00,1366,-7.00,251,2.00,1628,25.00,1428,0.40
4217,-3.00,204,0.00,200,-1.00,202,0.00,200,1.00,199,-3.00,203,-5.00,204,1.00,499,-3.00,502,0.00,200,-3.00,204,0.00,200,0.00,201,-1.00,202,1.00,197,0.00,1204,0.00,1204,0.00,1720,0.00,1366,-7.00,251,2.00,1628,24.00,1428,0.32
4253,-3.00,204,0.00,200,-3.00,202,0.00,200,1.00,199,-2.00,203,2.00,204,2.00,499,-2.00,502,0.00,200,-1.00,204,0.00,200,0.00,201,-2.00,202,2.00,197,0.00,1204,0.00,1204,0.00,1720,0.00,1366,-7.00,251,3.00,1628,24.00,1428,0.40
4289,-4.00,204,0.00,200,-1.00,202,0.00,200,0.00,199,-2.00,203,-3.00,204,0.00,499,0.00,502,0.00,200,-2.00,204,0.00,200,0.00,201,-1.00,202,4.00,197,0.00,1204,0.00,1204,0.00,1720,0.00,1366,-7.00,251,3.00,1628,24.00,1428,0.24
4324,-4.00,204,0.00,200,-1.00,202,0.00,200,1.00,199,-2.00,203,-5.00,204,1.00,499,-2.00,502,0.00,200,-3.00,204,0.00,200,-1.00,201,-1.00,202,3.00,197,0.00,1204,0.00,1204,0.00,1720,0.00,1366,-6.00,251,3.00,1628,24.00,1428,0.32
4360,-4.00,204,0.00,200,-1.00,202,0.00,200,-2.00,199,-2.00,203,-5.00,204,0.00,499,-2.00,502,0.00,200,-1.00,204,0.00,200,0.00,201,-1.00,202,3.00,197,0.00,1204,0.00,1203,0.00,1720,0.00,1366,-7.00,251,2.00,1628,24.00,1428,0.32
4396,-2.00,204,0.00,200,0.00,202,0.00,200,1.00,199,-2.00,203,-4.00,204,1.00,499,-1.00,502,0.00,200,-4.00,204,0.00,200,-2.00,201,-1.00,202,1.00,197,0.00,1204,0.00,1204,0.00,1720,0.00,1366,-8.00,251,4.00,1628,24.00,1428,0.16
4432,-4.00,204,0.00,200,0.00,202,0.00,200,1.00,199,-2.00,203,-4.00,204,0.00,499,-3.00,502,0.00,200,-3.00,204,0.00,200,-1.00,201,-1.00,202,3.00,197,0.00,1204,0.00,1203,0.00,1720,0.00,1366,-7.00,251,3.00,1628,24.00,1428,0.56
4467,-2.00,204,0.00,200,0.00,202,0.00,200,1.00,199,-2.00,203,-4.00,204,0.00,499,-2.00,502,0.00,200,-2.00,204,0.00,200,0.00,201,0.00,202,2.00,197,0.00,1204,0.00,1204,0.00,1720,0.00,1366,-7.00,251,3.00,1628,24.00,1428,0.32
4503,-2.00,204,0.00,200,-1.00,202,0.00,200,1.00,199,-1.00,203,-4.00,204,1.00,499,-2.00,502,0.00,200,-2.00,204,0.00,200,-1.00,201,-1.00,202,2.00,197,0.00,1204,0.00,1204,0.00,1720,0.00,1366,-8.00,251,2.00,1628,23.00,1428,0.40
4539,-3.00,204,0.00,200,-1.00,202,0.00,200,1.00,199,-1.00,203,-5.00,204,1.00,499,-2.00,502,0.00,200,-2.00,204,0.00,200,0.00,201,0.00,202,3.00,197,0.00,1204,0.00,1203,0.00,1720,0.00,1366,-7.00,251,2.00,1628,24.00,1428,0.32
4575,-2.00,204,0.00,200,-1.00,202,0.00,200,0.00,199,-3.00,203,-5.00,204,1.00,499,-2.00,502,0.00,200,-3.00,204,0.00,200,0.00,201,-1.00,202,1.00,197,0.00,1204,0.00,1204,0.00,1720,0.00,1366,-7.00,251,2.00,1628,25.00,1428,0.56
4610,-2.00,204,0.00,200,-1.00,202,0.00,200,0.00,199,-2.00,203,0.00,204,1.00,499,-1.00,502,0.00,200,-4.00,204,0.00,200,0.00,201,-1.00,202,1.00,197,0.00,1204,0.00,1204,0.00,1719,0.00,1366,-7.00,251,3.00,1628,24.00,1428,0.65
4646,-2.00,204,0.00,200,-1.00,202,0.00,200,2.00,199,-3.00,203,-4.00,204,2.00,499,-2.00,502,0.00,200,-4.00,204,0.00,200,0.00,201,-1.00,202,3.00,197,0.00,1203,0.00,1204,0.00,1720,0.00,1366,-7.00,251,3.00,1628,24.00,1428,0.40
4682,-4.00,204,0.00,200,-2.00,202,0.00,200,0.00,199,-2.00,203,-4.00,204,0.00,499,-2.00,502,0.00,200,-3.00,204,0.00,200,0.00,201,0.00,202,2.00,197,0.00,1204,0.00,1204,0.00,1720,0.00,1366,-8.00,251,3.00,1628,24.00,1428,0.81
4717,-3.00,204,0.00,200,-2.00,202,0.00,200,2.00,199,-1.00,203,-3.00,204,1.00,499,-2.00,502,0.00,200,-2.00,204,0.00,200,0.00,201,-1.00,202,3.00,197,0.00,1203,0.00,1203,0.00,1720,0.00,1366,-7.00,251,3.00,1628,24.00,1428,0.56
4753,-3.00,204,0.00,200,0.00,202,0.00,200,1.00,199,-2.00,203,4.00,204,1.00,499,-2.00,502,0.00,200,-3.00,204,0.00,200,1.00,201,-1.00,202,1.00,197,0.00,1204,0.00,1203,0.00,1720,0.00,1366,-7.00,251,2.00,1628,24.00,1428,0.40
4789,-2.00,204,0.00,200,-1.00,202,0.00,200,1.00,199,2.00,203,-5.00,204,2.00,499,-2.00,502,0.00,200,-1.00,204,0.00,200,1.00,201,-1.00,202,3.00,197,0.00,1204,0.00,1204,0.00,1719,0.00,1366,-8.00,251,2.00,1628,24.00,1428,0.40
4825,-3.00,204,0.00,200,-1.00,202,0.00,200,1.00,199,-2.00,203,-5.00,204,1.00,499,-3.00,502,0.00,200,-4.00,204,0.00,200,0.00,200,-2.00,202,4.00,197,0.00,1204,0.00,1204,0.00,1719,0.00,1366,-7.00,251,3.00,1628,24.00,1428,0.48
4860,-3.00,204,0.00,200,-1.00,202,0.00,200,2.00,199,-3.00,203,-5.00,204,0.00,499,-2.00,502,0.00,200,-3.00,204,0.00,200,4.00,201,0.00,202,3.00,197,0.00,1204,0.00,1204,0.00,1719,0.00,1366,-7.00,251,3.00,1628,24.00,1428,0.48
4896,-4.00,204,0.00,200,0.00,202,0.00,200,1.00,199,-2.00,203,1.00,204,8.00,499,-1.00,502,0.00,200,-2.00,204,0.00,200,-1.00,201,-1.00,202,2.00,197,0.00,1204,0.00,1203,0.00,1720,0.00,1366,-5.00,251,3.00,1628,24.00,1428,0.40
4932,-2.00,204,0.00,200,-1.00,202,0.00,200,1.00,199,-3.00,203,-4.00,204,2.00,499,-3.00,502,0.00,200,-4.00,204,0.00,200,0.00,201,-2.00,202,1.00,197,0.00,1204,0.00,1204,0.00,1720,0.00,1366,-7.00,251,2.00,1628,24.00,1428,0.73
4968,-4.00,204,0.00,200,-2.00,202,0.00,200,2.00,199,-3.00,203,-3.00,204,1.00,499,-3.00,502,0.00,200,-3.00,204,0.00,200,0.00,201,-1.00,202,3.00,197,0.00,1204,0.00,1204,0.00,1719,0.00,1366,-6.00,251,3.00,1628,24.00,1428,0.56
5004,-3.00,204,0.00,200,-1.00,202,0.00,200,1.00,199,-2.00,203,-4.00,204,1.00,499,-3.00,502,0.00,200,-4.00,204,0.00,200,-6.00,201,-1.00,202,3.00,197,0.00,1204,0.00,1204,0.00,1719,0.00,1366,-6.00,251,2.00,1628,24.00,1428,0.56
5039,-3.00,204,0.00,200,0.00,202,0.00,200,1.00,199,-2.00,203,-4.00,204,1.00,499,-2.00,502,0.00,200,-3.00,204,0.00,200,0.00,201,-1.00,202,1.00,197,0.00,1204,0.00,1203,0.00,1719,0.00,1366,-7.00,251,3.00,1628,24.00,1428,0.73
5075,-2.00,204,0.00,200,-1.00,202,0.00,200,1.00,199,-1.00,203,-5.00,204,1.00,499,-1.00,502,0.00,200,-3.00,204,0.00,200,0.00,201,-1.00,202,3.00,197,0.00,1204,0.00,1204,0.00,1720,0.00,1366,-8.00,251,3.00,1628,24.00,1428,0.56
5111,-2.00,204,0.00,200,0.00,202,0.00,200,2.00,199,-2.00,203,-3.00,204,1.00,499,-1.00,502,0.00,200,-4.00,204,0.00,200,0.00,201,-1.00,202,1.00,197,0.00,1204,0.00,1204,0.00,1719,0.00,1366,-7.00,251,4.00,1628,24.00,1428,0.56
5147,-2.00,204,0.00,200,-1.00,202,0.00,200,1.00,199,-2.00,203,-5.00,204,6.00,499,-2.00,502,0.00,200,-4.00,204,0.00,200,5.00,200,0.00,202,2.00,197,0.00,1204,0.00,1203,0.00,1719,0.00,1366,-8.00,251,2.00,1628,24.00,1428,0.56
5182,-3.00,204,0.00,200,-1.00,202,0.00,200,1.00,199,-2.00,203,-3.00,204,1.00,499,-2.00,502,0.00,200,-2.00,204,0.00,200,0.00,201,-2.00,202,1.00,197,0.00,1204,0.00,1204,0.00,1719,0.00,1366,-7.00,251,4.00,1628,24.00,1428,0.73
5218,-3.00,204,0.00,200,-1.00,202,0.00,200,1.00,199,-3.00,203,-4.00,204,0.00,499,-3.00,502,0.00,200,-3.00,204,0.00,200,-10.00,200,-1.00,202,3.00,197,0.00,1204,0.00,1204,0.00,1719,0.00,1367,-6.00,251,3.00,1628,24.00,1428,0.40
5254,-3.00,204,0.00,200,-1.00,202,0.00,200,2.00,199,-3.00,203,-5.00,203,1.00,499,-1.00,502,0.00,200,-2.00,204,0.00,200,0.00,201,-1.00,202,3.00,197,0.00,1203,0.00,1204,0.00,1719,0.00,1366,-7.00,251,3.00,1628,24.00,1428,0.56
5289,-2.00,204,0.00,200,-1.00,202,0.00,200,1.00,199,-2.00,203,0.00,204,1.00,499,-1.00,502,0.00,200,-2.00,204,0.00,200,0.00,201,-2.00,202,3.00,197,0.00,1204,0.00,1203,0.00,1719,0.00,1367,-7.00,251,4.00,1628,24.00,1428,0.48
5325,-4.00,204,0.00,200,-2.00,202,0.00,200,2.00,199,-1.00,203,-5.00,204,2.00,499,-1.00,502,0.00,200,-4.00,204,0.00,200,1.00,201,0.00,202,2.00,197,0.00,1204,0.00,1204,0.00,1719,0.00,1367,-6.00,251,3.00,1628,24.00,1428,0.48
5361,-2.00,204,0.00,200,-1.00,202,0.00,200,1.00,199,-2.00,203,0.00,204,1.00,499,-1.00,502,0.00,200,-3.00,204,0.00,200,0.00,201,-2.00,202,3.00,197,0.00,1204,0.00,1203,0.00,1719,0.00,1367,-7.00,251,3.00,1628,24.00,1428,0.48
5397,-3.00,204,0.00,200,-1.00,202,0.00,200,1.00,199,-2.00,203,-5.00,204,1.00,499,-1.00,502,0.00,200,-3.00,204,0.00,200,-3.00,201,-1.00,202,1.00,197,0.00,1204,0.00,1204,0.00,1719,0.00,1367,-7.00,251,3.00,1628,24.00,1428,0.73
5433,-2.00,204,0.00,200,-2.00,202,0.00,200,0.00,199,-2.00,203,-4.00,204,1.00,499,-2.00,502,0.00,200,-3.00,204,0.00,200,-1.00,200,-1.00,202,3.00,197,0.00,1204,0.00,1204,0.00,1719,0.00,1367,-6.00,251,3.00,1628,24.00,1428,0.73
5469,-2.00,204,0.00,200,-1.00,202,0.00,200,0.00,199,-2.00,203,-4.00,204,1.00,499,-2.00,502,0.00,200,-4.00,204,0.00,200,8.00,201,0.00,202,2.00,197,0.00,1204,0.00,1204,0.00,1719,0.00,1367,-7.00,251,4.00,1628,24.00,1428,0.56
5504,-2.00,204,0.00,200,-1.00,202,0.00,200,1.00,199,-1.00,203,-5.00,204,1.00,499,-2.00,502,0.00,200,-2.00,204,0.00,200,3.00,201,-1.00,202,3.00,197,0.00,1204,0.00,1203,0.00,1719,0.00,1367,-7.00,251,4.00,1628,24.00,1428,0.65
5540,-2.00,204,0.00,200,-2.00,202,0.00,200,1.00,199,-2.00,203,-4.00,204,1.00,499,-4.00,502,0.00,200,-3.00,204,0.00,200,3.00,200,-2.00,202,3.00,197,0.00,1204,0.00,1204,0.00,1719,0.00,1367,-7.00,251,2.00,1628,24.00,1428,0.56
5576,-4.00,204,0.00,200,-3.00,202,0.00,200,0.00,199,-3.00,203,-4.00,204,1.00,499,-2.00,502,0.00,200,-4.00,204,0.00,200,9.00,201,-1.00,202,3.00,197,0.00,1204,0.00,1204,0.00,1719,0.00,1367,-8.00,251,3.00,1628,24.00,1428,0.56
5612,-3.00,204,0.00,200,-1.00,202,0.00,200,1.00,199,-3.00,203,-5.00,204,1.00,499,-2.00,502,0.00,200,-3.00,204,0.00,200,1.00,200,-1.00,202,3.00,197,0.00,1204,0.00,1204,0.00,1719,0.00,1367,-5.00,251,2.00,1628,24.00,1428,0.56
5648,-4.00,204,0.00,200,-2.00,202,0.00,200,0.00,199,-3.00,203,-4.00,204,1.00,499,-1.00,502,0.00,200,-2.00,204,0.00,200,-1.00,201,-1.00,202,3.00,197,0.00,1204,0.00,1203,0.00,1719,0.00,1367,-7.00,251,4.00,1628,24.00,1428,0.65
5683,-2.00,204,0.00,200,-2.00,202,0.00,200,1.00,199,-2.00,203,-4.00,203,0.00,499,-1.00,502,0.00,200,-3.00,204,0.00,200,-1.00,201,0.00,202,2.00,197,0.00,1204,0.00,1204,0.00,1719,0.00,1367,-7.00,251,3.00,1628,24.00,1428,0.48
5719,-3.00,204,0.00,200,-1.00,202,0.00,200,2.00,199,-3.00,203,-5.00,204,0.00,499,-1.00,502,0.00,200,-3.00,204,0.00,200,-5.00,200,-1.00,202,3.00,197,0.00,1204,0.00,1203,0.00,1719,0.00,1367,-7.00,251,3.00,1628,24.00,1428,0.81
5755,-2.00,204,0.00,200,-2.00,202,0.00,200,1.00,199,-3.00,203,-4.00,204,2.00,499,-2.00,502,0.00,200,-4.00,204,0.00,200,-4.00,200,-1.00,202,2.00,197,0.00,1204,0.00,1204,0.00,1719,0.00,1367,-7.00,251,3.00,1628,24.00,1428,0.73
5791,-3.00,204,0.00,200,0.00,202,0.00,200,1.00,199,-3.00,203,-5.00,204,0.00,499,-2.00,502,0.00,200,-4.00,204,0.00,200,1.00,200,-1.00,202,3.00,197,0.00,1204,0.00,1204,0.00,1719,0.00,1367,-7.00,251,4.00,1628,24.00,1428,0.40
5827,-4.00,204,0.00,200,-1.00,202,0.00,200,0.00,199,-1.00,203,-4.00,204,1.00,499,-3.00,502,0.00,200,-4.00,204,0.00,200,5.00,201,-1.00,202,2.00,197,0.00,1204,0.00,1204,0.00,1719,0.00,1367,-8.00,251,2.00,1628,24.00,1428,0.65
5862,-3.00,204,0.00,200,-1.00,202,0.00,200,1.00,199,-1.00,203,-4.00,204,0.00,499,-1.00,502,0.00,200,-2.00,204,0.00,200,-5.00,201,-1.00,202,1.00,197,0.00,1204,0.00,1204,0.00,1719,0.00,1367,-7.00,251,3.00,1628,24.00,1428,0.65
5898,-3.00,204,0.00,200,-2.00,202,0.00,200,0.00,199,-1.00,203,1.00,204,1.00,499,-2.00,502,0.00,200,-2.00,204,0.00,200,4.00,201,-1.00,202,1.00,197,0.00,1203,0.00,1204,0.00,1719,0.00,1367,-5.00,251,2.00,1628,24.00,1428,0.65
5934,-3.00,204,0.00,200,-1.00,202,0.00,200,0.00,199,-1.00,203,-5.00,204,0.00,499,-1.00,502,0.00,200,-4.00,204,0.00,200,0.00,200,-1.00,202,2.00,197,0.00,1204,0.00,1204,0.00,1719,0.00,1367,-7.00,251,3.00,1628,24.00,1428,0.65
5970,-2.00,204,0.00,200,-2.00,202,0.00,200,1.00,199,-2.00,203,-5.00,203,0.00,499,-2.00,502,0.00,200,-4.00,204,0.00,200,3.00,200,-1.00,202,1.00,197,0.00,1204,0.00,1204,0.00,1719,0.00,1367,-7.00,251,3.00,1628,24.00,1428,0.81
6005,-2.00,204,0.00,200,-3.00,202,0.00,200,2.00,199,-1.00,203,1.00,204,2.00,499,-2.00,502,0.00,200,-5.00,204,0.00,200,-8.00,200,-1.00,202,1.00,197,0.00,1203,0.00,1204,0.00,1719,0.00,1367,-7.00,251,3.00,1628,24.00,1428,0.56
6041,-3.00,204,0.00,200,-2.00,202,0.00,200,1.00,199,-3.00,203,-5.00,204,2.00,499,-1.00,502,0.00,200,-3.00,204,0.00,200,0.00,201,-1.00,202,2.00,197,0.00,1204,0.00,1204,0.00,1719,0.00,1367,-7.00,251,4.00,1628,24.00,1428,0.65
6077,-2.00,204,0.00,200,-2.00,202,0.00,200,2.00,200,-3.00,203,-5.00,204,2.00,499,-1.00,502,0.00,200,-4.00,204,0.00,200,0.00,201,0.00,202,2.00,197,0.00,1204,0.00,1204,0.00,1719,0.00,1367,-8.00,251,3.00,1628,24.00,1428,0.73
6113,-3.00,204,0.00,200,-1.00,202,0.00,200,1.00,199,-2.00,203,-5.00,204,0.00,499,-1.00,502,0.00,200,-3.00,204,0.00,200,5.00,200,-2.00,202,2.00,197,0.00,1204,0.00,1204,0.00,1719,0.00,1367,-7.00,251,3.00,1628,25.00,1428,0.81
6148,-3.00,204,0.00,200,-1.00,202,0.00,200,1.00,199,-1.00,203,-2.00,204,2.00,499,-4.00,502,0.00,200,-4.00,204,0.00,200,-1.00,200,-1.00,202,2.00,197,0.00,1203,0.00,1204,0.00,1719,0.00,1367,-7.00,251,2.00,1628,24.00,1428,0.73
6184,-3.00,204,0.00,200,-1.00,202,0.00,200,0.00,199,-1.00,203,-4.00,203,7.00,499,-3.00,502,0.00,200,-4.00,204,0.00,200,-4.00,200,-1.00,202,2.00,197,0.00,1203,0.00,1204,0.00,1719,0.00,1367,-7.00,251,3.00,1628,25.00,1428,0.56
6220,-3.00,204,0.00,200,-1.00,202,0.00,200,1.00,199,-3.00,203,1.00,203,1.00,499,-2.00,502,0.00,200,-4.00,204,0.00,200,-1.00,200,-1.00,202,3.00,197,0.00,1203,0.00,1204,0.00,1719,0.00,1367,-7.00,251,4.00,1628,23.00,1428,0.73
6256,-3.00,204,0.00,200,-2.00,202,0.00,200,0.00,199,-3.00,203,-6.00,204,1.00,499,-1.00,502,0.00,200,-4.00,204,0.00,200,-10.00,200,-1.00,202,2.00,197,0.00,1203,0.00,1203,0.00,1719,0.00,1367,-7.00,251,4.00,1628,24.00,1428,0.73
6291,-2.00,204,0.00,200,0.00,202,0.00,200,1.00,199,-2.00,203,-5.00,203,2.00,499,-3.00,502,0.00,200,-2.00,204,0.00,200,-7.00,200,-2.00,202,2.00,197,0.00,1204,0.00,1204,0.00,1719,0.00,1367,-7.00,251,4.00,1628,24.00,1428,0.81
6327,-3.00,204,0.00,200,-1.00,202,0.00,200,1.00,199,-2.00,203,-5.00,204,-1.00,499,-2.00,502,0.00,200,-2.00,204,0.00,200,1.00,201,-1.00,202,1.00,197,0.00,1203,0.00,1204,0.00,1719,0.00,1367,-7.00,251,3.00,1628,24.00,1428,0.97
6363,-3.00,204,0.00,200,-2.00,202,0.00,200,1.00,199,-3.00,203,-7.00,204,1.00,499,-1.00,502,0.00,200,-4.00,204,0.00,200,0.00,200,-1.00,202,2.00,197,0.00,1204,0.00,1204,0.00,1718,0.00,1367,-6.00,251,3.00,1628,24.00,1428,0.73
6398,-4.00,204,0.00,200,-1.00,202,0.00,200,1.00,199,-3.00,203,-5.00,204,4.00,499,-4.00,502,0.00,200,-2.00,204,0.00,200,2.00,200,0.00,202,1.00,197,0.00,1203,0.00,1203,0.00,1718,0.00,1367,-7.00,251,3.00,1628,23.00,1428,0.56
6434,-3.00,204,0.00,200,0.00,202,0.00,200,2.00,199,-1.00,203,-4.00,203,1.00,499,-2.00,502,0.00,200,-2.00,204,0.00,200,6.00,200,-1.00,202,1.00,197,0.00,1203,0.00,1204,0.00,1716,0.00,1367,-7.00,251,4.00,1628,24.00,1428,0.65
6470,-2.00,204,0.00,200,-1.00,202,0.00,200,1.00,199,-2.00,203,-4.00,204,2.00,499,-3.00,502,0.00,200,-2.00,204,0.00,200,1.00,200,-1.00,202,2.00,197,0.00,1203,0.00,1204,0.00,1713,0.00,1367,-7.00,251,2.00,1628,24.00,1428,0.65
6506,-2.00,204,0.00,200,-1.00,202,0.00,200,1.00,199,-2.00,203,-4.00,204,4.00,499,-3.00,502,0.00,200,-3.00,204,0.00,200,6.00,200,-2.00,202,3.00,197,0.00,1203,0.00,1204,0.00,1709,0.00,1367,-8.00,251,4.00,1628,24.00,1428,0.81
6542,-3.00,204,0.00,200,-2.00,202,0.00,200,1.00,199,-2.00,203,-4.00,204,1.00,499,-1.00,502,0.00,200,-4.00,204,0.00,200,-2.00,200,-1.00,202,2.00,197,0.00,1203,0.00,1204,0.00,1705,0.00,1367,-6.00,251,4.00,1628,24.00,1428,0.65
6577,-3.00,204,0.00,200,-1.00,202,0.00,200,1.00,199,-3.00,203,-5.00,204,1.00,499,-2.00,502,0.00,200,-4.00,204,0.00,200,-1.00,200,-1.00,202,2.00,197,0.00,1203,0.00,1204,0.00,1700,0.00,1367,-7.00,251,3.00,1628,23.00,1428,0.73
6613,-4.00,204,0.00,200,0.00,202,0.00,200,0.00,199,-1.00,203,-4.00,204,6.00,499,-2.00,502,0.00,200,-2.00,204,0.00,200,-7.00,200,-1.00,202,1.00,197,0.00,1203,0.00,1204,0.00,1697,0.00,1367,-7.00,251,3.00,1628,24.00,1428,0.73
6649,-2.00,204,0.00,200,-1.00,202,0.00,200,0.00,199,-2.00,203,-4.00,204,3.00,499,-3.00,502,0.00,200,-3.00,204,0.00,200,-9.00,200,-2.00,202,1.00,197,0.00,1203,0.00,1204,0.00,1694,0.00,1367,-6.00,251,3.00,1628,24.00,1428,0.81
6684,-4.00,204,0.00,200,-2.00,202,0.00,200,0.00,199,-2.00,203,-4.00,204,1.00,499,-4.00,502,0.00,200,-4.00,204,0.00,200,1.00,200,0.00,202,2.00,197,0.00,1203,0.00,1204,0.00,1690,0.00,1367,-7.00,251,4.00,1628,24.00,1428,0.81
6720,-3.00,204,0.00,200,-2.00,202,0.00,200,1.00,199,-2.00,203,-4.00,204,1.00,499,-2.00,502,0.00,200,-4.00,204,0.00,200,-4.00,201,-1.00,202,1.00,197,0.00,1203,0.00,1204,0.00,1687,0.00,1367,-7.00,251,3.00,1628,24.00,1428,0.81
6756,-3.00,204,0.00,200,0.00,202,0.00,200,2.00,199,-2.00,203,-4.00,204,0.00,499,-1.00,502,0.00,200,-4.00,204,0.00,200,-4.00,200,-1.00,202,2.00,197,0.00,1203,0.00,1204,0.00,1685,0.00,1367,-5.00,251,3.00,1628,24.00,1428,0.81
6792,-4.00,204,0.00,200,-1.00,202,0.00,200,1.00,199,-3.00,203,-5.00,204,1.00,499,-1.00,502,0.00,200,-2.00,204,0.00,200,2.00,200,-2.00,202,2.00,197,0.00,1203,0.00,1204,0.00,1684,0.00,1367,-7.00,251,3.00,1628,24.00,1428,0.73
6827,-3.00,204,0.00,200,0.00,202,0.00,200,2.00,199,-2.00,203,-4.00,204,1.00,499,-1.00,502,0.00,200,-4.00,204,0.00,200,2.00,200,-1.00,202,2.00,197,0.00,1203,0.00,1204,0.00,1683,0.00,1367,-6.00,251,3.00,1628,24.00,1428,0.81
6863,-3.00,204,0.00,200,-1.00,202,0.00,200,0.00,199,-1.00,203,-2.00,204,1.00,499,-1.00,502,0.00,200,-3.00,204,0.00,200,2.00,200,-1.00,202,1.00,197,0.00,1203,0.00,1204,0.00,1683,0.00,1367,-7.00,251,3.00,1628,24.00,1428,0.73
6899,-4.00,204,0.00,200,-2.00,202,0.00,200,2.00,199,-3.00,203,-5.00,204,1.00,499,-3.00,502,0.00,200,-4.00,204,0.00,200,1.00,200,-1.00,202,1.00,197,0.00,1203,0.00,1204,0.00,1683,0.00,1367,-8.00,251,3.00,1628,24.00,1428,0.73
6934,-4.00,204,0.00,200,0.00,202,0.00,200,1.00,199,-3.00,203,-4.00,204,7.00,499,-2.00,502,0.00,200,-4.00,204,0.00,200,-3.00,201,-1.00,202,2.00,197,0.00,1203,0.00,1204,0.00,1683,0.00,1367,-8.00,251,3.00,1628,24.00,1428,0.89
6970,-2.00,204,0.00,200,0.00,202,0.00,200,1.00,199,-2.00,203,1.00,204,0.00,499,-2.00,502,0.00,200,-4.00,204,0.00,200,14.00,200,-1.00,202,3.00,197,0.00,1203,0.00,1204,0.00,1683,0.00,1367,-8.00,251,4.00,1628,24.00,1428,0.97
7006,-2.00,204,0.00,200,0.00,202,0.00,200,1.00,199,-3.00,203,-2.00,204,1.00,499,-4.00,502,0.00,200,-4.00,204,0.00,200,-1.00,200,-1.00,202,3.00,197,0.00,1203,0.00,1204,0.00,1683,0.00,1367,-7.00,251,4.00,1628,24.00,1428,0.89
7042,-2.00,204,0.00,200,0.00,202,0.00,200,2.00,199,-1.00,203,-4.00,204,1.00,499,-2.00,502,0.00,200,-1.00,204,0.00,200,-1.00,200,-2.00,202,3.00,197,0.00,1203,0.00,1204,0.00,1683,0.00,1367,-8.00,251,2.00,1628,24.00,1428,1.13
7077,-2.00,204,0.00,200,-1.00,202,0.00,200,0.00,199,-1.00,203,-5.00,204,1.00,499,-2.00,502,0.00,200,-3.00,204,0.00,200,6.00,200,-1.00,202,3.00,197,0.00,1203,0.00,1204,0.00,1683,0.00,1367,-7.00,251,3.00,1628,24.00,1428,0.97
7113,-2.00,204,0.00,200,0.00,202,0.00,200,1.00,199,-2.00,203,-6.00,204,1.00,499,-2.00,502,0.00,200,-4.00,204,0.00,200,2.00,200,-1.00,202,3.00,197,0.00,1203,0.00,1204,0.00,1683,0.00,1367,-7.00,251,2.00,1628,24.00,1428,1.05
7149,-3.00,204,0.00,200,-1.00,202,0.00,200,0.00,199,-3.00,203,-4.00,204,2.00,499,-2.00,502,0.00,200,-4.00,204,0.00,200,2.00,200,-1.00,202,2.00,197,0.00,1203,0.00,1204,0.00,1683,0.00,1367,-8.00,251,3.00,1628,24.00,1428,0.97
7185,-4.00,204,0.00,200,-1.00,202,0.00,200,2.00,199,-2.00,203,-5.00,204,0.00,499,-2.00,502,0.00,200,-3.00,204,0.00,200,-1.00,200,-1.00,202,2.00,197,0.00,1203,0.00,1204,0.00,1683,0.00,1367,-7.00,251,3.00,1628,25.00,1428,1.21
7221,-3.00,204,0.00,200,-2.00,202,0.00,200,0.00,199,-2.00,203,-5.00,204,0.00,499,-2.00,502,0.00,200,-4.00,204,0.00,200,-1.00,200,-1.00,202,3.00,197,0.00,1203,0.00,1204,0.00,1683,0.00,1367,-6.00,251,2.00,1628,24.00,1428,1.05
7257,-2.00,204,0.00,200,-2.00,202,0.00,200,0.00,199,-2.00,203,-5.00,204,0.00,499,-2.00,502,0.00,200,-2.00,204,0.00,200,0.00,200,-2.00,202,2.00,197,0.00,1203,0.00,1204,0.00,1683,0.00,1367,-7.00,251,4.00,1628,24.00,1428,1.05
7292,-3.00,204,0.00,200,-1.00,202,0.00,200,0.00,200,-2.00,203,-3.00,204,1.00,499,-2.00,502,0.00,200,-4.00,204,0.00,200,-1.00,200,-1.00,202,4.00,197,0.00,1203,0.00,1204,0.00,1683,0.00,1367,-7.00,251,2.00,1628,24.00,1428,0.81
7328,-3.00,204,0.00,200,-1.00,202,0.00,200,1.00,199,-3.00,203,-2.00,204,2.00,499,-1.00,502,0.00,200,-2.00,204,0.00,200,-1.00,200,-2.00,202,1.00,197,0.00,1203,0.00,1204,0.00,1683,0.00,1367,-7.00,251,3.00,1628,24.00,1428,1.21
7364,-4.00,204,0.00,200,-1.00,202,0.00,200,0.00,199,-2.00,203,-5.00,204,1.00,499,-1.00,502,0.00,200,-3.00,204,0.00,200,1.00,200,-1.00,202,3.00,197,0.00,1203,0.00,1204,0.00,1683,0.00,1367,-7.00,251,2.00,1628,24.00,1428,1.13
7400,-4.00,204,0.00,200,-2.00,202,0.00,200,1.00,199,6.00,203,-5.00,204,2.00,499,-6.00,502,0.00,200,-2.00,204,0.00,200,-1.00,200,-1.00,202,2.00,197,0.00,1203,0.00,1204,0.00,1683,0.00,1367,-7.00,251,2.00,1628,24.00,1428,1.05
7436,-2.00,204,0.00,200,0.00,202,0.00,200,0.00,199,-2.00,203,-4.00,204,1.00,499,-2.00,502,0.00,200,-4.00,204,0.00,200,-5.00,200,0.00,202,3.00,197,0.00,1203,0.00,1204,0.00,1683,0.00,1367,-7.00,251,2.00,1628,24.00,1428,1.13
7471,-2.00,204,0.00,200,0.00,202,0.00,200,2.00,199,-2.00,203,-4.00,204,0.00,499,-2.00,502,0.00,200,-4.00,204,0.00,200,-1.00,200,-1.00,202,3.00,197,0.00,1203,0.00,1204,0.00,1683,0.00,1367,-7.00,251,2.00,1628,24.00,1428,1.21
7507,-3.00,204,0.00,200,-1.00,202,0.00,200,0.00,199,-2.00,203,-5.00,204,1.00,499,-1.00,502,0.00,200,-2.00,204,0.00,200,1.00,200,-1.00,202,2.00,197,0.00,1203,0.00,1204,0.00,1683,0.00,1367,-7.00,251,3.00,1628,24.00,1428,1.13
7543,-4.00,204,0.00,200,-2.00,202,0.00,200,0.00,199,-3.00,203,-5.00,204,0.00,498,-2.00,502,0.00,200,-4.00,204,0.00,200,1.00,200,-1.00,202,1.00,197,0.00,1203,0.00,1204,0.00,1683,0.00,1367,-7.00,251,4.00,1628,25.00,1428,1.13
7578,-3.00,204,0.00,200,-1.00,202,0.00,200,1.00,199,-3.00,203,-4.00,204,1.00,498,-2.00,502,0.00,200,-2.00,204,0.00,200,-1.00,200,-1.00,202,1.00,197,0.00,1203,0.00,1204,0.00,1683,0.00,1367,-7.00,251,4.00,1628,24.00,1428,1.21
7614,-3.00,204,0.00,200,-1.00,202,0.00,200,1.00,199,-3.00,203,-4.00,204,1.00,499,-1.00,502,0.00,200,-2.00,204,0.00,200,1.00,200,-1.00,202,2.00,197,0.00,1203,0.00,1204,0.00,1683,0.00,1367,-7.00,251,3.00,1628,24.00,1428,1.13
7650,-3.00,204,0.00,200,-1.00,202,0.00,200,2.00,199,-3.00,203,-4.00,204,1.00,499,-4.00,502,0.00,200,-3.00,204,0.00,200,-2.00,200,-1.00,202,2.00,197,0.00,1203,0.00,1204,0.00,1683,0.00,1367,-7.00,251,4.00,1628,24.00,1428,1.13
7686,-4.00,204,0.00,200,-1.00,202,0.00,200,0.00,199,-2.00,203,-5.00,204,1.00,499,-3.00,502,0.00,200,-3.00,204,0.00,200,0.00,200,-1.00,202,1.00,197,0.00,1203,0.00,1204,0.00,1683,0.00,1367,-7.00,251,2.00,1628,24.00,1428,1.21
7721,-3.00,204,0.00,200,-2.00,202,0.00,200,1.00,199,-2.00,203,-4.00,204,0.00,499,-1.00,502,0.00,200,-4.00,204,0.00,200,0.00,200,-1.00,202,3.00,197,0.00,1203,0.00,1204,0.00,1683,0.00,1367,-6.00,251,2.00,1628,24.00,1428,1.13
7757,-2.00,204,0.00,200,-1.00,202,0.00,200,1.00,199,-2.00,203,-4.00,204,6.00,499,-2.00,502,0.00,200,-5.00,204,0.00,200,0.00,200,-1.00,202,2.00,197,0.00,1203,0.00,1204,0.00,1682,0.00,1367,-7.00,251,3.00,1628,24.00,1428,0.97
7793,-3.00,204,0.00,200,-1.00,202,0.00,200,0.00,199,-3.00,203,-5.00,204,1.00,499,-1.00,502,0.00,200,-2.00,204,0.00,200,1.00,200,-1.00,202,2.00,197,0.00,1203,0.00,1204,0.00,1682,0.00,1367,-8.00,251,2.00,1628,24.00,1428,0.89
7828,-4.00,204,0.00,200,-1.00,202,0.00,200,1.00,199,-3.00,203,-2.00,204,-1.00,499,-1.00,502,0.00,200,-3.00,204,0.00,200,1.00,200,-2.00,202,1.00,197,0.00,1203,0.00,1204,0.00,1683,0.00,1367,-7.00,251,4.00,1628,24.00,1428,0.89
7864,-3.00,204,0.00,200,-1.00,202,0.00,200,0.00,199,-2.00,203,-5.00,204,1.00,499,-2.00,502,0.00,200,-4.00,204,0.00,200,1.00,200,-2.00,202,1.00,197,0.00,1203,0.00,1204,0.00,1683,0.00,1367,-7.00,251,3.00,1628,24.00,1428,1.53
7900,-3.00,204,0.00,200,-2.00,202,0.00,200,0.00,199,-1.00,203,-5.00,204,1.00,499,-3.00,502,0.00,200,-2.00,204,0.00,200,-6.00,200,-1.00,202,1.00,197,0.00,1203,0.00,1204,0.00,1683,0.00,1367,-8.00,251,4.00,1628,24.00,1428,0.73
7936,-3.00,204,0.00,200,-2.00,202,0.00,200,2.00,199,-1.00,203,-4.00,204,1.00,499,-2.00,502,0.00,200,-4.00,204,0.00,200,0.00,200,-1.00,202,2.00,197,0.00,1203,0.00,1204,0.00,1682,0.00,1367,-8.00,251,2.00,1628,24.00,1428,0.48
7971,-3.00,204,0.00,200,-1.00,202,0.00,200,1.00,199,-2.00,203,-4.00,204,2.00,499,-2.00,502,0.00,200,-4.00,204,0.00,200,-8.00,200,-1.00,202,2.00,197,0.00,1203,0.00,1204,0.00,1682,0.00,1367,-8.00,251,4.00,1628,24.00,1428,0.48
8007,-3.00,204,0.00,200,-1.00,202,0.00,200,2.00,199,-1.00,203,-4.00,204,0.00,499,-1.00,502,0.00,200,-2.00,204,0.00,200,1.00,200,-1.00,202,2.00,197,0.00,1203,0.00,1204,0.00,1682,0.00,1367,-7.00,251,3.00,1628,25.00,1428,0.81
8043,-3.00,204,0.00,200,0.00,202,0.00,200,1.00,199,-2.00,203,-4.00,204,1.00,498,-2.00,502,0.00,200,-3.00,204,0.00,200,-6.00,201,-1.00,201,2.00,197,0.00,1203,0.00,1204,0.00,1682,0.00,1367,-7.00,251,2.00,1628,24.00,1428,0.24
8078,-4.00,204,0.00,200,-2.00,202,0.00,200,2.00,199,-2.00,203,-3.00,204,1.00,499,-3.00,502,0.00,200,-4.00,204,0.00,200,0.00,201,-2.00,202,1.00,197,0.00,1203,0.00,1204,0.00,1682,0.00,1367,-7.00,251,2.00,1628,24.00,1428,0.48
8114,-3.00,204,0.00,200,-1.00,202,0.00,200,1.00,199,-2.00,203,-5.00,204,-2.00,499,-2.00,502,0.00,200,-2.00,204,0.00,200,-7.00,201,-2.00,202,3.00,197,0.00,1203,0.00,1204,0.00,1682,0.00,1367,-8.00,251,3.00,1628,24.00,1428,0.00
8150,-3.00,204,0.00,200,0.00,202,0.00,200,1.00,199,-2.00,203,-4.00,204,1.00,499,-2.00,502,0.00,200,-2.00,204,0.00,200,-2.00,201,-1.00,202,2.00,197,0.00,1204,0.00,1204,0.00,1682,0.00,1366,-7.00,251,2.00,1628,24.00,1428,0.08
8186,-4.00,204,0.00,200,-1.00,202,0.00,200,0.00,199,-2.00,203,-5.00,204,1.00,499,-3.00,502,0.00,200,-2.00,204,0.00,200,0.00,201,-1.00,202,2.00,197,0.00,1204,0.00,1204,0.00,1682,0.00,1366,-7.00,251,2.00,1628,24.00,1428,0.00
8222,-2.00,204,0.00,200,-1.00,202,0.00,200,2.00,199,-2.00,203,-5.00,204,-2.00,499,-2.00,502,0.00,200,-4.00,204,0.00,200,0.00,201,-1.00,202,1.00,197,0.00,1204,0.00,1204,0.00,1682,0.00,1366,-7.00,251,4.00,1628,24.00,1428,0.00
8257,-3.00,204,0.00,200,0.00,202,0.00,200,1.00,199,-3.00,203,-5.00,204,2.00,499,-2.00,502,0.00,200,-3.00,204,0.00,200,0.00,201,-2.00,202,3.00,197,0.00,1204,0.00,1204,0.00,1681,0.00,1366,-7.00,251,2.00,1628,24.00,1428,0.08
8293,-3.00,204,0.00,200,-2.00,202,0.00,200,1.00,199,-2.00,203,-5.00,204,1.00,499,-2.00,502,0.00,200,-4.00,204,0.00,200,0.00,201,-2.00,202,1.00,197,0.00,1204,0.00,1204,0.00,1682,0.00,1366,-7.00,251,3.00,1628,25.00,1428,0.00
8329,-2.00,204,0.00,200,-1.00,202,0.00,200,1.00,199,-2.00,203,-4.00,204,1.00,499,-1.00,502,0.00,200,-3.00,204,0.00,200,0.00,201,-4.00,202,2.00,197,0.00,1204,0.00,1204,0.00,1681,0.00,1366,-7.00,251,4.00,1628,24.00,1428,0.40
8365,-4.00,204,0.00,200,0.00,202,0.00,200,1.00,199,-2.00,203,-5.00,204,1.00,499,-1.00,502,0.00,200,-4.00,204,0.00,200,0.00,201,1.00,202,2.00,197,0.00,1204,0.00,1204,0.00,1681,0.00,1366,-7.00,251,2.00,1628,24.00,1428,0.00
8400,-3.00,204,0.00,200,-1.00,202,0.00,200,2.00,199,-3.00,203,-5.00,204,1.00,499,-5.00,502,0.00,200,-3.00,204,0.00,200,0.00,201,-1.00,202,1.00,197,0.00,1204,0.00,1204,0.00,1682,0.00,1366,-7.00,251,2.00,1628,24.00,1428,0.00
8436,-2.00,204,0.00,200,-1.00,202,0.00,200,1.00,199,-2.00,203,-4.00,204,-3.00,499,-2.00,501,0.00,200,-4.00,204,0.00,200,0.00,201,-3.00,201,3.00,197,0.00,1204,0.00,1204,0.00,1681,0.00,1366,-7.00,251,4.00,1628,23.00,1428,0.08
8472,-4.00,204,0.00,200,0.00,202,0.00,200,1.00,199,-3.00,203,-5.00,204,1.00,499,0.00,502,0.00,200,-3.00,204,0.00,200,0.00,201,-1.00,202,1.00,197,0.00,1204,0.00,1204,0.00,1682,0.00,1366,-7.00,251,3.00,1628,24.00,1428,0.08
8508,-3.00,204,0.00,200,-1.00,202,0.00,200,1.00,199,-1.00,203,-4.00,204,0.00,499,-1.00,501,0.00,200,1.00,204,0.00,200,0.00,201,-1.00,202,3.00,197,0.00,1204,0.00,1204,0.00,1682,0.00,1366,-7.00,251,2.00,1628,24.00,1428,0.16
8544,-3.00,204,0.00,200,-1.00,202,0.00,200,0.00,199,-2.00,203,-1.00,204,1.00,499,-1.00,501,0.00,200,-3.00,204,0.00,200,0.00,201,1.00,201,3.00,197,0.00,1204,0.00,1204,0.00,1682,0.00,1366,-7.00,251,3.00,1628,25.00,1428,0.08
8580,-2.00,204,0.00,200,-1.00,202,0.00,200,1.00,199,-2.00,203,-4.00,204,2.00,499,-1.00,501,0.00,200,-3.00,204,0.00,200,0.00,201,-1.00,201,2.00,197,0.00,1204,0.00,1204,0.00,1682,0.00,1366,-7.00,251,2.00,1628,24.00,1428,0.08
8615,-4.00,204,0.00,200,-2.00,202,0.00,200,0.00,199,-2.00,203,-4.00,204,-7.00,498,-1.00,501,0.00,200,-2.00,204,0.00,200,0.00,201,-1.00,202,1.00,197,0.00,1204,0.00,1204,0.00,1681,0.00,1366,-8.00,251,2.00,1628,24.00,1428,0.00
8651,-2.00,204,0.00,200,-1.00,202,0.00,200,2.00,199,-2.00,203,-4.00,204,0.00,498,-2.00,501,0.00,200,-3.00,204,0.00,200,0.00,201,0.00,202,3.00,197,0.00,1204,0.00,1204,0.00,1681,0.00,1366,-5.00,251,4.00,1628,25.00,1428,0.08
8687,-3.00,204,0.00,200,-1.00,202,0.00,200,2.00,199,-2.00,203,-4.00,204,0.00,499,-1.00,501,0.00,200,-4.00,204,0.00,200,0.00,201,-1.00,202,2.00,197,0.00,1204,0.00,1204,0.00,1682,0.00,1366,-7.00,251,2.00,1628,24.00,1428,0.08
8723,-4.00,204,0.00,200,0.00,202,0.00,200,0.00,199,-2.00,203,-5.00,204,0.00,499,-7.00,501,0.00,200,-4.00,204,0.00,200,0.00,201,-2.00,201,2.00,197,0.00,1204,0.00,1204,0.00,1681,0.00,1366,-6.00,251,2.00,1628,24.00,1428,0.00
8758,0.00,204,0.00,200,-1.00,202,0.00,200,1.00,199,-3.00,203,-5.00,204,-5.00,499,0.00,501,0.00,200,-3.00,204,0.00,200,0.00,201,-1.00,202,1.00,197,0.00,1204,0.00,1204,0.00,1681,0.00,1366,-7.00,251,4.00,1628,24.00,1428,0.32
8794,-4.00,204,0.00,200,-1.00,202,0.00,200,1.00,199,-1.00,203,-5.00,204,0.00,499,-4.00,502,0.00,200,-3.00,204,0.00,200,0.00,201,-1.00,202,1.00,197,0.00,1204,0.00,1204,0.00,1682,0.00,1366,-7.00,251,4.00,1628,24.00,1428,0.08
8830,-3.00,204,0.00,200,-1.00,202,0.00,200,1.00,199,-2.00,203,-5.00,204,0.00,498,-4.00,501,0.00,200,-2.00,204,0.00,200,0.00,201,-4.00,202,1.00,197,0.00,1204,0.00,1204,0.00,1682,0.00,1366,-7.00,251,2.00,1628,24.00,1428,0.00
8866,-3.00,204,0.00,200,-2.00,202,0.00,200,1.00,199,-1.00,203,-4.00,204,1.00,499,0.00,501,0.00,200,-1.00,204,0.00,200,0.00,201,-2.00,202,2.00,197,0.00,1204,0.00,1204,0.00,1682,0.00,1366,-7.00,251,3.00,1628,24.00,1428,0.08
8901,-4.00,204,0.00,200,-1.00,202,0.00,200,1.00,199,-3.00,203,-4.00,204,-1.00,499,-3.00,501,0.00,200,-3.00,204,0.00,200,0.00,201,-1.00,202,2.00,197,0.00,1204,0.00,1204,0.00,1681,0.00,1366,-7.00,251,2.00,1628,24.00,1428,0.08
8937,2.00,204,0.00,200,-1.00,202,0.00,200,0.00,199,-1.00,203,-4.00,204,0.00,499,0.00,501,0.00,200,-4.00,204,0.00,200,0.00,201,-1.00,202,3.00,197,0.00,1204,0.00,1204,0.00,1682,0.00,1366,-7.00,251,4.00,1628,24.00,1428,0.08
8973,-4.00,204,0.00,200,0.00,202,0.00,200,1.00,199,-3.00,203,-1.00,204,1.00,499,0.00,501,0.00,200,-4.00,204,0.00,200,0.00,201,-1.00,202,2.00,197,0.00,1204,0.00,1204,0.00,1681,0.00,1366,-8.00,251,4.00,1628,25.00,1428,0.08
9009,2.00,204,0.00,200,-2.00,202,0.00,200,0.00,199,-2.00,203,-4.00,204,0.00,499,-1.00,501,0.00,200,-3.00,204,0.00,200,0.00,201,-2.00,202,5.00,197,0.00,1204,0.00,1204,0.00,1682,0.00,1366,-8.00,251,4.00,1628,24.00,1428,0.08
9045,-4.00,204,0.00,200,-1.00,202,0.00,200,2.00,199,-2.00,203,-4.00,204,6.00,499,1.00,502,0.00,200,-3.00,204,0.00,200,0.00,201,-2.00,202,2.00,197,0.00,1204,0.00,1204,0.00,1681,0.00,1366,-8.00,251,4.00,1628,24.00,1428,0.00
9080,-3.00,204,0.00,200,-2.00,202,0.00,200,1.00,199,-3.00,203,-4.00,204,4.00,499,-2.00,502,0.00,200,-3.00,204,0.00,200,0.00,201,-1.00,202,3.00,197,0.00,1204,0.00,1204,0.00,1682,0.00,1366,-8.00,251,4.00,1628,24.00,1428,0.08
9116,-2.00,204,0.00,200,0.00,202,0.00,200,0.00,199,-1.00,203,-5.00,204,0.00,498,0.00,501,0.00,200,-3.00,204,0.00,200,0.00,201,-1.00,202,3.00,197,0.00,1204,0.00,1204,0.00,1682,0.00,1366,-8.00,251,3.00,1628,24.00,1428,0.08
9152,-2.00,204,0.00,200,-1.00,202,0.00,200,0.00,199,-3.00,203,-5.00,204,7.00,499,-1.00,501,0.00,200,-3.00,204,0.00,200,0.00,201,-1.00,202,3.00,197,0.00,1204,0.00,1204,0.00,1681,0.00,1366,-7.00,251,2.00,1628,24.00,1428,0.08
9188,-5.00,204,0.00,200,-1.00,202,0.00,200,1.00,199,-2.00,203,-5.00,204,1.00,499,-5.00,501,0.00,200,-3.00,204,0.00,200,0.00,201,1.00,202,2.00,197,0.00,1204,0.00,1204,0.00,1681,0.00,1366,-8.00,251,3.00,1628,24.00,1428,0.16
9223,0.00,204,0.00,200,-1.00,202,0.00,200,1.00,199,-2.00,202,-4.00,204,1.00,499,-2.00,501,0.00,200,-1.00,204,0.00,200,0.00,201,-1.00,202,1.00,197,0.00,1204,0.00,1204,0.00,1682,0.00,1366,-8.00,251,3.00,1628,24.00,1428,0.24
9259,-2.00,204,0.00,200,-1.00,202,0.00,200,1.00,199,-3.00,203,-4.00,204,1.00,499,0.00,501,0.00,200,-3.00,204,0.00,200,0.00,201,3.00,202,1.00,197,0.00,1204,0.00,1204,0.00,1681,0.00,1366,-7.00,251,2.00,1628,24.00,1428,0.08
9295,-2.00,204,0.00,200,-1.00,202,0.00,200,1.00,199,-3.00,203,1.00,204,1.00,499,-1.00,501,0.00,200,-1.00,204,0.00,200,0.00,201,-1.00,201,3.00,197,0.00,1204,0.00,1204,0.00,1682,0.00,1366,-6.00,251,3.00,1628,24.00,1428,0.08
9330,-4.00,204,0.00,200,-2.00,202,0.00,200,2.00,199,-1.00,203,-5.00,204,4.00,499,1.00,501,0.00,200,-4.00,204,0.00,200,0.00,201,4.00,202,1.00,197,0.00,1204,0.00,1204,0.00,1682,0.00,1366,-8.00,251,2.00,1628,24.00,1428,0.16
9366,-4.00,204,0.00,200,0.00,202,0.00,200,1.00,199,-1.00,203,-3.00,204,1.00,499,-2.00,501,0.00,200,-2.00,204,0.00,200,0.00,201,-1.00,202,2.00,197,0.00,1204,0.00,1204,0.00,1681,0.00,1366,-7.00,251,4.00,1628,23.00,1428,0.08
9402,-2.00,204,0.00,200,-1.00,202,0.00,200,0.00,199,-2.00,203,-5.00,204,1.00,499,-6.00,501,0.00,200,-2.00,204,0.00,200,0.00,201,-1.00,202,4.00,197,0.00,1204,0.00,1204,0.00,1681,0.00,1366,-7.00,251,3.00,1628,24.00,1428,0.08
9437,-3.00,204,0.00,200,-1.00,202,0.00,200,1.00,199,-2.00,203,-4.00,204,0.00,499,-2.00,501,0.00,200,-1.00,204,0.00,200,0.00,201,2.00,202,2.00,197,0.00,1204,0.00,1204,0.00,1681,0.00,1366,-6.00,251,4.00,1628,24.00,1428,0.08
9473,-3.00,204,0.00,200,-1.00,202,0.00,200,1.00,199,-3.00,203,-5.00,204,2.00,498,-2.00,501,0.00,200,-3.00,204,0.00,200,0.00,201,-2.00,202,3.00,197,0.00,1204,0.00,1204,0.00,1681,0.00,1366,-6.00,251,2.00,1628,24.00,1428,0.08
9509,-3.00,204,0.00,200,-2.00,202,0.00,200,1.00,199,-3.00,203,-4.00,204,0.00,499,-1.00,501,0.00,200,-2.00,204,0.00,200,0.00,201,-1.00,201,3.00,197,0.00,1204,0.00,1204,0.00,1681,0.00,1366,-6.00,251,4.00,1628,24.00,1428,0.00
9544,-4.00,204,0.00,200,0.00,202,0.00,200,2.00,199,-1.00,203,-4.00,204,-1.00,499,-1.00,501,0.00,200,-4.00,204,0.00,200,0.00,201,-2.00,202,3.00,197,0.00,1204,0.00,1204,0.00,1681,0.00,1366,-6.00,251,3.00,1628,24.00,1428,0.00
9580,-2.00,204,0.00,200,-2.00,202,0.00,200,1.00,199,-2.00,203,-4.00,204,1.00,499,-5.00,501,0.00,200,-3.00,204,0.00,200,0.00,201,5.00,202,3.00,197,0.00,1204,0.00,1204,0.00,1681,0.00,1366,-8.00,251,3.00,1628,24.00,1428,0.08
9616,-3.00,204,0.00,200,-1.00,202,0.00,200,1.00,199,-3.00,203,-5.00,204,1.00,499,-3.00,502,0.00,200,-3.00,204,0.00,200,0.00,201,5.00,202,3.00,197,0.00,1204,0.00,1204,0.00,1682,0.00,1366,-8.00,251,3.00,1628,24.00,1428,0.08
9652,-5.00,204,0.00,200,0.00,202,0.00,200,2.00,199,-2.00,203,-4.00,204,1.00,499,-9.00,501,0.00,200,-4.00,204,0.00,200,0.00,201,3.00,202,3.00,197,0.00,1204,0.00,1204,0.00,1682,0.00,1366,-7.00,251,4.00,1628,24.00,1428,0.00
9687,-3.00,204,0.00,200,0.00,202,0.00,200,1.00,199,-2.00,203,-3.00,203,2.00,499,-4.00,501,0.00,200,-2.00,204,0.00,200,0.00,201,-2.00,202,2.00,197,0.00,1204,0.00,1204,0.00,1682,0.00,1366,-7.00,251,4.00,1628,24.00,1428,0.16
9723,-3.00,204,0.00,200,-1.00,202,0.00,200,0.00,199,-2.00,203,-2.00,204,1.00,499,-1.00,501,0.00,200,-2.00,204,0.00,200,0.00,201,-2.00,202,2.00,197,0.00,1204,0.00,1204,0.00,1682,0.00,1366,-6.00,251,4.00,1628,24.00,1428,0.00
9759,-3.00,204,0.00,200,-1.00,202,0.00,200,1.00,199,-3.00,203,-6.00,203,-1.00,499,1.00,501,0.00,200,-3.00,204,0.00,200,0.00,201,-1.00,202,3.00,197,0.00,1204,0.00,1204,0.00,1681,0.00,1366,-7.00,251,3.00,1628,24.00,1428,0.16
9794,-3.00,204,0.00,200,-1.00,202,0.00,200,1.00,199,-3.00,203,-6.00,204,0.00,499,0.00,501,0.00,200,-5.00,204,0.00,200,0.00,201,-1.00,202,2.00,197,0.00,1204,0.00,1204,0.00,1681,0.00,1366,-8.00,251,3.00,1628,24.00,1428,0.08
9830,4.00,204,0.00,200,-1.00,202,0.00,200,1.00,199,-2.00,203,-4.00,204,1.00,499,-2.00,502,0.00,200,-2.00,204,0.00,200,0.00,201,-2.00,202,3.00,197,0.00,1204,0.00,1204,0.00,1681,0.00,1366,-7.00,251,2.00,1628,24.00,1428,0.00
9866,-3.00,204,0.00,200,-1.00,202,0.00,200,1.00,199,-2.00,203,-4.00,204,10.00,499,0.00,501,0.00,200,-4.00,204,0.00,200,0.00,201,-1.00,202,3.00,197,0.00,1204,0.00,1204,0.00,1681,0.00,1366,-7.00,251,2.00,1628,24.00,1428,0.08
9902,-4.00,204,0.00,200,-1.00,202,0.00,200,1.00,199,-2.00,203,-3.00,204,1.00,499,-6.00,501,0.00,200,-3.00,204,0.00,200,0.00,201,-3.00,202,3.00,197,0.00,1204,0.00,1204,0.00,1682,0.00,1366,-8.00,251,4.00,1628,24.00,1428,0.08
9937,-3.00,204,0.00,200,0.00,202,0.00,200,1.00,199,-2.00,203,-2.00,204,2.00,499,-1.00,501,0.00,200,-3.00,204,0.00,200,0.00,201,-1.00,202,3.00,197,0.00,1204,0.00,1204,0.00,1682,0.00,1366,-7.00,251,3.00,1628,24.00,1428,0.16
9973,-4.00,204,0.00,200,-2.00,202,0.00,200,2.00,199,-2.00,203,-4.00,204,1.00,499,-1.00,501,0.00,200,-2.00,204,0.00,200,0.00,201,-2.00,202,2.00,197,0.00,1204,0.00,1204,0.00,1682,0.00,1366,-7.00,251,3.00,1628,24.00,1428,0.00
10009,-4.00,204,0.00,200,-1.00,202,0.00,200,2.00,199,-2.00,203,-4.00,204,-4.00,499,0.00,501,0.00,200,-2.00,204,0.00,200,0.00,201,-2.00,202,1.00,197,0.00,1204,0.00,1204,0.00,1682,0.00,1366,-7.00,251,4.00,1628,23.00,1428,0.16