35,20.00,2122,21.00,2824,20.00,1701,20.00,1243,19.00,1483,4.00,2895,17.00,5841,42.00,4653,2.00,1515,20.00,1962,20.00,2051,40.00,2677,-1.00,1144,0.00,3759,1.00,1359,0.00,732,0.00,1402,0.00,1745,0.00,1842,-4.00,1597,0.00,895,-4.00,5,0.00
71,20.00,2122,20.00,2824,20.00,1701,20.00,1243,20.00,1483,3.00,2895,17.00,5841,42.00,4653,2.00,1515,20.00,1962,20.00,2051,40.00,2677,0.00,1144,0.00,3759,2.00,1359,0.00,732,0.00,1402,0.00,1744,0.00,1842,-4.00,1597,0.00,895,-6.00,5,0.24
107,20.00,2122,20.00,2824,20.00,1701,20.00,1243,21.00,1483,3.00,2895,17.00,5841,42.00,4653,2.00,1515,20.00,1962,20.00,2051,40.00,2677,-1.00,1144,0.00,3759,3.00,1359,0.00,732,0.00,1402,0.00,1744,0.00,1842,-5.00,1597,0.00,895,-4.00,5,0.00
142,20.00,2122,19.00,2824,20.00,1701,20.00,1243,20.00,1483,3.00,2895,17.00,5841,42.00,4653,2.00,1515,21.00,1962,20.00,2051,40.00,2677,-1.00,1144,0.00,3759,1.00,1359,0.00,732,0.00,1402,0.00,1744,0.00,1842,-5.00,1597,0.00,895,-5.00,5,0.08
178,20.00,2122,20.00,2824,20.00,1701,20.00,1243,20.00,1483,4.00,2895,17.00,5841,42.00,4653,5.00,1515,20.00,1962,20.00,2051,40.00,2677,-1.00,1144,0.00,3759,1.00,1359,0.00,732,0.00,1402,0.00,1745,0.00,1842,-5.00,1597,0.00,895,1.00,5,0.00
214,20.00,2122,19.00,2824,20.00,1701,20.00,1243,21.00,1483,2.00,2895,18.00,5841,42.00,4653,3.00,1515,20.00,1962,20.00,2051,40.00,2677,-1.00,1144,0.00,3759,0.00,1359,0.00,733,0.00,1402,0.00,1745,0.00,1842,-6.00,1597,0.00,895,-5.00,5,0.08
250,21.00,2122,20.00,2824,21.00,1701,17.00,1243,20.00,1483,2.00,2895,17.00,5841,42.00,4653,3.00,1515,20.00,1962,20.00,2051,40.00,2677,-2.00,1144,0.00,3759,2.00,1359,0.00,732,0.00,1402,0.00,1745,0.00,1842,-5.00,1597,0.00,895,-5.00,5,0.56
285,20.00,2122,21.00,2824,20.00,1701,20.00,1243,20.00,1483,2.00,2895,17.00,5841,42.00,4653,3.00,1515,20.00,1962,21.00,2051,40.00,2677,-1.00,1144,1.00,3759,1.00,1359,0.00,732,0.00,1403,0.00,1745,0.00,1842,-6.00,1597,0.00,895,-6.00,5,0.08
321,21.00,2122,20.00,2824,21.00,1701,21.00,1243,20.00,1483,3.00,2895,17.00,5841,42.00,4653,2.00,1515,20.00,1962,20.00,2051,39.00,2677,-1.00,1144,1.00,3759,1.00,1359,0.00,732,0.00,1402,0.00,1744,0.00,1842,-5.00,1597,0.00,895,-3.00,5,0.16
357,19.00,2122,20.00,2824,20.00,1701,20.00,1243,20.00,1483,3.00,2895,17.00,5841,42.00,4653,2.00,1515,20.00,1962,20.00,2051,40.00,2677,-1.00,1144,0.00,3759,0.00,1359,0.00,732,0.00,1402,0.00,1744,0.00,1842,-3.00,1597,0.00,895,-4.00,5,0.16
393,20.00,2122,21.00,2824,20.00,1701,20.00,1243,20.00,1483,2.00,2895,17.00,5841,42.00,4653,3.00,1515,21.00,1962,20.00,2051,40.00,2677,-1.00,1144,0.00,3759,2.00,1359,0.00,732,0.00,1403,0.00,1745,0.00,1842,-5.00,1597,0.00,895,-4.00,5,0.08
428,20.00,2122,20.00,2824,20.00,1701,20.00,1243,20.00,1483,4.00,2895,17.00,5841,42.00,4653,3.00,1515,20.00,1962,20.00,2051,40.00,2677,-2.00,1145,0.00,3759,1.00,1359,0.00,732,0.00,1402,0.00,1744,0.00,1842,-4.00,1597,0.00,895,-4.00,5,0.08
464,20.00,2122,20.00,2824,21.00,1701,21.00,1243,21.00,1483,3.00,2895,17.00,5841,42.00,4653,3.00,1515,20.00,1962,20.00,2051,40.00,2677,0.00,1144,0.00,3759,2.00,1359,0.00,732,0.00,1402,0.00,1745,0.00,1842,-5.00,1597,0.00,895,-3.00,5,0.00
500,20.00,2122,20.00,2824,20.00,1701,20.00,1243,20.00,1483,2.00,2895,17.00,5841,42.00,4653,3.00,1515,20.00,1962,20.00,2051,40.00,2677,-1.00,1144,0.00,3759,1.00,1359,0.00,732,0.00,1402,0.00,1744,0.00,1842,-4.00,1597,0.00,895,-5.00,5,0.16
535,20.00,2122,20.00,2824,20.00,1701,20.00,1243,20.00,1483,4.00,2895,17.00,5841,42.00,4653,2.00,1515,20.00,1962,20.00,2051,40.00,2677,-1.00,1144,0.00,3759,2.00,1359,0.00,732,0.00,1402,0.00,1744,0.00,1842,-6.00,1597,0.00,895,-3.00,5,0.16
571,20.00,2122,20.00,2824,20.00,1701,20.00,1243,20.00,1483,2.00,2895,17.00,5841,42.00,4653,4.00,1515,20.00,1962,20.00,2051,40.00,2677,0.00,1144,0.00,3759,1.00,1359,0.00,732,0.00,1403,0.00,1745,0.00,1842,-4.00,1597,0.00,895,-5.00,5,0.40
607,20.00,2122,20.00,2824,20.00,1701,20.00,1243,20.00,1483,4.00,2895,17.00,5841,42.00,4653,3.00,1515,20.00,1962,20.00,2051,41.00,2677,-1.00,1144,0.00,3759,1.00,1359,0.00,733,0.00,1402,0.00,1745,0.00,1841,-5.00,1597,0.00,895,-5.00,5,0.08
642,19.00,2122,20.00,2824,20.00,1701,21.00,1243,20.00,1483,3.00,2895,17.00,5841,42.00,4653,4.00,1515,20.00,1962,20.00,2051,40.00,2677,-1.00,1144,0.00,3759,3.00,1359,0.00,732,0.00,1402,0.00,1744,0.00,1842,-6.00,1597,0.00,895,-5.00,5,0.08
678,20.00,2122,21.00,2824,20.00,1701,20.00,1243,20.00,1483,3.00,2895,17.00,5841,42.00,4653,3.00,1515,20.00,1962,20.00,2051,40.00,2677,-1.00,1144,0.00,3759,0.00,1359,0.00,732,0.00,1403,0.00,1745,0.00,1841,-4.00,1597,0.00,895,-5.00,5,0.08
714,20.00,2122,20.00,2824,20.00,1701,20.00,1243,19.00,1483,2.00,2895,17.00,5841,42.00,4653,4.00,1515,19.00,1962,21.00,2051,40.00,2677,-2.00,1144,0.00,3759,1.00,1359,0.00,732,0.00,1402,0.00,1744,0.00,1842,-6.00,1597,0.00,895,-4.00,5,0.16
750,21.00,2122,20.00,2824,20.00,1701,20.00,1243,20.00,1483,3.00,2895,17.00,5841,42.00,4653,3.00,1515,20.00,1962,20.00,2051,40.00,2677,-5.00,1145,0.00,3759,2.00,1359,0.00,732,0.00,1402,0.00,1744,0.00,1842,-5.00,1597,0.00,895,-4.00,5,0.08
785,20.00,2122,20.00,2824,20.00,1701,20.00,1243,20.00,1483,3.00,2895,17.00,5841,42.00,4653,3.00,1515,20.00,1962,20.00,2051,40.00,2677,0.00,1144,0.00,3759,0.00,1359,0.00,733,0.00,1402,0.00,1744,0.00,1842,-5.00,1597,0.00,895,-5.00,5,0.00
821,20.00,2122,20.00,2824,20.00,1701,20.00,1243,20.00,1483,4.00,2895,18.00,5841,42.00,4653,4.00,1515,20.00,1962,19.00,2051,41.00,2677,0.00,1144,0.00,3759,-5.00,1359,0.00,733,0.00,1402,0.00,1744,0.00,1842,-5.00,1597,0.00,895,-5.00,5,0.16
857,20.00,2122,20.00,2824,20.00,1701,20.00,1243,20.00,1483,2.00,2895,17.00,5841,42.00,4653,3.00,1515,20.00,1962,19.00,2051,40.00,2677,-1.00,1144,0.00,3759,0.00,1359,0.00,732,0.00,1402,0.00,1745,0.00,1842,-6.00,1597,0.00,895,-3.00,5,0.08
893,20.00,2122,19.00,2824,21.00,1701,20.00,1243,20.00,1483,2.00,2895,17.00,5841,42.00,4653,5.00,1515,20.00,1962,20.00,2051,40.00,2677,6.00,1145,0.00,3759,1.00,1359,0.00,732,0.00,1402,0.00,1745,0.00,1842,-6.00,1597,0.00,895,-3.00,5,0.00
928,20.00,2122,20.00,2824,20.00,1701,20.00,1243,20.00,1483,3.00,2895,18.00,5841,42.00,4653,3.00,1515,20.00,1962,20.00,2051,40.00,2677,-5.00,1145,0.00,3759,0.00,1359,0.00,733,0.00,1402,0.00,1744,0.00,1842,-6.00,1597,0.00,895,-5.00,5,0.65
964,20.00,2122,20.00,2824,20.00,1701,20.00,1243,21.00,1483,4.00,2895,16.00,5841,42.00,4653,4.00,1515,20.00,1962,19.00,2051,39.00,2677,-5.00,1144,0.00,3759,3.00,1359,0.00,733,0.00,1403,0.00,1745,0.00,1842,-4.00,1597,0.00,895,-4.00,5,0.08
1000,20.00,2122,20.00,2824,20.00,1701,20.00,1243,21.00,1483,2.00,2895,17.00,5841,42.00,4653,5.00,1515,21.00,1962,20.00,2051,40.00,2677,3.00,1145,0.00,3759,0.00,1359,0.00,733,0.00,1403,0.00,1744,0.00,1842,-4.00,1597,0.00,895,-5.00,5,0.16
1036,20.00,2122,20.00,2824,20.00,1701,20.00,1243,20.00,1483,2.00,2895,17.00,5841,42.00,4653,1.00,1515,20.00,1962,20.00,2051,41.00,2677,-4.00,1145,0.00,3759,0.00,1359,0.00,733,0.00,1403,0.00,1744,0.00,1842,-5.00,1597,0.00,895,-5.00,5,0.00
1071,20.00,2122,20.00,2824,20.00,1701,20.00,1243,20.00,1483,2.00,2895,17.00,5841,42.00,4653,4.00,1515,20.00,1962,20.00,2051,40.00,2677,1.00,1145,0.00,3759,1.00,1359,0.00,733,0.00,1402,0.00,1745,0.00,1842,-5.00,1597,0.00,895,-5.00,5,0.32
1107,20.00,2122,20.00,2824,20.00,1701,20.00,1243,20.00,1483,2.00,2895,17.00,5841,42.00,4653,2.00,1515,20.00,1962,20.00,2051,40.00,2677,-3.00,1145,0.00,3759,0.00,1359,0.00,732,0.00,1403,0.00,1744,0.00,1841,-5.00,1597,0.00,895,-5.00,5,0.00
1143,20.00,2122,20.00,2824,21.00,1701,20.00,1243,20.00,1483,3.00,2895,16.00,5841,42.00,4653,2.00,1515,20.00,1962,20.00,2051,40.00,2677,-2.00,1145,0.00,3759,0.00,1359,0.00,732,0.00,1403,0.00,1744,0.00,1842,-6.00,1597,0.00,895,-5.00,5,0.32
1179,20.00,2122,20.00,2824,20.00,1701,21.00,1243,20.00,1483,2.00,2895,17.00,5841,42.00,4653,2.00,1515,20.00,1962,21.00,2051,40.00,2677,-1.00,1145,0.00,3759,3.00,1359,0.00,732,0.00,1402,0.00,1744,0.00,1842,-5.00,1597,0.00,895,-4.00,5,0.08
1214,19.00,2122,19.00,2824,20.00,1701,20.00,1243,20.00,1483,4.00,2895,18.00,5841,42.00,4653,2.00,1515,20.00,1962,20.00,2051,39.00,2677,-3.00,1145,0.00,3759,0.00,1360,0.00,732,0.00,1403,0.00,1745,0.00,1842,-4.00,1597,0.00,895,-5.00,5,0.16
1250,19.00,2122,20.00,2824,20.00,1701,20.00,1243,20.00,1483,2.00,2895,17.00,5841,42.00,4653,4.00,1515,20.00,1962,20.00,2051,40.00,2677,-2.00,1145,0.00,3759,3.00,1359,0.00,732,0.00,1402,0.00,1744,0.00,1842,-6.00,1597,0.00,895,-5.00,5,0.08
1286,20.00,2122,20.00,2824,20.00,1701,20.00,1243,20.00,1483,2.00,2895,17.00,5841,42.00,4653,3.00,1515,20.00,1962,20.00,2051,40.00,2677,-4.00,1145,0.00,3759,2.00,1359,0.00,732,0.00,1402,0.00,1744,0.00,1842,-6.00,1597,0.00,895,-4.00,5,0.32
1322,20.00,2122,20.00,2824,19.00,1701,20.00,1243,20.00,1483,2.00,2895,18.00,5841,42.00,4653,4.00,1515,21.00,1962,20.00,2051,40.00,2677,-1.00,1145,0.00,3759,1.00,1359,0.00,732,0.00,1402,0.00,1744,0.00,1842,-5.00,1597,0.00,895,-5.00,5,0.56
1358,20.00,2122,20.00,2824,20.00,1701,21.00,1243,21.00,1483,3.00,2895,17.00,5841,42.00,4653,4.00,1515,20.00,1962,20.00,2051,40.00,2677,-1.00,1145,0.00,3759,0.00,1359,0.00,733,0.00,1403,0.00,1744,0.00,1842,-5.00,1597,1.00,895,-4.00,5,0.40
1393,19.00,2122,21.00,2824,20.00,1701,20.00,1243,20.00,1483,3.00,2895,17.00,5841,42.00,4653,3.00,1515,20.00,1962,20.00,2051,40.00,2677,-1.00,1145,0.00,3759,2.00,1359,0.00,733,0.00,1403,0.00,1745,0.00,1841,-4.00,1597,0.00,895,-3.00,5,0.48
1429,20.00,2122,19.00,2824,20.00,1701,20.00,1243,20.00,1483,2.00,2895,17.00,5841,43.00,4653,1.00,1515,20.00,1962,20.00,2051,40.00,2677,-1.00,1145,0.00,3759,1.00,1359,0.00,732,0.00,1403,0.00,1744,0.00,1842,-5.00,1597,0.00,895,-5.00,5,0.56
1465,19.00,2122,20.00,2824,20.00,1701,20.00,1243,20.00,1483,6.00,2895,17.00,5841,42.00,4653,3.00,1515,20.00,1962,20.00,2051,40.00,2677,-2.00,1145,0.00,3759,0.00,1359,0.00,732,0.00,1402,0.00,1745,0.00,1842,-6.00,1597,0.00,895,-5.00,5,0.56
1500,20.00,2122,20.00,2824,20.00,1701,20.00,1243,20.00,1483,4.00,2895,17.00,5841,42.00,4653,2.00,1515,20.00,1962,20.00,2051,40.00,2677,-3.00,1145,0.00,3759,1.00,1359,0.00,733,0.00,1402,0.00,1745,0.00,1842,-6.00,1597,0.00,895,-4.00,5,0.40
1536,20.00,2122,20.00,2824,20.00,1701,20.00,1243,20.00,1483,3.00,2895,17.00,5841,42.00,4653,1.00,1515,20.00,1962,20.00,2051,40.00,2677,-1.00,1145,0.00,3759,-7.00,1359,0.00,732,0.00,1402,0.00,1745,0.00,1842,-5.00,1597,1.00,895,-5.00,5,0.56
1572,20.00,2122,20.00,2824,20.00,1701,20.00,1243,20.00,1483,2.00,2895,19.00,5841,42.00,4653,4.00,1515,20.00,1962,20.00,2051,40.00,2677,-1.00,1145,0.00,3759,0.00,1359,0.00,733,0.00,1403,0.00,1745,0.00,1841,-6.00,1597,0.00,895,-5.00,5,0.48
1608,20.00,2122,20.00,2824,20.00,1701,20.00,1243,17.00,1483,3.00,2895,17.00,5841,41.00,4653,2.00,1515,20.00,1962,20.00,2051,40.00,2677,-3.00,1145,0.00,3759,3.00,1359,0.00,732,0.00,1402,0.00,1745,0.00,1842,-4.00,1597,0.00,895,-4.00,5,0.56
1644,20.00,2122,20.00,2824,20.00,1701,21.00,1243,21.00,1483,3.00,2895,17.00,5841,42.00,4653,3.00,1515,20.00,1962,20.00,2051,40.00,2677,-1.00,1145,0.00,3759,1.00,1359,0.00,732,0.00,1402,0.00,1745,0.00,1841,-5.00,1597,0.00,895,-5.00,5,0.65
1680,20.00,2122,20.00,2824,20.00,1701,20.00,1243,20.00,1483,2.00,2895,17.00,5841,42.00,4653,-1.00,1515,20.00,1962,20.00,2051,40.00,2677,-1.00,1145,0.00,3759,0.00,1359,0.00,732,0.00,1402,0.00,1745,0.00,1841,-5.00,1597,0.00,895,-5.00,5,0.73
1715,20.00,2122,20.00,2824,20.00,1701,20.00,1243,20.00,1483,3.00,2895,17.00,5841,42.00,4653,4.00,1515,20.00,1962,19.00,2051,41.00,2677,-2.00,1145,0.00,3759,1.00,1359,0.00,732,0.00,1402,0.00,1745,0.00,1841,-5.00,1597,0.00,895,-4.00,5,0.81
1751,23.00,2122,20.00,2824,20.00,1701,20.00,1243,20.00,1483,3.00,2895,17.00,5841,43.00,4653,4.00,1515,20.00,1962,20.00,2051,40.00,2677,-2.00,1145,0.00,3759,2.00,1359,0.00,732,0.00,1402,0.00,1745,0.00,1841,-4.00,1597,0.00,895,-3.00,5,0.81
1787,20.00,2122,20.00,2824,20.00,1701,19.00,1243,20.00,1483,3.00,2895,16.00,5841,42.00,4653,3.00,1515,20.00,1962,20.00,2051,40.00,2677,-2.00,1145,0.00,3759,1.00,1359,0.00,733,0.00,1403,0.00,1745,0.00,1841,-5.00,1597,0.00,895,-4.00,5,0.97
1823,20.00,2122,20.00,2824,20.00,1701,19.00,1243,20.00,1483,3.00,2895,17.00,5841,41.00,4653,4.00,1515,20.00,1962,20.00,2051,40.00,2677,-1.00,1145,0.00,3759,1.00,1359,0.00,732,0.00,1402,0.00,1745,0.00,1841,-5.00,1597,1.00,895,-5.00,5,0.97
1858,20.00,2122,20.00,2824,20.00,1701,21.00,1243,20.00,1483,2.00,2895,17.00,5841,42.00,4653,3.00,1515,20.00,1962,20.00,2051,40.00,2677,-2.00,1145,0.00,3759,1.00,1359,0.00,732,0.00,1402,0.00,1745,0.00,1841,-6.00,1597,-2.00,895,-5.00,5,0.97
1894,20.00,2122,20.00,2824,20.00,1701,20.00,1243,20.00,1483,3.00,2895,17.00,5841,42.00,4653,3.00,1515,20.00,1962,19.00,2051,40.00,2677,-1.00,1145,-1.00,3759,3.00,1359,0.00,732,0.00,1402,0.00,1745,0.00,1841,-5.00,1597,0.00,895,-4.00,5,1.21
1930,20.00,2122,19.00,2824,20.00,1701,20.00,1243,20.00,1483,3.00,2895,17.00,5841,42.00,4653,3.00,1515,20.00,1962,20.00,2051,40.00,2677,-2.00,1145,0.00,3759,0.00,1359,0.00,732,0.00,1403,0.00,1745,0.00,1842,-3.00,1597,-1.00,895,-4.00,5,1.29
1965,20.00,2122,20.00,2824,20.00,1701,20.00,1243,20.00,1483,4.00,2895,17.00,5841,43.00,4653,3.00,1515,20.00,1962,20.00,2051,40.00,2677,-2.00,1145,0.00,3759,0.00,1359,0.00,732,0.00,1402,0.00,1745,0.00,1841,-5.00,1597,0.00,895,-4.00,5,1.29
2001,20.00,2122,20.00,2824,20.00,1701,20.00,1243,20.00,1483,3.00,2895,17.00,5841,42.00,4653,4.00,1515,20.00,1962,20.00,2051,40.00,2677,-2.00,1145,0.00,3759,1.00,1359,0.00,732,0.00,1403,0.00,1745,0.00,1841,-6.00,1597,0.00,895,-3.00,5,1.37
2037,20.00,2122,21.00,2824,20.00,1701,20.00,1243,20.00,1483,2.00,2895,17.00,5841,42.00,4653,3.00,1515,20.00,1962,20.00,2051,40.00,2677,-4.00,1145,0.00,3759,1.00,1359,0.00,732,0.00,1403,0.00,1745,0.00,1841,-6.00,1597,0.00,895,-4.00,5,1.45
2073,20.00,2122,20.00,2824,20.00,1701,20.00,1243,20.00,1484,2.00,2895,17.00,5841,42.00,4653,3.00,1515,20.00,1962,20.00,2051,40.00,2677,-2.00,1145,0.00,3759,1.00,1359,0.00,732,0.00,1402,0.00,1745,0.00,1842,-6.00,1597,0.00,895,-5.00,5,1.61
2108,19.00,2122,20.00,2824,20.00,1702,20.00,1243,19.00,1484,4.00,2895,16.00,5841,42.00,4653,4.00,1515,19.00,1962,21.00,2051,40.00,2677,-2.00,1145,-4.00,3759,1.00,1359,0.00,732,0.00,1403,0.00,1745,0.00,1841,-5.00,1597,0.00,895,-4.00,5,1.77
2144,20.00,2122,20.00,2824,18.00,1708,20.00,1243,20.00,1484,2.00,2895,18.00,5841,42.00,4653,2.00,1515,20.00,1962,20.00,2051,40.00,2677,-3.00,1145,0.00,3759,2.00,1359,0.00,732,0.00,1403,0.00,1745,0.00,1842,-5.00,1597,0.00,895,-5.00,5,1.61
2180,20.00,2122,20.00,2824,19.00,1716,20.00,1243,19.00,1484,3.00,2895,17.00,5841,42.00,4653,2.00,1515,21.00,1962,19.00,2051,40.00,2677,-1.00,1145,1.00,3759,1.00,1359,0.00,732,0.00,1403,0.00,1745,0.00,1841,-5.00,1597,0.00,895,-5.00,5,1.69
2216,20.00,2122,20.00,2824,20.00,1724,20.00,1243,20.00,1484,3.00,2895,17.00,5841,41.00,4653,4.00,1515,21.00,1962,20.00,2051,40.00,2677,-4.00,1145,0.00,3759,1.00,1359,0.00,733,0.00,1402,0.00,1745,0.00,1841,-5.00,1597,-8.00,895,-4.00,5,1.61
2251,20.00,2122,20.00,2824,21.00,1731,20.00,1243,19.00,1484,4.00,2895,17.00,5841,42.00,4653,3.00,1515,19.00,1962,20.00,2051,40.00,2677,-2.00,1145,0.00,3759,0.00,1359,0.00,733,0.00,1402,0.00,1745,0.00,1841,-5.00,1597,0.00,895,-3.00,5,1.77
2287,20.00,2122,19.00,2824,20.00,1739,19.00,1243,20.00,1488,4.00,2895,17.00,5841,42.00,4653,3.00,1515,20.00,1962,20.00,2051,40.00,2677,-2.00,1145,0.00,3759,1.00,1359,0.00,733,0.00,1402,0.00,1745,0.00,1841,-3.00,1597,0.00,895,-2.00,5,1.94
2323,20.00,2122,19.00,2824,20.00,1745,20.00,1243,19.00,1494,3.00,2895,17.00,5841,42.00,4653,2.00,1515,20.00,1962,20.00,2051,40.00,2677,-2.00,1145,0.00,3759,1.00,1359,0.00,733,0.00,1403,0.00,1745,0.00,1841,-5.00,1597,-4.00,895,-2.00,5,1.94
2359,19.00,2123,20.00,2825,20.00,1751,20.00,1245,20.00,1502,4.00,2895,17.00,5841,42.00,4653,4.00,1515,20.00,1962,20.00,2051,40.00,2677,-1.00,1145,0.00,3759,0.00,1359,0.00,733,0.00,1402,0.00,1745,0.00,1841,-4.00,1597,-6.00,895,-4.00,5,2.02
2394,19.00,2125,20.00,2824,19.00,1758,20.00,1251,21.00,1509,4.00,2895,17.00,5841,41.00,4653,4.00,1515,20.00,1962,20.00,2051,40.00,2677,-1.00,1145,0.00,3759,1.00,1359,0.00,733,0.00,1403,0.00,1745,0.00,1841,-5.00,1597,0.00,896,-5.00,5,2.18
2430,20.00,2130,20.00,2824,20.00,1765,20.00,1259,21.00,1517,2.00,2895,17.00,5841,41.00,4653,1.00,1515,20.00,1962,20.00,2051,40.00,2677,-2.00,1145,0.00,3760,0.00,1359,0.00,733,0.00,1403,0.00,1745,0.00,1841,-6.00,1597,-1.00,895,-4.00,5,2.34
2466,20.00,2137,20.00,2825,21.00,1771,19.00,1268,22.00,1525,2.00,2895,17.00,5841,42.00,4653,3.00,1515,21.00,1962,20.00,2051,40.00,2677,-1.00,1145,0.00,3759,0.00,1359,0.00,733,0.00,1403,0.00,1745,0.00,1841,-6.00,1597,1.00,895,-4.00,5,2.50
2502,20.00,2144,19.00,2825,20.00,1778,20.00,1276,20.00,1531,2.00,2894,17.00,5841,42.00,4653,5.00,1515,20.00,1962,20.00,2051,40.00,2677,-2.00,1145,1.00,3759,0.00,1359,0.00,733,0.00,1403,0.00,1745,0.00,1841,-4.00,1597,5.00,895,-5.00,5,2.50
2537,20.00,2150,19.00,2827,20.00,1784,20.00,1284,20.00,1535,5.00,2895,17.00,5841,41.00,4653,2.00,1515,21.00,1962,20.00,2051,40.00,2676,-1.00,1145,0.00,3760,1.00,1359,0.00,733,0.00,1403,0.00,1744,0.00,1841,-5.00,1597,-3.00,896,-3.00,5,2.34
2573,20.00,2154,22.00,2831,19.00,1791,20.00,1292,20.00,1541,4.00,2895,17.00,5841,42.00,4653,5.00,1515,20.00,1962,20.00,2051,40.00,2676,-2.00,1145,2.00,3759,0.00,1359,0.00,733,0.00,1403,0.00,1744,0.00,1841,-5.00,1597,1.00,895,-3.00,5,2.58
2609,20.00,2159,21.00,2837,20.00,1797,20.00,1298,21.00,1545,3.00,2895,17.00,5841,42.00,4653,3.00,1515,20.00,1962,20.00,2051,39.00,2676,-2.00,1145,2.00,3760,1.00,1359,0.00,733,0.00,1403,0.00,1744,0.00,1841,-5.00,1597,5.00,896,-4.00,5,2.58
2644,21.00,2162,19.00,2843,21.00,1802,21.00,1304,20.00,1549,3.00,2895,17.00,5841,42.00,4653,4.00,1515,20.00,1962,20.00,2051,40.00,2676,-2.00,1145,-5.00,3759,1.00,1359,0.00,733,0.00,1403,0.00,1744,0.00,1841,-5.00,1597,-2.00,896,-3.00,5,2.58
2680,19.00,2166,20.00,2849,21.00,1808,21.00,1309,20.00,1554,4.00,2895,17.00,5841,42.00,4653,2.00,1515,20.00,1962,21.00,2051,41.00,2676,-3.00,1145,-1.00,3759,1.00,1359,0.00,733,0.00,1403,0.00,1744,0.00,1841,-4.00,1597,-1.00,896,-5.00,5,2.58
2716,20.00,2168,22.00,2856,21.00,1812,21.00,1314,19.00,1557,2.00,2895,17.00,5841,42.00,4653,1.00,1515,20.00,1961,20.00,2051,40.00,2676,1.00,1145,4.00,3760,1.00,1359,0.00,733,0.00,1403,0.00,1744,0.00,1841,-5.00,1597,0.00,896,-4.00,5,2.66
2752,20.00,2172,20.00,2862,20.00,1816,20.00,1318,21.00,1559,2.00,2895,17.00,5841,42.00,4653,3.00,1515,20.00,1961,20.00,2051,40.00,2676,-2.00,1145,1.00,3760,0.00,1359,0.00,733,0.00,1403,0.00,1744,0.00,1841,-5.00,1597,-2.00,896,-5.00,5,2.82
2787,20.00,2175,20.00,2867,21.00,1820,20.00,1322,20.00,1563,2.00,2895,17.00,5841,42.00,4653,3.00,1515,20.00,1961,20.00,2051,40.00,2676,-3.00,1145,0.00,3760,0.00,1359,0.00,733,0.00,1403,0.00,1744,0.00,1841,-6.00,1597,-2.00,896,-4.00,5,2.90
2823,20.00,2177,20.00,2872,20.00,1824,19.00,1325,19.00,1566,3.00,2895,17.00,5841,42.00,4653,2.00,1515,20.00,1961,20.00,2051,40.00,2676,-3.00,1145,-2.00,3759,1.00,1359,0.00,733,0.00,1403,0.00,1744,0.00,1841,-6.00,1597,2.00,896,-5.00,5,2.90
2859,21.00,2179,20.00,2877,19.00,1827,20.00,1329,19.00,1568,4.00,2895,17.00,5841,42.00,4653,2.00,1515,20.00,1961,20.00,2051,40.00,2676,-1.00,1145,-2.00,3760,2.00,1359,0.00,733,0.00,1403,0.00,1741,0.00,1841,-6.00,1597,-2.00,896,-4.00,5,2.90
2894,20.00,2179,20.00,2882,22.00,1831,19.00,1332,19.00,1570,4.00,2895,17.00,5841,42.00,4653,3.00,1515,20.00,1961,20.00,2051,40.00,2676,-2.00,1145,0.00,3759,1.00,1359,0.00,733,0.00,1403,0.00,1736,0.00,1841,-5.00,1597,4.00,896,-5.00,5,3.06
2930,19.00,2179,19.00,2886,21.00,1835,20.00,1335,20.00,1573,0.00,2895,17.00,5841,42.00,4653,1.00,1515,21.00,1961,20.00,2050,40.00,2676,-3.00,1145,0.00,3760,1.00,1359,0.00,733,0.00,1403,0.00,1730,0.00,1841,-6.00,1597,1.00,896,-5.00,5,3.31
2966,20.00,2181,21.00,2889,20.00,1839,21.00,1338,20.00,1575,3.00,2895,17.00,5841,43.00,4653,4.00,1515,20.00,1961,20.00,2051,40.00,2676,-1.00,1145,0.00,3760,1.00,1359,0.00,733,0.00,1403,0.00,1722,0.00,1841,-4.00,1597,-2.00,896,-4.00,5,3.23
3002,20.00,2185,21.00,2892,19.00,1843,20.00,1341,20.00,1580,5.00,2895,17.00,5841,42.00,4653,2.00,1515,20.00,1961,20.00,2050,40.00,2676,-1.00,1145,0.00,3759,0.00,1359,0.00,733,0.00,1403,0.00,1712,0.00,1841,-6.00,1597,4.00,896,-4.00,5,3.39
3037,20.00,2191,20.00,2896,20.00,1849,20.00,1346,19.00,1585,2.00,2895,17.00,5841,43.00,4653,4.00,1515,20.00,1961,20.00,2050,40.00,2676,-2.00,1145,-1.00,3760,1.00,1359,0.00,733,0.00,1403,0.00,1702,0.00,1841,-6.00,1597,4.00,896,-5.00,5,3.31
3073,20.00,2196,19.00,2900,20.00,1853,20.00,1350,20.00,1591,5.00,2895,17.00,5841,42.00,4653,4.00,1515,20.00,1961,20.00,2050,40.00,2675,-2.00,1145,0.00,3760,0.00,1359,0.00,733,0.00,1403,0.00,1692,0.00,1841,-4.00,1597,-10.00,896,-5.00,5,3.39
3109,20.00,2202,22.00,2904,21.00,1858,20.00,1355,20.00,1597,3.00,2894,17.00,5841,42.00,4653,4.00,1515,20.00,1961,20.00,2050,40.00,2675,-2.00,1145,-1.00,3760,1.00,1359,0.00,733,0.00,1403,0.00,1683,0.00,1841,-5.00,1597,5.00,896,-5.00,5,3.55
3145,21.00,2207,20.00,2908,20.00,1863,19.00,1361,20.00,1603,3.00,2895,17.00,5841,41.00,4653,3.00,1515,20.00,1961,20.00,2050,40.00,2675,-1.00,1145,0.00,3760,0.00,1359,0.00,733,0.00,1403,0.00,1674,0.00,1841,-5.00,1597,0.00,895,-5.00,5,3.06
3180,21.00,2212,19.00,2912,21.00,1867,21.00,1366,21.00,1608,3.00,2895,17.00,5841,42.00,4653,2.00,1515,20.00,1961,20.00,2050,40.00,2675,-1.00,1145,0.00,3760,1.00,1359,0.00,733,0.00,1403,0.00,1668,0.00,1841,-4.00,1597,-1.00,895,-5.00,5,3.55
3216,20.00,2217,20.00,2917,20.00,1870,21.00,1372,20.00,1613,2.00,2895,17.00,5841,42.00,4653,3.00,1515,20.00,1961,20.00,2050,40.00,2675,-2.00,1145,0.00,3760,1.00,1359,0.00,733,0.00,1403,0.00,1663,0.00,1841,-6.00,1597,1.00,896,-3.00,5,3.31
3252,21.00,2221,20.00,2920,21.00,1872,19.00,1378,20.00,1618,4.00,2895,17.00,5841,42.00,4653,3.00,1515,20.00,1961,21.00,2050,40.00,2675,-2.00,1145,1.00,3760,0.00,1359,0.00,733,0.00,1403,0.00,1660,0.00,1841,-5.00,1597,3.00,895,-5.00,5,3.47
3287,20.00,2225,20.00,2924,20.00,1872,21.00,1382,21.00,1622,3.00,2895,17.00,5841,42.00,4653,2.00,1515,20.00,1961,20.00,2050,40.00,2675,-2.00,1145,0.00,3760,1.00,1359,0.00,733,0.00,1403,0.00,1658,0.00,1841,-3.00,1597,-1.00,895,-3.00,5,3.47
3323,20.00,2228,20.00,2928,20.00,1872,21.00,1386,20.00,1625,2.00,2895,17.00,5841,42.00,4653,3.00,1515,20.00,1961,20.00,2050,40.00,2675,-2.00,1145,2.00,3760,1.00,1359,0.00,733,0.00,1403,0.00,1657,0.00,1841,-6.00,1597,-1.00,896,-3.00,5,3.71
3359,19.00,2232,21.00,2931,20.00,1872,20.00,1389,19.00,1627,2.00,2895,17.00,5841,42.00,4653,2.00,1515,20.00,1961,20.00,2050,40.00,2675,-2.00,1145,4.00,3760,1.00,1359,0.00,734,0.00,1403,0.00,1656,0.00,1841,-6.00,1597,4.00,896,-4.00,5,3.63
3395,20.00,2234,21.00,2933,20.00,1872,21.00,1391,20.00,1629,3.00,2895,17.00,5841,42.00,4653,2.00,1515,20.00,1961,20.00,2050,40.00,2674,-1.00,1145,3.00,3760,0.00,1359,0.00,734,0.00,1403,0.00,1656,0.00,1841,-4.00,1597,1.00,896,-4.00,5,3.79
3430,20.00,2236,20.00,2937,20.00,1872,20.00,1391,21.00,1629,2.00,2895,17.00,5841,42.00,4653,2.00,1515,20.00,1961,20.00,2050,40.00,2674,-4.00,1145,2.00,3760,1.00,1359,0.00,734,0.00,1403,0.00,1656,0.00,1841,-4.00,1597,-6.00,896,-3.00,5,3.71
3466,20.00,2236,20.00,2939,19.00,1875,20.00,1391,20.00,1629,4.00,2895,17.00,5841,42.00,4653,4.00,1515,20.00,1960,20.00,2050,37.00,2674,-2.00,1145,0.00,3760,0.00,1359,0.00,733,0.00,1404,0.00,1656,0.00,1841,-6.00,1597,3.00,896,-5.00,5,3.87
3502,21.00,2236,21.00,2941,20.00,1879,20.00,1391,20.00,1629,2.00,2894,17.00,5841,42.00,4653,4.00,1515,20.00,1961,20.00,2050,40.00,2674,-2.00,1145,-1.00,3760,1.00,1359,0.00,733,0.00,1404,0.00,1656,0.00,1841,-6.00,1597,-2.00,896,-4.00,5,3.95
3538,21.00,2236,20.00,2942,20.00,1884,20.00,1391,20.00,1629,4.00,2895,17.00,5841,42.00,4653,3.00,1515,19.00,1960,20.00,2050,40.00,2674,-1.00,1145,0.00,3760,2.00,1359,0.00,733,0.00,1403,0.00,1656,0.00,1841,-5.00,1597,-1.00,896,-5.00,5,4.11
3573,20.00,2236,19.00,2944,20.00,1889,20.00,1391,20.00,1629,4.00,2895,17.00,5841,42.00,4653,2.00,1515,21.00,1960,20.00,2050,40.00,2674,-1.00,1145,5.00,3760,0.00,1359,0.00,734,0.00,1404,0.00,1656,0.00,1841,-5.00,1597,-2.00,896,-4.00,5,3.95
3609,20.00,2236,19.00,2946,20.00,1893,21.00,1391,21.00,1630,2.00,2895,17.00,5841,42.00,4653,3.00,1515,21.00,1960,20.00,2050,41.00,2674,-1.00,1145,0.00,3760,1.00,1359,0.00,733,0.00,1403,0.00,1655,0.00,1841,-4.00,1597,-3.00,896,-4.00,5,4.03
3645,19.00,2236,20.00,2947,21.00,1897,20.00,1391,21.00,1630,2.00,2895,17.00,5841,43.00,4653,4.00,1515,20.00,1960,20.00,2050,40.00,2674,-2.00,1145,0.00,3760,1.00,1359,0.00,734,0.00,1403,0.00,1655,0.00,1840,-5.00,1597,-3.00,896,-3.00,5,4.03
3681,19.00,2236,20.00,2949,20.00,1900,20.00,1391,20.00,1629,4.00,2895,17.00,5841,42.00,4653,4.00,1515,20.00,1960,20.00,2050,40.00,2674,-3.00,1145,0.00,3760,0.00,1359,0.00,734,0.00,1403,0.00,1655,0.00,1838,-4.00,1597,-3.00,896,-3.00,5,4.19
3716,20.00,2237,21.00,2952,20.00,1903,21.00,1391,20.00,1630,2.00,2895,17.00,5841,42.00,4653,2.00,1515,20.00,1960,20.00,2050,40.00,2674,-4.00,1145,0.00,3760,3.00,1359,0.00,734,0.00,1403,0.00,1655,0.00,1833,-5.00,1597,-1.00,896,-5.00,5,4.11
3752,19.00,2237,20.00,2956,20.00,1906,20.00,1391,20.00,1630,4.00,2895,17.00,5841,42.00,4653,4.00,1515,20.00,1961,20.00,2049,40.00,2674,-2.00,1145,0.00,3760,3.00,1359,0.00,734,0.00,1403,0.00,1655,0.00,1826,-5.00,1597,-1.00,895,-5.00,5,4.35
3788,19.00,2239,20.00,2960,20.00,1909,20.00,1391,19.00,1630,3.00,2895,17.00,5841,42.00,4653,5.00,1515,20.00,1960,21.00,2049,40.00,2673,-2.00,1145,0.00,3760,1.00,1359,0.00,734,0.00,1403,0.00,1655,0.00,1817,-5.00,1597,-2.00,895,-3.00,5,4.19
3824,21.00,2242,21.00,2963,20.00,1912,20.00,1391,20.00,1630,3.00,2895,18.00,5841,41.00,4653,4.00,1515,20.00,1960,20.00,2049,40.00,2673,-2.00,1145,0.00,3760,0.00,1359,0.00,734,0.00,1404,0.00,1655,0.00,1807,-5.00,1597,-1.00,896,-4.00,5,4.19
3859,21.00,2248,18.00,2966,20.00,1915,20.00,1391,20.00,1630,2.00,2895,17.00,5841,42.00,4653,4.00,1515,20.00,1960,21.00,2049,40.00,2673,-2.00,1145,-1.00,3760,2.00,1359,0.00,734,0.00,1403,0.00,1655,0.00,1799,-5.00,1597,2.00,896,-2.00,5,4.19
3895,20.00,2253,20.00,2969,20.00,1918,20.00,1391,20.00,1630,2.00,2895,17.00,5841,42.00,4653,3.00,1515,19.00,1960,21.00,2049,40.00,2673,-3.00,1145,0.00,3760,2.00,1359,0.00,734,0.00,1403,0.00,1654,0.00,1793,-6.00,1597,-1.00,896,-4.00,5,4.35
3931,20.00,2257,20.00,2971,20.00,1921,21.00,1391,20.00,1630,4.00,2895,17.00,5841,42.00,4653,3.00,1515,19.00,1960,21.00,2049,40.00,2673,-2.00,1145,-1.00,3760,1.00,1359,0.00,734,0.00,1403,0.00,1654,0.00,1789,-4.00,1597,-1.00,895,-5.00,5,4.44
3966,23.00,2260,20.00,2973,19.00,1925,20.00,1392,20.00,1630,2.00,2895,17.00,5841,42.00,4653,5.00,1515,20.00,1960,20.00,2049,40.00,2673,-3.00,1145,0.00,3760,0.00,1359,0.00,734,0.00,1404,0.00,1654,0.00,1786,-6.00,1597,2.00,896,-4.00,5,4.19
4002,20.00,2262,19.00,2974,20.00,1927,19.00,1395,20.00,1630,-4.00,2895,16.00,5841,42.00,4653,4.00,1515,20.00,1960,20.00,2049,40.00,2673,-2.00,1145,0.00,3760,2.00,1359,0.00,734,0.00,1403,0.00,1654,0.00,1785,-5.00,1597,-1.00,896,-5.00,5,4.19
4038,20.00,2264,21.00,2975,21.00,1929,19.00,1399,20.00,1630,4.00,2895,17.00,5841,42.00,4653,2.00,1515,20.00,1960,20.00,2049,40.00,2673,-2.00,1145,0.00,3760,0.00,1359,0.00,734,0.00,1403,0.00,1654,0.00,1785,-5.00,1597,4.00,896,-5.00,5,4.60
4074,20.00,2264,20.00,2975,21.00,1929,20.00,1403,20.00,1630,2.00,2895,17.00,5841,42.00,4653,2.00,1515,20.00,1960,20.00,2049,40.00,2673,-1.00,1145,0.00,3760,2.00,1359,0.00,734,0.00,1403,0.00,1654,0.00,1785,-5.00,1597,-2.00,896,-5.00,5,4.44
4109,20.00,2264,19.00,2975,20.00,1929,21.00,1405,20.00,1630,2.00,2895,16.00,5841,42.00,4653,2.00,1515,20.00,1960,20.00,2049,40.00,2673,-2.00,1145,0.00,3760,0.00,1359,0.00,734,0.00,1404,0.00,1654,0.00,1785,-5.00,1597,5.00,896,-4.00,5,4.44
4145,20.00,2264,19.00,2975,20.00,1929,20.00,1408,20.00,1630,4.00,2895,17.00,5841,42.00,4653,5.00,1515,20.00,1960,20.00,2049,40.00,2673,-2.00,1145,0.00,3760,1.00,1359,0.00,734,0.00,1404,0.00,1654,0.00,1785,-6.00,1597,-2.00,896,-5.00,5,4.27
4181,20.00,2264,20.00,2975,19.00,1929,20.00,1409,20.00,1630,7.00,2895,17.00,5841,42.00,4653,2.00,1515,20.00,1960,20.00,2049,40.00,2673,-2.00,1145,0.00,3760,0.00,1359,0.00,734,0.00,1404,0.00,1654,0.00,1785,-5.00,1597,-1.00,896,-5.00,5,4.44
4217,20.00,2264,20.00,2975,20.00,1930,21.00,1410,20.00,1635,4.00,2895,17.00,5841,43.00,4653,4.00,1515,20.00,1960,20.00,2049,40.00,2673,-1.00,1145,0.00,3760,3.00,1359,0.00,734,0.00,1404,0.00,1654,0.00,1785,-6.00,1597,-1.00,896,-3.00,5,4.27
4252,20.00,2264,20.00,2975,20.00,1929,20.00,1410,19.00,1641,3.00,2895,17.00,5841,42.00,4653,4.00,1515,20.00,1960,20.00,2049,40.00,2673,-2.00,1145,0.00,3760,1.00,1359,0.00,734,0.00,1404,0.00,1654,0.00,1785,-5.00,1597,0.00,896,-6.00,5,4.44
4288,20.00,2264,20.00,2975,20.00,1930,20.00,1410,20.00,1647,3.00,2895,17.00,5841,42.00,4653,3.00,1515,20.00,1960,20.00,2049,40.00,2673,-2.00,1145,0.00,3760,1.00,1359,0.00,734,0.00,1404,0.00,1654,0.00,1785,-4.00,1597,-1.00,896,-4.00,5,4.44
4324,21.00,2264,20.00,2975,20.00,1930,20.00,1410,20.00,1652,3.00,2895,17.00,5841,42.00,4653,5.00,1515,20.00,1960,20.00,2049,40.00,2673,-3.00,1145,0.00,3760,1.00,1359,0.00,734,0.00,1404,0.00,1654,0.00,1785,-6.00,1597,-2.00,896,-4.00,5,4.68
4360,20.00,2264,20.00,2975,20.00,1930,19.00,1410,21.00,1656,5.00,2894,17.00,5841,42.00,4653,1.00,1515,20.00,1960,20.00,2049,40.00,2673,-2.00,1145,0.00,3760,1.00,1359,0.00,734,0.00,1404,0.00,1654,0.00,1785,-6.00,1597,-1.00,896,-5.00,5,4.35
4395,21.00,2264,20.00,2975,20.00,1930,20.00,1410,20.00,1657,3.00,2895,17.00,5841,42.00,4653,2.00,1515,20.00,1960,20.00,2049,40.00,2673,-1.00,1145,0.00,3760,1.00,1359,0.00,734,0.00,1404,0.00,1654,0.00,1785,-5.00,1597,-2.00,896,-4.00,5,4.19
4431,21.00,2264,20.00,2975,20.00,1930,20.00,1410,20.00,1658,4.00,2895,17.00,5841,42.00,4653,4.00,1515,19.00,1960,20.00,2049,41.00,2673,-3.00,1145,0.00,3760,0.00,1359,0.00,734,0.00,1404,0.00,1653,0.00,1785,-5.00,1597,-1.00,896,-3.00,5,3.79
4467,19.00,2264,20.00,2975,20.00,1930,20.00,1410,20.00,1658,4.00,2895,17.00,5841,42.00,4653,2.00,1515,20.00,1960,20.00,2049,40.00,2673,-4.00,1145,0.00,3760,2.00,1359,0.00,734,0.00,1404,0.00,1649,0.00,1785,-5.00,1597,-1.00,896,-4.00,4,3.31
4503,20.00,2264,20.00,2975,20.00,1930,20.00,1410,20.00,1658,8.00,2895,17.00,5841,42.00,4653,2.00,1515,21.00,1960,20.00,2049,40.00,2673,-2.00,1145,0.00,3760,1.00,1359,0.00,734,0.00,1404,0.00,1642,0.00,1785,-6.00,1597,-2.00,896,-2.00,4,3.23
4538,20.00,2264,20.00,2975,21.00,1930,20.00,1410,21.00,1658,5.00,2895,17.00,5841,42.00,4653,2.00,1515,20.00,1960,19.00,2049,40.00,2673,-3.00,1145,0.00,3760,1.00,1359,0.00,734,0.00,1404,0.00,1632,0.00,1785,-5.00,1597,-2.00,896,6.00,5,2.98
4574,20.00,2264,19.00,2975,20.00,1930,20.00,1410,20.00,1658,3.00,2895,17.00,5841,42.00,4653,2.00,1515,20.00,1960,20.00,2049,40.00,2673,-2.00,1145,0.00,3760,3.00,1359,0.00,734,0.00,1404,0.00,1622,0.00,1785,-5.00,1597,-2.00,896,-5.00,4,2.42
4610,19.00,2264,20.00,2975,20.00,1930,20.00,1410,20.00,1658,3.00,2895,17.00,5841,42.00,4653,3.00,1515,20.00,1960,20.00,2049,40.00,2673,0.00,1144,0.00,3760,0.00,1359,0.00,734,0.00,1404,0.00,1611,0.00,1785,-4.00,1597,-2.00,896,-1.00,4,2.26
4646,20.00,2264,20.00,2975,19.00,1930,20.00,1410,20.00,1658,2.00,2895,17.00,5841,42.00,4653,2.00,1515,20.00,1960,20.00,2049,40.00,2673,-3.00,1144,0.00,3760,1.00,1359,0.00,734,0.00,1404,0.00,1601,0.00,1785,-4.00,1597,-3.00,896,-2.00,4,1.77
4681,20.00,2264,19.00,2975,20.00,1930,20.00,1410,20.00,1658,3.00,2895,17.00,5841,42.00,4653,3.00,1515,20.00,1960,20.00,2049,40.00,2673,-1.00,1144,-1.00,3760,3.00,1359,0.00,734,0.00,1404,0.00,1593,0.00,1785,-4.00,1597,-2.00,896,-2.00,4,1.77
4717,20.00,2264,20.00,2975,20.00,1929,19.00,1410,20.00,1658,3.00,2895,17.00,5841,42.00,4653,3.00,1515,20.00,1960,20.00,2049,41.00,2673,-1.00,1144,0.00,3760,0.00,1359,0.00,734,0.00,1404,0.00,1588,0.00,1785,-5.00,1597,-1.00,896,-4.00,4,1.21
4753,20.00,2264,20.00,2975,20.00,1929,20.00,1410,20.00,1658,8.00,2895,17.00,5841,42.00,4653,1.00,1515,20.00,1960,20.00,2049,39.00,2673,0.00,1144,-4.00,3760,1.00,1359,0.00,734,0.00,1404,0.00,1585,0.00,1785,-5.00,1597,0.00,896,-3.00,4,0.81
4789,19.00,2264,20.00,2975,20.00,1930,20.00,1410,20.00,1658,4.00,2895,17.00,5841,42.00,4653,5.00,1515,20.00,1960,20.00,2050,40.00,2673,-2.00,1144,-1.00,3760,1.00,1359,0.00,734,0.00,1404,0.00,1585,0.00,1786,-6.00,1597,-2.00,896,-4.00,4,0.56
4824,21.00,2264,20.00,2975,20.00,1930,19.00,1410,20.00,1658,2.00,2895,17.00,5841,42.00,4653,3.00,1515,20.00,1960,21.00,2050,40.00,2673,-1.00,1144,-3.00,3759,1.00,1359,0.00,734,0.00,1404,0.00,1585,0.00,1786,-6.00,1597,-2.00,896,-2.00,4,0.08
4860,20.00,2264,20.00,2975,20.00,1930,20.00,1410,20.00,1658,2.00,2895,17.00,5841,42.00,4653,3.00,1515,20.00,1960,20.00,2050,40.00,2674,-1.00,1144,-2.00,3759,1.00,1359,0.00,734,0.00,1404,0.00,1585,0.00,1786,-6.00,1597,0.00,895,-3.00,5,0.65
4896,21.00,2264,20.00,2975,20.00,1930,20.00,1410,19.00,1658,3.00,2895,17.00,5841,42.00,4653,5.00,1515,20.00,1960,20.00,2050,40.00,2674,0.00,1144,1.00,3759,1.00,1359,0.00,734,0.00,1404,0.00,1585,0.00,1786,-5.00,1597,-1.00,896,-6.00,4,0.08
4932,20.00,2264,20.00,2975,20.00,1929,20.00,1410,20.00,1658,3.00,2895,17.00,5841,42.00,4653,4.00,1515,20.00,1960,20.00,2050,40.00,2674,2.00,1144,1.00,3759,0.00,1359,0.00,734,0.00,1404,0.00,1585,0.00,1786,-5.00,1597,-5.00,896,-3.00,5,0.00
4967,19.00,2264,20.00,2975,19.00,1930,20.00,1410,20.00,1658,4.00,2895,17.00,5841,42.00,4653,2.00,1515,20.00,1960,20.00,2050,40.00,2674,0.00,1144,1.00,3759,2.00,1359,0.00,734,0.00,1404,0.00,1585,0.00,1786,-5.00,1597,2.00,896,-1.00,5,0.16
5003,20.00,2264,20.00,2975,20.00,1930,20.00,1410,20.00,1658,2.00,2895,17.00,5841,42.00,4653,4.00,1515,20.00,1960,21.00,2050,40.00,2674,-1.00,1144,0.00,3759,0.00,1359,0.00,734,0.00,1404,0.00,1585,0.00,1786,-6.00,1597,3.00,896,3.00,5,0.08