36,-2.00,203,0.00,200,-3.00,203,4.00,196,2.00,197,5.00,196,-5.00,204,-4.00,204,-4.00,203,4.00,196,-1.00,203,1.00,198,0.00,200,3.00,197,0.00,198,20.00,1281,20.00,1352,20.00,1867,20.00,1577,0.00,2925,1.00,1589,5.00,889,0.40
71,-1.00,203,0.00,200,3.00,203,4.00,196,3.00,197,4.00,196,-4.00,204,-2.00,204,-3.00,203,2.00,196,-1.00,203,2.00,198,-5.00,200,3.00,197,1.00,198,20.00,1281,20.00,1352,20.00,1867,20.00,1577,0.00,2925,0.00,1589,4.00,889,0.00
107,-2.00,203,0.00,200,-1.00,202,4.00,196,3.00,197,4.00,196,-4.00,204,-2.00,204,-3.00,203,4.00,196,-2.00,203,0.00,198,0.00,201,4.00,197,0.00,198,20.00,1281,20.00,1352,19.00,1867,20.00,1577,0.00,2925,1.00,1589,3.00,889,0.08
143,-1.00,203,0.00,200,-6.00,203,5.00,196,2.00,197,2.00,196,-4.00,204,-3.00,204,-3.00,203,4.00,196,-2.00,203,0.00,198,1.00,201,3.00,197,1.00,198,20.00,1282,20.00,1352,21.00,1867,20.00,1577,0.00,2925,1.00,1589,3.00,889,0.00
178,-2.00,203,0.00,200,4.00,203,4.00,196,4.00,197,5.00,196,-4.00,204,-4.00,204,-4.00,203,3.00,196,-2.00,203,1.00,198,-4.00,201,4.00,197,2.00,198,20.00,1281,20.00,1352,20.00,1867,20.00,1577,0.00,2925,1.00,1589,5.00,889,0.16
214,-3.00,203,0.00,200,-2.00,203,5.00,196,3.00,197,4.00,196,-3.00,204,-2.00,204,3.00,203,3.00,196,-1.00,203,1.00,198,-2.00,201,2.00,197,1.00,198,19.00,1282,20.00,1352,20.00,1867,19.00,1577,0.00,2925,2.00,1589,4.00,889,0.32
250,-1.00,203,0.00,200,-6.00,203,4.00,196,2.00,197,4.00,196,-4.00,204,-2.00,204,-3.00,203,2.00,196,-2.00,203,2.00,198,2.00,201,2.00,197,1.00,198,21.00,1281,20.00,1352,20.00,1867,20.00,1577,0.00,2925,1.00,1589,5.00,889,0.16
286,-2.00,203,0.00,200,-5.00,203,4.00,196,3.00,197,4.00,196,-4.00,204,-3.00,204,-3.00,203,2.00,196,-1.00,203,1.00,198,-2.00,201,2.00,197,1.00,198,20.00,1282,20.00,1352,20.00,1867,20.00,1577,0.00,2925,1.00,1589,4.00,889,0.16
322,-3.00,203,0.00,200,4.00,203,2.00,196,4.00,197,4.00,196,-4.00,204,-2.00,204,-3.00,203,2.00,196,-2.00,203,1.00,198,-1.00,201,2.00,197,2.00,198,20.00,1282,20.00,1352,20.00,1867,20.00,1577,0.00,2925,1.00,1589,4.00,889,0.08
357,-2.00,203,0.00,200,1.00,203,4.00,196,4.00,197,4.00,197,-4.00,204,-4.00,204,-2.00,203,3.00,196,-1.00,203,1.00,198,-1.00,201,3.00,197,1.00,198,20.00,1282,20.00,1352,20.00,1867,20.00,1577,0.00,2925,1.00,1589,5.00,889,0.00
393,-3.00,203,0.00,200,2.00,202,4.00,196,2.00,197,5.00,196,-4.00,204,-3.00,204,-2.00,203,3.00,196,-2.00,203,1.00,198,2.00,201,4.00,197,1.00,198,20.00,1281,20.00,1352,19.00,1867,20.00,1577,0.00,2925,2.00,1589,4.00,889,0.08
429,-2.00,203,0.00,200,-3.00,203,3.00,196,3.00,197,4.00,196,-4.00,204,-4.00,204,-3.00,203,3.00,196,-3.00,203,1.00,198,-1.00,201,3.00,197,2.00,198,20.00,1282,20.00,1352,20.00,1867,20.00,1577,0.00,2925,1.00,1589,4.00,889,0.00
464,-1.00,203,0.00,200,-3.00,202,5.00,196,4.00,197,4.00,196,-4.00,204,-3.00,204,-4.00,203,2.00,196,-3.00,203,1.00,198,1.00,201,4.00,197,1.00,198,20.00,1282,20.00,1352,20.00,1867,19.00,1577,0.00,2925,1.00,1589,5.00,889,0.08
500,-2.00,203,0.00,200,-4.00,202,4.00,196,3.00,197,4.00,196,-4.00,204,-4.00,204,-3.00,203,2.00,196,-2.00,203,1.00,198,-1.00,201,3.00,197,1.00,198,20.00,1282,20.00,1352,20.00,1867,20.00,1577,0.00,2925,1.00,1589,3.00,889,0.08
536,-3.00,203,0.00,200,-3.00,203,4.00,196,3.00,197,5.00,196,-4.00,204,-4.00,204,-2.00,203,4.00,196,-1.00,203,0.00,198,0.00,201,3.00,197,0.00,198,20.00,1281,20.00,1352,20.00,1867,20.00,1577,0.00,2925,2.00,1589,5.00,889,0.08
572,-3.00,203,0.00,200,1.00,202,4.00,196,2.00,197,5.00,196,-3.00,204,-4.00,204,-3.00,203,3.00,196,-2.00,203,0.00,198,-2.00,201,3.00,197,0.00,198,20.00,1282,20.00,1352,20.00,1867,20.00,1577,0.00,2925,1.00,1589,5.00,889,0.08
608,-3.00,203,0.00,200,0.00,203,2.00,196,3.00,197,3.00,196,-4.00,204,-2.00,204,-2.00,203,3.00,196,-2.00,203,1.00,198,4.00,200,3.00,197,2.00,198,20.00,1281,20.00,1352,20.00,1867,20.00,1577,0.00,2925,0.00,1589,5.00,889,0.08
644,-2.00,203,0.00,200,-1.00,203,5.00,196,4.00,197,4.00,196,-4.00,204,-2.00,204,-2.00,203,3.00,196,-3.00,203,0.00,198,-2.00,201,4.00,197,2.00,198,20.00,1281,20.00,1352,20.00,1867,20.00,1577,0.00,2925,2.00,1589,5.00,889,0.32
680,-1.00,203,0.00,200,2.00,203,3.00,196,3.00,197,4.00,196,-4.00,204,-4.00,204,-2.00,203,1.00,196,-2.00,203,2.00,198,-1.00,201,4.00,197,0.00,198,20.00,1282,20.00,1352,20.00,1867,20.00,1577,0.00,2925,1.00,1589,5.00,889,0.08
715,-1.00,203,0.00,200,-7.00,203,4.00,196,4.00,197,4.00,196,-4.00,204,-3.00,204,-3.00,203,3.00,196,-1.00,203,0.00,198,-2.00,201,3.00,197,1.00,198,20.00,1282,20.00,1352,20.00,1867,20.00,1577,0.00,2925,2.00,1589,4.00,889,0.08
751,-3.00,203,0.00,200,-2.00,203,4.00,196,2.00,197,4.00,196,-5.00,204,-4.00,204,-2.00,203,2.00,196,-2.00,203,0.00,198,0.00,201,4.00,197,1.00,198,20.00,1281,20.00,1352,20.00,1867,20.00,1577,0.00,2925,1.00,1589,4.00,889,0.08
787,-2.00,203,0.00,200,4.00,203,4.00,196,3.00,197,4.00,196,-4.00,204,-3.00,204,-2.00,203,4.00,196,-2.00,203,1.00,198,1.00,201,2.00,197,0.00,198,20.00,1282,20.00,1352,20.00,1867,20.00,1577,0.00,2925,1.00,1589,5.00,889,0.16
823,-2.00,203,0.00,200,-3.00,203,3.00,196,3.00,197,5.00,196,-4.00,204,-2.00,204,-3.00,203,3.00,196,-1.00,203,2.00,198,1.00,201,4.00,197,1.00,198,20.00,1282,20.00,1352,20.00,1867,20.00,1577,0.00,2925,1.00,1589,5.00,889,0.48
859,-2.00,203,0.00,200,0.00,202,4.00,196,4.00,197,4.00,196,-4.00,204,-3.00,204,-3.00,203,2.00,196,-3.00,203,0.00,198,0.00,201,2.00,197,2.00,198,20.00,1281,20.00,1352,21.00,1867,20.00,1577,0.00,2925,1.00,1589,5.00,889,0.40
894,-1.00,203,0.00,200,3.00,203,3.00,196,3.00,197,4.00,196,-4.00,204,-2.00,204,-4.00,203,3.00,196,-3.00,203,0.00,198,0.00,201,2.00,197,0.00,198,20.00,1282,20.00,1352,20.00,1867,20.00,1577,0.00,2925,1.00,1589,5.00,889,0.32
930,-2.00,203,0.00,200,3.00,203,5.00,196,3.00,197,3.00,196,-4.00,204,-2.00,204,-3.00,203,3.00,196,-2.00,203,1.00,198,0.00,201,2.00,197,1.00,198,20.00,1281,20.00,1352,20.00,1867,19.00,1577,0.00,2925,1.00,1589,3.00,889,0.00
966,-2.00,203,0.00,200,-3.00,203,4.00,196,3.00,197,5.00,196,-4.00,204,-3.00,204,-3.00,203,4.00,196,-2.00,203,1.00,198,0.00,201,4.00,197,1.00,198,19.00,1282,20.00,1352,20.00,1867,20.00,1577,0.00,2925,2.00,1589,3.00,889,0.00
1002,-3.00,203,0.00,200,-5.00,203,5.00,196,4.00,197,4.00,196,-3.00,204,-4.00,204,-3.00,203,3.00,196,-1.00,203,1.00,198,-3.00,201,2.00,197,0.00,198,20.00,1282,19.00,1352,20.00,1867,21.00,1577,0.00,2925,1.00,1589,4.00,889,0.08
1038,-3.00,203,0.00,200,7.00,203,6.00,196,2.00,197,3.00,196,-4.00,204,-3.00,204,-3.00,203,3.00,196,-3.00,203,1.00,198,0.00,201,3.00,197,0.00,198,20.00,1281,20.00,1352,20.00,1867,20.00,1577,0.00,2925,1.00,1589,5.00,889,0.08
1074,-3.00,203,0.00,200,-3.00,203,4.00,196,4.00,197,4.00,196,-4.00,204,-3.00,204,-2.00,203,4.00,196,-2.00,203,0.00,198,4.00,201,4.00,197,0.00,198,20.00,1282,20.00,1352,20.00,1867,20.00,1577,0.00,2925,1.00,1589,4.00,889,0.24
1109,-2.00,203,0.00,200,-5.00,203,5.00,196,3.00,197,3.00,196,-4.00,204,-4.00,204,-4.00,203,2.00,196,-2.00,203,0.00,198,0.00,201,4.00,197,1.00,198,20.00,1281,20.00,1352,20.00,1867,20.00,1577,0.00,2925,1.00,1589,4.00,889,0.16
1145,-2.00,203,0.00,200,-9.00,202,4.00,196,2.00,197,5.00,196,-4.00,204,-3.00,204,-3.00,203,2.00,196,-2.00,203,0.00,198,0.00,201,3.00,197,1.00,198,20.00,1281,20.00,1352,20.00,1867,20.00,1577,0.00,2925,2.00,1589,4.00,889,0.08
1181,-2.00,203,0.00,200,-3.00,203,4.00,196,3.00,197,4.00,196,-4.00,204,-4.00,204,-2.00,203,2.00,196,-3.00,203,3.00,198,1.00,201,3.00,197,1.00,198,20.00,1282,20.00,1352,20.00,1867,20.00,1577,0.00,2925,1.00,1589,4.00,889,0.16
1217,-3.00,203,0.00,200,-5.00,203,3.00,196,3.00,197,4.00,196,-5.00,204,-3.00,204,-4.00,203,4.00,196,-2.00,203,0.00,198,-2.00,201,3.00,197,0.00,198,19.00,1282,20.00,1352,20.00,1867,20.00,1577,0.00,2925,0.00,1589,4.00,889,0.08
1253,-2.00,203,0.00,200,0.00,203,5.00,196,2.00,197,4.00,197,-4.00,204,-2.00,204,-2.00,203,4.00,196,-1.00,203,1.00,198,0.00,201,2.00,197,1.00,198,21.00,1282,20.00,1352,20.00,1867,19.00,1577,0.00,2925,1.00,1589,4.00,889,0.00
1288,-1.00,203,0.00,200,-6.00,203,4.00,196,3.00,197,4.00,196,-4.00,204,-4.00,204,-4.00,203,2.00,196,-3.00,203,1.00,198,0.00,201,4.00,197,1.00,198,20.00,1282,20.00,1352,20.00,1867,19.00,1577,0.00,2925,0.00,1589,5.00,889,0.16
1324,-2.00,203,0.00,200,-2.00,203,4.00,196,4.00,197,3.00,196,-4.00,204,-2.00,204,-4.00,203,3.00,196,-1.00,203,1.00,198,0.00,201,4.00,197,1.00,198,20.00,1281,20.00,1352,20.00,1867,19.00,1577,0.00,2925,2.00,1589,4.00,889,0.32
1360,-2.00,203,0.00,200,-8.00,203,5.00,196,2.00,197,4.00,196,-4.00,204,-3.00,204,-4.00,203,2.00,196,-2.00,203,1.00,199,0.00,201,4.00,197,1.00,198,20.00,1282,21.00,1352,20.00,1867,20.00,1577,0.00,2925,1.00,1589,5.00,889,0.16
1396,-3.00,203,0.00,200,-6.00,202,3.00,196,4.00,197,-2.00,196,-4.00,204,-4.00,204,-3.00,203,3.00,196,-2.00,203,2.00,198,0.00,201,4.00,197,1.00,198,20.00,1282,20.00,1352,20.00,1867,20.00,1577,0.00,2925,1.00,1589,5.00,889,0.32
1432,-1.00,203,0.00,200,-3.00,203,3.00,196,3.00,197,4.00,196,-4.00,204,-3.00,204,-3.00,203,2.00,196,-3.00,203,2.00,198,0.00,201,3.00,197,1.00,198,20.00,1282,19.00,1352,20.00,1867,20.00,1577,0.00,2925,1.00,1589,5.00,889,0.48
1467,-2.00,203,0.00,200,1.00,203,4.00,196,2.00,197,3.00,197,-5.00,204,-3.00,204,-4.00,203,3.00,196,-3.00,203,1.00,198,0.00,201,2.00,197,1.00,198,20.00,1282,20.00,1352,20.00,1867,20.00,1577,0.00,2925,1.00,1589,3.00,889,0.32
1503,-3.00,203,0.00,200,-4.00,203,5.00,196,4.00,197,4.00,196,-4.00,204,-3.00,204,-4.00,203,3.00,196,-3.00,203,0.00,198,0.00,201,3.00,197,1.00,198,19.00,1282,20.00,1352,20.00,1867,20.00,1577,0.00,2925,0.00,1589,5.00,889,0.32
1539,-1.00,203,0.00,200,-3.00,203,4.00,196,2.00,197,4.00,196,-4.00,204,-2.00,204,-3.00,203,4.00,196,-2.00,203,0.00,198,0.00,201,2.00,197,1.00,198,20.00,1282,20.00,1353,20.00,1867,21.00,1577,0.00,2925,1.00,1589,5.00,889,0.32
1575,-1.00,203,0.00,200,-4.00,203,3.00,196,3.00,197,-2.00,196,-4.00,204,-3.00,204,3.00,203,4.00,196,-2.00,203,1.00,198,0.00,201,4.00,197,0.00,198,20.00,1282,21.00,1353,20.00,1867,20.00,1577,0.00,2925,1.00,1589,5.00,889,0.40
1610,-3.00,203,0.00,200,1.00,203,3.00,196,2.00,197,4.00,196,-5.00,204,-4.00,204,-4.00,203,4.00,196,-3.00,203,0.00,198,0.00,201,2.00,197,0.00,198,20.00,1282,17.00,1359,20.00,1867,20.00,1577,0.00,2925,1.00,1589,4.00,889,0.16
1646,-2.00,203,0.00,200,-4.00,203,4.00,196,2.00,197,4.00,196,-4.00,204,-4.00,204,-4.00,203,1.00,196,-3.00,203,0.00,198,0.00,201,2.00,197,0.00,198,20.00,1282,19.00,1368,19.00,1867,20.00,1577,0.00,2925,0.00,1589,6.00,889,0.32
1682,-2.00,203,0.00,200,-4.00,203,5.00,196,4.00,197,4.00,196,-4.00,204,-3.00,204,-3.00,203,3.00,196,-3.00,203,1.00,198,0.00,201,2.00,197,1.00,198,19.00,1282,19.00,1377,19.00,1867,20.00,1577,0.00,2925,0.00,1589,3.00,889,0.48
1718,-2.00,203,0.00,200,-1.00,203,4.00,196,3.00,197,4.00,196,-4.00,204,-4.00,204,-4.00,203,3.00,196,-2.00,203,1.00,198,0.00,201,4.00,197,1.00,198,20.00,1283,20.00,1387,20.00,1867,20.00,1577,0.00,2925,1.00,1589,4.00,889,0.48
1753,-3.00,203,0.00,200,5.00,203,5.00,196,4.00,197,4.00,196,-4.00,204,-2.00,204,2.00,203,4.00,196,-2.00,203,1.00,198,0.00,201,2.00,197,1.00,198,20.00,1283,20.00,1396,20.00,1867,21.00,1577,0.00,2925,2.00,1589,3.00,889,0.40
1789,-3.00,203,0.00,200,-2.00,203,3.00,196,2.00,197,4.00,196,-4.00,204,-4.00,204,-2.00,203,4.00,196,-3.00,203,1.00,198,0.00,201,2.00,197,1.00,198,18.00,1288,20.00,1405,20.00,1867,20.00,1577,0.00,2925,1.00,1589,5.00,889,0.48
1825,-3.00,203,0.00,200,-4.00,203,4.00,196,2.00,197,5.00,196,-4.00,204,-2.00,204,-4.00,203,3.00,196,-2.00,203,1.00,198,0.00,201,3.00,197,1.00,198,20.00,1295,21.00,1416,19.00,1867,20.00,1577,0.00,2925,0.00,1589,4.00,889,0.32
1861,-3.00,203,0.00,200,3.00,202,3.00,196,3.00,197,5.00,196,-4.00,204,-3.00,204,-4.00,203,2.00,196,-1.00,203,0.00,198,0.00,201,3.00,197,1.00,198,20.00,1304,20.00,1424,20.00,1867,20.00,1577,0.00,2925,1.00,1589,3.00,889,0.24
1896,-2.00,203,0.00,200,-1.00,203,2.00,196,2.00,197,5.00,196,-4.00,204,-3.00,204,-4.00,203,3.00,196,-3.00,203,0.00,198,0.00,201,3.00,197,1.00,198,20.00,1312,20.00,1431,19.00,1867,20.00,1577,0.00,2925,1.00,1589,5.00,889,0.56
1932,-3.00,203,0.00,200,-5.00,203,4.00,196,3.00,197,5.00,196,-4.00,204,-3.00,204,-3.00,203,4.00,196,-1.00,203,1.00,198,0.00,201,4.00,197,1.00,198,20.00,1319,21.00,1439,20.00,1867,19.00,1577,0.00,2925,0.00,1589,5.00,889,0.48
1968,-2.00,203,0.00,200,-3.00,202,5.00,196,2.00,197,5.00,196,-4.00,204,-2.00,204,-4.00,203,4.00,196,-1.00,203,1.00,198,0.00,201,3.00,197,2.00,198,20.00,1324,21.00,1446,20.00,1867,20.00,1577,0.00,2925,1.00,1589,4.00,889,0.48
2003,-3.00,203,0.00,200,-4.00,203,5.00,196,2.00,197,4.00,196,-4.00,204,-3.00,204,-4.00,203,2.00,196,-4.00,203,1.00,198,0.00,201,2.00,197,1.00,198,21.00,1328,20.00,1453,20.00,1867,20.00,1577,0.00,2925,1.00,1589,3.00,889,0.65
2039,-1.00,203,0.00,200,1.00,203,5.00,196,3.00,197,4.00,196,-4.00,204,-3.00,204,-2.00,203,3.00,196,-3.00,203,1.00,198,0.00,201,4.00,197,1.00,198,20.00,1331,20.00,1460,20.00,1867,20.00,1577,0.00,2925,0.00,1589,5.00,889,0.56
2075,-3.00,203,0.00,200,-4.00,203,3.00,196,5.00,197,5.00,196,-3.00,204,-3.00,204,-2.00,203,4.00,196,-1.00,203,1.00,198,0.00,201,2.00,197,1.00,198,20.00,1331,19.00,1466,20.00,1867,20.00,1577,0.00,2925,1.00,1589,5.00,889,0.48
2111,-1.00,203,0.00,200,-5.00,203,4.00,196,4.00,197,5.00,196,-5.00,204,-3.00,204,-2.00,203,3.00,196,-1.00,203,1.00,198,0.00,201,3.00,197,1.00,198,20.00,1332,22.00,1472,19.00,1867,20.00,1577,0.00,2925,1.00,1589,5.00,889,0.48
2146,-1.00,203,0.00,200,-3.00,203,5.00,196,4.00,197,4.00,196,-4.00,204,-2.00,204,3.00,203,2.00,196,-3.00,203,0.00,198,0.00,201,4.00,197,1.00,198,20.00,1332,21.00,1478,20.00,1867,20.00,1577,0.00,2925,1.00,1589,5.00,889,0.56
2182,-1.00,203,0.00,200,-5.00,202,5.00,196,2.00,197,5.00,196,-5.00,204,-2.00,204,-2.00,203,3.00,196,-1.00,203,2.00,198,0.00,201,3.00,197,1.00,198,20.00,1332,19.00,1483,20.00,1867,20.00,1577,0.00,2925,1.00,1589,4.00,889,0.73
2218,-2.00,203,0.00,200,-4.00,202,5.00,196,4.00,197,4.00,196,-4.00,204,-3.00,204,-3.00,203,5.00,196,-2.00,203,2.00,198,0.00,201,3.00,197,2.00,198,19.00,1333,21.00,1489,21.00,1867,20.00,1576,0.00,2925,0.00,1589,4.00,889,0.48
2253,-1.00,203,0.00,200,-3.00,203,4.00,196,3.00,197,6.00,196,-4.00,204,-3.00,204,-3.00,203,4.00,196,-3.00,203,2.00,198,0.00,201,3.00,197,1.00,198,20.00,1339,20.00,1495,19.00,1867,20.00,1577,0.00,2925,2.00,1589,6.00,889,0.56
2289,-3.00,203,0.00,200,4.00,203,4.00,196,4.00,197,4.00,196,-4.00,204,-2.00,204,-2.00,203,3.00,196,-1.00,203,1.00,198,0.00,201,2.00,197,1.00,198,19.00,1346,21.00,1500,20.00,1867,20.00,1576,0.00,2925,1.00,1589,3.00,889,0.48
2325,-3.00,203,0.00,200,-3.00,202,4.00,196,2.00,197,6.00,196,-4.00,204,-2.00,204,-3.00,203,1.00,196,-2.00,203,2.00,198,0.00,201,3.00,197,1.00,198,21.00,1351,20.00,1506,20.00,1867,20.00,1577,0.00,2925,2.00,1589,5.00,889,0.65
2361,-1.00,203,0.00,200,3.00,202,5.00,196,2.00,197,4.00,196,-4.00,204,-3.00,204,-3.00,203,2.00,196,-2.00,203,1.00,198,0.00,201,3.00,197,2.00,198,20.00,1355,19.00,1511,20.00,1867,20.00,1576,0.00,2925,1.00,1589,3.00,889,0.56
2397,-1.00,203,0.00,200,-1.00,203,5.00,196,3.00,197,4.00,196,-4.00,204,-4.00,204,-4.00,203,4.00,196,-2.00,203,1.00,198,0.00,201,3.00,197,1.00,198,21.00,1356,20.00,1515,19.00,1867,19.00,1576,0.00,2925,1.00,1589,5.00,889,0.48
2432,-3.00,203,0.00,200,-2.00,203,5.00,196,2.00,197,5.00,196,-4.00,204,-4.00,204,-2.00,203,3.00,196,-1.00,203,0.00,198,0.00,201,4.00,197,1.00,198,21.00,1357,20.00,1520,20.00,1867,20.00,1576,0.00,2925,2.00,1589,4.00,889,0.56
2468,-3.00,203,0.00,200,-3.00,203,4.00,196,3.00,197,4.00,196,-4.00,204,-3.00,204,-2.00,203,4.00,196,-1.00,203,2.00,198,0.00,201,3.00,197,2.00,198,20.00,1356,19.00,1524,20.00,1867,20.00,1576,0.00,2925,1.00,1589,4.00,889,0.48
2504,-3.00,203,0.00,200,-2.00,203,5.00,196,4.00,197,-3.00,196,-4.00,204,-3.00,204,-4.00,203,2.00,196,-1.00,203,1.00,198,0.00,201,3.00,197,1.00,198,19.00,1357,20.00,1528,20.00,1867,20.00,1576,0.00,2925,1.00,1589,2.00,889,0.40
2540,-3.00,203,0.00,200,-3.00,203,4.00,196,3.00,197,4.00,197,-4.00,204,-2.00,204,-3.00,203,1.00,196,0.00,203,0.00,198,0.00,201,4.00,197,1.00,198,20.00,1357,20.00,1532,20.00,1867,20.00,1576,0.00,2925,1.00,1589,4.00,889,0.48
2575,-2.00,203,0.00,200,0.00,203,4.00,196,4.00,197,4.00,196,-4.00,204,-3.00,204,-2.00,203,4.00,196,-3.00,203,2.00,198,0.00,201,3.00,197,2.00,198,20.00,1361,20.00,1536,21.00,1867,20.00,1576,0.00,2925,1.00,1589,4.00,889,0.56
2611,-2.00,203,0.00,200,-4.00,202,4.00,196,2.00,197,4.00,196,-4.00,204,-3.00,204,-4.00,203,2.00,196,-1.00,203,2.00,198,0.00,201,2.00,197,0.00,198,20.00,1365,22.00,1539,20.00,1867,20.00,1576,0.00,2925,1.00,1589,4.00,889,0.48
2647,-1.00,203,0.00,200,-3.00,202,5.00,196,4.00,197,4.00,196,-4.00,204,-2.00,204,-3.00,202,2.00,196,-3.00,203,0.00,198,0.00,201,4.00,197,1.00,198,20.00,1369,19.00,1543,21.00,1867,20.00,1576,0.00,2925,1.00,1589,3.00,889,0.73
2683,-2.00,203,0.00,200,-2.00,203,5.00,196,2.00,197,2.00,196,-4.00,204,-4.00,204,-3.00,203,4.00,196,-2.00,203,2.00,198,0.00,201,2.00,197,0.00,198,19.00,1374,21.00,1547,20.00,1867,20.00,1576,0.00,2925,0.00,1589,2.00,889,0.81
2718,-2.00,203,0.00,200,-3.00,203,5.00,196,3.00,197,3.00,196,-4.00,204,-3.00,204,-4.00,203,2.00,196,-3.00,203,2.00,198,0.00,201,4.00,197,2.00,198,20.00,1378,18.00,1551,20.00,1867,20.00,1576,0.00,2925,1.00,1589,4.00,889,0.65
2754,-2.00,203,0.00,200,-3.00,203,4.00,196,4.00,197,4.00,196,-4.00,204,-3.00,204,-4.00,203,3.00,196,-4.00,203,1.00,198,0.00,201,3.00,197,2.00,198,20.00,1381,20.00,1556,20.00,1866,20.00,1576,0.00,2925,2.00,1589,5.00,889,0.65
2790,-2.00,203,0.00,200,-3.00,203,2.00,196,3.00,197,4.00,196,-4.00,204,-3.00,204,-2.00,203,4.00,196,-2.00,203,1.00,198,0.00,201,2.00,197,1.00,198,20.00,1382,20.00,1561,20.00,1867,19.00,1576,0.00,2925,2.00,1589,4.00,889,0.48
2826,-3.00,203,0.00,200,4.00,203,2.00,196,3.00,197,0.00,196,-4.00,204,-4.00,204,-4.00,203,3.00,196,-2.00,203,1.00,198,0.00,201,2.00,197,2.00,198,20.00,1384,19.00,1565,20.00,1867,20.00,1576,0.00,2925,0.00,1589,5.00,889,0.65
2861,-1.00,203,0.00,200,-3.00,203,4.00,196,2.00,197,5.00,196,-4.00,204,-2.00,204,-4.00,203,2.00,196,-1.00,203,1.00,198,0.00,201,2.00,197,0.00,198,20.00,1384,21.00,1569,20.00,1866,20.00,1576,0.00,2925,2.00,1589,5.00,889,0.73
2897,-2.00,203,0.00,200,-2.00,203,3.00,196,2.00,197,4.00,196,-5.00,204,-2.00,204,-3.00,203,2.00,196,-1.00,203,2.00,198,0.00,201,4.00,197,0.00,198,20.00,1384,22.00,1573,21.00,1867,20.00,1576,0.00,2925,1.00,1589,5.00,889,0.65
2933,-4.00,203,0.00,200,3.00,203,2.00,196,4.00,197,2.00,196,-4.00,204,-3.00,204,-3.00,203,4.00,196,-3.00,203,1.00,198,0.00,201,3.00,197,1.00,198,20.00,1385,20.00,1576,20.00,1866,20.00,1576,0.00,2925,1.00,1589,4.00,889,0.89
2969,-3.00,203,0.00,200,-5.00,203,5.00,196,3.00,197,5.00,196,-4.00,204,-4.00,204,-3.00,203,2.00,196,-2.00,203,0.00,198,0.00,201,2.00,197,0.00,198,20.00,1385,19.00,1580,20.00,1867,20.00,1576,0.00,2925,0.00,1589,4.00,889,0.73
3004,-2.00,203,0.00,200,3.00,203,3.00,196,4.00,197,4.00,196,-4.00,204,-3.00,204,-2.00,203,3.00,196,-3.00,203,0.00,198,0.00,201,2.00,197,2.00,198,20.00,1385,21.00,1584,19.00,1867,20.00,1576,0.00,2925,0.00,1589,5.00,889,0.89
3040,-2.00,203,0.00,200,-2.00,203,5.00,196,4.00,197,-3.00,196,-4.00,204,-4.00,204,-2.00,203,3.00,196,-1.00,203,1.00,198,0.00,201,2.00,197,1.00,198,20.00,1385,19.00,1589,20.00,1866,20.00,1576,0.00,2925,1.00,1589,4.00,889,0.81
3076,-3.00,203,0.00,200,-2.00,203,4.00,196,3.00,197,4.00,196,-3.00,204,-2.00,204,-4.00,203,3.00,196,-1.00,203,2.00,198,0.00,201,3.00,197,0.00,198,20.00,1385,19.00,1595,20.00,1866,20.00,1576,0.00,2925,1.00,1589,4.00,889,0.73
3112,-2.00,203,0.00,200,-4.00,203,4.00,196,4.00,197,1.00,196,-4.00,204,-3.00,204,-2.00,203,2.00,196,-1.00,203,2.00,198,0.00,201,2.00,197,2.00,198,20.00,1385,21.00,1599,20.00,1867,20.00,1576,0.00,2925,2.00,1589,4.00,889,1.21
3147,-2.00,203,0.00,200,2.00,203,2.00,196,3.00,197,5.00,196,-3.00,204,-2.00,204,-4.00,203,3.00,196,-1.00,203,1.00,198,0.00,201,2.00,197,0.00,198,20.00,1385,19.00,1605,20.00,1866,20.00,1576,0.00,2925,1.00,1589,2.00,889,0.89
3183,-2.00,203,0.00,200,-6.00,203,4.00,196,4.00,197,4.00,196,-4.00,204,-2.00,204,-3.00,203,3.00,196,-2.00,203,0.00,198,0.00,201,2.00,197,2.00,198,20.00,1386,20.00,1610,20.00,1866,20.00,1576,0.00,2925,0.00,1589,4.00,889,0.97
3219,-2.00,203,0.00,200,-4.00,203,4.00,196,3.00,197,-3.00,196,-4.00,204,-3.00,204,-4.00,203,3.00,196,-2.00,203,1.00,198,0.00,201,2.00,197,1.00,198,19.00,1391,21.00,1615,20.00,1867,21.00,1576,0.00,2925,1.00,1589,4.00,889,0.97
3255,-3.00,203,0.00,200,-3.00,203,5.00,196,3.00,197,-1.00,197,-4.00,204,-2.00,204,-3.00,203,3.00,196,-1.00,203,1.00,198,0.00,201,4.00,197,0.00,198,20.00,1398,19.00,1619,20.00,1866,19.00,1576,0.00,2925,1.00,1589,5.00,889,0.89
3291,-2.00,203,0.00,200,-5.00,203,5.00,196,3.00,197,4.00,197,-4.00,204,-3.00,204,-4.00,203,3.00,196,-1.00,203,1.00,198,0.00,201,3.00,197,1.00,198,20.00,1406,21.00,1622,20.00,1866,20.00,1576,0.00,2925,2.00,1589,4.00,889,0.89
3326,-4.00,203,0.00,200,5.00,203,4.00,196,2.00,197,4.00,196,-4.00,204,-3.00,204,-4.00,203,2.00,196,-1.00,203,1.00,198,0.00,201,2.00,197,1.00,198,20.00,1413,22.00,1622,20.00,1866,20.00,1576,0.00,2925,2.00,1589,5.00,889,0.81
3362,-3.00,203,0.00,200,-2.00,202,4.00,196,2.00,197,7.00,197,-5.00,204,-3.00,204,-3.00,203,4.00,196,-2.00,203,1.00,198,0.00,201,3.00,197,0.00,198,20.00,1417,20.00,1623,20.00,1866,20.00,1576,0.00,2925,1.00,1589,4.00,889,0.89
3398,-1.00,203,0.00,200,-3.00,203,5.00,196,3.00,197,0.00,197,-3.00,204,-4.00,204,-4.00,203,4.00,196,-2.00,203,2.00,198,0.00,201,4.00,197,2.00,198,21.00,1419,19.00,1623,20.00,1866,20.00,1576,0.00,2925,1.00,1589,4.00,889,0.89
3433,-1.00,203,0.00,200,-3.00,203,5.00,196,2.00,197,6.00,197,-4.00,204,-4.00,204,-3.00,203,4.00,196,-2.00,203,1.00,198,0.00,201,4.00,197,1.00,198,21.00,1420,20.00,1623,20.00,1866,20.00,1576,0.00,2925,0.00,1589,5.00,889,0.89
3469,-2.00,203,0.00,200,-3.00,203,4.00,196,4.00,197,4.00,197,-4.00,204,-4.00,204,-3.00,203,3.00,196,-2.00,203,1.00,198,0.00,201,3.00,197,0.00,198,20.00,1420,20.00,1623,20.00,1866,20.00,1576,0.00,2925,0.00,1589,3.00,889,0.97
3505,-3.00,203,0.00,200,-2.00,203,4.00,196,4.00,197,0.00,196,-5.00,204,-2.00,204,-5.00,203,2.00,196,-1.00,203,1.00,198,0.00,201,3.00,197,1.00,198,19.00,1420,20.00,1623,20.00,1866,20.00,1576,0.00,2925,1.00,1589,4.00,889,0.97
3541,-1.00,203,0.00,200,-3.00,203,4.00,196,3.00,197,5.00,197,-4.00,204,-3.00,204,-3.00,203,2.00,196,-2.00,203,1.00,198,0.00,201,4.00,197,2.00,198,21.00,1420,20.00,1623,20.00,1866,20.00,1576,0.00,2925,1.00,1589,4.00,889,1.05
3576,-3.00,203,0.00,200,6.00,203,3.00,196,4.00,197,2.00,197,-4.00,204,-4.00,204,-3.00,203,2.00,196,-1.00,203,0.00,198,0.00,201,4.00,197,2.00,198,20.00,1420,20.00,1623,20.00,1866,20.00,1576,0.00,2925,1.00,1589,5.00,889,0.97
3612,-3.00,203,0.00,200,5.00,203,4.00,196,3.00,197,4.00,197,-4.00,204,-4.00,204,-4.00,203,3.00,196,-3.00,203,3.00,198,0.00,201,3.00,197,1.00,198,20.00,1420,20.00,1623,20.00,1866,20.00,1576,0.00,2925,1.00,1589,4.00,889,1.05
3648,-1.00,203,0.00,200,-5.00,203,2.00,196,2.00,197,6.00,197,-4.00,204,-3.00,204,-2.00,203,4.00,196,-3.00,203,0.00,198,0.00,201,2.00,197,0.00,198,20.00,1420,20.00,1623,21.00,1866,20.00,1576,0.00,2925,1.00,1589,3.00,889,1.13
3683,-3.00,203,0.00,200,-2.00,203,2.00,196,2.00,197,4.00,197,-5.00,204,-2.00,204,-3.00,203,2.00,196,-1.00,203,0.00,198,0.00,201,3.00,197,1.00,198,20.00,1422,20.00,1623,20.00,1866,20.00,1576,0.00,2925,1.00,1589,2.00,889,1.53
3719,-1.00,203,0.00,200,2.00,203,4.00,196,2.00,197,3.00,197,-4.00,204,-2.00,204,-4.00,203,2.00,196,-1.00,203,2.00,198,0.00,201,2.00,197,1.00,198,20.00,1424,20.00,1623,20.00,1866,20.00,1576,0.00,2925,1.00,1589,5.00,889,1.05
3755,-2.00,203,0.00,200,-3.00,202,3.00,196,1.00,197,3.00,196,-4.00,204,-4.00,204,-2.00,203,3.00,196,-1.00,203,2.00,198,0.00,201,3.00,197,1.00,198,20.00,1424,20.00,1623,20.00,1866,20.00,1576,0.00,2925,1.00,1589,4.00,889,1.13
3791,-1.00,203,0.00,200,-4.00,202,5.00,196,3.00,197,6.00,197,-4.00,204,-2.00,204,-2.00,203,4.00,196,-2.00,203,2.00,198,-1.00,201,3.00,197,2.00,198,20.00,1425,19.00,1623,21.00,1866,20.00,1576,0.00,2925,1.00,1589,5.00,889,1.37
3826,-2.00,203,0.00,200,-4.00,203,4.00,196,2.00,197,3.00,196,-4.00,204,-3.00,204,-2.00,203,3.00,196,-3.00,203,2.00,199,0.00,201,4.00,197,0.00,198,20.00,1426,20.00,1623,20.00,1866,20.00,1576,0.00,2925,1.00,1589,4.00,889,1.29
3862,-3.00,203,0.00,200,-2.00,203,3.00,196,4.00,197,3.00,197,-4.00,204,-3.00,204,-4.00,203,4.00,196,-3.00,203,0.00,198,0.00,201,2.00,197,2.00,198,19.00,1429,19.00,1623,20.00,1866,20.00,1576,0.00,2925,1.00,1589,5.00,889,1.13
3898,-2.00,203,0.00,200,-7.00,203,6.00,196,4.00,197,7.00,197,-4.00,204,-2.00,204,-2.00,203,2.00,196,-1.00,203,1.00,198,0.00,201,2.00,197,0.00,198,19.00,1432,20.00,1623,20.00,1866,20.00,1576,0.00,2925,1.00,1589,4.00,889,1.37
3934,-2.00,203,0.00,200,-2.00,203,5.00,196,4.00,197,6.00,197,-5.00,204,-2.00,204,-2.00,203,3.00,196,-2.00,203,1.00,198,0.00,201,2.00,197,1.00,198,20.00,1434,20.00,1623,21.00,1866,20.00,1576,0.00,2925,1.00,1589,5.00,889,1.29
3969,-3.00,203,0.00,200,-3.00,203,5.00,196,4.00,197,2.00,197,-4.00,204,-4.00,204,-2.00,203,3.00,196,-1.00,203,0.00,198,0.00,201,3.00,197,1.00,198,20.00,1434,20.00,1623,20.00,1866,20.00,1576,0.00,2925,0.00,1589,4.00,889,1.21
4005,-1.00,203,0.00,200,-2.00,202,4.00,196,3.00,197,3.00,197,-4.00,204,-2.00,204,-4.00,203,3.00,196,-2.00,203,0.00,198,-5.00,201,2.00,197,1.00,198,19.00,1437,20.00,1623,20.00,1866,19.00,1576,0.00,2925,1.00,1589,4.00,889,1.21
4041,-2.00,203,0.00,200,-2.00,203,5.00,196,3.00,197,-2.00,197,-4.00,204,-4.00,204,-4.00,203,3.00,196,-3.00,203,1.00,198,0.00,201,4.00,197,0.00,198,21.00,1438,19.00,1624,20.00,1866,20.00,1576,0.00,2925,0.00,1589,4.00,889,1.37
4077,-3.00,203,0.00,200,-3.00,203,3.00,196,2.00,197,6.00,197,-4.00,204,-3.00,204,-4.00,203,2.00,196,-1.00,203,1.00,198,1.00,201,4.00,197,0.00,198,20.00,1438,18.00,1629,20.00,1866,20.00,1576,0.00,2925,2.00,1589,3.00,889,1.21
4113,-1.00,203,0.00,200,-4.00,202,4.00,196,2.00,197,3.00,197,-4.00,204,-4.00,204,-2.00,203,3.00,196,-2.00,203,1.00,198,1.00,201,2.00,197,1.00,198,20.00,1438,19.00,1638,20.00,1866,21.00,1576,0.00,2925,1.00,1589,5.00,889,1.13
4148,-2.00,203,0.00,200,-6.00,203,4.00,196,5.00,197,4.00,196,-4.00,204,-2.00,204,-2.00,203,4.00,196,-2.00,203,2.00,198,2.00,202,4.00,197,1.00,198,20.00,1438,21.00,1647,20.00,1866,20.00,1576,0.00,2925,1.00,1589,5.00,889,1.37
4184,-2.00,203,0.00,200,-3.00,203,3.00,196,2.00,197,5.00,197,-4.00,204,-4.00,204,-3.00,203,3.00,196,-1.00,203,1.00,198,0.00,201,2.00,197,2.00,198,20.00,1438,20.00,1655,20.00,1866,20.00,1576,0.00,2925,0.00,1589,4.00,889,1.37
4220,-3.00,203,0.00,200,-5.00,203,5.00,196,2.00,197,4.00,197,-4.00,204,-3.00,204,-4.00,203,2.00,196,-2.00,203,1.00,198,0.00,201,2.00,197,2.00,198,21.00,1439,20.00,1662,21.00,1866,20.00,1576,0.00,2925,1.00,1589,4.00,889,1.37
4256,-2.00,203,0.00,200,-3.00,203,5.00,196,3.00,197,0.00,197,-4.00,204,-2.00,204,-4.00,203,4.00,196,-2.00,203,1.00,198,1.00,201,4.00,197,0.00,198,20.00,1439,22.00,1668,20.00,1866,20.00,1576,0.00,2925,1.00,1589,5.00,889,1.45
4292,-3.00,203,0.00,200,-3.00,203,5.00,196,2.00,197,4.00,197,-4.00,204,-2.00,204,-2.00,203,3.00,196,-2.00,203,2.00,198,1.00,201,2.00,197,2.00,198,20.00,1439,19.00,1673,21.00,1866,20.00,1576,0.00,2925,1.00,1589,5.00,889,1.29
4327,-2.00,203,0.00,200,-2.00,203,4.00,196,4.00,197,4.00,197,-4.00,204,-2.00,204,-4.00,203,4.00,196,-2.00,203,1.00,198,0.00,201,3.00,197,1.00,198,19.00,1439,21.00,1676,20.00,1866,20.00,1576,0.00,2925,0.00,1589,5.00,889,1.45
4363,-1.00,203,0.00,200,-4.00,203,5.00,196,4.00,197,3.00,196,-4.00,204,-2.00,204,-3.00,203,3.00,196,-1.00,203,1.00,198,0.00,201,4.00,197,0.00,198,19.00,1439,22.00,1679,21.00,1866,20.00,1576,0.00,2925,1.00,1589,5.00,889,1.61
4399,-3.00,203,0.00,200,4.00,203,5.00,196,2.00,197,2.00,197,-4.00,204,-2.00,204,-2.00,203,4.00,196,-3.00,203,3.00,198,0.00,201,3.00,197,0.00,198,20.00,1443,20.00,1679,20.00,1866,20.00,1576,0.00,2925,1.00,1589,2.00,889,1.53
4435,-2.00,203,0.00,200,-2.00,203,3.00,196,4.00,197,3.00,197,-4.00,204,-3.00,204,-2.00,203,2.00,196,-2.00,203,1.00,198,2.00,201,2.00,197,2.00,198,20.00,1448,20.00,1679,20.00,1866,20.00,1576,0.00,2925,1.00,1589,5.00,889,1.37
4471,-1.00,203,0.00,200,-1.00,203,5.00,196,4.00,197,3.00,196,-5.00,204,-3.00,204,-3.00,203,2.00,196,-2.00,203,1.00,198,0.00,201,4.00,197,2.00,198,20.00,1453,20.00,1679,20.00,1866,20.00,1576,0.00,2925,1.00,1589,4.00,889,1.21
4506,-1.00,203,0.00,200,-2.00,203,6.00,196,2.00,197,-3.00,197,-4.00,204,-2.00,204,-3.00,203,2.00,196,-2.00,203,1.00,198,0.00,201,3.00,197,1.00,198,20.00,1456,20.00,1679,20.00,1866,20.00,1576,0.00,2925,1.00,1589,3.00,889,1.29
4542,-1.00,203,0.00,200,-3.00,203,4.00,196,2.00,197,3.00,196,-4.00,204,-2.00,204,-4.00,203,4.00,196,-1.00,203,0.00,198,-1.00,201,3.00,197,3.00,198,21.00,1457,20.00,1679,20.00,1866,20.00,1576,0.00,2925,2.00,1589,5.00,889,1.21
4577,-2.00,203,0.00,200,-3.00,203,5.00,196,2.00,197,3.00,197,-4.00,204,-3.00,204,-3.00,203,2.00,196,-2.00,203,1.00,198,-5.00,201,3.00,197,0.00,198,20.00,1457,20.00,1679,20.00,1866,20.00,1575,0.00,2925,0.00,1589,4.00,889,1.45
4613,-1.00,203,0.00,200,-3.00,202,5.00,196,4.00,197,4.00,197,-4.00,204,-3.00,204,-3.00,203,2.00,196,-2.00,203,1.00,198,2.00,201,3.00,197,1.00,198,20.00,1457,20.00,1679,20.00,1866,20.00,1575,0.00,2925,2.00,1589,4.00,889,1.37
4649,-2.00,203,0.00,200,4.00,203,5.00,196,3.00,197,3.00,197,-4.00,204,-3.00,204,-2.00,203,2.00,196,-3.00,203,1.00,198,0.00,201,4.00,197,1.00,198,20.00,1457,20.00,1679,20.00,1866,20.00,1576,0.00,2925,0.00,1589,2.00,889,1.61
4685,-3.00,203,0.00,200,-3.00,203,5.00,196,3.00,197,5.00,196,-4.00,204,-4.00,204,-2.00,203,3.00,196,-1.00,203,1.00,198,0.00,201,4.00,197,1.00,198,21.00,1457,20.00,1679,20.00,1866,20.00,1575,0.00,2925,1.00,1589,4.00,889,1.45
4720,-1.00,203,0.00,200,-1.00,203,3.00,196,3.00,197,6.00,197,-4.00,204,-4.00,204,-3.00,203,3.00,196,-2.00,203,3.00,198,0.00,201,3.00,197,1.00,198,19.00,1457,20.00,1679,20.00,1866,20.00,1575,0.00,2925,1.00,1589,4.00,889,1.53
4756,-3.00,203,0.00,200,-3.00,203,4.00,196,3.00,197,4.00,197,-4.00,204,-2.00,204,-2.00,203,2.00,196,-2.00,203,2.00,198,0.00,201,4.00,197,1.00,198,20.00,1457,19.00,1679,20.00,1866,20.00,1576,0.00,2925,2.00,1589,4.00,889,1.45
4792,-2.00,203,0.00,200,-3.00,203,5.00,196,3.00,197,2.00,197,-4.00,204,-3.00,204,-3.00,203,2.00,196,-2.00,203,1.00,199,0.00,201,4.00,197,3.00,198,19.00,1457,20.00,1679,20.00,1866,20.00,1576,0.00,2925,1.00,1589,4.00,889,1.61
4828,-3.00,203,0.00,200,-4.00,203,4.00,196,2.00,197,3.00,197,-4.00,204,-2.00,204,-4.00,203,2.00,196,-2.00,203,1.00,198,0.00,201,2.00,197,2.00,198,20.00,1457,21.00,1679,20.00,1866,20.00,1575,0.00,2925,1.00,1589,5.00,889,1.45
4863,-2.00,203,0.00,200,-4.00,203,5.00,196,4.00,197,2.00,196,-4.00,204,-3.00,204,-2.00,203,2.00,196,-2.00,203,0.00,198,0.00,201,3.00,197,1.00,198,20.00,1457,19.00,1679,20.00,1866,20.00,1575,0.00,2925,1.00,1589,3.00,889,1.29
4899,-2.00,203,0.00,200,-3.00,203,5.00,196,4.00,197,1.00,197,-4.00,204,-2.00,204,-4.00,203,4.00,196,-1.00,203,1.00,198,0.00,201,4.00,197,1.00,198,20.00,1457,20.00,1679,20.00,1866,20.00,1575,0.00,2925,0.00,1589,3.00,889,1.53
4935,-2.00,203,0.00,200,-2.00,203,5.00,196,3.00,197,5.00,197,-3.00,204,-3.00,204,-2.00,203,2.00,196,-1.00,203,1.00,198,0.00,201,3.00,197,2.00,198,20.00,1457,21.00,1679,19.00,1866,20.00,1575,0.00,2925,1.00,1589,5.00,889,1.53
4971,-3.00,203,0.00,200,-3.00,203,5.00,196,3.00,197,4.00,197,-4.00,204,-2.00,204,-2.00,203,3.00,196,-2.00,203,2.00,198,0.00,201,3.00,197,1.00,198,20.00,1457,20.00,1679,21.00,1865,20.00,1575,0.00,2925,1.00,1589,4.00,889,1.45
5006,-2.00,203,0.00,200,-1.00,203,2.00,196,3.00,197,3.00,196,-4.00,204,-2.00,204,-3.00,203,2.00,196,-1.00,203,1.00,198,0.00,201,2.00,197,1.00,198,20.00,1457,19.00,1679,20.00,1866,20.00,1575,0.00,2925,0.00,1589,4.00,889,1.53
5042,-3.00,203,0.00,200,-5.00,203,5.00,196,2.00,197,0.00,197,-4.00,204,-3.00,204,-3.00,203,1.00,196,-2.00,203,2.00,198,2.00,201,2.00,197,0.00,198,20.00,1457,20.00,1679,20.00,1866,21.00,1575,0.00,2925,0.00,1589,5.00,889,1.45
5078,-2.00,203,0.00,200,2.00,203,3.00,196,4.00,197,0.00,197,-4.00,204,-2.00,204,-2.00,203,3.00,196,-2.00,203,1.00,198,0.00,201,3.00,197,2.00,198,21.00,1457,20.00,1679,20.00,1865,19.00,1576,0.00,2925,2.00,1589,5.00,889,1.53
5114,-1.00,203,0.00,200,-3.00,203,5.00,196,4.00,197,3.00,197,-4.00,204,-4.00,204,-4.00,203,3.00,196,-1.00,203,0.00,198,2.00,201,3.00,197,2.00,198,20.00,1457,20.00,1679,20.00,1866,19.00,1575,0.00,2925,1.00,1589,5.00,889,1.45
5149,-2.00,203,0.00,200,-3.00,203,4.00,196,4.00,197,3.00,197,-4.00,204,-2.00,204,-4.00,203,4.00,196,-1.00,203,1.00,198,-1.00,201,2.00,197,1.00,198,20.00,1458,20.00,1679,20.00,1866,20.00,1575,0.00,2925,1.00,1589,5.00,889,1.61
5185,-2.00,203,0.00,200,1.00,203,5.00,196,3.00,197,4.00,196,-4.00,204,-4.00,204,-4.00,203,3.00,196,-2.00,203,1.00,198,0.00,201,4.00,197,1.00,198,20.00,1457,20.00,1679,21.00,1866,20.00,1575,0.00,2925,0.00,1589,5.00,889,1.37
5221,-2.00,203,0.00,200,-1.00,203,5.00,196,2.00,197,3.00,197,-4.00,204,-3.00,204,-2.00,203,4.00,196,-1.00,203,0.00,198,1.00,201,2.00,197,0.00,198,20.00,1457,20.00,1679,19.00,1866,20.00,1575,0.00,2925,1.00,1589,3.00,889,1.69
5257,-2.00,203,0.00,200,-2.00,203,5.00,196,3.00,197,2.00,197,-4.00,204,-3.00,204,-3.00,203,2.00,196,-2.00,203,1.00,198,0.00,201,4.00,197,1.00,198,20.00,1458,20.00,1679,21.00,1866,21.00,1575,0.00,2925,1.00,1589,4.00,889,1.61
5292,-3.00,203,0.00,200,7.00,203,4.00,196,3.00,197,2.00,197,-4.00,204,-3.00,204,-2.00,203,4.00,196,-2.00,203,2.00,198,0.00,201,3.00,197,1.00,198,19.00,1458,20.00,1679,20.00,1866,20.00,1575,0.00,2925,2.00,1589,4.00,889,1.94
5328,-1.00,203,0.00,200,-5.00,202,4.00,196,2.00,197,5.00,197,-4.00,204,-2.00,204,-2.00,203,2.00,196,-3.00,203,-8.00,198,0.00,201,3.00,197,0.00,198,19.00,1459,20.00,1679,20.00,1866,19.00,1575,0.00,2925,2.00,1589,3.00,889,1.61
5364,-1.00,203,0.00,200,-4.00,203,5.00,196,2.00,197,3.00,197,-4.00,204,-4.00,204,-3.00,203,4.00,196,-1.00,203,2.00,198,0.00,201,2.00,197,1.00,198,20.00,1463,20.00,1679,19.00,1865,19.00,1575,0.00,2925,2.00,1589,2.00,889,1.69
5400,-3.00,203,0.00,200,4.00,203,3.00,196,4.00,197,3.00,197,-4.00,204,-3.00,204,-4.00,203,2.00,196,-2.00,203,1.00,198,0.00,201,3.00,197,2.00,198,21.00,1466,21.00,1679,20.00,1866,20.00,1575,0.00,2925,1.00,1589,5.00,889,1.61
5435,-2.00,203,0.00,200,-5.00,203,3.00,196,3.00,197,3.00,197,-4.00,204,-4.00,204,-4.00,203,2.00,196,-1.00,203,0.00,198,1.00,201,3.00,197,2.00,198,20.00,1469,20.00,1679,20.00,1865,20.00,1575,0.00,2925,1.00,1589,3.00,889,1.69
5471,-3.00,203,0.00,200,-2.00,202,4.00,196,2.00,197,3.00,197,-3.00,204,-4.00,204,-4.00,203,4.00,196,-1.00,203,2.00,198,0.00,201,3.00,197,1.00,198,20.00,1472,19.00,1679,20.00,1865,21.00,1575,0.00,2925,1.00,1589,5.00,889,1.85
5507,-3.00,203,0.00,200,-2.00,202,5.00,196,4.00,197,4.00,197,-4.00,204,-3.00,204,-2.00,203,2.00,196,-1.00,203,1.00,198,1.00,201,3.00,197,0.00,198,20.00,1474,20.00,1679,20.00,1865,20.00,1575,0.00,2925,2.00,1589,2.00,889,1.29
5543,-2.00,203,0.00,200,-4.00,202,3.00,196,2.00,197,-1.00,196,-4.00,204,-4.00,204,-3.00,203,3.00,196,-2.00,203,0.00,198,0.00,201,4.00,197,1.00,198,20.00,1476,20.00,1679,20.00,1865,20.00,1575,0.00,2925,2.00,1589,3.00,889,2.10
5578,-3.00,203,0.00,200,-3.00,202,2.00,196,2.00,197,3.00,197,-4.00,204,-2.00,204,-3.00,203,2.00,196,-2.00,203,0.00,198,0.00,201,2.00,197,1.00,198,21.00,1476,20.00,1679,20.00,1865,20.00,1575,0.00,2925,0.00,1589,5.00,889,1.85
5614,-2.00,203,0.00,200,5.00,203,4.00,196,4.00,197,4.00,197,-4.00,204,-2.00,204,-2.00,203,3.00,196,-1.00,203,0.00,198,0.00,201,2.00,197,1.00,198,20.00,1476,20.00,1680,21.00,1865,20.00,1575,0.00,2925,2.00,1589,4.00,889,1.77
5650,-3.00,203,0.00,200,-3.00,203,3.00,196,1.00,197,2.00,197,-4.00,204,-3.00,204,-3.00,203,2.00,196,-1.00,203,1.00,198,0.00,201,4.00,197,1.00,198,20.00,1476,19.00,1683,20.00,1865,20.00,1575,0.00,2925,1.00,1589,4.00,889,1.85
5686,-3.00,203,0.00,200,-4.00,202,4.00,196,3.00,197,1.00,197,-4.00,204,-3.00,204,-4.00,203,4.00,196,-2.00,203,1.00,198,0.00,201,3.00,197,2.00,198,20.00,1476,18.00,1689,20.00,1865,20.00,1575,0.00,2925,1.00,1589,4.00,889,2.18
5722,-1.00,203,0.00,200,-1.00,203,4.00,196,4.00,197,6.00,197,-5.00,204,-4.00,204,-2.00,203,4.00,196,-3.00,203,2.00,198,0.00,201,3.00,197,1.00,198,20.00,1477,21.00,1697,20.00,1865,19.00,1575,0.00,2925,2.00,1589,3.00,889,1.77
5758,-2.00,203,0.00,200,-2.00,203,4.00,196,3.00,197,7.00,196,-4.00,204,-2.00,204,-4.00,203,3.00,196,-3.00,203,0.00,198,0.00,201,3.00,197,0.00,198,20.00,1477,20.00,1704,20.00,1865,19.00,1575,0.00,2925,1.00,1589,4.00,889,1.85
5794,-2.00,203,0.00,200,-3.00,203,4.00,196,4.00,197,3.00,197,-4.00,204,-4.00,204,-2.00,203,4.00,196,-1.00,203,0.00,198,0.00,201,2.00,197,1.00,198,20.00,1477,21.00,1712,20.00,1865,20.00,1575,0.00,2925,2.00,1589,5.00,889,1.69
5830,-3.00,203,0.00,200,2.00,203,2.00,196,4.00,197,5.00,196,-3.00,204,-4.00,204,-4.00,203,4.00,196,-2.00,203,0.00,198,0.00,202,-7.00,197,2.00,198,20.00,1478,21.00,1718,20.00,1865,20.00,1575,0.00,2925,2.00,1589,5.00,889,1.85
5865,-1.00,203,0.00,200,-4.00,203,5.00,196,4.00,197,3.00,197,-4.00,204,-2.00,204,-2.00,203,2.00,196,-2.00,203,2.00,198,0.00,201,4.00,197,1.00,198,19.00,1482,19.00,1723,20.00,1865,20.00,1575,0.00,2925,1.00,1589,2.00,889,1.94
5901,-2.00,203,1.00,200,6.00,203,2.00,196,2.00,197,2.00,197,-4.00,204,-3.00,204,-3.00,203,2.00,196,-2.00,203,2.00,198,1.00,201,3.00,197,0.00,198,19.00,1487,20.00,1727,20.00,1865,20.00,1575,0.00,2925,0.00,1589,3.00,889,1.77
5937,-1.00,203,0.00,200,-4.00,203,4.00,196,3.00,197,3.00,197,-4.00,204,-2.00,204,-2.00,203,4.00,196,-3.00,203,1.00,198,0.00,201,4.00,197,0.00,198,20.00,1491,19.00,1730,20.00,1865,20.00,1575,0.00,2925,2.00,1589,4.00,889,1.77
5972,-2.00,203,0.00,200,-4.00,203,2.00,196,2.00,197,4.00,197,-4.00,204,-2.00,204,-3.00,203,2.00,196,-2.00,203,0.00,198,0.00,201,3.00,197,1.00,198,20.00,1494,20.00,1731,20.00,1865,19.00,1575,0.00,2925,1.00,1589,4.00,889,2.34
6008,-3.00,203,0.00,200,-1.00,203,4.00,196,2.00,197,3.00,197,-4.00,204,-4.00,204,-3.00,203,2.00,196,-2.00,203,0.00,198,0.00,201,2.00,197,1.00,198,21.00,1495,19.00,1734,20.00,1865,21.00,1575,0.00,2925,1.00,1589,4.00,889,1.85
6044,-1.00,203,0.00,200,-1.00,203,4.00,196,4.00,197,2.00,197,-4.00,204,-3.00,204,-3.00,203,3.00,196,-1.00,203,2.00,198,0.00,201,3.00,197,1.00,198,20.00,1495,21.00,1735,20.00,1865,20.00,1575,0.00,2925,1.00,1589,5.00,889,1.77
6080,-1.00,203,0.00,200,-2.00,203,5.00,196,3.00,197,4.00,197,-4.00,204,-3.00,204,-4.00,203,4.00,196,-2.00,203,2.00,198,0.00,201,4.00,197,2.00,198,21.00,1495,20.00,1735,20.00,1865,20.00,1575,0.00,2925,2.00,1589,4.00,889,2.10
6116,-2.00,203,0.00,200,6.00,203,4.00,196,2.00,197,3.00,196,-4.00,204,-3.00,204,-4.00,203,2.00,196,-2.00,203,1.00,198,0.00,201,2.00,197,2.00,198,20.00,1495,20.00,1735,20.00,1865,20.00,1575,0.00,2925,2.00,1589,4.00,889,1.61
6152,-3.00,203,0.00,200,-3.00,203,4.00,196,2.00,197,6.00,196,-4.00,204,-3.00,204,-3.00,203,3.00,196,-3.00,203,0.00,198,-4.00,201,2.00,197,0.00,198,21.00,1495,20.00,1735,20.00,1865,20.00,1575,0.00,2925,1.00,1589,3.00,889,1.45
6187,-1.00,203,0.00,200,-3.00,203,5.00,196,4.00,197,3.00,197,-4.00,204,-3.00,204,-3.00,203,3.00,196,-2.00,203,2.00,198,0.00,201,2.00,197,1.00,198,20.00,1495,20.00,1735,20.00,1865,20.00,1575,0.00,2925,1.00,1589,5.00,889,1.85
6223,-2.00,203,1.00,200,-3.00,203,3.00,196,3.00,197,-2.00,197,-4.00,204,-2.00,204,-3.00,203,1.00,196,-1.00,203,1.00,198,0.00,201,2.00,197,1.00,198,20.00,1495,20.00,1735,20.00,1865,21.00,1575,0.00,2925,1.00,1589,4.00,889,2.26
6259,-3.00,203,0.00,200,-5.00,203,4.00,196,4.00,197,3.00,196,-4.00,204,-4.00,204,-2.00,203,2.00,196,-4.00,203,0.00,198,1.00,201,3.00,197,1.00,198,20.00,1495,20.00,1735,20.00,1865,20.00,1575,0.00,2925,2.00,1589,4.00,889,2.34
6295,-4.00,203,0.00,200,-2.00,203,5.00,196,2.00,197,4.00,196,-4.00,204,-3.00,204,-3.00,203,3.00,196,-3.00,203,0.00,198,2.00,201,4.00,197,3.00,198,20.00,1495,20.00,1735,20.00,1865,20.00,1575,0.00,2925,1.00,1589,3.00,889,1.94
6331,-1.00,203,0.00,200,-2.00,202,5.00,196,1.00,197,3.00,197,-4.00,204,-3.00,204,-4.00,203,4.00,196,-3.00,203,0.00,198,0.00,201,2.00,197,1.00,198,20.00,1495,20.00,1735,20.00,1864,20.00,1575,0.00,2925,1.00,1589,3.00,889,1.85
6366,-1.00,203,0.00,200,-4.00,203,5.00,196,2.00,197,6.00,197,-4.00,204,-3.00,204,-2.00,203,4.00,196,-2.00,203,0.00,198,0.00,201,3.00,197,1.00,198,20.00,1495,20.00,1735,20.00,1865,20.00,1575,0.00,2925,1.00,1589,4.00,889,1.85
6402,-2.00,203,-4.00,200,-2.00,203,5.00,196,2.00,197,2.00,197,-4.00,204,-4.00,204,-4.00,203,2.00,196,-2.00,203,1.00,198,0.00,201,3.00,197,1.00,198,20.00,1495,20.00,1735,20.00,1865,20.00,1575,0.00,2925,1.00,1589,4.00,889,1.77
6438,-1.00,203,1.00,200,-3.00,203,5.00,196,3.00,197,3.00,197,-4.00,204,-4.00,204,-3.00,203,2.00,196,-3.00,203,1.00,198,0.00,201,4.00,197,1.00,198,20.00,1495,20.00,1735,20.00,1865,20.00,1575,0.00,2925,1.00,1589,3.00,889,2.02
6474,-3.00,203,0.00,200,-3.00,203,4.00,196,2.00,197,2.00,197,-5.00,204,-4.00,204,-4.00,203,3.00,196,-2.00,203,2.00,198,0.00,201,4.00,197,1.00,198,20.00,1495,20.00,1735,20.00,1864,20.00,1575,0.00,2925,1.00,1589,5.00,889,2.02
6509,-1.00,203,0.00,200,-3.00,203,4.00,196,2.00,197,3.00,197,-4.00,204,-2.00,204,-3.00,203,3.00,196,-2.00,203,1.00,198,1.00,201,3.00,197,2.00,198,21.00,1495,20.00,1735,20.00,1864,20.00,1575,0.00,2925,1.00,1589,4.00,889,1.94
6545,-3.00,203,0.00,200,-3.00,203,3.00,196,2.00,197,3.00,197,-4.00,204,-3.00,204,-3.00,203,2.00,196,-2.00,203,0.00,198,-1.00,201,2.00,197,2.00,198,21.00,1495,21.00,1735,20.00,1865,20.00,1575,0.00,2925,1.00,1589,5.00,889,1.94
6581,-3.00,203,0.00,200,-2.00,203,3.00,196,2.00,197,4.00,197,-4.00,204,-3.00,204,-4.00,203,3.00,196,-3.00,203,2.00,198,0.00,201,2.00,197,1.00,198,20.00,1495,20.00,1735,20.00,1865,20.00,1575,0.00,2925,1.00,1589,3.00,889,1.94
6617,-1.00,203,0.00,200,-4.00,203,2.00,196,3.00,197,4.00,196,-4.00,204,-4.00,204,-4.00,203,3.00,196,-2.00,203,1.00,198,0.00,201,3.00,197,1.00,198,21.00,1495,20.00,1735,20.00,1865,20.00,1575,0.00,2925,1.00,1589,5.00,889,2.10
6653,-3.00,203,0.00,200,-2.00,203,5.00,196,2.00,197,4.00,197,-4.00,204,-2.00,204,-4.00,203,4.00,196,-1.00,203,0.00,198,0.00,201,4.00,197,0.00,198,20.00,1495,20.00,1735,20.00,1865,20.00,1575,0.00,2925,2.00,1589,5.00,889,1.94
6688,-2.00,203,0.00,200,-1.00,203,4.00,196,4.00,197,3.00,197,-4.00,204,-3.00,204,-3.00,203,4.00,196,-3.00,203,0.00,198,0.00,201,2.00,197,2.00,198,20.00,1495,19.00,1735,19.00,1864,20.00,1575,0.00,2925,1.00,1589,4.00,889,1.77
6724,-2.00,203,-6.00,200,-3.00,203,2.00,196,3.00,197,4.00,196,-3.00,204,-3.00,204,-3.00,203,2.00,196,-1.00,203,0.00,198,0.00,201,4.00,197,1.00,198,20.00,1495,20.00,1735,20.00,1864,20.00,1575,0.00,2925,1.00,1589,4.00,889,1.94
6760,-2.00,203,0.00,200,-4.00,203,4.00,196,3.00,197,-1.00,197,-4.00,204,-2.00,204,-4.00,203,2.00,196,-2.00,203,1.00,198,2.00,201,4.00,197,1.00,198,19.00,1498,20.00,1735,20.00,1864,20.00,1575,0.00,2925,2.00,1589,4.00,889,2.10
6795,-3.00,203,0.00,200,-4.00,203,5.00,196,2.00,197,4.00,197,-4.00,204,-2.00,204,-3.00,203,3.00,196,-1.00,203,0.00,198,0.00,201,3.00,197,2.00,198,20.00,1500,20.00,1736,20.00,1864,21.00,1575,0.00,2925,1.00,1589,4.00,889,2.10
6831,-1.00,203,0.00,200,-3.00,203,5.00,196,3.00,197,2.00,197,-4.00,204,-2.00,204,-3.00,203,2.00,196,-2.00,203,1.00,198,0.00,201,3.00,197,1.00,198,20.00,1503,20.00,1736,20.00,1865,20.00,1575,0.00,2925,0.00,1589,5.00,889,1.94
6867,-3.00,203,0.00,200,5.00,203,2.00,196,2.00,197,3.00,197,-4.00,204,-4.00,204,-3.00,203,3.00,196,-1.00,203,1.00,198,0.00,201,2.00,197,1.00,198,20.00,1504,20.00,1736,20.00,1864,20.00,1575,0.00,2925,1.00,1589,4.00,889,2.10
6903,-2.00,203,0.00,200,-3.00,203,5.00,196,4.00,197,4.00,197,-4.00,204,-2.00,204,-2.00,203,3.00,196,-2.00,203,1.00,198,0.00,201,2.00,197,2.00,198,20.00,1504,20.00,1736,20.00,1864,20.00,1575,0.00,2925,2.00,1589,4.00,889,1.77
6938,-2.00,203,0.00,200,-5.00,203,2.00,196,2.00,197,3.00,197,-3.00,204,-3.00,204,-2.00,203,4.00,196,-2.00,203,1.00,198,0.00,201,2.00,197,0.00,198,20.00,1504,19.00,1740,20.00,1864,20.00,1575,0.00,2925,1.00,1589,4.00,889,2.42
6974,-2.00,203,0.00,200,-4.00,203,3.00,196,2.00,197,6.00,197,-4.00,204,-4.00,204,-4.00,203,3.00,196,-2.00,203,1.00,198,0.00,201,2.00,197,1.00,198,20.00,1504,19.00,1747,20.00,1864,20.00,1575,0.00,2925,1.00,1589,3.00,889,2.42
7010,-1.00,203,-5.00,200,-2.00,203,3.00,196,4.00,197,3.00,197,-4.00,204,-3.00,204,-4.00,203,2.00,196,-2.00,203,1.00,198,0.00,201,2.00,197,0.00,198,20.00,1504,20.00,1754,20.00,1864,20.00,1575,0.00,2925,1.00,1589,5.00,889,2.10
7046,-3.00,203,0.00,200,-2.00,202,5.00,196,3.00,197,4.00,197,-4.00,204,-2.00,204,-4.00,203,4.00,196,-3.00,203,2.00,198,0.00,201,4.00,197,0.00,198,20.00,1504,20.00,1761,20.00,1864,20.00,1575,0.00,2925,2.00,1589,4.00,889,2.02
7081,-2.00,203,0.00,200,-3.00,203,4.00,196,3.00,197,4.00,197,-4.00,204,-2.00,204,-3.00,203,4.00,196,-2.00,203,0.00,198,0.00,201,2.00,197,2.00,198,20.00,1504,21.00,1768,20.00,1864,20.00,1575,0.00,2925,1.00,1589,3.00,889,2.02
7117,-1.00,203,0.00,200,-4.00,203,4.00,196,4.00,197,4.00,197,-4.00,204,-3.00,204,-2.00,203,3.00,196,-1.00,203,0.00,198,0.00,201,4.00,197,0.00,198,20.00,1504,20.00,1774,20.00,1864,20.00,1575,0.00,2925,1.00,1589,4.00,889,1.94
7153,-2.00,203,1.00,200,-4.00,203,4.00,196,3.00,197,3.00,197,-4.00,204,-2.00,204,1.00,203,2.00,196,-3.00,203,0.00,198,0.00,201,3.00,197,0.00,198,20.00,1504,21.00,1778,20.00,1864,21.00,1575,0.00,2925,1.00,1589,3.00,889,1.85
7189,-1.00,203,0.00,200,-4.00,203,5.00,196,3.00,197,2.00,197,-4.00,204,-3.00,204,-2.00,203,3.00,196,-3.00,203,1.00,198,-1.00,201,4.00,197,2.00,198,20.00,1504,21.00,1778,20.00,1864,20.00,1575,0.00,2925,1.00,1589,4.00,889,2.26
7224,-2.00,203,0.00,200,9.00,203,5.00,196,2.00,197,3.00,197,-4.00,204,-3.00,204,-3.00,203,1.00,196,-1.00,203,2.00,198,1.00,201,3.00,197,1.00,198,20.00,1504,20.00,1778,20.00,1864,20.00,1575,0.00,2925,1.00,1589,3.00,889,1.85
7260,-2.00,203,-1.00,201,-1.00,203,6.00,196,3.00,197,4.00,197,-4.00,204,-2.00,204,-3.00,203,3.00,196,-2.00,203,2.00,198,0.00,201,3.00,197,0.00,198,20.00,1504,20.00,1778,20.00,1864,20.00,1574,0.00,2925,1.00,1589,5.00,889,1.61
7296,-3.00,203,-1.00,200,7.00,203,4.00,196,4.00,197,3.00,197,-4.00,204,-4.00,204,-2.00,203,3.00,196,-1.00,203,1.00,198,0.00,201,2.00,197,1.00,198,20.00,1504,20.00,1778,20.00,1864,20.00,1574,0.00,2925,1.00,1589,5.00,889,1.45
7332,-3.00,203,0.00,200,-5.00,203,2.00,196,3.00,197,5.00,197,-4.00,204,-2.00,204,-2.00,203,4.00,196,-2.00,203,0.00,198,0.00,201,2.00,197,1.00,198,20.00,1504,20.00,1778,20.00,1864,20.00,1574,0.00,2925,1.00,1589,3.00,889,1.45
7368,-2.00,203,0.00,200,-1.00,203,3.00,196,5.00,197,3.00,197,-4.00,204,-4.00,204,-4.00,203,3.00,196,-3.00,203,2.00,198,0.00,201,3.00,197,1.00,198,20.00,1504,20.00,1778,20.00,1864,20.00,1575,0.00,2925,1.00,1589,4.00,889,1.37
7403,-2.00,203,-4.00,200,9.00,203,5.00,196,4.00,197,3.00,196,-4.00,204,-3.00,204,-3.00,203,3.00,196,-1.00,203,1.00,198,0.00,201,4.00,197,0.00,198,20.00,1504,19.00,1778,20.00,1864,20.00,1574,0.00,2925,2.00,1589,5.00,889,1.29
7439,-2.00,203,0.00,200,-8.00,203,5.00,196,2.00,197,3.00,197,-4.00,204,-3.00,204,-4.00,203,2.00,196,-1.00,203,2.00,198,0.00,201,2.00,197,3.00,198,20.00,1504,19.00,1778,20.00,1864,20.00,1574,0.00,2925,2.00,1589,4.00,889,1.05
7475,-1.00,203,3.00,200,7.00,203,5.00,196,2.00,197,3.00,197,-4.00,204,-4.00,204,-4.00,203,3.00,196,-2.00,203,2.00,198,0.00,201,4.00,197,2.00,198,20.00,1504,20.00,1778,20.00,1864,20.00,1575,0.00,2925,0.00,1589,5.00,889,0.81
7511,-2.00,203,0.00,200,-3.00,203,5.00,196,4.00,197,2.00,196,-4.00,204,-4.00,204,-3.00,203,3.00,196,-3.00,203,1.00,198,0.00,201,3.00,197,0.00,198,20.00,1504,21.00,1778,20.00,1864,20.00,1574,0.00,2925,1.00,1589,5.00,889,0.81
7546,-2.00,203,0.00,200,-7.00,203,4.00,196,4.00,197,3.00,197,-4.00,204,-3.00,204,-4.00,203,2.00,196,-2.00,203,2.00,198,0.00,201,3.00,197,1.00,198,20.00,1504,20.00,1778,20.00,1864,20.00,1575,0.00,2925,2.00,1589,4.00,889,0.81
7582,-1.00,203,0.00,200,-3.00,203,4.00,196,2.00,197,-3.00,197,-4.00,204,-2.00,204,-4.00,203,3.00,196,-2.00,203,-2.00,198,0.00,201,4.00,197,2.00,198,20.00,1504,20.00,1778,20.00,1864,20.00,1574,0.00,2925,2.00,1589,5.00,889,0.73
7618,-1.00,203,0.00,200,-4.00,202,5.00,196,3.00,197,5.00,197,-4.00,204,-2.00,204,-3.00,203,2.00,196,-1.00,203,2.00,198,0.00,201,3.00,197,0.00,198,20.00,1504,20.00,1778,20.00,1864,19.00,1575,0.00,2925,1.00,1589,3.00,889,0.40
7654,-1.00,203,0.00,200,0.00,203,2.00,196,2.00,197,4.00,197,-4.00,204,-3.00,204,-3.00,203,5.00,196,-1.00,203,1.00,198,0.00,201,1.00,197,1.00,198,20.00,1504,20.00,1778,20.00,1864,21.00,1575,0.00,2925,1.00,1589,4.00,889,0.56
7690,-2.00,203,0.00,200,-3.00,203,5.00,196,4.00,197,5.00,197,-4.00,204,-2.00,204,-4.00,203,4.00,196,-1.00,203,2.00,198,0.00,201,4.00,197,1.00,198,20.00,1504,20.00,1778,20.00,1864,19.00,1575,0.00,2925,2.00,1589,4.00,889,0.48
7725,-2.00,203,0.00,200,-5.00,203,6.00,196,2.00,197,3.00,197,-3.00,204,-2.00,204,-2.00,203,2.00,196,-2.00,203,1.00,198,0.00,201,4.00,197,0.00,198,20.00,1504,20.00,1778,20.00,1864,20.00,1575,0.00,2925,2.00,1589,3.00,889,0.32
7761,-1.00,203,0.00,200,-8.00,202,5.00,196,3.00,197,2.00,197,-4.00,204,-3.00,204,-5.00,203,2.00,196,-1.00,203,0.00,198,0.00,201,2.00,197,0.00,198,20.00,1504,20.00,1778,21.00,1864,20.00,1575,0.00,2925,1.00,1589,4.00,889,0.08
7797,-2.00,203,0.00,200,4.00,203,4.00,196,4.00,197,3.00,196,-4.00,204,-3.00,204,-3.00,203,3.00,196,-2.00,203,1.00,198,0.00,201,4.00,197,0.00,198,20.00,1504,20.00,1778,20.00,1864,20.00,1575,0.00,2925,0.00,1589,4.00,889,0.08
7832,-3.00,203,0.00,200,-3.00,202,5.00,196,4.00,197,3.00,197,-4.00,204,-4.00,204,-2.00,203,3.00,196,-1.00,203,1.00,198,0.00,201,4.00,197,1.00,198,20.00,1504,20.00,1778,21.00,1864,20.00,1575,0.00,2925,1.00,1589,5.00,889,0.73
7868,-3.00,203,1.00,200,-1.00,203,4.00,196,4.00,197,3.00,197,-3.00,204,-3.00,204,-2.00,203,2.00,196,-2.00,203,3.00,198,0.00,201,2.00,197,2.00,198,20.00,1504,21.00,1778,20.00,1864,20.00,1575,0.00,2925,0.00,1589,5.00,889,0.32
7904,-2.00,203,0.00,200,-5.00,203,4.00,196,2.00,197,2.00,197,-4.00,204,-4.00,204,-2.00,203,5.00,196,-4.00,203,1.00,198,0.00,201,4.00,197,1.00,198,20.00,1504,19.00,1778,19.00,1864,20.00,1575,0.00,2925,1.00,1589,2.00,889,0.16
7940,-2.00,203,0.00,200,-5.00,202,3.00,196,4.00,197,4.00,197,-4.00,204,-2.00,204,-4.00,203,2.00,196,-1.00,203,1.00,198,0.00,201,4.00,197,1.00,198,19.00,1504,19.00,1778,20.00,1864,20.00,1575,0.00,2925,2.00,1589,5.00,889,0.24
7976,-3.00,203,-1.00,200,3.00,202,5.00,196,5.00,197,3.00,197,-4.00,204,-4.00,204,-2.00,203,4.00,196,-2.00,203,1.00,198,0.00,201,2.00,197,2.00,198,20.00,1504,20.00,1778,20.00,1864,20.00,1575,0.00,2925,1.00,1589,4.00,889,0.00
8011,-3.00,203,0.00,200,-6.00,203,4.00,196,2.00,197,3.00,197,-4.00,204,-4.00,204,-3.00,203,3.00,196,-2.00,203,1.00,198,0.00,201,3.00,197,1.00,198,20.00,1504,20.00,1778,20.00,1864,21.00,1575,0.00,2925,1.00,1589,3.00,889,0.08
8047,-1.00,203,0.00,200,-2.00,202,5.00,196,3.00,197,3.00,197,-4.00,204,-3.00,204,-3.00,203,4.00,196,-1.00,203,1.00,198,0.00,201,4.00,197,0.00,198,20.00,1504,20.00,1778,20.00,1864,19.00,1575,0.00,2925,2.00,1589,2.00,889,0.08
8083,-2.00,203,0.00,200,2.00,203,4.00,196,4.00,197,3.00,197,-4.00,204,-3.00,204,-4.00,203,3.00,196,-3.00,203,0.00,198,0.00,201,4.00,197,1.00,198,20.00,1504,20.00,1778,20.00,1864,20.00,1575,0.00,2925,0.00,1589,2.00,889,0.08
8119,-2.00,203,-3.00,200,-4.00,203,4.00,196,4.00,197,3.00,196,-4.00,204,-4.00,204,-2.00,203,4.00,196,-2.00,203,1.00,198,0.00,201,3.00,197,0.00,198,20.00,1504,20.00,1778,20.00,1864,20.00,1575,0.00,2925,1.00,1589,3.00,889,0.24
8154,-2.00,203,0.00,200,-1.00,203,3.00,196,3.00,197,2.00,197,-4.00,204,-3.00,204,1.00,203,4.00,196,-3.00,203,0.00,198,0.00,201,3.00,197,0.00,198,20.00,1504,20.00,1778,21.00,1864,19.00,1575,0.00,2925,1.00,1589,5.00,889,0.08
8190,-3.00,203,0.00,200,-4.00,203,4.00,196,2.00,197,3.00,197,-4.00,204,-4.00,204,-4.00,203,4.00,196,-1.00,203,2.00,198,0.00,201,3.00,197,2.00,198,20.00,1504,20.00,1778,20.00,1864,20.00,1575,0.00,2925,1.00,1589,4.00,889,0.08
8226,-2.00,203,0.00,200,-4.00,203,3.00,196,3.00,197,4.00,197,-4.00,204,-4.00,204,-2.00,203,3.00,196,-1.00,203,0.00,198,0.00,201,2.00,197,0.00,198,20.00,1504,19.00,1778,20.00,1864,20.00,1575,0.00,2925,0.00,1589,5.00,889,0.32
8262,-1.00,203,0.00,200,-5.00,203,2.00,196,3.00,197,2.00,197,-5.00,204,-3.00,204,-4.00,203,2.00,196,-3.00,203,0.00,198,0.00,201,4.00,197,2.00,198,20.00,1504,20.00,1778,20.00,1864,20.00,1576,0.00,2925,1.00,1589,2.00,889,0.00
8297,-1.00,203,0.00,200,-3.00,202,5.00,196,3.00,197,4.00,197,-4.00,204,-3.00,204,-4.00,203,3.00,196,-2.00,203,2.00,198,0.00,201,3.00,197,2.00,198,20.00,1504,20.00,1778,20.00,1864,20.00,1575,0.00,2925,0.00,1589,4.00,889,0.00
8333,-3.00,203,0.00,200,-5.00,202,5.00,196,3.00,197,3.00,197,-4.00,204,-3.00,204,-3.00,203,2.00,196,-2.00,203,0.00,198,0.00,201,4.00,197,1.00,198,20.00,1504,20.00,1778,20.00,1864,20.00,1575,0.00,2925,2.00,1589,4.00,889,0.08
8369,-2.00,203,0.00,200,-4.00,202,5.00,196,4.00,197,3.00,197,-3.00,204,-4.00,204,-4.00,203,3.00,196,-2.00,203,2.00,198,0.00,201,3.00,197,2.00,198,20.00,1504,21.00,1778,20.00,1864,20.00,1575,0.00,2925,1.00,1589,4.00,889,0.00
8405,-2.00,203,0.00,200,-3.00,203,6.00,196,2.00,197,4.00,197,-4.00,204,-2.00,204,-3.00,203,2.00,196,-2.00,203,0.00,198,0.00,201,3.00,197,1.00,198,20.00,1504,20.00,1778,19.00,1864,20.00,1575,0.00,2925,0.00,1589,5.00,889,0.08
8440,-1.00,203,0.00,200,0.00,203,5.00,196,4.00,197,5.00,196,-5.00,204,-3.00,204,-2.00,203,4.00,196,-3.00,203,1.00,198,0.00,201,3.00,197,0.00,198,19.00,1504,20.00,1778,20.00,1864,20.00,1575,0.00,2925,1.00,1589,2.00,889,0.08
8476,-4.00,203,0.00,200,-3.00,203,2.00,196,3.00,197,3.00,197,-4.00,204,-3.00,204,-3.00,203,2.00,196,-3.00,203,1.00,198,0.00,201,4.00,197,1.00,198,19.00,1504,20.00,1778,19.00,1864,20.00,1575,0.00,2925,0.00,1589,2.00,889,0.00
8512,-2.00,203,0.00,200,-8.00,203,5.00,196,2.00,197,3.00,197,-3.00,204,-3.00,204,-3.00,203,1.00,196,-2.00,203,1.00,198,0.00,201,2.00,197,1.00,198,21.00,1504,20.00,1778,20.00,1864,20.00,1575,0.00,2925,1.00,1589,4.00,889,0.24
8547,-1.00,203,0.00,200,-3.00,202,5.00,196,3.00,197,5.00,197,-4.00,204,-3.00,204,-3.00,203,2.00,196,-2.00,203,2.00,198,0.00,201,3.00,197,0.00,198,20.00,1504,20.00,1778,20.00,1864,20.00,1575,0.00,2925,0.00,1589,2.00,889,0.08
8583,-3.00,203,0.00,200,-4.00,203,5.00,196,4.00,197,4.00,196,-4.00,204,-2.00,204,-3.00,203,2.00,196,-3.00,203,1.00,198,0.00,201,3.00,197,2.00,198,20.00,1504,20.00,1778,20.00,1864,20.00,1575,0.00,2925,2.00,1589,4.00,889,0.08
8619,-1.00,203,0.00,200,2.00,203,5.00,196,2.00,197,3.00,197,-4.00,204,-3.00,204,-3.00,203,3.00,196,-1.00,203,0.00,198,0.00,201,2.00,197,1.00,198,20.00,1504,20.00,1778,20.00,1864,20.00,1575,0.00,2925,0.00,1589,2.00,889,0.00
8655,-3.00,203,0.00,200,-5.00,203,3.00,196,4.00,197,3.00,196,-4.00,204,-2.00,204,-3.00,203,4.00,196,-3.00,203,2.00,198,0.00,201,2.00,197,1.00,198,20.00,1504,21.00,1778,20.00,1864,20.00,1575,0.00,2925,1.00,1589,2.00,889,0.00
8690,-1.00,203,0.00,200,-1.00,203,4.00,196,2.00,197,2.00,197,-4.00,204,-2.00,204,-4.00,203,3.00,196,-3.00,203,1.00,198,0.00,201,4.00,197,2.00,198,20.00,1504,20.00,1778,20.00,1864,20.00,1575,0.00,2925,1.00,1589,4.00,889,0.00
8726,-3.00,203,0.00,200,-2.00,202,3.00,196,4.00,197,3.00,197,-4.00,204,-3.00,204,-3.00,203,2.00,196,-2.00,203,2.00,198,0.00,201,3.00,197,1.00,198,20.00,1504,20.00,1778,20.00,1864,20.00,1575,0.00,2925,1.00,1589,5.00,889,0.24
8762,-2.00,203,0.00,200,9.00,203,3.00,196,3.00,197,4.00,197,-4.00,204,-3.00,204,1.00,203,2.00,196,-2.00,203,1.00,198,0.00,201,3.00,197,1.00,198,20.00,1504,20.00,1778,20.00,1864,20.00,1575,0.00,2925,1.00,1589,5.00,889,0.24
8798,-2.00,203,0.00,200,-10.00,203,3.00,196,3.00,197,3.00,197,-4.00,204,-3.00,204,-3.00,203,4.00,196,-2.00,203,0.00,198,0.00,201,2.00,197,1.00,198,20.00,1504,20.00,1778,20.00,1864,19.00,1575,0.00,2925,1.00,1589,2.00,889,0.16
8834,-1.00,203,0.00,200,-2.00,203,4.00,196,2.00,197,2.00,196,-4.00,204,-4.00,204,-2.00,203,3.00,196,-2.00,203,-8.00,198,0.00,201,4.00,197,2.00,198,20.00,1504,19.00,1778,20.00,1864,20.00,1575,0.00,2925,1.00,1589,5.00,889,0.16
8869,-2.00,203,0.00,200,-7.00,203,4.00,196,2.00,197,6.00,197,-4.00,204,-2.00,204,-2.00,203,4.00,196,-1.00,203,2.00,198,0.00,201,3.00,197,2.00,198,20.00,1504,21.00,1778,20.00,1864,20.00,1575,0.00,2925,2.00,1589,2.00,889,0.16
8905,-1.00,203,0.00,200,-5.00,202,5.00,196,4.00,197,3.00,197,-3.00,204,-3.00,204,-4.00,203,2.00,196,-1.00,203,0.00,198,0.00,201,3.00,197,1.00,198,20.00,1504,20.00,1778,20.00,1864,20.00,1575,0.00,2925,0.00,1589,5.00,889,0.08
8941,-2.00,203,0.00,200,5.00,203,5.00,196,3.00,197,4.00,197,-4.00,204,-3.00,204,-2.00,203,3.00,196,-3.00,203,0.00,198,0.00,201,2.00,197,2.00,198,20.00,1504,20.00,1778,20.00,1864,20.00,1575,0.00,2925,1.00,1589,4.00,889,0.08
8977,-2.00,203,0.00,200,-5.00,203,4.00,196,3.00,197,3.00,197,-5.00,204,-2.00,204,-4.00,203,2.00,196,-2.00,203,1.00,199,0.00,201,2.00,197,2.00,198,20.00,1504,20.00,1778,21.00,1864,20.00,1575,0.00,2925,2.00,1589,5.00,889,0.08
9013,-3.00,203,0.00,200,-8.00,202,4.00,196,3.00,197,4.00,196,-4.00,204,-3.00,204,-3.00,203,2.00,196,-2.00,203,1.00,198,0.00,201,2.00,197,1.00,198,20.00,1504,20.00,1778,19.00,1864,20.00,1575,0.00,2925,1.00,1589,4.00,889,0.24
9048,-2.00,203,0.00,200,4.00,203,5.00,196,3.00,197,6.00,197,-3.00,204,-2.00,204,-3.00,203,4.00,196,-2.00,203,0.00,198,0.00,201,2.00,197,1.00,198,21.00,1504,21.00,1778,20.00,1864,20.00,1575,0.00,2925,1.00,1589,5.00,889,0.16
9084,-1.00,203,0.00,200,-6.00,202,5.00,196,4.00,197,3.00,197,-4.00,204,-3.00,204,-3.00,203,2.00,196,-3.00,203,1.00,198,0.00,201,2.00,197,2.00,198,20.00,1504,19.00,1778,20.00,1864,20.00,1575,0.00,2925,1.00,1589,5.00,889,0.16
9120,-2.00,203,0.00,200,0.00,203,4.00,196,4.00,197,2.00,196,-4.00,204,-2.00,204,-4.00,203,4.00,196,-4.00,203,1.00,198,0.00,201,3.00,197,1.00,198,20.00,1504,20.00,1778,20.00,1864,21.00,1575,0.00,2925,1.00,1589,4.00,889,0.00
9156,-1.00,203,0.00,200,-4.00,203,5.00,196,4.00,197,6.00,197,-3.00,204,-2.00,204,-4.00,203,3.00,196,-1.00,203,1.00,198,0.00,201,3.00,197,2.00,198,20.00,1504,19.00,1778,20.00,1864,20.00,1575,0.00,2925,0.00,1589,2.00,889,0.00
9191,-3.00,203,0.00,200,-4.00,203,4.00,196,4.00,197,0.00,197,-5.00,204,-3.00,204,-4.00,203,4.00,196,-2.00,203,1.00,198,0.00,201,3.00,197,1.00,198,20.00,1504,20.00,1778,20.00,1864,20.00,1575,0.00,2925,1.00,1589,2.00,889,0.08
9227,-3.00,203,0.00,200,3.00,202,4.00,196,3.00,197,3.00,197,-4.00,204,-3.00,204,-3.00,203,3.00,196,-2.00,203,1.00,198,0.00,201,3.00,197,2.00,198,20.00,1504,20.00,1778,19.00,1864,20.00,1575,0.00,2925,0.00,1589,4.00,889,0.08
9263,-3.00,203,0.00,200,5.00,202,4.00,196,1.00,197,3.00,197,-4.00,204,-3.00,204,-4.00,203,2.00,196,-1.00,203,3.00,198,0.00,201,2.00,197,1.00,198,20.00,1504,20.00,1778,20.00,1864,20.00,1575,0.00,2925,1.00,1589,5.00,889,0.08
9298,-2.00,203,0.00,200,-4.00,202,5.00,196,4.00,197,4.00,196,-4.00,204,-3.00,204,-4.00,203,4.00,196,-1.00,203,1.00,198,0.00,201,4.00,197,1.00,198,20.00,1504,20.00,1778,20.00,1864,20.00,1575,0.00,2925,0.00,1589,2.00,889,0.08
9334,-2.00,203,0.00,200,7.00,203,3.00,196,2.00,197,3.00,197,-4.00,204,-3.00,204,-2.00,203,4.00,196,-1.00,203,0.00,198,0.00,201,3.00,197,1.00,198,20.00,1504,20.00,1778,20.00,1864,20.00,1575,0.00,2925,1.00,1589,3.00,889,0.00
9370,-1.00,203,0.00,200,-1.00,202,4.00,196,2.00,197,4.00,197,-4.00,204,-3.00,204,-3.00,203,4.00,196,-3.00,203,0.00,198,0.00,201,3.00,197,1.00,198,20.00,1504,20.00,1778,21.00,1864,20.00,1575,0.00,2925,1.00,1589,4.00,889,0.48
9406,-2.00,203,0.00,200,-2.00,203,5.00,196,4.00,197,3.00,197,-3.00,204,-2.00,204,-5.00,203,3.00,196,-1.00,203,2.00,198,0.00,201,4.00,197,0.00,198,19.00,1504,20.00,1778,21.00,1864,20.00,1575,0.00,2925,2.00,1589,3.00,889,0.00
9442,-2.00,203,0.00,200,-4.00,203,4.00,196,3.00,197,3.00,197,-4.00,204,-3.00,204,-2.00,203,4.00,196,-2.00,203,1.00,198,0.00,201,3.00,197,1.00,198,20.00,1504,20.00,1778,21.00,1864,20.00,1575,0.00,2925,2.00,1589,5.00,889,0.16
9478,-2.00,203,0.00,200,1.00,203,4.00,196,3.00,197,3.00,196,-3.00,204,-4.00,204,-4.00,202,3.00,196,-1.00,203,1.00,198,0.00,201,2.00,197,0.00,198,19.00,1504,20.00,1778,19.00,1864,20.00,1575,0.00,2925,0.00,1589,3.00,889,0.08
9513,-2.00,203,0.00,200,0.00,202,4.00,196,3.00,197,7.00,197,-4.00,204,-3.00,204,-3.00,203,3.00,196,-1.00,203,1.00,198,0.00,201,3.00,197,2.00,198,20.00,1504,20.00,1778,20.00,1864,20.00,1575,0.00,2925,1.00,1589,5.00,889,0.08
9549,-2.00,203,0.00,200,6.00,202,5.00,196,4.00,197,3.00,196,-4.00,204,-3.00,204,-3.00,203,2.00,196,-2.00,203,0.00,198,0.00,201,3.00,197,0.00,198,20.00,1504,20.00,1778,21.00,1864,20.00,1575,0.00,2925,1.00,1589,5.00,889,0.16
9585,-1.00,203,0.00,200,5.00,202,4.00,196,2.00,197,3.00,197,-4.00,204,-2.00,204,-4.00,203,3.00,196,-1.00,203,0.00,198,0.00,201,2.00,197,0.00,198,20.00,1504,20.00,1778,20.00,1864,20.00,1575,0.00,2925,2.00,1589,6.00,889,0.08
9621,-2.00,203,0.00,200,-5.00,202,3.00,196,4.00,197,7.00,196,-4.00,204,-3.00,204,-3.00,203,3.00,196,-1.00,203,0.00,198,0.00,201,3.00,197,0.00,198,20.00,1504,20.00,1778,20.00,1864,20.00,1575,0.00,2925,1.00,1589,2.00,889,0.08
9656,-2.00,203,0.00,200,-8.00,202,3.00,196,4.00,197,3.00,197,-3.00,204,-2.00,204,6.00,203,4.00,196,-2.00,203,0.00,198,0.00,201,4.00,197,1.00,198,20.00,1504,20.00,1778,20.00,1864,20.00,1575,0.00,2925,2.00,1589,3.00,889,0.08
9692,0.00,203,0.00,200,2.00,203,4.00,196,4.00,197,5.00,197,-4.00,204,-2.00,204,-3.00,203,3.00,196,-2.00,203,2.00,199,0.00,201,3.00,197,1.00,198,20.00,1504,20.00,1778,20.00,1864,20.00,1575,0.00,2925,1.00,1589,3.00,889,0.24
9728,-1.00,203,0.00,200,-1.00,203,3.00,196,4.00,197,3.00,196,-4.00,204,-2.00,204,-4.00,203,4.00,196,-2.00,203,2.00,198,0.00,201,3.00,197,2.00,198,20.00,1504,20.00,1778,20.00,1864,20.00,1575,0.00,2925,0.00,1589,5.00,889,0.08
9764,-1.00,203,0.00,200,0.00,202,4.00,196,3.00,197,2.00,197,-4.00,204,-3.00,204,-2.00,203,3.00,196,-3.00,203,2.00,198,0.00,201,4.00,197,1.00,198,20.00,1504,20.00,1778,20.00,1864,20.00,1575,0.00,2925,1.00,1589,3.00,889,0.00
9799,-3.00,203,0.00,200,-2.00,203,5.00,196,3.00,197,3.00,197,-4.00,204,-4.00,204,-3.00,203,2.00,196,-1.00,203,0.00,198,0.00,201,2.00,197,1.00,198,20.00,1504,21.00,1778,20.00,1864,20.00,1576,0.00,2925,1.00,1589,4.00,889,0.16
9835,-2.00,203,0.00,200,-2.00,202,5.00,196,3.00,197,3.00,197,-4.00,204,-3.00,204,-2.00,203,2.00,196,-2.00,203,-9.00,198,0.00,200,3.00,197,0.00,198,20.00,1504,20.00,1778,20.00,1864,20.00,1575,0.00,2925,1.00,1589,2.00,889,0.00
9871,-1.00,203,0.00,200,0.00,203,5.00,196,3.00,197,3.00,197,-4.00,204,-3.00,204,-2.00,203,2.00,196,-2.00,203,2.00,198,-2.00,201,4.00,197,1.00,198,20.00,1504,20.00,1778,20.00,1864,20.00,1575,0.00,2925,1.00,1589,4.00,889,0.16
9907,-1.00,203,0.00,200,2.00,202,2.00,196,4.00,197,3.00,196,-4.00,204,-3.00,204,-4.00,203,4.00,196,-1.00,203,1.00,198,1.00,201,2.00,197,1.00,198,20.00,1504,20.00,1778,20.00,1864,20.00,1576,0.00,2925,0.00,1589,4.00,889,0.00
9943,-1.00,203,0.00,200,1.00,202,3.00,196,2.00,197,2.00,197,-4.00,204,-3.00,204,-3.00,203,3.00,196,-2.00,203,3.00,198,7.00,200,4.00,197,1.00,198,20.00,1504,20.00,1778,19.00,1864,20.00,1575,0.00,2925,2.00,1589,5.00,889,0.00
9978,-1.00,203,0.00,200,-7.00,202,4.00,196,2.00,197,4.00,197,-4.00,204,-3.00,204,-4.00,203,3.00,196,-3.00,203,0.00,198,-2.00,200,2.00,197,1.00,198,20.00,1504,20.00,1778,20.00,1864,21.00,1576,0.00,2925,1.00,1589,5.00,889,0.16
10014,-2.00,203,0.00,200,-6.00,203,6.00,196,2.00,197,3.00,197,-4.00,204,-3.00,204,-3.00,203,2.00,196,-1.00,203,3.00,198,-7.00,201,4.00,197,0.00,198,20.00,1504,20.00,1778,20.00,1864,19.00,1576,0.00,2925,0.00,1589,4.00,889,0.08
10050,-1.00,203,0.00,200,0.00,202,5.00,196,2.00,197,3.00,197,-4.00,204,-4.00,204,-2.00,203,3.00,196,-1.00,203,1.00,198,1.00,200,4.00,197,1.00,198,20.00,1504,20.00,1778,20.00,1864,19.00,1575,0.00,2925,1.00,1589,5.00,889,0.08
10086,-3.00,203,0.00,200,7.00,202,5.00,196,4.00,197,4.00,196,-4.00,204,-2.00,204,-3.00,203,2.00,196,-4.00,203,0.00,198,7.00,201,3.00,197,1.00,198,20.00,1504,20.00,1778,20.00,1864,19.00,1575,0.00,2925,1.00,1589,5.00,889,0.00
10121,-3.00,203,0.00,200,2.00,202,5.00,196,4.00,197,3.00,196,-4.00,204,-3.00,204,-2.00,203,4.00,196,-3.00,203,0.00,198,6.00,200,3.00,197,1.00,198,20.00,1504,20.00,1778,19.00,1864,20.00,1575,0.00,2925,1.00,1589,2.00,889,0.24
10157,-3.00,203,0.00,200,-1.00,202,3.00,196,3.00,197,0.00,197,-4.00,204,-3.00,204,-2.00,203,1.00,196,-1.00,203,2.00,198,5.00,200,4.00,197,2.00,198,20.00,1504,21.00,1778,21.00,1864,20.00,1575,0.00,2925,1.00,1589,4.00,889,0.00
10193,-1.00,203,0.00,200,5.00,202,4.00,196,3.00,197,3.00,197,-4.00,204,-3.00,204,-4.00,203,3.00,196,-1.00,203,1.00,198,-3.00,200,3.00,197,1.00,198,20.00,1504,20.00,1778,19.00,1864,20.00,1576,0.00,2925,1.00,1589,3.00,889,0.08
10229,-1.00,203,0.00,200,-2.00,203,3.00,196,2.00,197,3.00,197,-4.00,204,-3.00,204,-3.00,203,3.00,196,-2.00,203,0.00,198,7.00,200,3.00,197,1.00,198,20.00,1504,20.00,1778,20.00,1864,20.00,1575,0.00,2925,1.00,1589,5.00,889,0.00
10265,-3.00,203,0.00,200,0.00,202,3.00,196,2.00,197,2.00,197,-4.00,204,-3.00,204,-4.00,203,4.00,196,-3.00,203,0.00,198,-3.00,200,3.00,197,0.00,198,20.00,1504,20.00,1778,20.00,1864,20.00,1576,0.00,2925,1.00,1589,5.00,889,0.16
10300,-3.00,203,0.00,200,-1.00,202,3.00,196,2.00,197,5.00,197,-4.00,204,-2.00,204,-3.00,202,4.00,196,-2.00,203,0.00,198,3.00,200,2.00,197,0.00,198,20.00,1504,20.00,1778,20.00,1864,20.00,1575,0.00,2925,2.00,1589,4.00,889,0.08
10336,-4.00,203,0.00,200,-6.00,202,4.00,196,3.00,197,3.00,197,-4.00,204,-3.00,204,-3.00,203,3.00,196,-3.00,203,2.00,198,1.00,200,2.00,197,0.00,198,20.00,1504,21.00,1778,20.00,1864,20.00,1576,0.00,2925,1.00,1589,5.00,889,0.08
10372,-2.00,203,0.00,200,-9.00,203,5.00,196,2.00,197,4.00,196,-3.00,204,-2.00,204,-2.00,203,4.00,196,-2.00,203,2.00,198,-2.00,200,3.00,197,1.00,198,20.00,1504,20.00,1778,19.00,1864,20.00,1575,0.00,2925,1.00,1589,3.00,889,0.16
10408,-2.00,203,0.00,200,-1.00,202,4.00,196,4.00,197,3.00,196,-4.00,204,-3.00,204,-2.00,203,4.00,196,-3.00,203,1.00,198,1.00,200,4.00,197,0.00,198,20.00,1504,20.00,1778,20.00,1864,20.00,1575,0.00,2925,1.00,1589,2.00,889,0.00
10443,-2.00,203,0.00,200,-1.00,202,4.00,196,2.00,197,3.00,197,-4.00,204,-2.00,204,-4.00,203,4.00,196,-1.00,203,2.00,198,-5.00,200,3.00,197,1.00,198,20.00,1504,20.00,1778,20.00,1864,20.00,1575,0.00,2925,2.00,1589,5.00,889,0.00
10479,-1.00,203,0.00,200,-2.00,202,5.00,196,4.00,197,3.00,197,-4.00,204,-2.00,204,-3.00,203,4.00,196,-3.00,203,2.00,198,-3.00,200,4.00,197,0.00,198,20.00,1504,20.00,1778,20.00,1864,20.00,1575,0.00,2925,1.00,1589,5.00,889,0.00
10515,-3.00,203,0.00,200,0.00,202,2.00,196,2.00,197,2.00,197,-4.00,204,-2.00,204,-2.00,203,3.00,196,-3.00,203,0.00,198,-5.00,201,2.00,197,0.00,198,20.00,1504,20.00,1778,19.00,1864,20.00,1575,0.00,2925,1.00,1589,4.00,889,0.00
10551,-2.00,203,0.00,200,-6.00,202,5.00,196,2.00,197,3.00,197,-4.00,204,-3.00,204,-4.00,203,3.00,196,-1.00,203,2.00,198,1.00,200,2.00,197,1.00,198,19.00,1504,21.00,1778,20.00,1864,20.00,1576,0.00,2925,1.00,1589,4.00,889,0.00
10586,-1.00,203,0.00,200,2.00,202,5.00,196,3.00,197,3.00,197,-4.00,204,-3.00,204,-4.00,203,3.00,196,-3.00,203,2.00,198,1.00,200,3.00,197,1.00,198,20.00,1504,20.00,1778,20.00,1864,20.00,1575,0.00,2925,1.00,1589,5.00,889,0.16
10622,-2.00,203,0.00,200,0.00,202,5.00,196,3.00,197,3.00,197,-4.00,204,-4.00,204,-4.00,203,2.00,196,-2.00,203,1.00,198,0.00,200,3.00,197,1.00,198,20.00,1504,21.00,1778,20.00,1864,20.00,1576,0.00,2925,0.00,1589,5.00,889,0.16
10658,-2.00,203,0.00,200,-2.00,203,2.00,196,2.00,197,1.00,196,-4.00,204,-3.00,204,-4.00,203,3.00,196,-2.00,203,1.00,198,0.00,200,2.00,197,0.00,198,20.00,1504,20.00,1778,20.00,1864,20.00,1575,0.00,2925,2.00,1589,5.00,889,0.08
10694,-2.00,203,0.00,200,-2.00,202,4.00,196,4.00,197,3.00,197,-4.00,204,-2.00,204,-3.00,203,4.00,196,-4.00,203,1.00,198,1.00,200,3.00,197,2.00,198,20.00,1504,19.00,1778,20.00,1864,20.00,1575,0.00,2925,1.00,1589,5.00,889,0.00
10730,-3.00,203,0.00,200,-7.00,203,3.00,196,4.00,197,2.00,197,-4.00,204,-4.00,204,-2.00,203,2.00,196,-1.00,203,2.00,198,0.00,200,3.00,197,1.00,198,20.00,1504,20.00,1778,20.00,1864,20.00,1576,0.00,2925,2.00,1589,3.00,889,0.08
10765,-3.00,203,0.00,200,-4.00,202,5.00,196,4.00,197,3.00,197,-3.00,204,-4.00,204,-2.00,203,4.00,196,-2.00,203,2.00,198,0.00,200,4.00,197,1.00,198,20.00,1504,20.00,1778,20.00,1864,21.00,1575,0.00,2925,1.00,1589,4.00,889,0.08
10801,-3.00,203,0.00,200,-1.00,202,4.00,196,4.00,197,2.00,197,-4.00,204,-4.00,204,-3.00,203,4.00,196,-1.00,203,1.00,198,-3.00,200,4.00,197,1.00,198,20.00,1504,20.00,1778,20.00,1864,20.00,1575,0.00,2925,2.00,1589,5.00,889,0.24
10837,-3.00,203,0.00,200,-5.00,203,4.00,196,3.00,197,6.00,197,-5.00,204,-2.00,204,-4.00,203,4.00,196,-3.00,203,2.00,198,-1.00,200,4.00,197,1.00,198,20.00,1504,20.00,1778,20.00,1864,20.00,1576,0.00,2925,1.00,1589,5.00,889,0.00
10873,-2.00,203,0.00,200,7.00,202,4.00,196,4.00,197,3.00,197,-4.00,204,-2.00,204,0.00,203,4.00,196,-2.00,203,2.00,198,1.00,200,3.00,197,2.00,198,20.00,1504,20.00,1778,20.00,1864,19.00,1575,0.00,2925,1.00,1589,4.00,889,0.00
10908,-2.00,203,0.00,200,-2.00,202,3.00,196,3.00,197,3.00,197,-4.00,204,-3.00,204,-2.00,203,3.00,196,-1.00,203,1.00,198,0.00,200,2.00,197,1.00,198,20.00,1504,20.00,1778,20.00,1864,21.00,1576,0.00,2925,1.00,1589,5.00,889,0.32
10944,-3.00,203,0.00,200,-9.00,202,5.00,196,3.00,197,-4.00,197,-4.00,204,-2.00,204,3.00,203,2.00,196,-1.00,203,1.00,198,0.00,200,2.00,197,0.00,198,20.00,1504,20.00,1778,20.00,1864,20.00,1575,0.00,2925,0.00,1589,5.00,889,0.00
10980,-2.00,203,0.00,200,-2.00,202,4.00,196,4.00,197,3.00,197,-4.00,204,-4.00,204,-4.00,203,4.00,196,-2.00,203,0.00,198,-1.00,201,3.00,197,2.00,198,20.00,1504,20.00,1778,20.00,1864,20.00,1576,0.00,2925,2.00,1589,2.00,889,0.24
11016,-3.00,203,0.00,200,-10.00,202,5.00,196,3.00,197,3.00,197,-4.00,204,-2.00,204,-3.00,203,3.00,196,-1.00,203,2.00,198,1.00,200,4.00,197,2.00,198,20.00,1504,20.00,1778,20.00,1864,20.00,1576,0.00,2925,0.00,1589,5.00,889,0.08
11051,-3.00,203,0.00,200,3.00,202,5.00,196,2.00,197,5.00,197,-4.00,204,-2.00,204,-3.00,203,4.00,196,-2.00,203,2.00,198,4.00,201,3.00,197,1.00,198,20.00,1504,20.00,1778,20.00,1864,20.00,1576,0.00,2925,1.00,1589,5.00,889,0.16
11087,-3.00,203,0.00,200,-9.00,202,4.00,196,3.00,197,3.00,197,-4.00,204,-3.00,204,-3.00,203,2.00,196,-2.00,203,0.00,198,-1.00,200,4.00,197,0.00,198,20.00,1504,20.00,1778,19.00,1864,20.00,1575,0.00,2925,0.00,1589,5.00,889,0.08
11123,-1.00,203,0.00,200,-1.00,202,3.00,196,3.00,197,3.00,197,-4.00,204,-4.00,204,-2.00,203,3.00,196,-4.00,203,1.00,198,1.00,200,3.00,197,2.00,198,20.00,1504,20.00,1778,20.00,1864,20.00,1575,0.00,2925,0.00,1589,2.00,889,0.00
11159,-1.00,203,0.00,200,-4.00,203,3.00,196,2.00,197,2.00,197,-4.00,204,-4.00,204,-3.00,203,3.00,196,-2.00,203,1.00,198,1.00,200,3.00,197,3.00,198,20.00,1504,20.00,1778,19.00,1864,20.00,1576,0.00,2925,0.00,1589,3.00,889,0.08
11195,-2.00,203,0.00,200,0.00,202,5.00,196,4.00,197,4.00,197,-4.00,204,-3.00,204,-3.00,203,2.00,196,-2.00,203,0.00,198,3.00,200,4.00,197,1.00,198,20.00,1504,20.00,1778,20.00,1864,20.00,1576,0.00,2925,1.00,1589,5.00,889,0.08
11230,-2.00,203,0.00,200,-4.00,203,4.00,196,2.00,197,3.00,197,-4.00,204,-3.00,204,-3.00,203,2.00,196,-4.00,203,2.00,198,0.00,200,3.00,197,1.00,198,20.00,1504,20.00,1778,20.00,1864,20.00,1575,0.00,2925,2.00,1589,2.00,889,0.32
11266,-2.00,203,0.00,200,-4.00,202,3.00,196,4.00,197,6.00,197,-4.00,204,-4.00,204,-4.00,203,4.00,196,-1.00,203,1.00,198,1.00,200,2.00,197,1.00,198,20.00,1504,20.00,1778,20.00,1864,20.00,1576,0.00,2925,1.00,1589,4.00,889,0.08
11302,-1.00,203,0.00,200,1.00,202,4.00,196,4.00,197,3.00,197,-4.00,204,-3.00,204,-4.00,203,3.00,196,-2.00,203,2.00,198,1.00,200,2.00,197,1.00,198,20.00,1504,20.00,1778,20.00,1864,19.00,1575,0.00,2925,2.00,1589,5.00,889,0.16
11338,-3.00,203,0.00,200,-2.00,202,3.00,196,4.00,197,4.00,197,-4.00,204,-4.00,204,-2.00,203,4.00,196,-3.00,203,0.00,198,-5.00,200,4.00,197,1.00,198,20.00,1504,20.00,1778,20.00,1864,21.00,1575,0.00,2925,1.00,1589,4.00,889,0.00
11374,-1.00,203,0.00,200,1.00,203,5.00,196,2.00,197,3.00,197,-4.00,204,-3.00,204,-2.00,203,4.00,196,-2.00,203,0.00,198,1.00,200,3.00,197,1.00,198,20.00,1504,20.00,1778,20.00,1864,20.00,1575,0.00,2925,1.00,1589,3.00,889,0.00
11409,-2.00,203,0.00,200,-1.00,203,5.00,196,2.00,197,2.00,197,-4.00,204,-3.00,204,-4.00,203,2.00,196,-2.00,203,0.00,198,-3.00,200,2.00,197,2.00,198,20.00,1504,20.00,1778,20.00,1864,19.00,1575,0.00,2925,1.00,1589,3.00,889,0.00
11445,-3.00,203,0.00,200,-8.00,202,4.00,196,4.00,197,2.00,197,-4.00,204,-3.00,204,-2.00,203,4.00,197,-4.00,203,2.00,198,2.00,201,2.00,197,1.00,198,20.00,1504,19.00,1778,20.00,1864,20.00,1575,0.00,2925,1.00,1589,3.00,889,0.08
11481,-2.00,203,0.00,200,-3.00,202,5.00,196,2.00,197,4.00,197,-4.00,204,-3.00,204,-3.00,203,4.00,196,-2.00,203,1.00,198,1.00,200,4.00,197,2.00,198,21.00,1504,20.00,1778,20.00,1864,20.00,1575,0.00,2925,1.00,1589,5.00,889,0.08
11516,-2.00,203,0.00,200,-7.00,202,4.00,196,3.00,197,2.00,197,-4.00,204,-3.00,204,-2.00,203,3.00,196,-1.00,203,1.00,198,1.00,200,4.00,197,0.00,198,20.00,1504,20.00,1778,20.00,1864,20.00,1576,0.00,2925,2.00,1589,5.00,889,0.08
11552,-2.00,203,0.00,200,3.00,202,3.00,196,3.00,197,4.00,197,-4.00,204,-4.00,204,-4.00,203,4.00,196,-3.00,203,2.00,198,2.00,200,4.00,197,2.00,198,20.00,1504,20.00,1778,20.00,1864,20.00,1576,0.00,2925,1.00,1589,4.00,889,0.08
11588,-2.00,203,0.00,200,2.00,203,3.00,196,4.00,197,2.00,196,-4.00,204,-3.00,204,-2.00,203,2.00,196,-1.00,203,1.00,198,-1.00,200,3.00,197,1.00,198,20.00,1504,20.00,1778,21.00,1864,20.00,1576,0.00,2925,1.00,1589,5.00,889,0.08
11624,-1.00,203,0.00,200,-2.00,202,3.00,196,3.00,197,2.00,197,-4.00,204,-2.00,204,-3.00,203,3.00,196,-1.00,203,3.00,198,7.00,201,4.00,197,1.00,198,19.00,1504,20.00,1778,20.00,1864,20.00,1576,0.00,2925,2.00,1589,4.00,889,0.00
11659,-2.00,203,0.00,200,-5.00,202,3.00,196,4.00,197,2.00,197,-4.00,204,-3.00,204,-2.00,203,2.00,196,-2.00,203,2.00,198,0.00,200,2.00,197,1.00,198,20.00,1504,20.00,1778,20.00,1864,20.00,1576,0.00,2925,1.00,1589,4.00,889,0.08
11695,-2.00,203,0.00,200,0.00,202,4.00,196,4.00,197,4.00,197,-4.00,204,-2.00,204,-4.00,203,4.00,196,-2.00,203,0.00,198,1.00,200,3.00,197,1.00,198,21.00,1504,20.00,1778,21.00,1864,20.00,1575,0.00,2925,0.00,1589,4.00,889,0.08
11731,-2.00,203,0.00,200,5.00,202,5.00,196,3.00,197,3.00,197,-4.00,204,-3.00,204,-3.00,203,4.00,196,-1.00,203,1.00,198,-1.00,200,3.00,197,2.00,198,20.00,1504,20.00,1778,20.00,1864,20.00,1575,0.00,2925,2.00,1589,4.00,889,0.16
11766,-2.00,203,0.00,200,-2.00,202,2.00,196,4.00,197,2.00,196,-4.00,204,-3.00,204,-2.00,203,4.00,196,-1.00,203,1.00,198,2.00,200,2.00,197,1.00,198,20.00,1504,20.00,1778,20.00,1864,20.00,1575,0.00,2925,1.00,1589,3.00,889,0.08
11802,-4.00,203,0.00,200,-1.00,202,4.00,196,3.00,197,2.00,196,-4.00,204,-2.00,204,-4.00,203,2.00,196,-1.00,203,1.00,198,1.00,200,2.00,197,2.00,198,20.00,1504,21.00,1778,20.00,1864,20.00,1576,0.00,2925,1.00,1589,5.00,889,0.00
11838,-2.00,203,0.00,200,-3.00,202,3.00,196,4.00,197,3.00,197,-4.00,204,-3.00,204,-2.00,203,4.00,196,-1.00,203,2.00,198,2.00,200,3.00,197,1.00,198,20.00,1504,20.00,1778,20.00,1864,19.00,1575,0.00,2925,2.00,1589,4.00,889,0.08
11874,-2.00,203,0.00,200,-3.00,202,5.00,196,4.00,197,2.00,197,-3.00,204,-3.00,204,-3.00,203,3.00,196,-1.00,203,1.00,198,1.00,200,2.00,197,1.00,198,20.00,1504,20.00,1778,20.00,1864,20.00,1576,0.00,2925,0.00,1589,6.00,889,0.00
11910,-2.00,203,0.00,200,1.00,202,3.00,196,2.00,197,2.00,197,-4.00,204,-2.00,204,-3.00,203,2.00,196,-3.00,203,1.00,198,-7.00,200,4.00,197,1.00,198,20.00,1504,21.00,1778,20.00,1864,20.00,1576,0.00,2925,1.00,1589,4.00,889,0.24
11945,-3.00,203,0.00,200,-1.00,202,3.00,196,2.00,197,3.00,197,-4.00,204,-4.00,204,-2.00,203,3.00,196,-3.00,203,1.00,198,2.00,200,3.00,197,1.00,198,20.00,1504,20.00,1778,20.00,1864,20.00,1576,0.00,2925,0.00,1589,2.00,889,0.32
11981,-3.00,203,0.00,200,2.00,202,5.00,196,4.00,197,3.00,197,-4.00,204,-3.00,204,-2.00,203,3.00,196,-1.00,203,1.00,198,3.00,200,4.00,197,0.00,198,20.00,1504,20.00,1778,20.00,1864,20.00,1576,0.00,2925,1.00,1589,5.00,889,0.08
12017,-3.00,203,0.00,200,-2.00,203,3.00,196,2.00,197,3.00,197,-4.00,204,-3.00,204,-4.00,203,3.00,196,-2.00,203,-1.00,198,-1.00,200,3.00,197,0.00,198,20.00,1504,20.00,1778,20.00,1864,20.00,1575,0.00,2925,0.00,1589,5.00,889,0.00
12052,-2.00,203,0.00,200,-2.00,202,2.00,196,3.00,197,3.00,197,-4.00,204,-3.00,204,-3.00,203,2.00,196,-1.00,203,1.00,198,1.00,200,3.00,197,0.00,198,20.00,1504,20.00,1778,20.00,1864,20.00,1576,0.00,2925,1.00,1589,5.00,889,0.08
12088,-2.00,203,0.00,200,-2.00,202,5.00,196,1.00,197,3.00,197,-3.00,204,-4.00,204,-3.00,203,3.00,196,-1.00,203,0.00,198,0.00,200,2.00,197,1.00,198,20.00,1504,21.00,1778,19.00,1864,20.00,1576,0.00,2925,1.00,1589,5.00,889,0.08
12124,-1.00,203,0.00,200,6.00,202,5.00,196,2.00,197,7.00,197,-3.00,204,-3.00,204,-4.00,203,4.00,196,-2.00,203,1.00,198,1.00,201,2.00,197,1.00,198,20.00,1504,20.00,1778,21.00,1864,20.00,1575,0.00,2925,1.00,1589,3.00,889,0.00
12159,-2.00,203,0.00,200,-6.00,203,3.00,196,2.00,197,1.00,197,-4.00,204,-3.00,204,-3.00,203,2.00,196,-2.00,203,0.00,198,0.00,200,2.00,197,2.00,198,20.00,1504,20.00,1778,19.00,1864,20.00,1575,0.00,2925,0.00,1589,3.00,889,0.08
12195,-1.00,203,0.00,200,-4.00,203,5.00,196,4.00,197,3.00,197,-4.00,204,-3.00,204,-4.00,203,4.00,196,-2.00,203,2.00,198,-7.00,200,4.00,197,1.00,198,20.00,1504,21.00,1778,21.00,1864,20.00,1575,0.00,2925,1.00,1589,5.00,889,0.08
12231,-1.00,203,0.00,200,-7.00,202,4.00,196,2.00,197,-2.00,197,-4.00,204,-4.00,204,-2.00,203,3.00,196,-3.00,203,1.00,198,0.00,200,3.00,197,2.00,198,20.00,1504,20.00,1778,20.00,1864,21.00,1575,0.00,2925,1.00,1589,4.00,889,0.24
12267,-3.00,203,0.00,200,-7.00,202,2.00,196,3.00,197,5.00,197,-4.00,204,-3.00,204,-4.00,203,2.00,196,-2.00,203,0.00,198,7.00,200,4.00,197,1.00,198,20.00,1504,20.00,1778,20.00,1864,20.00,1576,0.00,2925,2.00,1589,4.00,889,0.08
12303,-1.00,203,0.00,200,0.00,202,4.00,196,2.00,197,3.00,197,-4.00,204,-4.00,204,-2.00,203,3.00,196,-3.00,203,1.00,198,1.00,200,3.00,197,1.00,198,20.00,1504,20.00,1778,20.00,1864,20.00,1576,0.00,2925,4.00,1589,5.00,889,0.00
12338,-3.00,203,0.00,200,0.00,203,5.00,196,3.00,197,3.00,197,-4.00,204,-2.00,204,-3.00,203,3.00,196,-2.00,203,1.00,198,-1.00,200,3.00,197,1.00,198,20.00,1504,20.00,1778,20.00,1864,20.00,1575,0.00,2925,0.00,1589,2.00,889,0.08
12374,-1.00,203,0.00,200,-8.00,202,4.00,196,4.00,197,4.00,197,-5.00,204,-2.00,204,-3.00,203,4.00,196,-1.00,203,2.00,198,0.00,200,4.00,197,2.00,198,20.00,1504,20.00,1778,20.00,1864,20.00,1575,0.00,2925,2.00,1589,5.00,889,0.00
12410,-2.00,203,0.00,200,-4.00,202,5.00,196,3.00,197,2.00,197,-4.00,204,-4.00,204,-2.00,203,4.00,196,-2.00,203,0.00,198,1.00,200,3.00,197,0.00,198,20.00,1504,20.00,1778,20.00,1864,20.00,1576,0.00,2925,0.00,1589,3.00,889,0.00
12445,-3.00,203,0.00,200,2.00,203,3.00,196,4.00,197,4.00,197,-4.00,204,-4.00,204,-4.00,203,3.00,196,-1.00,203,2.00,198,1.00,200,4.00,197,1.00,198,20.00,1504,20.00,1778,20.00,1864,20.00,1576,0.00,2925,1.00,1589,4.00,889,0.08
12481,-1.00,203,0.00,200,3.00,202,5.00,196,4.00,197,3.00,197,-4.00,204,-3.00,204,-5.00,203,4.00,196,-3.00,203,1.00,198,-6.00,200,2.00,197,1.00,198,20.00,1504,20.00,1778,20.00,1864,20.00,1575,0.00,2925,0.00,1589,5.00,889,0.24
12517,-2.00,203,0.00,200,5.00,202,6.00,196,4.00,197,4.00,197,-4.00,204,-2.00,204,-4.00,203,2.00,196,-3.00,203,1.00,198,3.00,200,4.00,197,2.00,198,20.00,1504,20.00,1778,20.00,1864,20.00,1575,0.00,2925,1.00,1589,4.00,889,0.00
12553,-1.00,203,0.00,200,-1.00,202,2.00,196,3.00,197,4.00,197,-4.00,204,-4.00,204,-4.00,202,4.00,196,-4.00,203,2.00,198,1.00,200,2.00,198,2.00,198,20.00,1504,20.00,1778,20.00,1864,20.00,1575,0.00,2925,1.00,1589,3.00,889,0.08
12589,-1.00,203,0.00,200,-1.00,202,3.00,196,3.00,197,3.00,197,-4.00,204,-4.00,204,-3.00,203,4.00,196,-3.00,203,2.00,198,1.00,200,4.00,197,1.00,198,20.00,1504,20.00,1778,20.00,1864,20.00,1576,0.00,2925,1.00,1589,5.00,889,0.00
12624,-2.00,203,0.00,200,0.00,202,2.00,196,2.00,197,4.00,197,-4.00,204,-3.00,204,-4.00,203,4.00,196,-3.00,203,1.00,198,2.00,201,3.00,197,0.00,198,20.00,1504,20.00,1778,20.00,1864,20.00,1576,0.00,2925,2.00,1589,5.00,889,0.00
12660,-3.00,203,0.00,200,1.00,202,5.00,196,3.00,197,2.00,197,-4.00,204,-3.00,204,-3.00,203,2.00,196,-2.00,203,2.00,198,-1.00,200,2.00,197,2.00,198,19.00,1504,20.00,1778,19.00,1864,20.00,1575,0.00,2925,1.00,1589,5.00,889,0.00
12696,-2.00,203,0.00,200,-2.00,202,5.00,196,4.00,197,2.00,197,-5.00,204,-3.00,204,-4.00,203,4.00,196,-1.00,203,1.00,198,2.00,200,3.00,197,2.00,198,20.00,1504,20.00,1778,20.00,1864,20.00,1576,0.00,2925,1.00,1589,2.00,889,0.00
12732,-3.00,203,0.00,200,-1.00,202,3.00,196,3.00,197,5.00,197,-4.00,204,-2.00,204,-2.00,203,4.00,196,-1.00,203,0.00,198,-8.00,200,4.00,197,0.00,198,20.00,1504,20.00,1778,20.00,1864,20.00,1575,0.00,2925,2.00,1589,4.00,889,0.08
12768,-3.00,203,0.00,200,2.00,202,5.00,196,2.00,197,4.00,196,-4.00,204,-3.00,204,-3.00,203,4.00,196,-2.00,203,1.00,198,-5.00,200,3.00,197,1.00,198,20.00,1504,20.00,1778,19.00,1864,20.00,1575,0.00,2925,1.00,1589,3.00,889,0.00
12804,-2.00,203,0.00,200,-1.00,202,3.00,196,3.00,197,5.00,197,-4.00,204,-4.00,204,-2.00,203,2.00,196,-1.00,203,1.00,198,2.00,201,3.00,197,1.00,198,20.00,1504,20.00,1778,20.00,1864,20.00,1575,0.00,2925,1.00,1589,4.00,889,0.00
12839,-1.00,203,0.00,200,0.00,202,5.00,196,3.00,197,4.00,197,-3.00,204,-2.00,204,-3.00,203,3.00,196,-1.00,203,1.00,198,3.00,200,2.00,197,0.00,198,19.00,1504,20.00,1778,20.00,1864,20.00,1575,0.00,2925,0.00,1589,4.00,889,0.08
12875,-1.00,203,0.00,200,-1.00,202,4.00,196,3.00,197,4.00,197,-4.00,204,-3.00,204,-2.00,203,3.00,196,-2.00,203,0.00,198,-1.00,200,4.00,197,0.00,198,21.00,1504,19.00,1778,20.00,1864,19.00,1575,0.00,2925,2.00,1589,4.00,889,0.00
12911,-2.00,203,0.00,200,1.00,203,3.00,196,3.00,197,4.00,197,-4.00,204,-4.00,204,-2.00,203,2.00,196,-2.00,203,1.00,198,1.00,200,3.00,197,1.00,198,20.00,1504,20.00,1778,20.00,1864,20.00,1576,0.00,2925,1.00,1589,3.00,889,0.16
12947,-2.00,203,0.00,200,0.00,203,4.00,196,2.00,197,3.00,197,-4.00,204,-3.00,204,-3.00,203,3.00,196,-3.00,203,0.00,198,1.00,200,2.00,197,0.00,198,20.00,1504,20.00,1778,20.00,1864,20.00,1576,0.00,2925,1.00,1589,2.00,889,0.00
12982,-2.00,203,0.00,200,-7.00,202,4.00,196,3.00,197,3.00,197,-4.00,204,-2.00,204,-3.00,203,3.00,196,-1.00,203,2.00,198,2.00,200,2.00,197,1.00,198,19.00,1504,20.00,1778,20.00,1864,20.00,1576,0.00,2925,0.00,1589,5.00,889,0.08
13018,-2.00,203,0.00,200,-2.00,203,4.00,196,4.00,197,2.00,197,-4.00,204,-3.00,204,-4.00,203,2.00,196,-2.00,203,2.00,198,2.00,201,4.00,197,2.00,198,20.00,1504,20.00,1778,19.00,1864,20.00,1576,0.00,2925,2.00,1589,5.00,889,0.00
13054,-3.00,203,0.00,200,0.00,203,2.00,196,4.00,197,0.00,197,-4.00,204,-4.00,204,-4.00,203,3.00,196,-1.00,203,0.00,198,4.00,201,4.00,197,1.00,198,20.00,1504,20.00,1778,20.00,1864,20.00,1575,0.00,2925,2.00,1589,4.00,889,0.08
13090,-2.00,203,0.00,200,-8.00,203,2.00,196,4.00,197,6.00,197,-5.00,204,-3.00,204,-3.00,203,2.00,196,-3.00,203,0.00,198,1.00,200,3.00,197,-1.00,198,20.00,1504,20.00,1778,20.00,1864,21.00,1576,0.00,2925,2.00,1589,5.00,889,0.08
13125,-1.00,203,0.00,200,-1.00,202,5.00,196,2.00,197,3.00,197,-4.00,204,-4.00,204,-3.00,203,4.00,196,-3.00,203,1.00,198,0.00,200,3.00,197,1.00,198,20.00,1504,20.00,1778,20.00,1864,20.00,1575,0.00,2925,1.00,1589,4.00,889,0.08
13161,-2.00,203,0.00,200,-2.00,202,5.00,196,3.00,197,3.00,197,-4.00,204,-4.00,204,-3.00,203,2.00,196,-1.00,203,1.00,199,2.00,200,2.00,197,2.00,198,20.00,1504,19.00,1778,21.00,1864,20.00,1575,0.00,2925,1.00,1589,5.00,889,0.08
13197,-2.00,203,0.00,200,-5.00,203,5.00,196,3.00,197,4.00,197,-4.00,204,-4.00,204,-4.00,202,2.00,196,-1.00,203,1.00,198,-1.00,200,3.00,197,0.00,198,20.00,1504,20.00,1778,20.00,1864,20.00,1575,0.00,2925,1.00,1589,4.00,889,0.00
13233,-2.00,203,0.00,200,0.00,203,5.00,196,3.00,197,4.00,197,-4.00,204,-3.00,204,-4.00,203,2.00,196,-1.00,203,3.00,198,0.00,200,3.00,197,1.00,198,20.00,1504,19.00,1778,20.00,1864,21.00,1576,0.00,2925,0.00,1589,3.00,889,0.08
13269,-1.00,203,0.00,200,-7.00,202,4.00,196,4.00,197,4.00,197,-4.00,204,-2.00,204,-3.00,203,4.00,196,-3.00,203,0.00,198,1.00,200,3.00,197,2.00,198,20.00,1504,20.00,1778,20.00,1864,21.00,1576,0.00,2925,1.00,1589,3.00,889,0.08
13304,-3.00,203,0.00,200,-3.00,202,4.00,196,2.00,197,3.00,197,-4.00,204,-3.00,204,-2.00,203,2.00,196,-2.00,203,1.00,198,0.00,200,2.00,197,0.00,198,20.00,1504,19.00,1778,20.00,1864,20.00,1575,0.00,2925,2.00,1589,5.00,889,0.08
13340,-1.00,203,0.00,200,-2.00,203,5.00,196,2.00,197,5.00,197,-4.00,204,-2.00,204,-4.00,203,3.00,196,-1.00,203,2.00,198,1.00,200,2.00,197,2.00,198,20.00,1504,20.00,1778,20.00,1864,20.00,1575,0.00,2925,1.00,1589,4.00,889,0.00
13376,-1.00,203,0.00,200,6.00,202,4.00,196,4.00,197,6.00,197,-4.00,204,-4.00,204,-2.00,203,2.00,196,-4.00,203,1.00,198,1.00,201,3.00,197,0.00,198,20.00,1504,19.00,1778,20.00,1864,20.00,1576,0.00,2925,0.00,1589,4.00,889,0.08
13412,-2.00,203,0.00,200,-2.00,203,3.00,196,4.00,197,4.00,197,-4.00,204,-2.00,204,-4.00,203,3.00,196,-4.00,203,0.00,198,-7.00,201,3.00,197,1.00,198,20.00,1504,20.00,1778,20.00,1864,20.00,1575,0.00,2925,2.00,1589,4.00,889,0.08
13447,-2.00,203,0.00,200,1.00,203,5.00,196,4.00,197,3.00,197,-4.00,204,-4.00,204,-2.00,203,3.00,196,-2.00,203,1.00,198,-1.00,200,4.00,197,2.00,198,20.00,1504,20.00,1778,21.00,1864,21.00,1575,0.00,2925,1.00,1589,5.00,889,0.00
13483,-1.00,203,0.00,200,1.00,202,3.00,196,3.00,197,2.00,197,-4.00,204,-3.00,204,-4.00,203,2.00,196,-1.00,203,2.00,198,-1.00,200,4.00,197,0.00,198,20.00,1504,20.00,1778,20.00,1864,19.00,1575,0.00,2925,2.00,1589,2.00,889,0.00
13519,-3.00,203,0.00,200,-9.00,202,6.00,196,2.00,197,2.00,196,-3.00,204,-3.00,204,-3.00,203,4.00,196,-1.00,203,0.00,198,0.00,200,3.00,197,1.00,198,20.00,1504,20.00,1778,20.00,1864,20.00,1575,0.00,2925,0.00,1589,4.00,889,0.08
13555,-1.00,203,0.00,200,1.00,202,4.00,196,4.00,197,4.00,197,-4.00,204,-2.00,204,-4.00,203,1.00,196,-3.00,203,1.00,198,2.00,200,2.00,197,0.00,198,20.00,1504,20.00,1778,20.00,1864,20.00,1576,0.00,2925,2.00,1589,4.00,889,0.16
13591,-3.00,203,0.00,200,-2.00,202,3.00,196,4.00,197,3.00,197,-4.00,204,-3.00,204,-5.00,203,2.00,196,-2.00,203,1.00,198,4.00,200,4.00,197,2.00,198,20.00,1504,20.00,1778,21.00,1864,20.00,1576,0.00,2925,0.00,1589,3.00,889,0.32
13626,-1.00,203,0.00,200,10.00,203,3.00,196,3.00,197,3.00,197,-4.00,204,-4.00,204,-4.00,203,4.00,196,-2.00,203,0.00,198,4.00,200,3.00,197,1.00,198,20.00,1504,20.00,1778,20.00,1864,20.00,1575,0.00,2925,0.00,1589,4.00,889,0.16
13662,-1.00,203,0.00,200,1.00,202,4.00,196,4.00,197,2.00,197,-4.00,204,-3.00,204,-2.00,203,3.00,196,-1.00,203,2.00,198,2.00,200,3.00,197,2.00,198,20.00,1504,20.00,1778,20.00,1864,20.00,1576,0.00,2925,1.00,1589,5.00,889,0.08
13698,-1.00,203,0.00,200,-1.00,202,4.00,196,4.00,197,3.00,197,-4.00,204,-4.00,204,-3.00,203,3.00,196,-1.00,203,1.00,198,1.00,200,2.00,197,1.00,198,20.00,1504,21.00,1778,20.00,1864,20.00,1576,0.00,2925,1.00,1589,5.00,889,0.00
13733,-1.00,203,0.00,200,1.00,202,5.00,196,3.00,197,3.00,196,-4.00,204,-4.00,204,-2.00,203,4.00,196,-2.00,203,1.00,198,1.00,200,4.00,197,0.00,198,20.00,1504,20.00,1778,20.00,1864,20.00,1575,0.00,2925,1.00,1589,5.00,889,0.08
13769,-1.00,203,0.00,200,0.00,202,2.00,196,3.00,197,3.00,197,-4.00,204,-3.00,204,-3.00,203,3.00,196,-1.00,203,1.00,198,3.00,200,2.00,197,0.00,198,20.00,1504,20.00,1778,21.00,1864,20.00,1575,0.00,2925,1.00,1589,3.00,889,0.08
13805,-1.00,203,0.00,200,-6.00,202,5.00,196,4.00,197,3.00,196,-4.00,204,-3.00,204,-5.00,203,3.00,196,-3.00,203,1.00,198,1.00,200,4.00,197,1.00,198,20.00,1504,21.00,1778,21.00,1864,20.00,1575,0.00,2925,2.00,1589,5.00,889,0.16
13841,-1.00,203,0.00,200,-4.00,202,5.00,196,4.00,197,7.00,197,-4.00,204,-4.00,204,-3.00,203,3.00,196,-1.00,203,2.00,198,-2.00,200,3.00,197,1.00,198,20.00,1504,20.00,1778,20.00,1864,20.00,1576,0.00,2925,1.00,1589,2.00,889,0.16
13877,-3.00,203,0.00,200,-3.00,202,3.00,196,2.00,197,3.00,197,-4.00,204,-2.00,204,-5.00,203,4.00,196,-2.00,203,2.00,198,-1.00,200,2.00,197,1.00,198,20.00,1504,19.00,1778,19.00,1864,20.00,1575,0.00,2925,0.00,1589,5.00,889,0.00
13912,-3.00,203,0.00,200,-1.00,202,3.00,196,3.00,197,4.00,197,-4.00,204,-3.00,204,-2.00,203,2.00,196,-1.00,203,1.00,198,5.00,200,4.00,197,2.00,198,20.00,1504,20.00,1778,20.00,1864,20.00,1575,0.00,2925,2.00,1589,2.00,889,0.08
13948,-2.00,203,0.00,200,-1.00,202,3.00,196,4.00,197,2.00,197,-4.00,204,-2.00,204,-4.00,203,4.00,196,-1.00,203,2.00,198,3.00,200,3.00,197,0.00,198,20.00,1504,20.00,1778,21.00,1864,20.00,1575,0.00,2925,0.00,1589,3.00,889,0.08
13984,-1.00,203,0.00,200,-3.00,202,5.00,196,3.00,197,2.00,197,-5.00,204,-2.00,204,-4.00,203,4.00,196,-2.00,203,1.00,198,1.00,200,3.00,197,1.00,198,20.00,1504,20.00,1778,20.00,1864,21.00,1576,0.00,2925,1.00,1589,3.00,889,0.08
14019,-2.00,203,0.00,200,1.00,202,4.00,196,3.00,197,3.00,196,-4.00,204,-3.00,204,-3.00,203,3.00,196,-3.00,203,0.00,198,-2.00,200,3.00,197,1.00,198,20.00,1504,20.00,1778,20.00,1864,20.00,1575,0.00,2925,1.00,1589,2.00,889,0.08
14055,-2.00,203,0.00,200,-1.00,202,4.00,196,2.00,197,5.00,196,-4.00,204,-4.00,204,-4.00,203,2.00,196,-2.00,203,1.00,198,1.00,200,3.00,197,1.00,198,20.00,1504,20.00,1778,20.00,1864,20.00,1575,0.00,2925,0.00,1589,2.00,889,0.08
14091,-2.00,203,0.00,200,-10.00,202,4.00,196,4.00,197,2.00,197,-4.00,204,-3.00,204,-2.00,203,3.00,196,-2.00,203,2.00,198,0.00,200,2.00,197,1.00,198,20.00,1504,20.00,1778,20.00,1864,20.00,1576,0.00,2925,1.00,1589,5.00,889,0.32
14127,-3.00,203,0.00,200,-2.00,202,5.00,196,3.00,197,4.00,197,-4.00,204,-3.00,204,-3.00,203,1.00,196,-4.00,203,1.00,198,1.00,200,3.00,197,0.00,198,20.00,1504,21.00,1778,19.00,1864,20.00,1575,0.00,2925,2.00,1589,5.00,889,0.00
14162,-2.00,203,0.00,200,1.00,202,4.00,196,4.00,197,6.00,197,-4.00,204,-3.00,204,-3.00,203,3.00,196,-2.00,203,1.00,198,-1.00,200,3.00,197,2.00,198,20.00,1504,20.00,1778,20.00,1864,20.00,1576,0.00,2925,1.00,1589,5.00,889,0.00
14198,-3.00,203,0.00,200,-3.00,203,4.00,196,3.00,197,4.00,197,-4.00,204,-3.00,204,-4.00,203,1.00,196,-2.00,203,0.00,198,1.00,200,3.00,197,1.00,198,19.00,1504,20.00,1778,20.00,1864,20.00,1575,0.00,2925,1.00,1589,2.00,889,0.16
14234,-3.00,203,0.00,200,-5.00,202,2.00,196,2.00,197,3.00,196,-3.00,204,-3.00,204,-4.00,203,3.00,196,-1.00,203,1.00,198,-5.00,200,3.00,197,1.00,198,20.00,1504,20.00,1778,20.00,1864,20.00,1576,0.00,2925,1.00,1589,5.00,889,0.00
14270,-1.00,203,0.00,200,-7.00,202,5.00,196,3.00,197,3.00,197,-5.00,204,-2.00,204,-3.00,203,3.00,196,-1.00,203,1.00,198,0.00,200,3.00,197,0.00,198,21.00,1504,20.00,1778,20.00,1864,20.00,1576,0.00,2925,1.00,1589,4.00,889,0.24
14305,-3.00,203,0.00,200,-5.00,202,4.00,196,3.00,197,3.00,197,-4.00,204,-4.00,204,-4.00,203,3.00,196,-3.00,203,0.00,198,-2.00,200,3.00,197,1.00,198,20.00,1504,20.00,1778,20.00,1864,20.00,1575,0.00,2925,1.00,1589,4.00,889,0.16
14341,-1.00,203,0.00,200,0.00,202,2.00,196,3.00,197,4.00,197,-4.00,204,-2.00,204,-3.00,203,4.00,196,-2.00,203,3.00,198,2.00,200,3.00,197,1.00,198,20.00,1504,20.00,1778,20.00,1864,20.00,1575,0.00,2925,1.00,1589,5.00,889,0.16
14377,-1.00,203,0.00,200,-2.00,202,5.00,196,3.00,197,2.00,197,-4.00,204,-4.00,204,-4.00,203,3.00,196,-1.00,203,0.00,198,1.00,200,3.00,197,2.00,198,20.00,1504,20.00,1778,20.00,1864,19.00,1575,0.00,2925,1.00,1589,5.00,889,0.00
14413,-2.00,203,0.00,200,6.00,203,4.00,196,2.00,197,2.00,197,-4.00,204,-3.00,204,-4.00,203,4.00,196,-1.00,203,0.00,198,-2.00,200,3.00,197,1.00,198,20.00,1504,20.00,1778,19.00,1864,19.00,1576,0.00,2925,2.00,1589,5.00,889,0.08
14448,-2.00,203,0.00,200,1.00,202,5.00,196,4.00,197,3.00,197,-4.00,204,-2.00,204,-3.00,203,4.00,196,-1.00,203,2.00,198,2.00,200,2.00,197,2.00,198,21.00,1504,19.00,1778,20.00,1864,21.00,1576,0.00,2925,1.00,1589,5.00,889,0.08
14484,-4.00,203,0.00,200,-4.00,203,3.00,196,2.00,197,6.00,197,-4.00,204,-2.00,204,-4.00,203,2.00,196,-1.00,203,1.00,198,1.00,200,3.00,197,1.00,198,20.00,1504,20.00,1778,20.00,1864,19.00,1576,0.00,2925,1.00,1589,4.00,889,0.00
14520,-2.00,203,0.00,200,5.00,202,3.00,196,1.00,197,6.00,197,-3.00,204,-2.00,204,-3.00,202,4.00,196,-2.00,203,1.00,198,1.00,200,3.00,197,2.00,198,20.00,1504,20.00,1778,20.00,1864,20.00,1575,0.00,2925,1.00,1589,4.00,889,0.00
14556,-2.00,203,0.00,200,-1.00,203,3.00,196,4.00,197,2.00,197,-4.00,204,-2.00,204,-4.00,203,4.00,196,-3.00,203,3.00,198,1.00,200,2.00,197,0.00,198,20.00,1504,20.00,1778,20.00,1864,20.00,1576,0.00,2925,1.00,1589,6.00,889,0.00
14591,-3.00,203,0.00,200,0.00,203,4.00,196,2.00,197,3.00,197,-4.00,204,-2.00,204,-3.00,203,4.00,196,-1.00,203,1.00,198,1.00,200,4.00,197,2.00,198,20.00,1504,21.00,1778,20.00,1864,19.00,1576,0.00,2925,1.00,1589,5.00,889,0.00
14627,-2.00,203,0.00,200,-1.00,202,5.00,196,4.00,197,4.00,197,-4.00,204,-2.00,204,-3.00,203,2.00,196,-2.00,203,1.00,198,2.00,200,2.00,197,2.00,198,21.00,1504,20.00,1778,20.00,1864,21.00,1576,0.00,2925,2.00,1589,5.00,889,0.08
14663,-2.00,203,0.00,200,-1.00,202,3.00,196,2.00,197,2.00,197,-4.00,204,-2.00,204,-3.00,203,3.00,196,-2.00,203,1.00,198,-1.00,200,2.00,197,0.00,198,20.00,1504,20.00,1778,20.00,1864,20.00,1575,0.00,2925,1.00,1589,4.00,889,0.08
14699,-3.00,203,0.00,200,1.00,202,2.00,196,2.00,197,2.00,197,-4.00,204,-3.00,204,-4.00,203,3.00,196,-3.00,203,1.00,198,0.00,201,3.00,197,2.00,198,20.00,1504,20.00,1778,20.00,1864,19.00,1575,0.00,2925,2.00,1589,5.00,889,0.00
14734,-2.00,203,0.00,200,2.00,202,2.00,196,2.00,197,6.00,197,-4.00,204,-2.00,204,-2.00,203,3.00,196,-3.00,203,0.00,198,2.00,200,2.00,197,0.00,198,20.00,1504,19.00,1778,20.00,1864,20.00,1576,0.00,2925,1.00,1589,3.00,889,0.00
14770,-3.00,203,0.00,200,-1.00,202,5.00,196,2.00,197,3.00,196,-4.00,204,-3.00,204,-2.00,203,3.00,196,-3.00,203,1.00,198,1.00,200,3.00,197,0.00,198,20.00,1504,20.00,1778,20.00,1864,21.00,1576,0.00,2925,1.00,1589,4.00,889,0.08
14806,-2.00,203,0.00,200,-4.00,202,5.00,196,3.00,197,2.00,197,-4.00,204,-3.00,204,-4.00,203,2.00,196,-1.00,203,1.00,198,1.00,200,2.00,197,2.00,198,20.00,1504,20.00,1778,20.00,1864,20.00,1575,0.00,2925,1.00,1589,5.00,889,0.24
14842,-2.00,203,0.00,200,2.00,203,4.00,196,3.00,197,3.00,197,-4.00,204,-2.00,204,2.00,203,2.00,196,-2.00,203,1.00,198,3.00,200,2.00,197,0.00,198,20.00,1504,20.00,1778,20.00,1864,20.00,1576,0.00,2925,1.00,1589,5.00,889,0.08
14878,-1.00,203,0.00,200,-1.00,202,5.00,196,4.00,197,3.00,197,-3.00,204,-3.00,204,-2.00,203,2.00,196,-2.00,203,1.00,198,-1.00,201,4.00,197,1.00,198,20.00,1504,21.00,1778,20.00,1864,20.00,1576,0.00,2925,1.00,1589,5.00,889,0.00
14914,-2.00,203,0.00,200,0.00,203,5.00,196,4.00,197,3.00,197,-4.00,204,-4.00,204,-2.00,203,3.00,196,-3.00,203,1.00,198,-1.00,200,3.00,197,0.00,198,20.00,1504,20.00,1778,20.00,1864,20.00,1576,0.00,2925,1.00,1589,3.00,889,0.08
14949,-1.00,203,0.00,200,-9.00,202,5.00,196,4.00,197,0.00,197,-5.00,204,-4.00,204,-2.00,203,4.00,196,-2.00,203,2.00,198,2.00,200,4.00,197,1.00,198,21.00,1504,19.00,1778,20.00,1864,20.00,1576,0.00,2925,0.00,1589,4.00,889,0.08
14985,-1.00,203,0.00,200,-8.00,203,4.00,196,4.00,197,3.00,197,-4.00,204,-2.00,204,-3.00,203,2.00,196,-1.00,203,1.00,198,-1.00,200,2.00,197,0.00,198,20.00,1504,20.00,1778,20.00,1864,21.00,1575,0.00,2925,2.00,1589,5.00,889,0.00
15021,-2.00,203,0.00,200,-7.00,202,4.00,196,4.00,197,4.00,197,-4.00,204,-3.00,204,-3.00,203,4.00,196,-2.00,203,0.00,198,3.00,200,3.00,197,1.00,198,20.00,1504,20.00,1778,20.00,1864,20.00,1575,0.00,2925,1.00,1589,3.00,889,0.16
15057,-2.00,203,0.00,200,0.00,202,4.00,196,3.00,197,3.00,197,-4.00,204,-4.00,204,-3.00,203,2.00,196,-3.00,203,1.00,198,2.00,200,3.00,197,1.00,198,19.00,1504,19.00,1778,20.00,1864,20.00,1576,0.00,2925,0.00,1589,3.00,889,0.08
15092,-2.00,203,0.00,200,-1.00,202,2.00,196,1.00,197,2.00,197,-4.00,204,-3.00,204,-3.00,203,4.00,196,-2.00,203,0.00,198,3.00,200,3.00,197,1.00,198,20.00,1504,20.00,1778,20.00,1864,20.00,1575,0.00,2925,1.00,1589,4.00,889,0.08
15128,-2.00,203,0.00,200,-8.00,202,5.00,196,3.00,197,3.00,197,-4.00,204,-3.00,204,-2.00,202,3.00,196,-3.00,203,1.00,198,1.00,200,3.00,197,1.00,198,20.00,1504,20.00,1778,20.00,1864,20.00,1576,0.00,2925,0.00,1589,5.00,889,0.00
15164,-2.00,203,0.00,200,-2.00,202,4.00,196,3.00,197,6.00,197,-4.00,204,-3.00,204,-5.00,203,2.00,196,-2.00,203,1.00,198,-1.00,200,3.00,197,0.00,198,19.00,1504,20.00,1778,20.00,1864,20.00,1575,0.00,2925,1.00,1589,5.00,889,0.00
15199,-2.00,203,0.00,200,1.00,202,5.00,196,3.00,197,2.00,197,-4.00,204,-2.00,204,-3.00,203,3.00,196,-3.00,203,0.00,198,2.00,200,4.00,197,1.00,198,20.00,1504,20.00,1778,20.00,1864,20.00,1575,0.00,2925,1.00,1589,5.00,889,0.08
15235,-1.00,203,0.00,200,1.00,202,5.00,196,4.00,197,3.00,197,-4.00,204,-3.00,204,-4.00,203,2.00,196,-2.00,203,0.00,198,1.00,200,3.00,197,2.00,198,20.00,1504,21.00,1778,20.00,1864,21.00,1576,0.00,2925,2.00,1589,4.00,889,0.08
15271,-2.00,203,0.00,200,-3.00,202,2.00,196,2.00,197,3.00,197,-5.00,204,-3.00,204,-4.00,203,4.00,196,-1.00,203,2.00,198,0.00,200,3.00,197,2.00,198,20.00,1504,19.00,1778,20.00,1864,20.00,1575,0.00,2925,1.00,1589,3.00,889,0.08
15307,-2.00,203,0.00,200,1.00,202,5.00,196,4.00,197,3.00,197,-4.00,204,-4.00,204,-2.00,203,4.00,196,-2.00,203,2.00,198,2.00,200,2.00,197,1.00,198,20.00,1504,20.00,1778,20.00,1864,20.00,1575,0.00,2925,1.00,1589,6.00,889,0.16
15342,-2.00,203,0.00,200,-10.00,202,4.00,196,3.00,197,3.00,197,-4.00,204,-4.00,204,-3.00,203,3.00,196,-2.00,203,1.00,198,-5.00,200,3.00,197,3.00,198,20.00,1504,20.00,1778,20.00,1864,20.00,1576,0.00,2925,0.00,1589,4.00,889,0.40
15378,-3.00,203,0.00,200,-1.00,202,4.00,196,4.00,197,3.00,197,-4.00,204,-4.00,204,-3.00,203,2.00,196,-2.00,203,1.00,198,1.00,200,3.00,197,0.00,198,20.00,1504,20.00,1778,20.00,1864,20.00,1576,0.00,2925,1.00,1589,4.00,889,0.00
15414,-2.00,203,0.00,200,-3.00,202,5.00,196,3.00,197,2.00,197,-4.00,204,-3.00,204,-3.00,203,3.00,196,-2.00,203,1.00,198,-1.00,200,4.00,197,2.00,198,20.00,1504,20.00,1778,20.00,1864,20.00,1576,0.00,2925,0.00,1589,4.00,889,0.00
15450,-2.00,203,0.00,200,-1.00,202,2.00,196,3.00,197,6.00,197,-4.00,204,-4.00,204,-2.00,203,5.00,196,-3.00,203,0.00,198,0.00,200,3.00,197,1.00,198,20.00,1504,20.00,1778,19.00,1864,20.00,1576,0.00,2925,0.00,1589,4.00,889,0.56
15486,-2.00,203,0.00,200,-1.00,203,5.00,196,2.00,197,4.00,197,-4.00,204,-4.00,204,-4.00,203,4.00,196,-2.00,203,3.00,198,0.00,200,4.00,197,1.00,198,20.00,1504,20.00,1778,21.00,1864,20.00,1575,0.00,2925,1.00,1589,3.00,889,0.16
15521,-1.00,203,0.00,200,-1.00,203,5.00,196,3.00,197,2.00,197,-4.00,204,-3.00,204,-4.00,203,1.00,196,-2.00,203,1.00,198,0.00,200,2.00,197,0.00,198,20.00,1504,21.00,1778,19.00,1864,20.00,1576,0.00,2925,1.00,1589,4.00,889,0.08