36,20.00,2663,20.00,3290,20.00,1838,20.00,1463,20.00,1455,5.00,2894,19.00,5839,-2.00,4699,4.00,1515,20.00,1986,20.00,2524,40.00,2454,3.00,1140,5.00,3753,1.00,1358,20.00,1020,20.00,1411,20.00,1754,20.00,1686,1.00,1588,3.00,896,-3.00,4,0.08
71,20.00,2663,20.00,3290,20.00,1838,21.00,1463,20.00,1455,4.00,2894,19.00,5839,-2.00,4699,3.00,1515,20.00,1987,20.00,2524,40.00,2454,1.00,1140,6.00,3753,2.00,1358,21.00,1020,20.00,1411,20.00,1754,21.00,1686,4.00,1588,-2.00,896,-4.00,4,0.00
107,20.00,2663,20.00,3290,20.00,1838,19.00,1463,20.00,1454,3.00,2894,19.00,5839,-1.00,4699,4.00,1515,21.00,1987,20.00,2524,40.00,2454,3.00,1140,6.00,3753,3.00,1358,20.00,1020,20.00,1411,20.00,1754,21.00,1686,1.00,1588,-4.00,896,-1.00,4,0.40
143,21.00,2663,20.00,3290,20.00,1838,20.00,1463,20.00,1454,4.00,2894,19.00,5839,-2.00,4699,2.00,1515,20.00,1987,20.00,2524,40.00,2454,2.00,1140,7.00,3753,3.00,1358,20.00,1020,20.00,1411,20.00,1754,20.00,1686,3.00,1588,-2.00,896,-1.00,4,0.00
178,20.00,2663,20.00,3290,19.00,1838,20.00,1463,20.00,1455,4.00,2894,19.00,5839,-1.00,4699,3.00,1515,20.00,1987,20.00,2524,40.00,2454,2.00,1140,6.00,3753,2.00,1358,20.00,1020,21.00,1411,20.00,1754,20.00,1686,1.00,1588,-1.00,896,-4.00,4,0.00
214,21.00,2663,20.00,3290,20.00,1838,20.00,1463,20.00,1454,3.00,2894,19.00,5839,-1.00,4699,2.00,1515,19.00,1987,20.00,2524,40.00,2454,3.00,1140,7.00,3753,1.00,1358,20.00,1020,20.00,1411,20.00,1754,20.00,1686,2.00,1588,-2.00,896,-2.00,4,0.08
250,20.00,2663,20.00,3290,20.00,1838,20.00,1463,21.00,1454,4.00,2894,19.00,5839,-2.00,4699,3.00,1515,20.00,1987,20.00,2524,40.00,2454,2.00,1140,6.00,3753,3.00,1358,20.00,1020,20.00,1411,20.00,1754,20.00,1686,5.00,1588,-1.00,895,-4.00,4,0.24
286,20.00,2663,20.00,3290,20.00,1838,20.00,1463,20.00,1454,5.00,2894,19.00,5839,-3.00,4699,3.00,1515,20.00,1987,20.00,2524,40.00,2454,2.00,1140,6.00,3753,1.00,1358,21.00,1020,20.00,1411,19.00,1754,19.00,1686,4.00,1588,4.00,896,-2.00,4,0.16
322,21.00,2663,20.00,3290,20.00,1838,20.00,1463,20.00,1454,4.00,2894,19.00,5839,-2.00,4699,3.00,1515,20.00,1987,20.00,2524,40.00,2454,2.00,1140,6.00,3753,1.00,1358,20.00,1020,20.00,1411,20.00,1754,20.00,1686,3.00,1588,3.00,896,-2.00,4,0.08
357,20.00,2663,20.00,3290,20.00,1838,20.00,1463,20.00,1454,5.00,2895,19.00,5839,-2.00,4699,4.00,1515,20.00,1986,20.00,2524,40.00,2454,2.00,1140,6.00,3753,1.00,1358,20.00,1020,20.00,1411,20.00,1754,20.00,1686,1.00,1588,-1.00,896,-3.00,4,0.08
393,20.00,2663,19.00,3290,19.00,1838,20.00,1463,20.00,1454,4.00,2894,19.00,5839,-3.00,4699,3.00,1515,21.00,1987,20.00,2524,40.00,2454,2.00,1140,6.00,3753,2.00,1358,20.00,1020,19.00,1411,19.00,1753,20.00,1686,1.00,1588,-1.00,896,-2.00,4,0.08
429,21.00,2663,20.00,3290,21.00,1838,20.00,1463,20.00,1454,5.00,2894,19.00,5839,-1.00,4699,2.00,1515,20.00,1987,21.00,2524,40.00,2454,2.00,1140,7.00,3753,1.00,1358,20.00,1020,20.00,1411,20.00,1754,20.00,1686,3.00,1588,0.00,896,-4.00,4,0.16
465,20.00,2663,20.00,3290,20.00,1838,20.00,1463,20.00,1454,6.00,2894,18.00,5839,-2.00,4699,3.00,1515,20.00,1987,20.00,2524,40.00,2454,4.00,1140,6.00,3753,1.00,1358,20.00,1020,20.00,1411,20.00,1754,20.00,1686,4.00,1588,-1.00,896,-2.00,4,0.08
501,20.00,2663,21.00,3290,21.00,1838,19.00,1463,20.00,1454,4.00,2894,19.00,5839,-1.00,4699,4.00,1515,20.00,1987,20.00,2524,39.00,2454,3.00,1140,6.00,3753,2.00,1358,21.00,1020,20.00,1411,20.00,1754,20.00,1686,3.00,1588,3.00,896,-2.00,4,0.00
537,20.00,2663,20.00,3290,20.00,1838,19.00,1463,20.00,1454,5.00,2894,19.00,5839,-3.00,4699,4.00,1515,20.00,1987,20.00,2524,40.00,2454,2.00,1140,6.00,3753,1.00,1358,19.00,1020,20.00,1411,20.00,1754,20.00,1686,4.00,1588,-2.00,896,-3.00,4,0.08
572,20.00,2663,20.00,3290,20.00,1838,20.00,1463,20.00,1454,3.00,2894,19.00,5839,-2.00,4699,4.00,1515,20.00,1987,20.00,2524,40.00,2454,3.00,1140,6.00,3753,2.00,1358,20.00,1020,20.00,1411,20.00,1754,20.00,1686,4.00,1588,-2.00,896,-4.00,4,0.16
608,20.00,2663,19.00,3290,20.00,1838,20.00,1463,21.00,1454,4.00,2894,19.00,5839,-3.00,4699,3.00,1515,19.00,1987,20.00,2524,40.00,2454,3.00,1140,6.00,3753,2.00,1358,20.00,1020,20.00,1411,20.00,1754,20.00,1686,3.00,1588,9.00,896,-3.00,4,0.08
644,21.00,2663,20.00,3290,20.00,1838,20.00,1463,20.00,1455,5.00,2894,19.00,5839,-2.00,4699,2.00,1515,20.00,1987,20.00,2524,40.00,2454,1.00,1140,7.00,3753,2.00,1358,20.00,1020,19.00,1411,20.00,1754,20.00,1686,4.00,1588,-1.00,896,-2.00,4,0.16
679,20.00,2663,20.00,3290,20.00,1838,19.00,1463,20.00,1454,5.00,2894,19.00,5839,-2.00,4699,4.00,1514,20.00,1987,20.00,2524,40.00,2454,1.00,1140,7.00,3753,2.00,1358,20.00,1020,20.00,1411,20.00,1754,20.00,1686,4.00,1588,-2.00,896,-4.00,4,0.16
715,19.00,2663,20.00,3290,20.00,1838,20.00,1463,20.00,1454,3.00,2894,19.00,5839,-3.00,4699,2.00,1515,20.00,1986,20.00,2524,40.00,2454,2.00,1140,5.00,3753,4.00,1358,20.00,1020,20.00,1411,20.00,1754,20.00,1686,3.00,1588,1.00,895,-4.00,4,0.08
751,20.00,2663,20.00,3290,20.00,1838,20.00,1463,20.00,1454,5.00,2894,20.00,5839,-2.00,4699,5.00,1515,20.00,1987,20.00,2524,40.00,2454,2.00,1140,6.00,3753,3.00,1358,20.00,1020,20.00,1411,20.00,1754,20.00,1686,4.00,1588,-1.00,896,-2.00,4,0.08
787,20.00,2663,20.00,3290,20.00,1838,20.00,1463,20.00,1454,4.00,2894,19.00,5839,-2.00,4699,3.00,1515,20.00,1987,20.00,2524,40.00,2454,3.00,1140,7.00,3753,3.00,1358,20.00,1020,20.00,1411,19.00,1754,20.00,1686,3.00,1588,-2.00,896,-2.00,4,0.08
822,21.00,2663,20.00,3290,20.00,1838,20.00,1463,20.00,1454,3.00,2894,19.00,5839,-2.00,4699,4.00,1515,20.00,1987,20.00,2524,40.00,2454,3.00,1140,6.00,3753,1.00,1358,20.00,1020,20.00,1411,20.00,1753,20.00,1686,3.00,1588,-2.00,895,-6.00,4,0.08
858,20.00,2663,20.00,3290,20.00,1838,20.00,1463,20.00,1454,4.00,2894,19.00,5839,-3.00,4699,2.00,1515,20.00,1986,20.00,2524,40.00,2454,1.00,1140,6.00,3753,2.00,1358,20.00,1020,20.00,1411,20.00,1754,20.00,1686,4.00,1588,-1.00,896,-4.00,4,0.00
894,20.00,2663,20.00,3290,20.00,1838,20.00,1463,20.00,1454,4.00,2894,19.00,5839,-2.00,4699,2.00,1515,20.00,1987,20.00,2524,40.00,2454,2.00,1140,6.00,3753,3.00,1358,20.00,1020,20.00,1411,20.00,1754,19.00,1686,4.00,1588,-1.00,896,-2.00,4,0.08
930,20.00,2663,20.00,3290,19.00,1838,19.00,1463,20.00,1454,5.00,2894,18.00,5839,-2.00,4699,4.00,1515,20.00,1987,20.00,2524,40.00,2454,2.00,1140,4.00,3753,2.00,1358,20.00,1020,20.00,1411,20.00,1754,20.00,1686,2.00,1588,-2.00,896,-4.00,4,0.00
966,20.00,2663,21.00,3290,20.00,1838,20.00,1463,20.00,1454,4.00,2894,19.00,5839,-2.00,4699,4.00,1515,20.00,1986,20.00,2524,40.00,2454,3.00,1140,6.00,3753,2.00,1358,19.00,1020,20.00,1411,21.00,1753,20.00,1686,2.00,1588,-1.00,896,-2.00,4,0.08
1002,20.00,2663,20.00,3290,20.00,1838,20.00,1463,20.00,1454,3.00,2894,18.00,5839,-2.00,4699,2.00,1515,21.00,1987,20.00,2524,40.00,2454,2.00,1140,6.00,3753,2.00,1358,21.00,1020,20.00,1411,20.00,1753,20.00,1686,2.00,1588,0.00,896,-3.00,4,0.00
1037,19.00,2663,20.00,3290,20.00,1838,20.00,1463,20.00,1454,5.00,2894,19.00,5839,-1.00,4699,1.00,1515,20.00,1987,20.00,2524,40.00,2454,3.00,1140,6.00,3753,2.00,1358,19.00,1020,19.00,1411,20.00,1754,20.00,1686,3.00,1588,1.00,896,-3.00,4,0.24
1073,20.00,2663,20.00,3290,21.00,1838,20.00,1463,20.00,1454,4.00,2894,19.00,5839,-1.00,4699,2.00,1515,19.00,1987,20.00,2524,40.00,2454,3.00,1140,6.00,3753,1.00,1358,20.00,1020,20.00,1411,20.00,1754,20.00,1686,4.00,1588,-1.00,896,-1.00,4,0.16
1109,20.00,2663,20.00,3290,21.00,1838,19.00,1463,20.00,1454,-3.00,2894,19.00,5839,-3.00,4699,2.00,1515,20.00,1986,20.00,2524,40.00,2454,3.00,1140,6.00,3753,2.00,1358,20.00,1020,20.00,1411,19.00,1753,20.00,1686,2.00,1588,1.00,896,-1.00,4,0.48
1145,20.00,2663,19.00,3290,21.00,1838,20.00,1463,20.00,1454,5.00,2894,20.00,5839,-2.00,4699,2.00,1515,20.00,1986,20.00,2524,40.00,2454,2.00,1140,6.00,3753,3.00,1358,20.00,1020,20.00,1411,20.00,1754,20.00,1686,2.00,1588,-1.00,896,-3.00,4,0.24
1180,21.00,2663,20.00,3290,20.00,1838,20.00,1463,20.00,1454,5.00,2894,19.00,5839,-2.00,4699,2.00,1515,20.00,1987,20.00,2524,40.00,2454,1.00,1140,6.00,3753,3.00,1358,20.00,1020,20.00,1411,20.00,1754,20.00,1686,2.00,1588,-2.00,895,-3.00,4,0.08
1216,20.00,2663,20.00,3290,20.00,1838,20.00,1463,20.00,1454,5.00,2894,19.00,5839,-2.00,4699,4.00,1515,20.00,1986,21.00,2524,40.00,2454,2.00,1140,6.00,3753,2.00,1358,20.00,1020,20.00,1411,20.00,1753,20.00,1686,4.00,1588,4.00,896,-2.00,4,0.08
1252,20.00,2663,20.00,3290,18.00,1838,20.00,1463,20.00,1454,4.00,2894,19.00,5839,-2.00,4699,2.00,1515,20.00,1987,20.00,2524,40.00,2454,1.00,1140,6.00,3753,1.00,1358,20.00,1020,21.00,1411,20.00,1754,21.00,1686,2.00,1588,-1.00,896,-5.00,4,0.08
1287,20.00,2663,20.00,3290,21.00,1838,20.00,1463,20.00,1454,3.00,2894,19.00,5839,-2.00,4699,3.00,1515,20.00,1987,20.00,2524,40.00,2454,1.00,1140,7.00,3753,1.00,1358,20.00,1020,20.00,1411,20.00,1754,20.00,1686,5.00,1588,-1.00,896,-1.00,4,0.08
1323,20.00,2663,20.00,3290,20.00,1838,20.00,1463,20.00,1454,4.00,2894,19.00,5839,-3.00,4699,1.00,1515,20.00,1987,20.00,2524,40.00,2454,3.00,1140,6.00,3753,2.00,1358,20.00,1020,20.00,1411,19.00,1754,20.00,1686,2.00,1588,-2.00,896,-9.00,4,0.24
1359,20.00,2663,19.00,3290,20.00,1838,21.00,1463,20.00,1454,5.00,2894,19.00,5839,-1.00,4699,3.00,1515,20.00,1987,20.00,2524,40.00,2454,1.00,1140,6.00,3753,3.00,1358,20.00,1020,20.00,1411,20.00,1754,20.00,1686,5.00,1588,-2.00,896,-2.00,4,0.24
1395,20.00,2663,20.00,3290,20.00,1838,20.00,1463,20.00,1454,4.00,2894,20.00,5839,-1.00,4699,3.00,1514,20.00,1987,20.00,2524,39.00,2454,3.00,1140,6.00,3753,3.00,1358,20.00,1020,21.00,1411,20.00,1754,19.00,1686,2.00,1588,5.00,896,-2.00,4,0.08
1430,19.00,2663,20.00,3290,20.00,1838,20.00,1463,19.00,1454,4.00,2894,19.00,5839,-1.00,4699,4.00,1515,20.00,1987,20.00,2524,40.00,2454,2.00,1140,6.00,3753,2.00,1358,20.00,1020,20.00,1411,21.00,1753,20.00,1686,2.00,1588,-1.00,896,-4.00,4,0.16
1466,20.00,2663,20.00,3290,21.00,1838,20.00,1463,19.00,1454,4.00,2894,19.00,5839,-3.00,4699,3.00,1515,20.00,1986,19.00,2524,40.00,2454,3.00,1140,7.00,3753,1.00,1358,20.00,1020,20.00,1411,20.00,1754,20.00,1686,2.00,1588,4.00,896,-3.00,4,0.24
1502,20.00,2663,20.00,3290,20.00,1838,20.00,1463,20.00,1454,4.00,2894,19.00,5839,-2.00,4699,4.00,1515,20.00,1987,19.00,2524,40.00,2454,2.00,1140,5.00,3753,2.00,1358,20.00,1020,20.00,1411,20.00,1754,19.00,1686,4.00,1588,-1.00,896,-2.00,4,0.32
1537,19.00,2663,19.00,3290,20.00,1838,20.00,1463,20.00,1454,3.00,2894,19.00,5839,-2.00,4699,2.00,1515,20.00,1987,21.00,2524,40.00,2454,2.00,1140,6.00,3753,3.00,1358,20.00,1020,20.00,1411,19.00,1754,20.00,1686,3.00,1588,-2.00,896,-2.00,4,0.16
1573,20.00,2663,20.00,3290,20.00,1838,20.00,1463,20.00,1454,6.00,2894,20.00,5839,-1.00,4699,10.00,1515,20.00,1987,20.00,2524,40.00,2454,1.00,1140,7.00,3753,3.00,1358,20.00,1020,21.00,1411,19.00,1753,20.00,1686,2.00,1588,2.00,896,-5.00,4,0.32
1609,20.00,2663,20.00,3290,20.00,1838,20.00,1463,20.00,1455,4.00,2894,19.00,5839,-2.00,4699,3.00,1515,20.00,1986,20.00,2524,40.00,2454,2.00,1140,6.00,3753,2.00,1358,20.00,1020,20.00,1411,20.00,1754,20.00,1686,1.00,1588,-1.00,896,-12.00,4,1.05
1645,20.00,2663,20.00,3290,20.00,1838,20.00,1463,20.00,1454,5.00,2894,19.00,5839,-2.00,4699,3.00,1515,20.00,1987,20.00,2524,40.00,2454,1.00,1140,7.00,3753,2.00,1358,20.00,1020,21.00,1411,20.00,1754,20.00,1686,4.00,1588,-2.00,896,-2.00,4,0.48
1680,20.00,2663,21.00,3290,20.00,1838,21.00,1463,20.00,1454,5.00,2894,19.00,5839,-2.00,4699,4.00,1515,20.00,1987,21.00,2524,39.00,2454,2.00,1140,6.00,3753,3.00,1358,20.00,1020,20.00,1411,20.00,1754,20.00,1686,5.00,1588,-2.00,896,-3.00,4,0.32
1716,20.00,2663,20.00,3290,21.00,1838,20.00,1463,20.00,1454,5.00,2894,19.00,5839,-2.00,4699,3.00,1515,20.00,1986,20.00,2524,40.00,2454,1.00,1140,6.00,3753,2.00,1358,20.00,1020,20.00,1411,20.00,1754,20.00,1686,4.00,1588,-1.00,895,-4.00,4,0.56
1752,20.00,2663,20.00,3290,19.00,1838,20.00,1463,20.00,1454,4.00,2894,19.00,5839,-2.00,4699,4.00,1515,20.00,1987,20.00,2524,40.00,2454,1.00,1140,6.00,3753,3.00,1358,20.00,1020,20.00,1411,20.00,1754,20.00,1686,4.00,1588,-1.00,896,-2.00,4,0.73
1788,20.00,2663,20.00,3290,20.00,1838,21.00,1463,20.00,1455,3.00,2894,19.00,5839,-2.00,4699,2.00,1515,21.00,1987,20.00,2524,40.00,2454,2.00,1140,6.00,3753,1.00,1358,20.00,1020,20.00,1411,20.00,1754,20.00,1686,2.00,1588,4.00,896,-3.00,4,0.48
1824,20.00,2663,21.00,3290,21.00,1838,20.00,1463,21.00,1454,3.00,2894,19.00,5839,-1.00,4699,2.00,1515,20.00,1987,20.00,2524,40.00,2454,1.00,1140,6.00,3753,4.00,1358,20.00,1021,20.00,1411,20.00,1754,21.00,1686,4.00,1588,0.00,896,-2.00,4,0.56
1859,19.00,2663,20.00,3290,20.00,1838,20.00,1463,20.00,1454,4.00,2894,19.00,5839,-3.00,4699,2.00,1515,20.00,1987,20.00,2524,40.00,2454,1.00,1140,7.00,3753,3.00,1358,20.00,1020,20.00,1411,20.00,1753,20.00,1686,4.00,1588,3.00,896,-3.00,4,0.89
1895,20.00,2663,20.00,3290,20.00,1838,21.00,1463,20.00,1454,4.00,2894,19.00,5839,-2.00,4699,3.00,1515,20.00,1987,20.00,2524,40.00,2454,2.00,1140,6.00,3753,2.00,1358,20.00,1020,20.00,1411,20.00,1754,20.00,1686,4.00,1588,-1.00,896,-4.00,4,0.81
1931,20.00,2663,20.00,3290,19.00,1838,19.00,1463,20.00,1454,3.00,2894,19.00,5839,-2.00,4699,2.00,1515,20.00,1987,20.00,2524,40.00,2454,2.00,1140,6.00,3753,2.00,1358,20.00,1020,21.00,1411,20.00,1754,19.00,1686,2.00,1588,-5.00,896,-1.00,4,0.73
1966,19.00,2663,20.00,3290,20.00,1838,20.00,1463,20.00,1454,5.00,2894,19.00,5839,-2.00,4699,4.00,1515,21.00,1987,20.00,2524,39.00,2454,2.00,1140,6.00,3753,3.00,1358,20.00,1020,20.00,1411,20.00,1754,20.00,1686,4.00,1588,-2.00,896,-2.00,4,0.97
2002,19.00,2663,19.00,3290,20.00,1838,20.00,1463,19.00,1454,6.00,2894,19.00,5839,-2.00,4699,4.00,1515,20.00,1987,20.00,2524,40.00,2454,2.00,1140,6.00,3753,2.00,1358,19.00,1020,21.00,1411,20.00,1754,21.00,1686,5.00,1588,-1.00,896,-3.00,4,0.89
2038,20.00,2663,20.00,3290,20.00,1838,20.00,1463,20.00,1454,-2.00,2894,19.00,5839,-2.00,4699,1.00,1515,20.00,1987,20.00,2524,40.00,2454,2.00,1140,6.00,3753,2.00,1358,20.00,1020,20.00,1411,20.00,1754,20.00,1686,2.00,1588,-2.00,896,-2.00,4,1.13
2074,21.00,2663,20.00,3290,20.00,1838,20.00,1463,20.00,1454,4.00,2894,19.00,5839,-3.00,4699,4.00,1515,20.00,1987,20.00,2524,40.00,2455,2.00,1140,7.00,3753,0.00,1358,20.00,1020,20.00,1411,20.00,1754,20.00,1686,4.00,1588,-1.00,896,-3.00,4,0.97
2109,20.00,2663,20.00,3290,20.00,1838,20.00,1463,20.00,1454,4.00,2894,19.00,5839,-2.00,4699,2.00,1515,20.00,1987,20.00,2524,40.00,2455,1.00,1140,7.00,3753,3.00,1358,20.00,1020,20.00,1411,20.00,1754,21.00,1686,2.00,1588,-1.00,896,-1.00,4,0.89
2145,20.00,2663,20.00,3290,20.00,1838,20.00,1463,20.00,1454,4.00,2894,19.00,5839,-1.00,4699,2.00,1515,20.00,1987,20.00,2524,40.00,2459,3.00,1140,6.00,3753,4.00,1358,20.00,1020,20.00,1411,20.00,1754,20.00,1686,4.00,1588,-1.00,896,-2.00,4,1.37
2181,19.00,2663,20.00,3290,21.00,1838,19.00,1463,20.00,1454,5.00,2894,19.00,5839,-3.00,4699,3.00,1515,20.00,1987,20.00,2524,39.00,2466,2.00,1140,4.00,3753,3.00,1358,20.00,1020,20.00,1410,20.00,1754,20.00,1686,3.00,1588,0.00,896,-2.00,4,1.29
2217,20.00,2663,19.00,3290,20.00,1838,20.00,1463,20.00,1454,4.00,2894,18.00,5839,-2.00,4699,0.00,1515,19.00,1988,20.00,2524,39.00,2472,1.00,1140,6.00,3753,1.00,1358,20.00,1021,20.00,1410,20.00,1754,20.00,1686,2.00,1588,0.00,896,-4.00,4,1.29
2252,20.00,2663,20.00,3290,20.00,1838,20.00,1463,19.00,1454,3.00,2894,19.00,5839,-2.00,4699,1.00,1515,19.00,1994,20.00,2524,42.00,2475,2.00,1140,6.00,3753,2.00,1358,20.00,1020,20.00,1411,20.00,1754,20.00,1686,3.00,1588,-1.00,896,-5.00,4,1.29
2288,20.00,2663,20.00,3290,20.00,1838,20.00,1463,20.00,1454,3.00,2894,19.00,5839,-1.00,4699,4.00,1515,19.00,2002,20.00,2524,39.00,2478,2.00,1140,6.00,3753,1.00,1358,20.00,1020,20.00,1410,20.00,1754,20.00,1686,2.00,1588,-2.00,896,-1.00,4,1.69
2324,20.00,2663,20.00,3290,20.00,1838,20.00,1463,20.00,1454,-3.00,2894,19.00,5839,-2.00,4699,3.00,1515,20.00,2010,20.00,2524,41.00,2478,2.00,1140,7.00,3753,3.00,1358,20.00,1020,20.00,1410,20.00,1754,20.00,1686,5.00,1588,1.00,896,-3.00,4,1.45
2360,20.00,2663,19.00,3290,20.00,1838,20.00,1463,20.00,1454,4.00,2894,19.00,5839,-2.00,4699,2.00,1515,20.00,2017,20.00,2524,39.00,2479,3.00,1140,6.00,3753,3.00,1358,20.00,1020,20.00,1410,20.00,1754,19.00,1686,2.00,1588,-2.00,896,-11.00,4,1.53
2395,20.00,2663,21.00,3290,20.00,1838,20.00,1463,20.00,1454,3.00,2894,18.00,5839,-2.00,4699,3.00,1514,20.00,2024,20.00,2524,39.00,2483,2.00,1140,6.00,3753,3.00,1358,20.00,1020,20.00,1410,20.00,1754,20.00,1686,2.00,1588,-1.00,896,-4.00,4,1.69
2431,20.00,2663,19.00,3290,20.00,1838,20.00,1463,20.00,1454,5.00,2894,19.00,5839,-1.00,4699,4.00,1515,20.00,2028,20.00,2524,40.00,2487,2.00,1140,6.00,3753,3.00,1358,20.00,1020,20.00,1410,20.00,1754,20.00,1686,3.00,1588,-1.00,896,-1.00,4,1.69
2467,20.00,2663,20.00,3290,20.00,1838,20.00,1463,20.00,1454,5.00,2894,20.00,5839,-1.00,4699,3.00,1515,20.00,2032,20.00,2524,41.00,2490,3.00,1140,7.00,3753,1.00,1358,20.00,1020,20.00,1410,20.00,1754,21.00,1686,2.00,1588,-2.00,896,-4.00,4,1.85
2503,20.00,2663,20.00,3290,20.00,1838,20.00,1463,20.00,1454,5.00,2894,19.00,5839,-2.00,4699,2.00,1515,21.00,2035,20.00,2524,38.00,2492,2.00,1140,6.00,3753,2.00,1358,20.00,1020,20.00,1410,20.00,1754,20.00,1686,2.00,1588,0.00,896,-4.00,5,1.69
2539,20.00,2663,20.00,3290,20.00,1838,20.00,1463,20.00,1454,3.00,2894,19.00,5839,-1.00,4699,2.00,1515,20.00,2038,20.00,2524,40.00,2494,1.00,1140,6.00,3753,2.00,1358,19.00,1020,20.00,1410,20.00,1754,20.00,1686,3.00,1588,-1.00,896,-4.00,4,2.26
2574,20.00,2663,20.00,3290,20.00,1838,20.00,1463,19.00,1454,4.00,2894,19.00,5839,-2.00,4699,3.00,1515,21.00,2038,20.00,2524,40.00,2494,3.00,1140,6.00,3753,2.00,1358,20.00,1020,20.00,1410,20.00,1754,20.00,1686,2.00,1588,-1.00,896,-3.00,4,1.85
2610,20.00,2663,20.00,3290,19.00,1838,20.00,1463,20.00,1454,3.00,2894,19.00,5839,-2.00,4699,4.00,1515,20.00,2038,20.00,2524,40.00,2494,2.00,1140,6.00,3753,3.00,1358,20.00,1020,20.00,1410,20.00,1754,20.00,1686,2.00,1588,0.00,896,-3.00,4,1.94
2646,20.00,2663,20.00,3290,20.00,1838,20.00,1463,20.00,1454,3.00,2894,19.00,5839,-2.00,4699,2.00,1515,20.00,2038,21.00,2524,40.00,2494,2.00,1140,6.00,3753,2.00,1358,20.00,1020,20.00,1410,20.00,1754,20.00,1686,3.00,1588,-1.00,896,-4.00,4,2.02
2681,20.00,2663,20.00,3290,20.00,1838,20.00,1463,21.00,1454,5.00,2894,19.00,5839,-2.00,4699,4.00,1515,20.00,2038,20.00,2524,40.00,2494,1.00,1140,6.00,3753,3.00,1358,20.00,1020,19.00,1409,20.00,1754,20.00,1686,2.00,1588,0.00,896,-4.00,4,2.10
2717,20.00,2663,20.00,3290,21.00,1838,20.00,1463,21.00,1454,4.00,2894,19.00,5839,-1.00,4699,-1.00,1515,20.00,2038,20.00,2524,40.00,2494,2.00,1140,6.00,3753,1.00,1358,20.00,1020,20.00,1409,19.00,1754,20.00,1686,3.00,1588,-1.00,896,-4.00,4,2.10
2753,20.00,2663,20.00,3290,20.00,1838,20.00,1463,20.00,1454,3.00,2894,19.00,5839,-2.00,4699,5.00,1515,20.00,2038,20.00,2524,40.00,2494,1.00,1140,7.00,3753,1.00,1358,20.00,1020,20.00,1409,20.00,1754,20.00,1686,3.00,1588,-1.00,896,-5.00,4,2.18
2789,20.00,2663,20.00,3290,20.00,1838,20.00,1463,20.00,1454,4.00,2894,19.00,5839,-3.00,4699,4.00,1515,20.00,2038,20.00,2524,39.00,2494,1.00,1140,6.00,3753,3.00,1358,20.00,1020,20.00,1409,20.00,1754,19.00,1686,2.00,1588,0.00,896,-3.00,4,2.34
2825,20.00,2663,20.00,3290,20.00,1838,20.00,1463,20.00,1454,5.00,2894,19.00,5839,-3.00,4699,3.00,1515,20.00,2038,20.00,2524,39.00,2498,2.00,1140,6.00,3753,3.00,1358,20.00,1020,20.00,1409,19.00,1754,19.00,1686,4.00,1588,-1.00,896,-3.00,4,2.18
2860,20.00,2663,20.00,3290,21.00,1838,20.00,1463,21.00,1454,5.00,2894,19.00,5839,-2.00,4699,4.00,1515,20.00,2039,20.00,2525,40.00,2504,2.00,1140,6.00,3753,1.00,1358,20.00,1020,20.00,1409,20.00,1754,21.00,1686,5.00,1588,-1.00,896,-4.00,4,2.50
2896,20.00,2663,20.00,3290,20.00,1838,21.00,1463,20.00,1454,3.00,2894,19.00,5839,-2.00,4699,8.00,1515,19.00,2043,18.00,2528,41.00,2510,2.00,1140,4.00,3753,1.00,1358,20.00,1020,20.00,1409,20.00,1754,20.00,1686,4.00,1588,0.00,896,-2.00,4,2.58
2932,19.00,2663,20.00,3290,20.00,1838,20.00,1463,20.00,1454,4.00,2894,19.00,5839,-2.00,4699,4.00,1515,20.00,2049,20.00,2531,41.00,2514,4.00,1140,6.00,3753,2.00,1358,20.00,1020,21.00,1409,20.00,1754,20.00,1686,1.00,1588,-1.00,896,-3.00,4,2.50
2968,21.00,2663,20.00,3290,20.00,1838,20.00,1463,19.00,1454,4.00,2894,18.00,5839,-1.00,4699,3.00,1515,20.00,2055,21.00,2534,40.00,2518,1.00,1140,6.00,3753,2.00,1358,20.00,1020,20.00,1407,20.00,1754,19.00,1686,3.00,1588,-1.00,896,-4.00,4,2.58
3003,21.00,2663,20.00,3290,20.00,1838,20.00,1463,20.00,1454,5.00,2894,19.00,5839,-2.00,4699,3.00,1515,20.00,2062,20.00,2537,39.00,2521,4.00,1140,5.00,3753,2.00,1358,20.00,1020,21.00,1407,20.00,1754,20.00,1686,2.00,1588,-1.00,896,-4.00,4,2.82
3039,20.00,2663,20.00,3290,20.00,1838,20.00,1463,20.00,1454,3.00,2894,19.00,5839,-2.00,4699,3.00,1515,20.00,2069,20.00,2538,39.00,2525,4.00,1140,6.00,3753,3.00,1358,20.00,1020,19.00,1407,20.00,1754,20.00,1686,4.00,1588,-2.00,896,-3.00,4,2.66
3075,20.00,2663,20.00,3290,20.00,1838,20.00,1463,20.00,1454,3.00,2894,19.00,5839,-2.00,4699,5.00,1515,20.00,2075,21.00,2538,40.00,2531,3.00,1140,6.00,3753,1.00,1358,20.00,1020,20.00,1407,20.00,1754,20.00,1686,2.00,1588,-1.00,896,-2.00,4,2.82
3111,21.00,2663,20.00,3290,20.00,1838,20.00,1463,20.00,1454,3.00,2894,19.00,5839,-2.00,4699,1.00,1515,20.00,2079,20.00,2538,40.00,2535,2.00,1140,6.00,3753,4.00,1358,20.00,1020,21.00,1407,20.00,1754,20.00,1686,3.00,1588,-1.00,896,-2.00,4,2.98
3147,20.00,2663,20.00,3290,20.00,1838,20.00,1463,20.00,1454,5.00,2894,20.00,5839,-2.00,4699,2.00,1515,20.00,2083,20.00,2538,41.00,2539,2.00,1140,6.00,3753,1.00,1358,20.00,1020,20.00,1407,20.00,1754,20.00,1686,4.00,1588,0.00,896,-2.00,5,2.90
3183,20.00,2663,20.00,3290,19.00,1838,20.00,1463,20.00,1454,5.00,2894,19.00,5839,-2.00,4699,11.00,1515,20.00,2087,20.00,2538,41.00,2543,1.00,1140,6.00,3753,2.00,1358,20.00,1020,20.00,1407,19.00,1755,20.00,1686,5.00,1588,-1.00,896,-5.00,4,3.06
3218,20.00,2663,20.00,3290,20.00,1838,20.00,1462,21.00,1454,4.00,2894,19.00,5839,-2.00,4699,4.00,1515,20.00,2091,20.00,2538,41.00,2548,2.00,1140,6.00,3753,3.00,1358,20.00,1020,20.00,1406,19.00,1759,20.00,1686,1.00,1588,-1.00,896,6.00,4,3.31
3254,20.00,2663,20.00,3290,20.00,1838,20.00,1462,20.00,1454,5.00,2894,19.00,5839,-2.00,4699,3.00,1515,20.00,2094,20.00,2538,40.00,2552,3.00,1140,6.00,3753,3.00,1358,20.00,1019,20.00,1406,19.00,1763,20.00,1686,2.00,1588,-1.00,896,-2.00,4,3.31
3290,20.00,2663,20.00,3290,19.00,1838,20.00,1462,20.00,1454,4.00,2894,20.00,5839,-2.00,4699,1.00,1515,20.00,2097,20.00,2538,40.00,2556,1.00,1140,6.00,3753,3.00,1358,19.00,1020,20.00,1406,21.00,1766,20.00,1686,4.00,1588,0.00,896,-4.00,4,3.15
3325,19.00,2663,20.00,3290,21.00,1838,20.00,1462,20.00,1454,3.00,2894,19.00,5839,-2.00,4699,1.00,1515,20.00,2100,20.00,2538,40.00,2558,1.00,1140,6.00,3753,1.00,1358,20.00,1019,18.00,1406,21.00,1768,20.00,1686,1.00,1588,-1.00,896,-2.00,4,3.39
3361,20.00,2663,20.00,3290,20.00,1838,20.00,1462,19.00,1454,5.00,2894,19.00,5839,-3.00,4699,10.00,1515,19.00,2103,20.00,2538,39.00,2561,3.00,1140,6.00,3753,1.00,1358,20.00,1019,20.00,1406,21.00,1768,21.00,1686,2.00,1588,-1.00,896,-3.00,4,3.71
3397,20.00,2663,20.00,3289,20.00,1838,20.00,1462,20.00,1454,4.00,2894,19.00,5839,-2.00,4699,2.00,1515,20.00,2106,20.00,2538,41.00,2561,2.00,1140,6.00,3753,4.00,1358,20.00,1019,20.00,1406,21.00,1768,20.00,1686,4.00,1588,-1.00,896,-2.00,4,3.31
3433,20.00,2663,19.00,3290,20.00,1838,20.00,1462,20.00,1454,3.00,2894,19.00,5839,-2.00,4699,4.00,1514,20.00,2110,20.00,2538,40.00,2561,1.00,1140,6.00,3753,4.00,1358,20.00,1019,20.00,1405,20.00,1768,20.00,1686,2.00,1588,-1.00,896,-3.00,4,3.47
3468,20.00,2663,21.00,3290,21.00,1838,20.00,1462,19.00,1454,5.00,2894,19.00,5839,-2.00,4699,-1.00,1515,20.00,2115,21.00,2538,40.00,2561,3.00,1140,6.00,3753,3.00,1358,20.00,1019,21.00,1406,20.00,1768,20.00,1686,3.00,1588,-2.00,896,-4.00,4,3.39
3504,20.00,2663,20.00,3290,20.00,1838,20.00,1462,20.00,1454,3.00,2894,19.00,5839,-2.00,4699,9.00,1515,20.00,2119,20.00,2538,40.00,2565,2.00,1140,5.00,3753,3.00,1358,20.00,1019,20.00,1405,20.00,1768,20.00,1686,2.00,1588,-1.00,896,-3.00,4,3.39
3540,21.00,2663,20.00,3290,20.00,1838,19.00,1462,20.00,1454,4.00,2894,19.00,5839,-2.00,4699,0.00,1515,20.00,2123,20.00,2538,39.00,2570,2.00,1140,6.00,3753,0.00,1358,20.00,1019,20.00,1405,20.00,1768,20.00,1686,2.00,1588,-1.00,896,-1.00,4,3.63
3576,20.00,2663,20.00,3290,20.00,1838,20.00,1462,20.00,1454,4.00,2894,19.00,5839,-2.00,4699,11.00,1515,20.00,2126,20.00,2538,39.00,2575,2.00,1140,6.00,3753,2.00,1358,20.00,1019,19.00,1405,20.00,1768,19.00,1686,4.00,1588,-1.00,896,-4.00,4,3.63
3611,20.00,2663,20.00,3289,19.00,1838,20.00,1462,20.00,1454,5.00,2894,19.00,5839,-2.00,4699,1.00,1515,20.00,2129,20.00,2538,40.00,2581,3.00,1140,4.00,3753,1.00,1358,20.00,1019,21.00,1405,20.00,1768,20.00,1686,1.00,1588,-1.00,896,-4.00,4,3.71
3647,20.00,2663,20.00,3289,20.00,1838,20.00,1462,20.00,1454,3.00,2894,19.00,5839,-2.00,4699,9.00,1514,20.00,2132,20.00,2538,40.00,2585,3.00,1140,6.00,3753,2.00,1358,20.00,1019,19.00,1405,20.00,1768,20.00,1686,4.00,1588,-1.00,896,-4.00,4,3.71
3683,20.00,2663,20.00,3290,20.00,1838,20.00,1462,20.00,1454,5.00,2894,19.00,5839,-2.00,4699,4.00,1514,20.00,2134,20.00,2538,41.00,2588,4.00,1140,7.00,3753,1.00,1358,20.00,1019,20.00,1404,21.00,1768,20.00,1686,2.00,1588,-1.00,896,-1.00,4,3.55
3719,20.00,2663,20.00,3290,20.00,1837,20.00,1462,20.00,1453,3.00,2894,18.00,5839,-1.00,4699,2.00,1514,19.00,2137,20.00,2538,41.00,2589,3.00,1140,6.00,3753,3.00,1358,20.00,1019,21.00,1405,20.00,1768,20.00,1686,5.00,1588,-1.00,896,-4.00,4,3.79
3755,20.00,2663,20.00,3290,20.00,1837,20.00,1462,20.00,1453,4.00,2894,19.00,5839,-2.00,4699,7.00,1515,20.00,2140,20.00,2538,41.00,2589,1.00,1140,6.00,3753,1.00,1358,20.00,1019,20.00,1404,19.00,1768,20.00,1686,2.00,1588,-1.00,896,-1.00,4,3.71
3790,20.00,2663,21.00,3290,20.00,1837,20.00,1462,20.00,1453,3.00,2894,20.00,5839,-3.00,4699,4.00,1515,19.00,2144,20.00,2539,40.00,2589,1.00,1140,6.00,3753,4.00,1358,21.00,1019,20.00,1404,20.00,1768,20.00,1686,2.00,1588,-1.00,896,0.00,4,3.87
3826,20.00,2663,20.00,3290,20.00,1837,20.00,1462,21.00,1453,3.00,2894,19.00,5839,-2.00,4699,3.00,1515,21.00,2147,21.00,2538,40.00,2590,2.00,1140,6.00,3753,2.00,1358,20.00,1019,20.00,1404,20.00,1768,20.00,1686,3.00,1588,-1.00,896,-4.00,4,4.11
3862,20.00,2663,20.00,3290,20.00,1837,20.00,1462,20.00,1453,5.00,2894,19.00,5839,-2.00,4699,6.00,1515,21.00,2150,20.00,2538,40.00,2589,2.00,1140,7.00,3753,2.00,1358,20.00,1019,20.00,1404,19.00,1768,20.00,1686,5.00,1588,-1.00,896,-2.00,4,3.87
3898,21.00,2663,20.00,3290,21.00,1837,20.00,1462,20.00,1453,3.00,2894,19.00,5839,-2.00,4699,6.00,1515,21.00,2152,21.00,2538,40.00,2590,2.00,1140,6.00,3753,3.00,1358,20.00,1019,20.00,1404,20.00,1768,20.00,1686,4.00,1588,-1.00,896,-2.00,4,3.79
3933,20.00,2663,20.00,3290,20.00,1837,20.00,1462,20.00,1453,5.00,2894,19.00,5839,-3.00,4699,-4.00,1515,21.00,2153,20.00,2538,40.00,2590,4.00,1140,6.00,3753,2.00,1358,20.00,1019,20.00,1404,20.00,1768,20.00,1686,3.00,1588,-1.00,896,-2.00,4,3.95
3969,20.00,2663,20.00,3290,21.00,1837,20.00,1462,20.00,1453,5.00,2894,19.00,5839,-1.00,4699,3.00,1514,20.00,2153,20.00,2538,40.00,2590,-5.00,1140,6.00,3753,2.00,1358,20.00,1019,20.00,1404,20.00,1768,20.00,1686,3.00,1588,-1.00,896,-2.00,4,3.95
4005,20.00,2663,20.00,3289,20.00,1837,20.00,1462,20.00,1453,4.00,2894,19.00,5839,-2.00,4699,7.00,1514,20.00,2153,20.00,2538,41.00,2590,4.00,1140,6.00,3753,1.00,1358,20.00,1019,20.00,1404,20.00,1768,20.00,1686,2.00,1588,-1.00,896,-3.00,4,4.03
4041,20.00,2663,20.00,3290,20.00,1837,20.00,1462,20.00,1453,5.00,2894,19.00,5839,-1.00,4699,3.00,1514,20.00,2153,20.00,2538,40.00,2596,6.00,1140,6.00,3753,1.00,1358,19.00,1019,20.00,1404,20.00,1768,21.00,1686,3.00,1588,-2.00,896,-4.00,4,4.03
4076,20.00,2663,20.00,3289,20.00,1837,20.00,1462,19.00,1453,4.00,2894,19.00,5839,-2.00,4699,6.00,1514,20.00,2153,20.00,2538,38.00,2605,3.00,1140,6.00,3753,1.00,1358,20.00,1019,20.00,1404,20.00,1768,20.00,1686,3.00,1588,0.00,896,-5.00,4,4.11
4112,20.00,2663,19.00,3289,20.00,1837,20.00,1462,19.00,1453,5.00,2894,19.00,5839,-2.00,4699,5.00,1514,20.00,2153,20.00,2538,40.00,2614,5.00,1140,6.00,3753,3.00,1358,20.00,1019,20.00,1404,20.00,1768,21.00,1686,4.00,1588,0.00,896,-3.00,4,4.03
4148,20.00,2663,20.00,3290,20.00,1837,20.00,1462,20.00,1453,5.00,2894,19.00,5839,-2.00,4699,4.00,1514,20.00,2153,20.00,2538,41.00,2621,-5.00,1140,6.00,3753,1.00,1358,20.00,1018,20.00,1404,20.00,1768,20.00,1686,3.00,1588,-1.00,896,-3.00,4,4.03
4183,19.00,2663,20.00,3290,20.00,1837,20.00,1462,20.00,1453,4.00,2894,19.00,5839,-3.00,4699,5.00,1514,20.00,2153,20.00,2538,40.00,2628,-3.00,1141,6.00,3753,3.00,1358,20.00,1018,19.00,1404,20.00,1768,20.00,1686,3.00,1588,-1.00,896,-2.00,4,4.11
4219,21.00,2663,20.00,3289,20.00,1837,20.00,1462,20.00,1453,4.00,2894,19.00,5839,-3.00,4699,4.00,1514,19.00,2154,20.00,2538,41.00,2634,4.00,1141,6.00,3753,3.00,1358,20.00,1018,20.00,1404,20.00,1768,20.00,1686,3.00,1588,-1.00,896,-4.00,4,4.19
4255,19.00,2663,20.00,3290,20.00,1837,20.00,1462,20.00,1453,4.00,2894,19.00,5839,-3.00,4699,5.00,1514,19.00,2158,20.00,2538,40.00,2638,-1.00,1141,6.00,3753,1.00,1358,20.00,1018,20.00,1403,21.00,1768,20.00,1686,4.00,1588,-2.00,896,-3.00,4,4.11
4291,20.00,2663,20.00,3289,20.00,1837,20.00,1462,21.00,1453,4.00,2894,19.00,5839,-3.00,4699,9.00,1514,19.00,2165,20.00,2538,41.00,2641,2.00,1141,6.00,3753,2.00,1358,20.00,1018,20.00,1403,20.00,1768,20.00,1686,2.00,1588,-1.00,896,-3.00,5,4.19
4326,19.00,2662,19.00,3289,19.00,1837,20.00,1462,20.00,1453,5.00,2894,19.00,5839,-2.00,4699,5.00,1514,19.00,2171,19.00,2538,40.00,2644,1.00,1141,7.00,3753,2.00,1358,20.00,1018,20.00,1403,20.00,1768,21.00,1686,2.00,1588,-2.00,896,-3.00,4,4.35
4362,20.00,2662,21.00,3289,20.00,1837,20.00,1462,20.00,1453,3.00,2894,19.00,5839,-2.00,4699,4.00,1514,20.00,2178,20.00,2538,39.00,2647,1.00,1141,6.00,3753,4.00,1358,20.00,1018,20.00,1403,20.00,1768,20.00,1686,2.00,1588,0.00,896,-4.00,4,4.52
4398,20.00,2663,20.00,3289,20.00,1837,19.00,1462,20.00,1453,5.00,2894,18.00,5839,-2.00,4699,3.00,1514,20.00,2182,20.00,2538,40.00,2650,1.00,1141,6.00,3753,1.00,1358,20.00,1018,19.00,1403,20.00,1768,20.00,1686,2.00,1588,-1.00,896,-1.00,4,4.19
4434,21.00,2663,20.00,3290,20.00,1837,20.00,1462,20.00,1453,4.00,2894,20.00,5839,-2.00,4699,4.00,1514,21.00,2186,20.00,2538,40.00,2655,2.00,1141,6.00,3753,1.00,1358,20.00,1018,20.00,1403,20.00,1768,19.00,1686,5.00,1588,-1.00,896,-3.00,4,4.27
4469,21.00,2663,20.00,3290,20.00,1837,20.00,1462,19.00,1453,3.00,2894,19.00,5839,-1.00,4699,4.00,1514,20.00,2188,20.00,2539,40.00,2659,2.00,1141,6.00,3753,3.00,1358,20.00,1018,20.00,1403,20.00,1768,20.00,1686,3.00,1588,-1.00,896,-3.00,4,4.35
4505,20.00,2663,21.00,3289,20.00,1836,20.00,1462,20.00,1453,5.00,2894,19.00,5839,-3.00,4699,5.00,1514,19.00,2191,20.00,2539,41.00,2661,0.00,1141,6.00,3753,2.00,1358,20.00,1018,20.00,1403,19.00,1768,20.00,1686,4.00,1588,0.00,896,-3.00,4,4.35
4541,20.00,2663,20.00,3289,20.00,1836,20.00,1462,20.00,1453,4.00,2894,19.00,5839,-2.00,4699,-5.00,1514,20.00,2194,20.00,2539,41.00,2664,1.00,1141,7.00,3753,3.00,1358,19.00,1018,20.00,1403,20.00,1768,20.00,1688,1.00,1588,-1.00,896,-3.00,4,4.35
4576,20.00,2663,20.00,3290,20.00,1836,19.00,1462,20.00,1453,4.00,2894,19.00,5839,-2.00,4699,4.00,1514,21.00,2196,20.00,2539,41.00,2665,0.00,1141,5.00,3753,0.00,1358,20.00,1018,20.00,1403,20.00,1768,20.00,1692,3.00,1588,-1.00,896,-4.00,4,4.44
4612,20.00,2662,20.00,3289,20.00,1837,20.00,1462,20.00,1453,4.00,2894,19.00,5839,-2.00,4699,3.00,1514,20.00,2196,21.00,2539,40.00,2665,1.00,1141,7.00,3753,1.00,1358,19.00,1018,20.00,1403,20.00,1768,20.00,1696,1.00,1588,0.00,896,-2.00,4,3.95
4648,20.00,2662,21.00,3289,20.00,1836,20.00,1462,20.00,1453,4.00,2894,19.00,5839,-2.00,4699,4.00,1514,20.00,2196,21.00,2539,40.00,2665,0.00,1141,6.00,3753,3.00,1358,20.00,1018,20.00,1403,20.00,1768,20.00,1701,4.00,1588,0.00,896,-2.00,4,4.27
4684,22.00,2663,20.00,3289,20.00,1837,20.00,1462,20.00,1453,3.00,2894,19.00,5839,-2.00,4699,5.00,1514,20.00,2196,20.00,2539,40.00,2665,1.00,1141,6.00,3753,2.00,1358,20.00,1018,20.00,1403,20.00,1768,20.00,1704,5.00,1588,-1.00,896,-2.00,4,4.03
4719,20.00,2662,20.00,3289,20.00,1837,20.00,1462,20.00,1453,4.00,2894,19.00,5839,-1.00,4699,5.00,1514,20.00,2196,19.00,2543,40.00,2665,0.00,1141,5.00,3753,2.00,1358,20.00,1018,20.00,1403,20.00,1768,20.00,1706,4.00,1588,-1.00,896,-4.00,4,3.95
4755,20.00,2662,20.00,3289,20.00,1836,19.00,1462,20.00,1453,4.00,2894,19.00,5839,-3.00,4699,5.00,1514,20.00,2196,20.00,2549,40.00,2665,2.00,1141,6.00,3753,1.00,1358,20.00,1018,20.00,1403,21.00,1768,22.00,1707,4.00,1588,-2.00,896,-3.00,4,4.03
4791,21.00,2663,20.00,3290,20.00,1836,20.00,1462,20.00,1453,5.00,2894,19.00,5839,-2.00,4699,5.00,1514,20.00,2196,19.00,2554,40.00,2665,1.00,1141,7.00,3753,1.00,1358,20.00,1018,20.00,1403,21.00,1768,20.00,1709,4.00,1588,0.00,896,-3.00,4,3.87
4826,21.00,2662,20.00,3289,20.00,1837,20.00,1462,20.00,1453,4.00,2894,19.00,5839,-3.00,4699,5.00,1514,20.00,2196,20.00,2559,40.00,2665,0.00,1141,6.00,3753,1.00,1358,21.00,1018,19.00,1403,20.00,1768,21.00,1709,2.00,1588,-1.00,896,-5.00,4,3.39
4862,21.00,2662,20.00,3290,20.00,1836,21.00,1462,20.00,1453,3.00,2894,19.00,5839,-2.00,4699,4.00,1514,20.00,2196,21.00,2564,40.00,2665,0.00,1141,6.00,3753,2.00,1358,20.00,1018,20.00,1403,20.00,1768,21.00,1709,3.00,1588,-1.00,896,-4.00,4,3.79
4898,20.00,2663,20.00,3289,20.00,1836,19.00,1462,20.00,1453,3.00,2894,19.00,5839,-1.00,4699,5.00,1514,20.00,2196,20.00,2567,39.00,2665,1.00,1141,6.00,3753,2.00,1358,20.00,1018,20.00,1403,20.00,1768,20.00,1709,2.00,1588,-1.00,896,-3.00,4,3.87
4934,19.00,2662,21.00,3289,20.00,1836,20.00,1462,20.00,1453,5.00,2894,18.00,5839,-1.00,4699,5.00,1514,21.00,2196,20.00,2567,40.00,2665,1.00,1141,7.00,3753,3.00,1358,20.00,1018,20.00,1403,19.00,1769,20.00,1709,2.00,1588,-1.00,896,-3.00,4,3.63
4969,20.00,2662,19.00,3289,21.00,1837,20.00,1462,20.00,1453,3.00,2894,19.00,5839,-2.00,4699,2.00,1514,20.00,2196,21.00,2567,40.00,2665,2.00,1141,7.00,3753,4.00,1358,20.00,1018,20.00,1403,20.00,1768,20.00,1709,2.00,1588,-1.00,896,-3.00,4,3.47
5005,21.00,2662,20.00,3289,20.00,1837,20.00,1462,20.00,1453,5.00,2894,19.00,5839,-2.00,4699,3.00,1514,20.00,2196,20.00,2567,39.00,2665,0.00,1141,6.00,3753,3.00,1358,20.00,1018,20.00,1403,20.00,1768,20.00,1709,2.00,1588,-1.00,896,-4.00,4,3.31
5041,21.00,2662,20.00,3289,19.00,1836,20.00,1462,20.00,1453,3.00,2894,19.00,5839,-2.00,4699,5.00,1514,20.00,2196,20.00,2567,40.00,2665,2.00,1141,7.00,3753,3.00,1358,20.00,1018,20.00,1403,20.00,1768,20.00,1709,-9.00,1588,-1.00,896,-2.00,4,3.23
5077,20.00,2663,20.00,3289,19.00,1836,20.00,1462,20.00,1453,4.00,2894,19.00,5839,-3.00,4699,2.00,1514,20.00,2196,20.00,2567,40.00,2665,1.00,1141,4.00,3753,2.00,1358,20.00,1018,20.00,1403,21.00,1769,20.00,1709,5.00,1588,-1.00,896,-2.00,4,2.98
5112,20.00,2662,20.00,3289,20.00,1836,20.00,1462,21.00,1453,5.00,2894,19.00,5839,-2.00,4699,4.00,1514,20.00,2196,20.00,2567,40.00,2665,1.00,1141,7.00,3753,2.00,1358,20.00,1018,20.00,1403,20.00,1768,20.00,1709,5.00,1588,-1.00,896,-3.00,4,2.82
5148,20.00,2663,20.00,3290,19.00,1836,20.00,1462,20.00,1453,4.00,2894,19.00,5839,-2.00,4699,-8.00,1514,20.00,2196,20.00,2567,40.00,2665,1.00,1141,7.00,3753,0.00,1358,20.00,1018,20.00,1403,21.00,1768,20.00,1709,4.00,1588,-1.00,896,-4.00,4,2.58
5184,20.00,2663,20.00,3289,19.00,1836,20.00,1462,20.00,1453,5.00,2894,19.00,5839,-2.00,4699,5.00,1514,20.00,2196,20.00,2567,40.00,2665,1.00,1141,6.00,3753,2.00,1358,20.00,1018,20.00,1403,20.00,1768,20.00,1709,4.00,1588,-1.00,896,-4.00,4,2.50
5219,19.00,2663,20.00,3289,20.00,1837,20.00,1462,20.00,1453,4.00,2894,19.00,5839,-2.00,4699,5.00,1514,20.00,2196,21.00,2567,40.00,2665,0.00,1141,4.00,3753,2.00,1358,20.00,1018,20.00,1403,19.00,1768,20.00,1709,2.00,1588,-1.00,896,-3.00,4,1.94
5255,20.00,2662,19.00,3290,20.00,1836,20.00,1462,20.00,1453,5.00,2894,19.00,5839,-3.00,4699,6.00,1514,20.00,2196,20.00,2567,40.00,2665,1.00,1141,6.00,3753,2.00,1358,20.00,1018,20.00,1403,20.00,1768,20.00,1709,2.00,1588,-1.00,896,-5.00,4,2.18
5291,21.00,2663,19.00,3289,20.00,1836,20.00,1462,20.00,1453,4.00,2894,19.00,5839,-2.00,4699,2.00,1514,20.00,2196,20.00,2567,41.00,2665,1.00,1141,6.00,3753,4.00,1358,20.00,1018,20.00,1403,20.00,1768,20.00,1709,3.00,1588,-1.00,896,-5.00,4,1.94
5327,20.00,2663,21.00,3289,20.00,1837,20.00,1462,20.00,1453,4.00,2894,19.00,5839,-2.00,4699,4.00,1514,20.00,2196,20.00,2567,40.00,2665,0.00,1141,4.00,3753,3.00,1358,20.00,1018,20.00,1403,20.00,1768,19.00,1709,4.00,1588,-2.00,896,-4.00,4,1.85
5362,20.00,2662,20.00,3290,20.00,1836,19.00,1462,20.00,1453,4.00,2894,18.00,5839,-2.00,4699,-2.00,1514,20.00,2196,20.00,2567,39.00,2665,1.00,1141,6.00,3753,1.00,1358,20.00,1018,20.00,1404,20.00,1768,20.00,1709,4.00,1588,-1.00,896,-3.00,4,1.53
5398,20.00,2663,20.00,3289,20.00,1836,20.00,1462,20.00,1453,3.00,2894,19.00,5839,-2.00,4699,4.00,1514,20.00,2196,19.00,2567,40.00,2665,1.00,1141,7.00,3753,1.00,1358,20.00,1018,21.00,1404,20.00,1768,20.00,1709,4.00,1588,-1.00,896,-4.00,4,1.29
5434,20.00,2663,20.00,3289,20.00,1836,20.00,1462,20.00,1453,3.00,2894,19.00,5839,-2.00,4699,4.00,1514,20.00,2196,20.00,2567,40.00,2665,1.00,1141,6.00,3753,2.00,1358,20.00,1018,20.00,1404,20.00,1768,21.00,1710,4.00,1588,-1.00,896,-3.00,5,1.29
5469,20.00,2663,20.00,3290,20.00,1836,20.00,1462,20.00,1453,5.00,2894,19.00,5839,-1.00,4699,-6.00,1514,20.00,2196,20.00,2567,39.00,2665,1.00,1141,6.00,3753,2.00,1358,21.00,1018,20.00,1404,20.00,1768,19.00,1715,4.00,1588,-1.00,896,-3.00,4,0.81
5505,20.00,2663,20.00,3289,20.00,1836,20.00,1462,20.00,1453,4.00,2894,19.00,5839,-2.00,4699,-4.00,1515,20.00,2196,20.00,2567,40.00,2665,2.00,1141,6.00,3753,2.00,1358,20.00,1018,20.00,1404,21.00,1768,20.00,1722,4.00,1588,-1.00,896,-1.00,4,0.56
5541,20.00,2662,21.00,3289,20.00,1836,20.00,1462,20.00,1453,5.00,2894,18.00,5839,-2.00,4699,6.00,1515,20.00,2196,20.00,2567,40.00,2665,2.00,1141,6.00,3753,3.00,1358,20.00,1018,20.00,1405,19.00,1768,20.00,1731,1.00,1588,-1.00,896,-3.00,4,0.24
5577,20.00,2663,20.00,3289,20.00,1836,20.00,1463,20.00,1453,4.00,2894,19.00,5839,-2.00,4699,1.00,1515,20.00,2196,20.00,2567,40.00,2665,2.00,1141,6.00,3753,4.00,1358,20.00,1018,20.00,1405,20.00,1768,19.00,1739,4.00,1588,0.00,896,-7.00,4,0.40
5613,19.00,2663,20.00,3290,20.00,1836,20.00,1463,22.00,1453,5.00,2894,19.00,5839,-2.00,4699,3.00,1515,20.00,2196,21.00,2567,40.00,2665,0.00,1141,6.00,3753,2.00,1358,19.00,1019,20.00,1405,20.00,1768,20.00,1747,4.00,1588,0.00,896,-2.00,4,0.24
5648,20.00,2663,19.00,3290,20.00,1836,20.00,1463,20.00,1453,4.00,2894,19.00,5839,-2.00,4699,3.00,1515,21.00,2196,20.00,2567,40.00,2665,1.00,1141,5.00,3753,2.00,1358,20.00,1019,20.00,1406,19.00,1768,20.00,1755,3.00,1588,-1.00,896,-2.00,4,0.08
5684,21.00,2663,20.00,3290,20.00,1836,20.00,1463,20.00,1453,4.00,2894,19.00,5839,-2.00,4699,5.00,1514,21.00,2196,20.00,2567,40.00,2665,1.00,1141,5.00,3753,0.00,1358,20.00,1019,21.00,1406,20.00,1768,20.00,1761,4.00,1588,0.00,896,-2.00,4,0.32
5720,21.00,2663,19.00,3290,20.00,1836,20.00,1463,20.00,1453,4.00,2894,19.00,5839,-1.00,4699,10.00,1515,20.00,2196,19.00,2570,40.00,2665,0.00,1141,6.00,3753,3.00,1358,20.00,1019,20.00,1406,20.00,1768,20.00,1766,3.00,1588,0.00,896,-7.00,4,0.08
5756,20.00,2663,21.00,3290,20.00,1836,20.00,1463,20.00,1453,4.00,2894,20.00,5839,-2.00,4699,3.00,1515,20.00,2196,19.00,2576,40.00,2665,-5.00,1141,5.00,3753,3.00,1358,20.00,1019,19.00,1406,20.00,1768,21.00,1770,2.00,1588,-1.00,896,-5.00,4,0.08
5791,20.00,2663,19.00,3290,21.00,1836,20.00,1463,20.00,1453,3.00,2894,19.00,5839,-1.00,4699,2.00,1515,20.00,2196,20.00,2582,40.00,2665,0.00,1141,5.00,3753,1.00,1358,20.00,1019,20.00,1406,20.00,1768,21.00,1770,4.00,1588,-1.00,896,-4.00,4,0.00
5827,20.00,2663,20.00,3290,20.00,1836,20.00,1463,20.00,1453,5.00,2894,18.00,5839,-2.00,4699,1.00,1515,20.00,2196,20.00,2587,40.00,2665,-2.00,1141,5.00,3753,2.00,1358,20.00,1019,20.00,1406,20.00,1768,20.00,1770,2.00,1588,-1.00,896,-4.00,4,0.00
5863,19.00,2663,20.00,3290,21.00,1836,21.00,1463,20.00,1453,4.00,2894,19.00,5839,-2.00,4699,3.00,1515,20.00,2196,21.00,2592,40.00,2665,1.00,1141,4.00,3753,2.00,1358,20.00,1019,20.00,1406,20.00,1768,20.00,1771,4.00,1588,-1.00,896,-4.00,5,0.16
5899,20.00,2663,20.00,3290,20.00,1836,20.00,1463,20.00,1453,4.00,2894,19.00,5839,-2.00,4699,1.00,1515,20.00,2196,20.00,2595,40.00,2665,1.00,1141,6.00,3753,1.00,1358,20.00,1019,20.00,1406,20.00,1768,20.00,1771,5.00,1588,-1.00,896,-6.00,4,0.08
5934,20.00,2663,20.00,3290,20.00,1836,20.00,1463,20.00,1453,4.00,2894,19.00,5839,-2.00,4699,4.00,1515,20.00,2196,20.00,2595,41.00,2665,10.00,1140,6.00,3753,0.00,1358,20.00,1019,20.00,1406,20.00,1768,20.00,1771,5.00,1588,-1.00,896,-3.00,4,0.08
5970,20.00,2663,20.00,3290,20.00,1836,20.00,1463,20.00,1453,4.00,2894,18.00,5839,-3.00,4699,2.00,1515,20.00,2196,21.00,2595,40.00,2665,1.00,1140,7.00,3753,2.00,1358,20.00,1019,20.00,1406,20.00,1768,20.00,1770,3.00,1588,-2.00,896,-1.00,4,0.00
6006,20.00,2663,20.00,3290,20.00,1836,20.00,1463,19.00,1453,5.00,2894,18.00,5839,-2.00,4699,2.00,1515,20.00,2196,20.00,2595,40.00,2665,7.00,1140,6.00,3753,3.00,1358,20.00,1019,20.00,1406,20.00,1768,19.00,1771,2.00,1588,-2.00,896,-4.00,4,0.08
6042,20.00,2663,20.00,3290,20.00,1836,20.00,1463,20.00,1453,4.00,2894,19.00,5839,-2.00,4699,4.00,1515,20.00,2196,20.00,2595,40.00,2665,4.00,1141,6.00,3753,1.00,1358,20.00,1019,20.00,1406,20.00,1768,20.00,1771,2.00,1588,-2.00,896,-3.00,4,0.08
6078,20.00,2663,21.00,3290,20.00,1836,21.00,1463,20.00,1453,4.00,2894,19.00,5839,-2.00,4699,4.00,1515,20.00,2196,21.00,2595,40.00,2665,2.00,1140,6.00,3753,2.00,1358,20.00,1019,20.00,1406,20.00,1768,20.00,1771,3.00,1588,0.00,896,-3.00,4,0.08
6113,19.00,2663,20.00,3290,20.00,1836,21.00,1463,20.00,1453,4.00,2894,19.00,5839,-2.00,4699,4.00,1515,21.00,2196,20.00,2595,40.00,2665,-6.00,1140,6.00,3753,2.00,1358,20.00,1019,20.00,1406,20.00,1769,19.00,1771,4.00,1588,-2.00,896,-5.00,4,0.16
6149,20.00,2663,20.00,3290,20.00,1836,20.00,1463,20.00,1453,3.00,2894,19.00,5839,-2.00,4699,4.00,1515,20.00,2196,20.00,2595,40.00,2665,-2.00,1140,6.00,3753,1.00,1358,20.00,1019,20.00,1406,20.00,1768,20.00,1771,2.00,1588,-2.00,896,-5.00,4,0.00
6185,20.00,2663,20.00,3290,20.00,1836,21.00,1463,20.00,1453,5.00,2894,19.00,5839,-1.00,4699,3.00,1515,20.00,2196,20.00,2595,40.00,2665,4.00,1140,6.00,3753,2.00,1358,19.00,1019,20.00,1406,20.00,1768,20.00,1771,3.00,1588,-1.00,896,-4.00,5,0.16
6221,20.00,2663,20.00,3290,20.00,1836,20.00,1463,20.00,1453,4.00,2894,19.00,5839,-2.00,4699,4.00,1515,20.00,2196,20.00,2595,40.00,2665,4.00,1140,6.00,3753,2.00,1358,20.00,1019,20.00,1406,20.00,1768,20.00,1771,1.00,1588,-2.00,896,-3.00,4,0.24
6257,20.00,2663,20.00,3290,19.00,1836,20.00,1463,20.00,1454,4.00,2894,19.00,5839,-3.00,4699,-5.00,1515,20.00,2196,20.00,2595,40.00,2665,3.00,1140,7.00,3753,1.00,1358,21.00,1019,20.00,1406,20.00,1768,20.00,1771,3.00,1588,-1.00,896,-3.00,4,0.24
6292,21.00,2663,20.00,3290,20.00,1836,20.00,1463,20.00,1453,5.00,2894,18.00,5839,-2.00,4699,2.00,1515,20.00,2196,20.00,2595,40.00,2665,4.00,1140,6.00,3753,1.00,1358,20.00,1019,20.00,1406,20.00,1768,20.00,1771,4.00,1588,-1.00,896,-2.00,5,0.08
6328,20.00,2663,20.00,3290,20.00,1836,20.00,1463,20.00,1454,5.00,2894,19.00,5839,-2.00,4699,2.00,1515,20.00,2196,20.00,2595,40.00,2665,0.00,1140,4.00,3753,3.00,1358,20.00,1019,20.00,1406,20.00,1768,20.00,1771,3.00,1588,-1.00,896,-3.00,4,0.16
6364,21.00,2663,20.00,3290,20.00,1836,20.00,1463,20.00,1453,4.00,2894,19.00,5839,-1.00,4699,3.00,1515,20.00,2196,20.00,2595,39.00,2665,2.00,1140,6.00,3753,2.00,1358,20.00,1019,20.00,1406,20.00,1768,20.00,1771,3.00,1588,-1.00,896,-4.00,4,0.08
6399,20.00,2663,20.00,3290,20.00,1836,20.00,1463,20.00,1453,4.00,2894,18.00,5839,-2.00,4699,2.00,1515,20.00,2196,20.00,2595,40.00,2665,0.00,1140,5.00,3753,1.00,1358,20.00,1019,20.00,1406,20.00,1768,20.00,1771,2.00,1588,-2.00,896,-2.00,4,0.08
6435,20.00,2663,20.00,3290,20.00,1836,20.00,1463,20.00,1454,4.00,2894,18.00,5839,-3.00,4699,3.00,1514,20.00,2196,20.00,2595,40.00,2665,2.00,1140,6.00,3753,3.00,1358,19.00,1019,20.00,1406,20.00,1768,20.00,1771,3.00,1588,0.00,896,-2.00,4,0.16
6471,21.00,2663,20.00,3290,20.00,1836,20.00,1463,20.00,1453,5.00,2894,19.00,5839,-2.00,4699,10.00,1515,20.00,2196,20.00,2595,40.00,2665,1.00,1140,6.00,3753,1.00,1358,19.00,1019,20.00,1406,21.00,1768,20.00,1771,3.00,1588,0.00,896,-3.00,4,0.00
6507,20.00,2663,20.00,3290,20.00,1836,20.00,1463,20.00,1453,3.00,2894,19.00,5839,-1.00,4699,-7.00,1515,20.00,2196,20.00,2595,40.00,2665,1.00,1140,6.00,3753,1.00,1358,20.00,1019,19.00,1406,20.00,1768,20.00,1771,2.00,1588,-1.00,896,-2.00,4,0.00
6542,20.00,2663,20.00,3290,20.00,1836,20.00,1463,20.00,1453,4.00,2894,19.00,5839,-2.00,4699,6.00,1514,20.00,2196,20.00,2595,41.00,2665,2.00,1140,6.00,3753,2.00,1358,19.00,1019,20.00,1406,20.00,1768,20.00,1771,4.00,1588,-1.00,896,-1.00,4,0.08
6578,20.00,2663,20.00,3290,20.00,1836,20.00,1463,20.00,1453,4.00,2894,19.00,5839,-2.00,4699,2.00,1515,21.00,2196,20.00,2595,40.00,2665,3.00,1140,6.00,3753,0.00,1358,19.00,1019,20.00,1406,20.00,1768,21.00,1771,3.00,1588,-2.00,896,-2.00,4,0.00
6614,20.00,2663,20.00,3290,20.00,1836,20.00,1463,20.00,1453,4.00,2894,19.00,5839,-2.00,4699,2.00,1515,20.00,2196,20.00,2595,40.00,2665,2.00,1140,6.00,3753,3.00,1358,20.00,1019,20.00,1406,20.00,1768,20.00,1771,4.00,1588,-1.00,896,-4.00,4,0.00
6649,20.00,2663,20.00,3290,20.00,1836,20.00,1463,20.00,1454,3.00,2894,19.00,5839,-1.00,4699,5.00,1515,20.00,2196,20.00,2595,40.00,2665,1.00,1141,5.00,3753,4.00,1358,20.00,1019,20.00,1406,20.00,1768,19.00,1771,3.00,1588,-1.00,896,-3.00,4,0.08
6685,21.00,2663,20.00,3290,20.00,1836,20.00,1463,20.00,1453,3.00,2894,19.00,5839,-1.00,4699,4.00,1515,20.00,2196,20.00,2595,40.00,2665,1.00,1140,6.00,3753,2.00,1358,20.00,1019,20.00,1406,21.00,1768,20.00,1771,2.00,1588,-1.00,896,-4.00,4,0.24
6721,20.00,2663,21.00,3290,20.00,1836,20.00,1463,20.00,1454,3.00,2894,19.00,5839,-1.00,4699,3.00,1515,20.00,2196,20.00,2595,40.00,2665,2.00,1140,6.00,3753,3.00,1358,20.00,1019,19.00,1406,20.00,1768,20.00,1771,2.00,1588,-1.00,896,-1.00,4,0.08
6757,20.00,2663,19.00,3292,20.00,1836,20.00,1463,21.00,1453,3.00,2894,19.00,5839,-2.00,4699,3.00,1515,20.00,2196,20.00,2595,40.00,2665,2.00,1140,6.00,3753,4.00,1358,19.00,1019,20.00,1406,20.00,1768,20.00,1771,3.00,1588,-1.00,896,-3.00,4,0.48
6792,20.00,2663,20.00,3295,21.00,1836,20.00,1463,20.00,1453,5.00,2894,19.00,5839,-1.00,4699,3.00,1515,20.00,2196,20.00,2595,40.00,2665,4.00,1140,6.00,3753,1.00,1358,20.00,1019,20.00,1406,20.00,1768,20.00,1771,4.00,1588,0.00,896,-4.00,4,0.16
6828,20.00,2663,20.00,3295,19.00,1836,20.00,1463,20.00,1453,5.00,2894,19.00,5839,-3.00,4699,2.00,1515,20.00,2196,19.00,2595,40.00,2665,3.00,1140,7.00,3753,1.00,1358,20.00,1019,20.00,1406,20.00,1768,20.00,1771,2.00,1588,0.00,896,-3.00,4,0.00
6864,20.00,2663,22.00,3298,21.00,1836,20.00,1463,20.00,1453,5.00,2894,19.00,5839,-3.00,4699,3.00,1514,20.00,2196,20.00,2595,40.00,2665,3.00,1140,6.00,3753,2.00,1358,20.00,1019,20.00,1406,19.00,1768,20.00,1771,2.00,1588,-1.00,896,-1.00,4,0.08
6900,20.00,2663,22.00,3299,21.00,1836,20.00,1463,21.00,1453,5.00,2894,19.00,5839,-2.00,4699,3.00,1515,20.00,2196,20.00,2595,40.00,2665,3.00,1140,6.00,3753,1.00,1358,20.00,1019,20.00,1406,21.00,1768,20.00,1771,4.00,1588,-1.00,896,-4.00,4,0.08
6935,20.00,2663,20.00,3299,20.00,1836,20.00,1463,20.00,1453,4.00,2894,19.00,5839,-2.00,4699,1.00,1515,20.00,2196,20.00,2595,40.00,2665,2.00,1140,6.00,3753,3.00,1358,20.00,1019,19.00,1406,20.00,1768,20.00,1771,4.00,1588,-2.00,896,-3.00,4,0.08
6971,20.00,2663,20.00,3299,20.00,1836,20.00,1463,21.00,1453,3.00,2894,19.00,5839,-2.00,4699,3.00,1515,20.00,2196,20.00,2596,40.00,2665,2.00,1140,5.00,3753,1.00,1358,20.00,1019,20.00,1406,20.00,1768,20.00,1771,3.00,1588,-1.00,896,-3.00,4,0.16
7007,20.00,2663,20.00,3299,21.00,1836,20.00,1463,20.00,1454,5.00,2894,19.00,5839,-3.00,4699,4.00,1515,20.00,2196,19.00,2598,40.00,2665,2.00,1140,7.00,3753,2.00,1358,20.00,1019,20.00,1406,20.00,1768,20.00,1771,2.00,1588,-1.00,896,-3.00,4,0.08
7042,21.00,2663,20.00,3299,20.00,1836,20.00,1463,21.00,1454,4.00,2894,19.00,5839,-2.00,4699,4.00,1515,20.00,2196,20.00,2600,40.00,2665,1.00,1140,5.00,3753,1.00,1358,20.00,1019,20.00,1406,20.00,1768,21.00,1771,3.00,1588,-1.00,896,-2.00,4,0.08
7078,20.00,2663,20.00,3299,21.00,1836,20.00,1463,20.00,1454,4.00,2894,19.00,5839,-2.00,4699,3.00,1515,20.00,2196,20.00,2600,40.00,2665,2.00,1140,5.00,3753,3.00,1358,20.00,1019,19.00,1406,20.00,1768,20.00,1771,2.00,1588,-1.00,896,-3.00,4,0.00
7114,20.00,2663,21.00,3299,20.00,1836,20.00,1463,20.00,1453,3.00,2894,19.00,5839,-3.00,4699,3.00,1515,20.00,2196,20.00,2600,40.00,2665,4.00,1140,6.00,3753,4.00,1358,20.00,1019,20.00,1406,20.00,1768,20.00,1771,1.00,1588,0.00,896,-3.00,4,0.00
7150,21.00,2663,20.00,3299,20.00,1836,19.00,1463,20.00,1453,4.00,2894,19.00,5839,-2.00,4699,3.00,1514,20.00,2196,20.00,2600,40.00,2665,2.00,1140,6.00,3753,2.00,1358,19.00,1019,21.00,1406,20.00,1768,20.00,1771,2.00,1588,-2.00,896,-3.00,4,0.00
7186,20.00,2663,20.00,3299,20.00,1836,20.00,1463,20.00,1453,4.00,2894,19.00,5839,-2.00,4699,1.00,1515,20.00,2196,20.00,2600,40.00,2665,1.00,1140,6.00,3753,1.00,1358,20.00,1019,21.00,1406,20.00,1768,20.00,1771,2.00,1588,-1.00,896,-10.00,4,0.16
7222,20.00,2663,20.00,3299,20.00,1836,20.00,1463,20.00,1453,3.00,2894,19.00,5839,-2.00,4699,5.00,1515,20.00,2196,20.00,2600,40.00,2665,3.00,1140,6.00,3753,1.00,1358,20.00,1019,19.00,1406,20.00,1768,20.00,1771,3.00,1588,-2.00,896,-3.00,4,0.00
7257,20.00,2663,20.00,3299,20.00,1836,20.00,1463,20.00,1454,5.00,2894,19.00,5839,-2.00,4699,3.00,1515,19.00,2196,19.00,2600,40.00,2665,1.00,1140,6.00,3753,3.00,1358,21.00,1019,19.00,1406,20.00,1768,20.00,1771,3.00,1588,-1.00,896,-3.00,4,0.00
7293,20.00,2663,20.00,3299,20.00,1836,20.00,1463,20.00,1454,5.00,2894,19.00,5839,-3.00,4699,3.00,1515,20.00,2196,20.00,2600,40.00,2665,3.00,1140,6.00,3753,3.00,1358,20.00,1019,20.00,1406,20.00,1768,20.00,1771,4.00,1588,-1.00,896,-2.00,4,0.00
7329,20.00,2663,21.00,3299,20.00,1836,20.00,1463,20.00,1454,5.00,2894,18.00,5839,-2.00,4699,1.00,1515,20.00,2196,20.00,2600,40.00,2665,1.00,1140,6.00,3753,2.00,1358,20.00,1019,20.00,1406,20.00,1768,20.00,1771,2.00,1588,-1.00,896,-2.00,4,0.00
7364,20.00,2663,20.00,3299,20.00,1836,20.00,1463,20.00,1454,4.00,2894,19.00,5839,-2.00,4699,3.00,1515,20.00,2196,20.00,2600,40.00,2665,1.00,1140,7.00,3753,4.00,1358,20.00,1019,20.00,1406,20.00,1768,20.00,1771,5.00,1588,-1.00,896,-3.00,4,0.00
7400,20.00,2663,20.00,3299,21.00,1836,20.00,1463,19.00,1453,5.00,2894,19.00,5839,-2.00,4699,3.00,1515,20.00,2196,20.00,2600,40.00,2665,2.00,1140,7.00,3753,3.00,1358,20.00,1019,20.00,1406,20.00,1768,20.00,1771,3.00,1588,-1.00,896,-3.00,4,0.00
7436,20.00,2663,20.00,3299,21.00,1836,20.00,1463,20.00,1454,4.00,2894,19.00,5839,-3.00,4699,5.00,1515,20.00,2196,20.00,2600,39.00,2665,4.00,1140,6.00,3753,3.00,1358,19.00,1019,20.00,1406,21.00,1768,19.00,1771,3.00,1588,-1.00,896,-2.00,4,0.00
7472,21.00,2663,20.00,3299,20.00,1836,20.00,1463,20.00,1454,4.00,2894,19.00,5839,-2.00,4699,2.00,1515,20.00,2196,20.00,2600,40.00,2665,2.00,1140,6.00,3753,1.00,1358,21.00,1019,20.00,1406,20.00,1768,20.00,1771,3.00,1588,-1.00,896,-3.00,4,0.00
7507,20.00,2663,20.00,3299,20.00,1836,20.00,1463,20.00,1454,4.00,2894,19.00,5839,-1.00,4699,3.00,1515,20.00,2196,20.00,2600,40.00,2665,1.00,1140,6.00,3753,2.00,1358,20.00,1019,20.00,1406,20.00,1768,20.00,1771,1.00,1588,-1.00,896,-2.00,4,0.00
7543,20.00,2663,20.00,3299,20.00,1836,20.00,1463,20.00,1454,5.00,2894,20.00,5839,-2.00,4699,4.00,1515,20.00,2196,20.00,2600,40.00,2665,3.00,1140,6.00,3753,1.00,1358,20.00,1019,20.00,1406,20.00,1768,20.00,1771,5.00,1588,-1.00,896,-5.00,4,0.00
7579,20.00,2663,19.00,3299,20.00,1836,20.00,1463,20.00,1454,5.00,2894,19.00,5839,-3.00,4699,3.00,1515,19.00,2196,20.00,2600,40.00,2665,1.00,1140,6.00,3753,1.00,1358,20.00,1019,20.00,1406,20.00,1768,20.00,1771,1.00,1588,-1.00,896,-1.00,4,0.00
7615,20.00,2663,19.00,3299,20.00,1836,20.00,1463,20.00,1454,4.00,2894,19.00,5839,-2.00,4699,3.00,1515,20.00,2196,20.00,2600,38.00,2665,1.00,1140,6.00,3753,2.00,1358,19.00,1019,20.00,1406,20.00,1768,20.00,1771,2.00,1588,-1.00,896,-2.00,4,0.08
7651,20.00,2663,20.00,3299,20.00,1836,20.00,1463,20.00,1453,4.00,2894,19.00,5839,-1.00,4699,3.00,1515,20.00,2196,20.00,2600,40.00,2665,3.00,1140,6.00,3753,2.00,1358,20.00,1019,20.00,1406,20.00,1768,21.00,1771,2.00,1588,-1.00,896,-2.00,4,0.08
7686,20.00,2663,20.00,3299,19.00,1836,20.00,1463,20.00,1454,3.00,2894,19.00,5839,-3.00,4699,10.00,1515,20.00,2196,20.00,2600,40.00,2665,2.00,1140,5.00,3753,1.00,1358,20.00,1019,20.00,1406,20.00,1768,19.00,1771,1.00,1588,-1.00,896,-4.00,5,0.24
7722,20.00,2663,21.00,3299,20.00,1836,20.00,1463,20.00,1453,5.00,2894,19.00,5839,-2.00,4699,3.00,1515,20.00,2196,20.00,2600,40.00,2665,2.00,1140,7.00,3753,3.00,1358,20.00,1019,20.00,1406,20.00,1768,20.00,1771,4.00,1588,-1.00,896,-2.00,5,0.00
7758,19.00,2663,20.00,3299,20.00,1836,20.00,1463,20.00,1453,5.00,2894,19.00,5839,-2.00,4699,4.00,1515,20.00,2196,20.00,2600,40.00,2665,1.00,1140,7.00,3753,2.00,1358,20.00,1019,20.00,1406,20.00,1768,18.00,1771,4.00,1588,-1.00,896,-2.00,4,0.08
7794,20.00,2663,20.00,3299,20.00,1836,20.00,1463,20.00,1454,3.00,2894,19.00,5839,-2.00,4699,2.00,1515,20.00,2196,20.00,2600,40.00,2665,1.00,1140,6.00,3753,2.00,1358,19.00,1019,20.00,1406,20.00,1768,20.00,1771,3.00,1588,-1.00,896,-2.00,4,0.00
7829,20.00,2663,20.00,3299,20.00,1836,20.00,1463,20.00,1454,3.00,2894,19.00,5839,-2.00,4699,4.00,1514,20.00,2196,20.00,2600,40.00,2665,1.00,1140,5.00,3753,1.00,1358,20.00,1019,20.00,1406,20.00,1768,21.00,1771,2.00,1588,-1.00,896,-3.00,4,0.00
7865,20.00,2663,20.00,3299,20.00,1836,20.00,1463,20.00,1454,5.00,2894,19.00,5839,-2.00,4699,3.00,1515,20.00,2196,20.00,2600,40.00,2665,3.00,1140,6.00,3753,3.00,1358,20.00,1019,20.00,1406,20.00,1768,21.00,1772,4.00,1588,-1.00,896,-2.00,4,0.00
7900,20.00,2663,20.00,3299,20.00,1836,20.00,1463,20.00,1454,4.00,2894,20.00,5839,-3.00,4699,-4.00,1514,20.00,2196,20.00,2600,40.00,2665,3.00,1140,6.00,3753,1.00,1358,20.00,1019,21.00,1406,20.00,1768,19.00,1772,1.00,1588,-2.00,896,-3.00,4,0.00
7936,20.00,2663,20.00,3299,19.00,1836,20.00,1463,20.00,1454,5.00,2894,19.00,5839,-1.00,4699,4.00,1515,20.00,2196,20.00,2600,40.00,2665,3.00,1140,6.00,3753,3.00,1358,20.00,1019,21.00,1406,19.00,1768,20.00,1776,2.00,1588,-1.00,896,-4.00,4,0.16
7972,20.00,2663,20.00,3299,20.00,1836,20.00,1463,20.00,1454,5.00,2894,19.00,5839,-2.00,4699,3.00,1515,20.00,2196,20.00,2600,40.00,2665,1.00,1140,6.00,3753,2.00,1358,20.00,1019,20.00,1406,20.00,1768,21.00,1778,3.00,1588,-1.00,896,-3.00,4,0.00
8008,20.00,2663,20.00,3299,20.00,1836,20.00,1463,20.00,1453,4.00,2894,18.00,5839,-2.00,4699,2.00,1515,20.00,2196,20.00,2600,40.00,2665,1.00,1140,6.00,3753,3.00,1358,20.00,1019,20.00,1406,20.00,1768,21.00,1780,3.00,1588,-1.00,896,-4.00,4,0.00
8044,20.00,2663,20.00,3299,20.00,1836,20.00,1463,20.00,1454,4.00,2894,19.00,5839,-2.00,4699,5.00,1515,20.00,2196,20.00,2600,40.00,2665,1.00,1140,6.00,3753,3.00,1358,19.00,1019,19.00,1406,20.00,1768,20.00,1780,4.00,1588,-1.00,896,-5.00,4,0.08
8080,20.00,2663,20.00,3299,20.00,1836,20.00,1463,20.00,1454,4.00,2894,19.00,5839,-3.00,4699,3.00,1515,20.00,2196,20.00,2600,41.00,2665,2.00,1140,6.00,3753,1.00,1358,20.00,1019,19.00,1406,21.00,1768,21.00,1780,4.00,1588,-1.00,896,-3.00,4,0.00
8115,20.00,2663,20.00,3299,19.00,1836,20.00,1463,20.00,1454,4.00,2894,19.00,5839,-2.00,4699,1.00,1515,20.00,2196,20.00,2600,40.00,2665,1.00,1140,6.00,3753,3.00,1358,20.00,1019,20.00,1406,20.00,1768,20.00,1780,4.00,1588,-2.00,896,-3.00,4,0.16
8151,19.00,2663,21.00,3299,19.00,1836,19.00,1463,20.00,1454,5.00,2894,20.00,5839,-2.00,4699,2.00,1515,20.00,2196,19.00,2600,40.00,2665,2.00,1140,7.00,3753,3.00,1358,20.00,1019,20.00,1406,20.00,1768,21.00,1780,3.00,1588,-2.00,896,-4.00,4,0.08
8187,20.00,2663,19.00,3299,20.00,1836,20.00,1463,20.00,1454,5.00,2894,19.00,5839,-1.00,4699,2.00,1515,19.00,2196,20.00,2600,40.00,2665,1.00,1140,7.00,3753,1.00,1358,20.00,1019,20.00,1406,20.00,1768,20.00,1780,4.00,1588,-1.00,896,-4.00,4,0.08
8223,20.00,2663,21.00,3299,20.00,1836,20.00,1463,20.00,1454,5.00,2894,19.00,5839,-2.00,4699,8.00,1515,20.00,2196,20.00,2600,40.00,2665,2.00,1140,6.00,3753,1.00,1358,20.00,1019,20.00,1406,20.00,1768,20.00,1780,4.00,1588,-2.00,896,-2.00,4,0.00
8258,20.00,2663,20.00,3299,20.00,1836,20.00,1463,20.00,1453,4.00,2894,19.00,5839,-2.00,4699,10.00,1515,20.00,2196,20.00,2600,39.00,2665,2.00,1140,4.00,3753,2.00,1358,20.00,1019,20.00,1406,20.00,1768,20.00,1780,5.00,1588,-1.00,896,-1.00,4,0.08
8294,20.00,2663,20.00,3299,20.00,1836,21.00,1463,20.00,1454,4.00,2894,19.00,5839,-3.00,4699,4.00,1514,20.00,2196,20.00,2600,40.00,2665,2.00,1140,6.00,3753,2.00,1358,20.00,1019,20.00,1406,20.00,1768,20.00,1780,5.00,1588,-1.00,896,-1.00,4,0.08
8330,20.00,2663,20.00,3299,20.00,1836,19.00,1463,20.00,1454,3.00,2894,20.00,5839,-3.00,4699,2.00,1515,20.00,2196,20.00,2600,40.00,2665,3.00,1140,5.00,3753,1.00,1358,19.00,1019,20.00,1406,20.00,1768,20.00,1780,2.00,1588,0.00,896,-4.00,4,0.08
8366,20.00,2663,19.00,3299,20.00,1836,20.00,1463,20.00,1454,4.00,2894,19.00,5839,-2.00,4699,3.00,1515,20.00,2196,21.00,2600,40.00,2665,2.00,1140,6.00,3753,2.00,1358,20.00,1019,20.00,1406,21.00,1768,20.00,1780,2.00,1588,-1.00,896,-3.00,4,0.08
8401,20.00,2663,20.00,3299,20.00,1836,20.00,1463,20.00,1454,4.00,2894,19.00,5839,-1.00,4699,3.00,1514,20.00,2196,20.00,2600,40.00,2665,3.00,1140,6.00,3753,1.00,1358,20.00,1019,20.00,1406,20.00,1768,20.00,1780,4.00,1588,-1.00,896,-1.00,4,0.08
8437,20.00,2663,20.00,3299,20.00,1836,19.00,1463,20.00,1454,4.00,2894,19.00,5839,-3.00,4699,2.00,1515,20.00,2196,20.00,2600,40.00,2665,3.00,1140,6.00,3753,1.00,1358,20.00,1019,20.00,1406,20.00,1768,20.00,1780,2.00,1588,-1.00,896,-3.00,4,0.00
8473,20.00,2663,20.00,3299,20.00,1836,20.00,1463,20.00,1454,4.00,2894,19.00,5839,-2.00,4699,9.00,1515,20.00,2196,20.00,2600,40.00,2665,2.00,1140,6.00,3753,1.00,1358,20.00,1019,20.00,1406,20.00,1768,20.00,1780,4.00,1588,-1.00,896,-4.00,4,0.08
8508,20.00,2663,20.00,3299,20.00,1836,20.00,1463,20.00,1453,3.00,2894,19.00,5839,-2.00,4699,2.00,1515,20.00,2196,20.00,2600,40.00,2665,1.00,1140,6.00,3753,2.00,1358,21.00,1019,20.00,1406,20.00,1768,20.00,1780,5.00,1588,-1.00,896,-1.00,4,0.16
8544,20.00,2663,20.00,3299,20.00,1836,20.00,1463,20.00,1454,4.00,2894,19.00,5839,-2.00,4699,4.00,1515,20.00,2196,20.00,2600,40.00,2665,3.00,1140,6.00,3753,2.00,1358,20.00,1019,19.00,1406,20.00,1768,20.00,1780,1.00,1588,-1.00,896,-8.00,4,0.73
8580,20.00,2663,20.00,3299,20.00,1836,20.00,1463,20.00,1454,4.00,2894,19.00,5839,-3.00,4699,1.00,1515,20.00,2196,20.00,2600,40.00,2665,2.00,1140,7.00,3753,1.00,1358,20.00,1019,20.00,1406,20.00,1768,21.00,1780,2.00,1588,-2.00,896,-2.00,4,0.00
8616,20.00,2663,20.00,3299,20.00,1836,20.00,1463,20.00,1454,4.00,2894,19.00,5839,-2.00,4699,-5.00,1515,20.00,2196,20.00,2600,40.00,2665,2.00,1140,6.00,3753,1.00,1358,20.00,1019,21.00,1406,21.00,1768,20.00,1780,4.00,1588,-1.00,896,-5.00,4,0.48
8651,21.00,2663,20.00,3299,20.00,1836,20.00,1463,20.00,1454,5.00,2894,20.00,5839,-2.00,4699,7.00,1515,20.00,2196,20.00,2600,40.00,2665,1.00,1140,6.00,3753,1.00,1358,20.00,1019,20.00,1406,20.00,1768,20.00,1780,2.00,1588,0.00,896,-5.00,4,0.00
8687,20.00,2663,20.00,3299,19.00,1836,19.00,1463,19.00,1454,5.00,2894,19.00,5839,-2.00,4699,4.00,1515,20.00,2196,20.00,2600,40.00,2665,2.00,1140,5.00,3753,1.00,1358,20.00,1019,20.00,1406,20.00,1768,20.00,1780,3.00,1588,-1.00,896,-3.00,4,0.08
8723,19.00,2663,21.00,3299,19.00,1836,20.00,1463,20.00,1454,3.00,2894,20.00,5839,-2.00,4699,2.00,1515,20.00,2196,20.00,2600,40.00,2665,2.00,1140,6.00,3753,1.00,1358,20.00,1019,20.00,1406,20.00,1768,21.00,1780,2.00,1588,-2.00,896,-2.00,4,0.08
8759,20.00,2663,20.00,3299,20.00,1836,20.00,1463,20.00,1454,5.00,2894,19.00,5839,-3.00,4699,2.00,1515,20.00,2196,20.00,2600,40.00,2665,2.00,1140,6.00,3753,2.00,1358,20.00,1019,20.00,1406,20.00,1769,20.00,1780,5.00,1588,-1.00,896,-2.00,4,0.00
8795,20.00,2663,20.00,3299,21.00,1836,20.00,1463,20.00,1454,3.00,2894,19.00,5839,-2.00,4699,4.00,1515,20.00,2196,20.00,2600,40.00,2665,3.00,1140,4.00,3753,3.00,1358,20.00,1019,20.00,1406,20.00,1768,20.00,1780,3.00,1588,-2.00,896,-3.00,4,0.08
8830,21.00,2663,20.00,3299,20.00,1836,20.00,1463,20.00,1454,4.00,2894,19.00,5839,-2.00,4699,2.00,1514,20.00,2196,20.00,2600,41.00,2665,1.00,1140,5.00,3753,1.00,1358,20.00,1019,20.00,1406,20.00,1768,19.00,1780,3.00,1588,-1.00,896,-2.00,4,0.08
8866,21.00,2663,19.00,3299,20.00,1836,20.00,1463,20.00,1454,5.00,2894,19.00,5839,-2.00,4699,2.00,1515,20.00,2196,20.00,2600,40.00,2665,3.00,1140,6.00,3753,2.00,1358,20.00,1019,20.00,1406,20.00,1768,20.00,1780,3.00,1588,-1.00,896,-2.00,4,0.00
8902,20.00,2663,20.00,3299,20.00,1836,20.00,1463,20.00,1454,5.00,2894,19.00,5839,-3.00,4699,3.00,1515,20.00,2196,20.00,2600,40.00,2665,1.00,1140,4.00,3753,1.00,1358,20.00,1019,20.00,1406,20.00,1768,20.00,1780,3.00,1588,-1.00,896,-4.00,4,0.08
8938,20.00,2663,20.00,3299,20.00,1836,20.00,1463,20.00,1454,4.00,2894,18.00,5839,-1.00,4699,4.00,1515,20.00,2196,20.00,2600,40.00,2665,1.00,1140,6.00,3753,3.00,1358,20.00,1019,20.00,1406,20.00,1768,20.00,1780,3.00,1588,-1.00,896,-3.00,4,0.08
8973,21.00,2663,20.00,3299,20.00,1836,20.00,1463,20.00,1453,3.00,2894,19.00,5839,-2.00,4699,2.00,1515,20.00,2196,20.00,2600,40.00,2665,3.00,1140,6.00,3753,2.00,1358,20.00,1019,20.00,1406,20.00,1768,20.00,1780,0.00,1588,-1.00,896,-2.00,4,0.08
9009,20.00,2663,20.00,3299,20.00,1836,20.00,1463,20.00,1454,4.00,2894,19.00,5839,-3.00,4699,4.00,1515,20.00,2196,20.00,2600,39.00,2665,2.00,1140,6.00,3753,1.00,1358,20.00,1019,20.00,1406,20.00,1768,20.00,1780,3.00,1588,-1.00,896,-3.00,4,0.08
9045,21.00,2663,20.00,3299,20.00,1836,20.00,1463,20.00,1453,4.00,2894,19.00,5839,-1.00,4699,3.00,1515,20.00,2196,20.00,2600,41.00,2665,2.00,1140,6.00,3753,4.00,1358,20.00,1019,20.00,1406,20.00,1768,20.00,1780,5.00,1588,-1.00,896,-4.00,4,0.08
9081,20.00,2663,20.00,3299,20.00,1836,20.00,1463,21.00,1454,5.00,2894,19.00,5839,-2.00,4699,3.00,1515,20.00,2196,20.00,2600,40.00,2665,2.00,1140,5.00,3753,1.00,1358,20.00,1019,21.00,1406,20.00,1769,20.00,1780,4.00,1588,-1.00,896,-2.00,4,0.00
9116,20.00,2662,20.00,3299,20.00,1836,20.00,1463,20.00,1454,4.00,2894,19.00,5839,-2.00,4699,4.00,1515,20.00,2196,20.00,2600,40.00,2665,1.00,1140,6.00,3753,3.00,1358,20.00,1019,20.00,1406,20.00,1768,20.00,1780,3.00,1588,-1.00,896,-1.00,4,0.08
9152,20.00,2663,20.00,3299,20.00,1836,20.00,1463,20.00,1453,4.00,2894,19.00,5839,-2.00,4699,2.00,1515,20.00,2196,20.00,2600,40.00,2665,0.00,1140,6.00,3753,1.00,1358,19.00,1019,20.00,1406,20.00,1768,20.00,1780,1.00,1588,-2.00,896,-3.00,4,0.00
9188,20.00,2663,20.00,3299,19.00,1836,20.00,1463,19.00,1454,5.00,2894,19.00,5839,-2.00,4699,4.00,1515,20.00,2196,20.00,2600,40.00,2665,1.00,1140,6.00,3753,1.00,1358,21.00,1019,20.00,1406,20.00,1768,21.00,1780,2.00,1588,-1.00,896,-4.00,4,0.08
9223,21.00,2663,20.00,3299,20.00,1836,20.00,1463,20.00,1454,3.00,2894,19.00,5839,-3.00,4699,5.00,1515,19.00,2196,20.00,2600,40.00,2665,3.00,1140,6.00,3753,4.00,1358,20.00,1019,20.00,1406,20.00,1768,20.00,1780,1.00,1588,-1.00,896,-3.00,4,0.08
9259,21.00,2663,20.00,3299,21.00,1836,20.00,1463,20.00,1454,5.00,2894,19.00,5839,-2.00,4699,3.00,1515,20.00,2196,20.00,2600,40.00,2665,2.00,1140,5.00,3753,2.00,1358,21.00,1019,20.00,1406,20.00,1768,20.00,1780,2.00,1588,-1.00,896,-5.00,4,0.00
9295,19.00,2663,20.00,3299,20.00,1836,20.00,1463,20.00,1454,3.00,2894,19.00,5839,-1.00,4699,1.00,1515,20.00,2196,20.00,2600,40.00,2665,3.00,1140,6.00,3753,1.00,1358,20.00,1019,20.00,1406,20.00,1768,20.00,1780,4.00,1588,0.00,896,-5.00,4,0.32
9331,20.00,2663,20.00,3299,20.00,1836,20.00,1463,20.00,1454,3.00,2894,19.00,5839,-2.00,4699,5.00,1515,20.00,2196,20.00,2600,40.00,2665,3.00,1140,6.00,3753,2.00,1358,20.00,1019,21.00,1406,20.00,1768,20.00,1780,3.00,1588,-2.00,896,-7.00,4,0.00
9366,20.00,2663,20.00,3299,20.00,1836,20.00,1463,20.00,1454,4.00,2894,19.00,5839,-2.00,4699,2.00,1515,20.00,2196,20.00,2600,40.00,2665,1.00,1140,6.00,3753,2.00,1358,20.00,1019,20.00,1406,19.00,1768,21.00,1780,1.00,1588,-2.00,896,-2.00,5,0.08
9402,20.00,2663,20.00,3299,20.00,1836,20.00,1463,20.00,1453,3.00,2894,19.00,5839,-2.00,4699,7.00,1515,20.00,2196,19.00,2600,40.00,2665,3.00,1140,6.00,3753,4.00,1358,20.00,1019,20.00,1406,20.00,1768,20.00,1780,3.00,1588,-1.00,896,-3.00,4,0.16
9438,20.00,2663,20.00,3299,19.00,1836,20.00,1463,20.00,1453,4.00,2894,19.00,5839,-2.00,4699,4.00,1515,20.00,2196,21.00,2600,40.00,2665,2.00,1140,6.00,3753,1.00,1358,20.00,1019,21.00,1406,20.00,1768,19.00,1780,3.00,1588,-1.00,896,-4.00,4,0.08
9474,20.00,2663,20.00,3299,20.00,1836,20.00,1463,21.00,1454,5.00,2894,19.00,5839,-1.00,4699,4.00,1514,20.00,2196,20.00,2600,40.00,2665,3.00,1140,6.00,3753,3.00,1358,20.00,1019,20.00,1406,20.00,1768,20.00,1780,3.00,1588,-1.00,896,-2.00,4,0.00
9510,20.00,2663,20.00,3299,20.00,1836,20.00,1463,20.00,1453,4.00,2894,19.00,5839,-1.00,4699,5.00,1514,20.00,2196,20.00,2600,40.00,2665,4.00,1140,6.00,3753,2.00,1358,20.00,1019,20.00,1406,20.00,1768,20.00,1780,2.00,1588,-1.00,896,-3.00,4,0.00
9545,20.00,2663,20.00,3299,20.00,1836,20.00,1463,20.00,1454,5.00,2894,19.00,5839,-2.00,4699,3.00,1515,20.00,2196,20.00,2600,40.00,2665,2.00,1140,6.00,3753,3.00,1358,21.00,1019,20.00,1406,20.00,1768,19.00,1780,4.00,1588,-1.00,896,-2.00,5,0.32
9581,20.00,2663,20.00,3299,20.00,1836,19.00,1463,20.00,1454,4.00,2894,19.00,5839,-2.00,4699,4.00,1515,20.00,2196,20.00,2600,41.00,2665,1.00,1140,5.00,3753,4.00,1358,20.00,1019,21.00,1406,20.00,1768,20.00,1780,1.00,1588,0.00,896,-8.00,4,0.00
9617,20.00,2663,20.00,3299,20.00,1836,20.00,1463,20.00,1454,4.00,2894,19.00,5839,-1.00,4699,2.00,1515,20.00,2196,20.00,2600,40.00,2665,2.00,1140,7.00,3753,2.00,1358,20.00,1019,20.00,1406,20.00,1768,20.00,1780,4.00,1588,-2.00,896,-2.00,4,0.08
9653,20.00,2663,20.00,3299,20.00,1836,21.00,1463,19.00,1454,3.00,2894,19.00,5839,-2.00,4699,4.00,1515,20.00,2196,20.00,2600,40.00,2665,1.00,1140,6.00,3753,2.00,1358,20.00,1019,20.00,1406,20.00,1769,20.00,1780,3.00,1588,-1.00,896,-4.00,4,0.08
9688,21.00,2663,20.00,3299,20.00,1836,20.00,1463,20.00,1454,5.00,2894,19.00,5839,-2.00,4699,2.00,1515,20.00,2196,20.00,2600,40.00,2665,2.00,1140,4.00,3753,1.00,1358,20.00,1019,20.00,1406,20.00,1768,20.00,1781,4.00,1588,-1.00,896,-3.00,4,0.00
9724,20.00,2663,21.00,3299,20.00,1836,20.00,1463,20.00,1453,5.00,2894,19.00,5839,-1.00,4699,1.00,1515,20.00,2196,20.00,2600,40.00,2665,2.00,1140,6.00,3753,1.00,1358,20.00,1019,20.00,1406,20.00,1768,19.00,1781,3.00,1588,-1.00,896,-3.00,4,0.00
9760,20.00,2663,20.00,3299,20.00,1836,20.00,1463,20.00,1454,5.00,2894,19.00,5839,-1.00,4699,-7.00,1515,20.00,2196,19.00,2600,40.00,2665,1.00,1140,6.00,3753,1.00,1358,20.00,1019,20.00,1406,20.00,1768,20.00,1781,2.00,1588,-1.00,896,-5.00,4,0.00
9796,20.00,2663,20.00,3299,19.00,1836,20.00,1463,20.00,1454,3.00,2894,19.00,5839,-2.00,4699,4.00,1515,21.00,2196,20.00,2600,40.00,2665,3.00,1140,6.00,3753,3.00,1358,20.00,1019,21.00,1406,21.00,1768,20.00,1781,2.00,1588,-2.00,896,-3.00,4,0.16
9831,20.00,2663,20.00,3299,20.00,1836,20.00,1463,20.00,1454,3.00,2894,19.00,5839,-2.00,4699,4.00,1515,20.00,2196,20.00,2600,40.00,2665,3.00,1140,6.00,3753,4.00,1358,20.00,1019,21.00,1406,20.00,1768,20.00,1781,4.00,1588,-2.00,896,-3.00,4,0.16
9867,20.00,2663,20.00,3299,20.00,1836,20.00,1463,20.00,1454,3.00,2894,19.00,5839,-2.00,4699,4.00,1515,20.00,2196,20.00,2600,40.00,2665,3.00,1140,6.00,3753,1.00,1358,20.00,1019,20.00,1406,21.00,1768,20.00,1781,4.00,1588,0.00,896,-3.00,4,0.00
9903,19.00,2663,20.00,3299,21.00,1836,20.00,1463,20.00,1453,4.00,2894,19.00,5839,-3.00,4699,5.00,1515,20.00,2196,20.00,2600,40.00,2665,3.00,1140,6.00,3753,0.00,1358,20.00,1019,20.00,1406,20.00,1768,20.00,1782,3.00,1588,-1.00,896,-2.00,4,0.08
9939,20.00,2663,20.00,3299,21.00,1836,20.00,1463,20.00,1453,4.00,2894,19.00,5839,-3.00,4699,10.00,1515,20.00,2196,20.00,2600,40.00,2665,1.00,1140,6.00,3753,2.00,1358,20.00,1019,20.00,1406,20.00,1768,20.00,1783,4.00,1588,0.00,896,-3.00,4,0.00
9974,21.00,2663,20.00,3299,20.00,1836,20.00,1463,20.00,1454,4.00,2894,19.00,5839,-2.00,4699,3.00,1515,20.00,2196,20.00,2600,40.00,2665,4.00,1140,7.00,3753,3.00,1358,20.00,1019,20.00,1406,20.00,1768,20.00,1785,1.00,1588,-1.00,896,-6.00,4,0.00
10010,21.00,2663,20.00,3299,20.00,1836,20.00,1463,20.00,1454,4.00,2894,19.00,5839,-3.00,4699,6.00,1515,20.00,2196,20.00,2600,40.00,2665,2.00,1140,6.00,3753,3.00,1358,20.00,1019,19.00,1406,20.00,1768,21.00,1785,3.00,1588,-1.00,896,-4.00,4,0.00