Format Version,1.24,Take Name,Push_30_deg_004,Take Notes,,Capture Frame Rate,100.000000,Export Frame Rate,100.000000,Capture Start Time,2025-02-22 07.53.07.492 午前,Capture Start Frame,49464100,Total Frames in Take,1001,Total Exported Frames,1001,Rotation Type,Quaternion,Length Units,Millimeters,Coordinate Space,Local

,Type,Rigid Body,Rigid Body,Rigid Body,Rigid Body,Rigid Body,Rigid Body,Rigid Body
,Name,ForceGage,ForceGage,ForceGage,ForceGage,ForceGage,ForceGage,ForceGage
,ID,1FCEE7A3EF9111EF3C28FEC2583C42A9,1FCEE7A3EF9111EF3C28FEC2583C42A9,1FCEE7A3EF9111EF3C28FEC2583C42A9,1FCEE7A3EF9111EF3C28FEC2583C42A9,1FCEE7A3EF9111EF3C28FEC2583C42A9,1FCEE7A3EF9111EF3C28FEC2583C42A9,1FCEE7A3EF9111EF3C28FEC2583C42A9
,,Rotation,Rotation,Rotation,Rotation,Position,Position,Position
Frame,Time (Seconds),X,Y,Z,W,X,Y,Z
0,0.000000,-0.002735,-0.001405,0.018385,0.999826,-25.840597,419.524658,93.746872
1,0.010000,-0.002728,-0.001371,0.018400,0.999826,-25.847630,419.522491,93.755547
2,0.020000,-0.002717,-0.001358,0.018417,0.999826,-25.855667,419.522736,93.761497
3,0.030000,-0.002702,-0.001299,0.018408,0.999826,-25.872074,419.527802,93.762878
4,0.040000,-0.002740,-0.001359,0.018395,0.999826,-25.881279,419.533875,93.757202
5,0.050000,-0.002768,-0.001368,0.018411,0.999826,-25.895126,419.542786,93.744293
6,0.060000,-0.002804,-0.001380,0.018439,0.999825,-25.907856,419.550140,93.729126
7,0.070000,-0.002814,-0.001393,0.018461,0.999825,-25.913872,419.553131,93.719872
8,0.080000,-0.002812,-0.001396,0.018451,0.999825,-25.916531,419.556152,93.714935
9,0.090000,-0.002822,-0.001420,0.018483,0.999824,-25.914619,419.555573,93.718803
10,0.100000,-0.002815,-0.001375,0.018476,0.999824,-25.914017,419.558716,93.727501
11,0.110000,-0.002793,-0.001383,0.018429,0.999825,-25.906603,419.564362,93.740013
12,0.120000,-0.002817,-0.001390,0.018498,0.999824,-25.905916,419.568420,93.742180
13,0.130000,-0.002816,-0.001402,0.018528,0.999823,-25.901741,419.569122,93.738487
14,0.140000,-0.002850,-0.001433,0.018550,0.999823,-25.895796,419.569794,93.723679
15,0.150000,-0.002859,-0.001451,0.018527,0.999823,-25.885414,419.562683,93.719154
16,0.160000,-0.002895,-0.001414,0.018482,0.999824,-25.873894,419.561920,93.710556
17,0.170000,-0.002877,-0.001412,0.018487,0.999824,-25.856758,419.562378,93.713287
18,0.180000,-0.002885,-0.001340,0.018411,0.999825,-25.839695,419.563080,93.720772
19,0.190000,-0.002874,-0.001327,0.018387,0.999826,-25.823263,419.561676,93.729713
20,0.200000,-0.002872,-0.001385,0.018444,0.999825,-25.811140,419.562439,93.736610
21,0.210000,-0.002843,-0.001348,0.018426,0.999825,-25.804420,419.563232,93.739594
22,0.220000,-0.002815,-0.001374,0.018466,0.999825,-25.799397,419.562042,93.741104
23,0.230000,-0.002803,-0.001367,0.018444,0.999825,-25.798763,419.559357,93.741745
24,0.240000,-0.002787,-0.001361,0.018456,0.999825,-25.803989,419.558350,93.745720
25,0.250000,-0.002757,-0.001357,0.018508,0.999824,-25.817318,419.561432,93.758942
26,0.260000,-0.002761,-0.001349,0.018543,0.999823,-25.827133,419.567261,93.768883
27,0.270000,-0.002749,-0.001260,0.018525,0.999824,-25.837740,419.575287,93.777596
28,0.280000,,,,,,,
29,0.290000,-0.002770,-0.001347,0.018608,0.999822,-25.837446,419.587738,93.768799
30,0.300000,,,,,,,
31,0.310000,-0.002821,-0.001324,0.018509,0.999824,-25.806786,419.589447,93.749924
32,0.320000,-0.002820,-0.000963,0.018175,0.999830,-25.762226,419.589661,93.747414
33,0.330000,-0.002828,-0.000976,0.018150,0.999831,-25.724781,419.596191,93.748466
34,0.340000,-0.002822,-0.001169,0.018337,0.999827,-25.684658,419.604614,93.755463
35,0.350000,-0.002809,-0.001190,0.018389,0.999826,-25.636730,419.619629,93.765846
36,0.360000,-0.002793,-0.001196,0.018392,0.999826,-25.590025,419.640259,93.774132
37,0.370000,-0.002645,-0.001684,0.018755,0.999819,-25.499958,419.654449,93.813736
38,0.380000,-0.002631,-0.001593,0.018682,0.999821,-25.446110,419.674286,93.819527
39,0.390000,-0.002635,-0.001791,0.018818,0.999818,-25.393917,419.687897,93.824158
40,0.400000,-0.002620,-0.001836,0.018944,0.999815,-25.338955,419.700562,93.829170
41,0.410000,-0.002631,-0.001853,0.018955,0.999815,-25.290688,419.707062,93.831711
42,0.420000,,,,,,,
43,0.430000,-0.002595,-0.001594,0.018679,0.999821,-25.195290,419.709106,93.845833
44,0.440000,-0.002562,-0.001489,0.018572,0.999823,-25.143518,419.714417,93.857521
45,0.450000,-0.002667,-0.001264,0.018774,0.999819,-25.135162,419.718628,93.830070
46,0.460000,-0.002649,-0.001363,0.019173,0.999812,-25.077030,419.703156,93.833832
47,0.470000,-0.002639,-0.001276,0.018973,0.999816,-25.020477,419.688538,93.839439
48,0.480000,-0.002641,-0.001394,0.019037,0.999814,-24.949301,419.678314,93.847046
49,0.490000,-0.002650,-0.001444,0.019080,0.999813,-24.887018,419.682770,93.849236
50,0.500000,-0.002619,-0.001166,0.018750,0.999820,-24.822515,419.686340,93.851486
51,0.510000,-0.002530,-0.001539,0.018545,0.999824,-24.699429,419.688049,93.888100
52,0.520000,-0.002581,-0.001748,0.018620,0.999822,-24.611153,419.687683,93.887215
53,0.530000,,,,,,,
54,0.540000,-0.002559,-0.001632,0.018539,0.999824,-24.364939,419.669922,93.896385
55,0.550000,-0.002668,-0.001256,0.018499,0.999825,-24.292221,419.670990,93.877174
56,0.560000,,,,,,,
57,0.570000,-0.002726,-0.001301,0.018879,0.999817,-23.989687,419.668243,93.891777
58,0.580000,-0.002632,-0.001648,0.018568,0.999823,-23.794750,419.660217,93.929672
59,0.590000,,,,,,,
60,0.600000,-0.002719,-0.001409,0.018744,0.999820,-23.403069,419.654968,93.905518
61,0.610000,-0.002746,-0.001355,0.018950,0.999816,-23.168755,419.651428,93.912407
62,0.620000,-0.002646,-0.001620,0.018403,0.999826,-22.877134,419.636688,93.960724
63,0.630000,-0.002645,-0.001288,0.018634,0.999822,-22.652744,419.626434,93.944199
64,0.640000,-0.002626,-0.001455,0.018948,0.999816,-22.335064,419.613861,93.961586
65,0.650000,,,,,,,
66,0.660000,-0.002556,-0.001269,0.018662,0.999822,-21.716522,419.591156,94.012367
67,0.670000,-0.002601,-0.001007,0.018350,0.999828,-21.260078,419.572906,94.037178
68,0.680000,-0.002641,-0.001014,0.018361,0.999828,-20.839378,419.553467,94.054619
69,0.690000,-0.002553,-0.001228,0.018361,0.999828,-20.391958,419.521545,94.070961
70,0.700000,-0.002575,-0.001263,0.018352,0.999828,-19.923208,419.496460,94.083328
71,0.710000,-0.002558,-0.001646,0.018177,0.999830,-19.449535,419.475952,94.123405
72,0.720000,-0.002654,-0.001019,0.017861,0.999836,-18.934202,419.462738,94.107925
73,0.730000,,,,,,,
74,0.740000,-0.002658,-0.001066,0.017798,0.999838,-18.008591,419.447784,94.136642
75,0.750000,-0.002649,-0.000969,0.017961,0.999835,-17.340401,419.428436,94.162407
76,0.760000,-0.002553,-0.001674,0.017791,0.999837,-16.714991,419.399261,94.213959
77,0.770000,-0.002691,-0.001263,0.017797,0.999837,-16.180140,419.381317,94.203064
78,0.780000,-0.002681,-0.001042,0.017372,0.999845,-15.591542,419.354492,94.227661
79,0.790000,-0.002622,-0.001523,0.017446,0.999843,-14.991345,419.321045,94.275627
80,0.800000,-0.002709,-0.001092,0.017281,0.999846,-14.338097,419.300201,94.267693
81,0.810000,,,,,,,
82,0.820000,-0.002587,-0.001604,0.017347,0.999845,-13.153189,419.273254,94.345818
83,0.830000,-0.002740,-0.001195,0.017158,0.999848,-12.411933,419.265076,94.347641
84,0.840000,-0.002638,-0.001321,0.017504,0.999843,-11.747063,419.254578,94.372833
85,0.850000,-0.002677,-0.001205,0.017040,0.999851,-11.086212,419.236176,94.406128
86,0.860000,-0.002862,-0.001225,0.017203,0.999847,-10.392604,419.193054,94.430084
87,0.870000,-0.002732,-0.001250,0.016969,0.999852,-9.799538,419.204651,94.449249
88,0.880000,-0.002754,-0.000950,0.016918,0.999853,-9.056372,419.205750,94.473007
89,0.890000,-0.002767,-0.001292,0.017015,0.999851,-8.392248,419.208069,94.490158
90,0.900000,-0.002777,-0.001193,0.017149,0.999848,-7.781057,419.207458,94.501335
91,0.910000,-0.002883,-0.001271,0.016968,0.999851,-7.054472,419.210938,94.515732
92,0.920000,-0.002796,-0.001356,0.017399,0.999844,-6.372336,419.199127,94.547653
93,0.930000,-0.002838,-0.001189,0.016923,0.999852,-5.714023,419.191406,94.577728
94,0.940000,-0.002875,-0.001364,0.017347,0.999845,-5.044246,419.180054,94.595787
95,0.950000,-0.002889,-0.001433,0.017022,0.999850,-4.443805,419.175812,94.618202
96,0.960000,-0.002845,-0.001344,0.017188,0.999847,-3.736800,419.167816,94.644142
97,0.970000,-0.003059,-0.001397,0.017004,0.999850,-3.101998,419.137207,94.661163
98,0.980000,-0.002854,-0.001340,0.017080,0.999849,-2.529973,419.134430,94.698669
99,0.990000,-0.002822,-0.001492,0.017272,0.999846,-1.852488,419.115051,94.743759
100,1.000000,-0.002750,-0.001240,0.016718,0.999856,-1.251112,419.098358,94.790939
101,1.010000,-0.002707,-0.001309,0.016879,0.999853,-0.651491,419.088623,94.819183
102,1.020000,-0.002735,-0.001450,0.017063,0.999850,-0.071212,419.085419,94.838226
103,1.030000,-0.002764,-0.001031,0.016342,0.999862,0.449132,419.064331,94.857491
104,1.040000,-0.002806,-0.001237,0.016442,0.999860,1.058639,419.079437,94.874695
105,1.050000,-0.002827,-0.001322,0.016944,0.999852,1.622917,419.078918,94.880798
106,1.060000,-0.002791,-0.001251,0.016689,0.999856,2.127350,419.055634,94.888443
107,1.070000,-0.002790,-0.001163,0.016630,0.999857,2.720426,419.064240,94.919617
108,1.080000,-0.002845,-0.001143,0.016194,0.999864,3.270388,419.059509,94.944603
109,1.090000,-0.002750,-0.001304,0.016724,0.999856,3.817250,419.058502,94.971420
110,1.100000,-0.002739,-0.001011,0.016658,0.999857,4.368038,419.044800,94.999481
111,1.110000,-0.002807,-0.000884,0.016100,0.999866,4.874760,419.014526,95.021980
112,1.120000,-0.002781,-0.001139,0.016250,0.999864,5.461360,419.014954,95.033669
113,1.130000,-0.002843,-0.000995,0.016283,0.999863,6.010119,419.006256,95.067810
114,1.140000,-0.002777,-0.000838,0.016176,0.999865,6.483878,419.000549,95.085342
115,1.150000,-0.002775,-0.001170,0.016495,0.999859,7.064993,419.001495,95.115532
116,1.160000,-0.002780,-0.001031,0.016425,0.999861,7.587465,419.007355,95.144478
117,1.170000,-0.002822,-0.001030,0.016273,0.999863,8.100596,419.008514,95.161919
118,1.180000,-0.002811,-0.001074,0.016184,0.999865,8.611724,418.999908,95.178009
119,1.190000,-0.002742,-0.001188,0.016462,0.999860,9.076118,418.982178,95.194679
120,1.200000,-0.002715,-0.000982,0.016204,0.999865,9.646829,418.970062,95.235687
121,1.210000,-0.002685,-0.001151,0.016342,0.999862,10.145210,418.958435,95.248497
122,1.220000,-0.002690,-0.001070,0.016252,0.999864,10.603613,418.948486,95.274132
123,1.230000,-0.002775,-0.000867,0.015793,0.999871,11.164590,418.940216,95.293388
124,1.240000,-0.002762,-0.001248,0.016134,0.999865,11.669573,418.942871,95.303360
125,1.250000,-0.002729,-0.001138,0.015990,0.999868,12.188022,418.930695,95.320145
126,1.260000,-0.002739,-0.001182,0.016042,0.999867,12.716562,418.912781,95.326698
127,1.270000,-0.002823,-0.000918,0.015927,0.999869,13.174436,418.918823,95.362640
128,1.280000,-0.002758,-0.001302,0.016280,0.999863,13.729367,418.921295,95.381035
129,1.290000,-0.002739,-0.001097,0.016143,0.999865,14.223079,418.922607,95.407265
130,1.300000,-0.002719,-0.000745,0.015661,0.999873,14.684734,418.920135,95.430786
131,1.310000,-0.002747,-0.000955,0.015836,0.999870,15.202304,418.913971,95.437965
132,1.320000,-0.002706,-0.000849,0.015691,0.999873,15.682658,418.907227,95.473358
133,1.330000,-0.002739,-0.001092,0.015769,0.999871,16.152369,418.903229,95.487701
134,1.340000,-0.002785,-0.000712,0.015249,0.999880,16.626612,418.906281,95.515205
135,1.350000,-0.002770,-0.000997,0.015649,0.999873,17.038401,418.902679,95.518967
136,1.360000,-0.002687,-0.001154,0.015783,0.999871,17.551533,418.898468,95.538239
137,1.370000,-0.002733,-0.001135,0.016074,0.999866,18.025829,418.895386,95.565269
138,1.380000,-0.002751,-0.001223,0.016207,0.999864,18.450708,418.889587,95.572632
139,1.390000,-0.002732,-0.001233,0.016243,0.999864,18.959196,418.874969,95.587013
140,1.400000,-0.002666,-0.001310,0.016276,0.999863,19.428440,418.868011,95.611664
141,1.410000,-0.002669,-0.001288,0.016057,0.999867,19.909781,418.861267,95.630989
142,1.420000,-0.002656,-0.001316,0.016134,0.999866,20.372383,418.853912,95.652969
143,1.430000,-0.002696,-0.001362,0.016033,0.999867,20.806284,418.851593,95.678238
144,1.440000,-0.002736,-0.001344,0.015950,0.999868,21.327646,418.848450,95.691650
145,1.450000,-0.002677,-0.001289,0.015887,0.999869,21.820127,418.849457,95.708565
146,1.460000,-0.002684,-0.001189,0.015664,0.999873,22.264254,418.840607,95.722748
147,1.470000,-0.002620,-0.001380,0.015979,0.999868,22.802485,418.839600,95.748070
148,1.480000,-0.002691,-0.001399,0.016077,0.999866,23.293407,418.828888,95.765930
149,1.490000,-0.002711,-0.001452,0.016080,0.999866,23.789480,418.820709,95.780190
150,1.500000,-0.002724,-0.001307,0.015773,0.999871,24.281816,418.810211,95.795067
151,1.510000,-0.002733,-0.001458,0.016104,0.999866,24.724674,418.811035,95.815155
152,1.520000,-0.002646,-0.001462,0.016184,0.999864,25.269726,418.806061,95.839142
153,1.530000,-0.002678,-0.001382,0.015877,0.999869,25.779274,418.803833,95.867706
154,1.540000,-0.002750,-0.001419,0.015842,0.999870,26.229530,418.800415,95.897476
155,1.550000,-0.002577,-0.001079,0.015347,0.999878,26.794537,418.782928,95.930862
156,1.560000,-0.002629,-0.001166,0.015809,0.999871,27.298151,418.774719,95.948830
157,1.570000,-0.002671,-0.001360,0.015890,0.999869,27.799799,418.776215,95.964050
158,1.580000,-0.002656,-0.001332,0.015846,0.999870,28.294436,418.775208,95.981049
159,1.590000,-0.002660,-0.001491,0.016031,0.999867,28.727358,418.770050,96.000725
160,1.600000,-0.002685,-0.001278,0.015709,0.999872,29.236834,418.760620,96.017006
161,1.610000,-0.002723,-0.001556,0.015832,0.999870,29.698803,418.756744,96.011375
162,1.620000,-0.002752,-0.001478,0.015845,0.999870,30.080900,418.754395,96.016159
163,1.630000,-0.002738,-0.001421,0.015781,0.999871,30.535345,418.749664,96.034866
164,1.640000,-0.002813,-0.001334,0.015391,0.999877,30.938656,418.741547,96.053825
165,1.650000,-0.002821,-0.001478,0.015580,0.999874,31.322021,418.743164,96.063171
166,1.660000,-0.002814,-0.001336,0.015170,0.999880,31.679544,418.735779,96.077354
167,1.670000,-0.002786,-0.001429,0.015255,0.999879,32.006176,418.731262,96.091637
168,1.680000,-0.002927,-0.001780,0.015925,0.999867,32.410946,418.720886,96.108360
169,1.690000,-0.002859,-0.001605,0.015797,0.999870,32.737301,418.735535,96.120720
170,1.700000,-0.002813,-0.001429,0.015573,0.999874,33.006966,418.733887,96.124733
171,1.710000,-0.002833,-0.001427,0.015475,0.999875,33.326328,418.723114,96.131264
172,1.720000,-0.002858,-0.001359,0.015440,0.999876,33.581657,418.729767,96.143364
173,1.730000,-0.002861,-0.001562,0.015648,0.999872,33.823765,418.736023,96.157074
174,1.740000,-0.002871,-0.001558,0.015684,0.999872,34.033794,418.739716,96.166855
175,1.750000,-0.002855,-0.001656,0.015844,0.999869,34.204845,418.739624,96.180946
176,1.760000,-0.002776,-0.001453,0.015554,0.999874,34.400482,418.740967,96.203865
177,1.770000,-0.002794,-0.001459,0.015630,0.999873,34.575645,418.741638,96.210907
178,1.780000,-0.002776,-0.001442,0.015609,0.999873,34.713470,418.742401,96.211617
179,1.790000,-0.002782,-0.001488,0.015638,0.999873,34.882236,418.746185,96.210541
180,1.800000,-0.002804,-0.001645,0.015842,0.999869,35.030678,418.749634,96.217087
181,1.810000,-0.002847,-0.001763,0.016125,0.999864,35.164791,418.757904,96.223206
182,1.820000,-0.002857,-0.001642,0.016111,0.999865,35.306316,418.764160,96.224686
183,1.830000,-0.002828,-0.001592,0.016053,0.999866,35.426216,418.764404,96.237770
184,1.840000,-0.002817,-0.001487,0.015789,0.999870,35.574425,418.759399,96.257668
185,1.850000,-0.002755,-0.001454,0.015769,0.999871,35.726456,418.748718,96.283905
186,1.860000,-0.002708,-0.001590,0.015797,0.999870,35.860867,418.740570,96.302719
187,1.870000,-0.002671,-0.001596,0.015703,0.999872,36.018723,418.723175,96.317993
188,1.880000,-0.002664,-0.001591,0.015989,0.999867,36.176632,418.717346,96.325645
189,1.890000,-0.002689,-0.001620,0.016064,0.999866,36.327271,418.722260,96.323601
190,1.900000,-0.002696,-0.001654,0.015903,0.999869,36.481628,418.730835,96.326187
191,1.910000,-0.002680,-0.001577,0.016026,0.999867,36.638107,418.730774,96.329155
192,1.920000,-0.002659,-0.001601,0.016049,0.999866,36.819592,418.728333,96.343269
193,1.930000,-0.002745,-0.001924,0.016274,0.999862,37.019325,418.710205,96.356842
194,1.940000,-0.002573,-0.001738,0.016149,0.999865,37.178741,418.713287,96.374283
195,1.950000,-0.002629,-0.001794,0.015877,0.999869,37.390324,418.703827,96.387184
196,1.960000,-0.002659,-0.001613,0.015867,0.999869,37.612442,418.683533,96.389984
197,1.970000,-0.002672,-0.001844,0.016033,0.999866,37.801586,418.678345,96.399094
198,1.980000,-0.002575,-0.001762,0.016152,0.999865,38.024570,418.665283,96.409180
199,1.990000,-0.002646,-0.001779,0.015946,0.999868,38.206390,418.652100,96.414284
200,2.000000,-0.002826,-0.002207,0.016399,0.999859,38.462059,418.630463,96.413589
201,2.010000,-0.002676,-0.001887,0.015980,0.999867,38.655518,418.637268,96.435478
202,2.020000,-0.002677,-0.001891,0.016253,0.999863,38.858688,418.638184,96.440758
203,2.030000,-0.002688,-0.001845,0.015998,0.999867,39.089676,418.645142,96.455925
204,2.040000,-0.002686,-0.001890,0.016316,0.999861,39.306637,418.645813,96.452370
205,2.050000,-0.002684,-0.001819,0.016115,0.999865,39.505981,418.645905,96.442810
206,2.060000,-0.002670,-0.001839,0.016370,0.999861,39.708015,418.642029,96.439392
207,2.070000,-0.002845,-0.002129,0.016512,0.999857,39.872917,418.634399,96.441109
208,2.080000,-0.002689,-0.001994,0.016425,0.999860,40.056564,418.640900,96.460373
209,2.090000,-0.002713,-0.001966,0.016486,0.999858,40.200157,418.639221,96.474487
210,2.100000,-0.002756,-0.001958,0.016577,0.999857,40.308472,418.641022,96.483215
211,2.110000,-0.002745,-0.002031,0.016658,0.999856,40.428680,418.636780,96.491699
212,2.120000,-0.002735,-0.002020,0.016632,0.999856,40.520813,418.633362,96.497406
213,2.130000,-0.002727,-0.002107,0.016680,0.999855,40.604530,418.627289,96.499039
214,2.140000,-0.002697,-0.002059,0.016672,0.999855,40.676151,418.625427,96.501724
215,2.150000,-0.002702,-0.002062,0.016657,0.999856,40.734272,418.627960,96.504791
216,2.160000,-0.002685,-0.002020,0.016667,0.999856,40.798840,418.637665,96.515526
217,2.170000,-0.002684,-0.002098,0.016728,0.999854,40.865330,418.644043,96.521240
218,2.180000,-0.002698,-0.002139,0.016835,0.999852,40.922203,418.647247,96.520592
219,2.190000,-0.002534,-0.001321,0.015134,0.999881,41.046822,418.628967,96.546860
220,2.200000,-0.002580,-0.001228,0.014944,0.999884,41.120358,418.623901,96.539589
221,2.210000,-0.002785,-0.001579,0.015156,0.999880,41.187847,418.615784,96.524094
222,2.220000,-0.002820,-0.001477,0.015120,0.999881,41.233463,418.624603,96.519180
223,2.230000,-0.002847,-0.001519,0.015001,0.999882,41.261307,418.637848,96.514969
224,2.240000,-0.002844,-0.001487,0.014994,0.999882,41.287392,418.647156,96.514389
225,2.250000,-0.002832,-0.001478,0.015005,0.999882,41.302963,418.645905,96.514465
226,2.260000,-0.002807,-0.001529,0.015263,0.999878,41.316189,418.637634,96.517998
227,2.270000,-0.002804,-0.001467,0.014938,0.999883,41.315979,418.630768,96.523506
228,2.280000,-0.002769,-0.001542,0.015306,0.999878,41.326225,418.626770,96.529869
229,2.290000,-0.002755,-0.001557,0.015286,0.999878,41.332253,418.627716,96.538673
230,2.300000,-0.002752,-0.001573,0.015328,0.999878,41.340405,418.630005,96.543602
231,2.310000,-0.002766,-0.001542,0.015314,0.999878,41.352539,418.630951,96.546478
232,2.320000,-0.002793,-0.001760,0.015460,0.999875,41.382572,418.632355,96.543816
233,2.330000,-0.002810,-0.001788,0.015548,0.999874,41.408955,418.640076,96.541412
234,2.340000,-0.002820,-0.001783,0.015615,0.999873,41.440201,418.651703,96.540184
235,2.350000,-0.003012,-0.001776,0.015527,0.999873,41.495991,418.656311,96.541710
236,2.360000,-0.002722,-0.001348,0.015284,0.999879,41.536018,418.692474,96.543617
237,2.370000,-0.002739,-0.001264,0.015149,0.999881,41.590046,418.702728,96.543121
238,2.380000,-0.002744,-0.001165,0.014997,0.999883,41.655876,418.696442,96.547592
239,2.390000,-0.002721,-0.001144,0.014877,0.999885,41.726154,418.683990,96.554810
240,2.400000,-0.002693,-0.001237,0.015233,0.999880,41.820793,418.662689,96.566261
241,2.410000,-0.002653,-0.001277,0.015177,0.999881,41.911549,418.650208,96.573387
242,2.420000,-0.002614,-0.001261,0.015176,0.999881,41.990383,418.643646,96.581917
243,2.430000,-0.002571,-0.001203,0.015012,0.999883,42.079746,418.641571,96.591354
244,2.440000,-0.002566,-0.001101,0.014943,0.999884,42.154053,418.639465,96.592682
245,2.450000,-0.002547,-0.001137,0.014980,0.999884,42.225506,418.636536,96.591644
246,2.460000,-0.002551,-0.001104,0.014958,0.999884,42.300438,418.633545,96.588020
247,2.470000,-0.002552,-0.001126,0.014910,0.999885,42.377735,418.631287,96.588173
248,2.480000,-0.002557,-0.001187,0.014882,0.999885,42.469563,418.625793,96.589081
249,2.490000,-0.002569,-0.001161,0.014865,0.999886,42.535706,418.621735,96.592667
250,2.500000,-0.002560,-0.001175,0.014901,0.999885,42.589233,418.621277,96.592331
251,2.510000,-0.002607,-0.001139,0.014921,0.999885,42.640865,418.627991,96.588570
252,2.520000,-0.002801,-0.001554,0.015290,0.999878,42.688908,418.626831,96.577415
253,2.530000,-0.002806,-0.001708,0.015492,0.999875,42.718906,418.632874,96.579536
254,2.540000,-0.002793,-0.001668,0.015462,0.999875,42.735962,418.634094,96.586388
255,2.550000,-0.002778,-0.001723,0.015453,0.999875,42.753979,418.631836,96.593979
256,2.560000,-0.002793,-0.001878,0.015549,0.999874,42.774075,418.628265,96.598465
257,2.570000,-0.002790,-0.001923,0.015621,0.999872,42.788506,418.627441,96.600403
258,2.580000,-0.002800,-0.001840,0.015461,0.999875,42.810246,418.629791,96.600143
259,2.590000,-0.002778,-0.001826,0.015388,0.999876,42.839256,418.635925,96.601852
260,2.600000,-0.002777,-0.001829,0.015547,0.999874,42.869213,418.642975,96.600029
261,2.610000,-0.002765,-0.001778,0.015541,0.999874,42.902241,418.651520,96.604408
262,2.620000,-0.002801,-0.001772,0.015471,0.999875,42.945988,418.660400,96.608971
263,2.630000,-0.002826,-0.001700,0.015416,0.999876,42.986259,418.666351,96.608322
264,2.640000,-0.002674,-0.001332,0.015177,0.999880,43.025448,418.682159,96.609093
265,2.650000,-0.002699,-0.001326,0.015292,0.999879,43.072628,418.689301,96.598022
266,2.660000,-0.002705,-0.001270,0.015349,0.999878,43.118168,418.694305,96.592926
267,2.670000,-0.002744,-0.001402,0.015586,0.999874,43.183968,418.699188,96.594322
268,2.680000,-0.002739,-0.001292,0.015437,0.999876,43.249050,418.693207,96.609055
269,2.690000,-0.002716,-0.001278,0.015285,0.999879,43.316326,418.685760,96.634331
270,2.700000,-0.002667,-0.001173,0.015130,0.999881,43.379833,418.679443,96.647499
271,2.710000,-0.002634,-0.001190,0.015041,0.999883,43.439949,418.670715,96.652710
272,2.720000,-0.002573,-0.001131,0.014965,0.999884,43.510269,418.655945,96.653595
273,2.730000,-0.002551,-0.001147,0.015015,0.999883,43.576645,418.643463,96.641518
274,2.740000,-0.002560,-0.001219,0.015086,0.999882,43.639778,418.637238,96.631500
275,2.750000,-0.002612,-0.001126,0.014883,0.999885,43.723827,418.630737,96.621078
276,2.760000,-0.002633,-0.001192,0.014857,0.999885,43.779606,418.629211,96.621964
277,2.770000,-0.002627,-0.001189,0.014854,0.999886,43.814148,418.629761,96.624840
278,2.780000,-0.002625,-0.001207,0.014823,0.999886,43.843758,418.633057,96.629059
279,2.790000,-0.002634,-0.001187,0.014804,0.999886,43.856121,418.635498,96.632263
280,2.800000,-0.002631,-0.001221,0.014894,0.999885,43.860558,418.637604,96.634422
281,2.810000,-0.002633,-0.001191,0.014862,0.999885,43.857327,418.641510,96.632607
282,2.820000,-0.002619,-0.001210,0.014890,0.999885,43.851471,418.644592,96.630348
283,2.830000,-0.002612,-0.001145,0.014895,0.999885,43.838215,418.648193,96.632729
284,2.840000,-0.002599,-0.001142,0.014894,0.999885,43.832928,418.648285,96.639442
285,2.850000,-0.002576,-0.001121,0.014858,0.999886,43.835327,418.647156,96.648834
286,2.860000,-0.002554,-0.001117,0.014888,0.999885,43.839592,418.645508,96.654793
287,2.870000,-0.002553,-0.001109,0.014870,0.999886,43.844582,418.643311,96.658478
288,2.880000,-0.002569,-0.001171,0.014858,0.999886,43.856129,418.644592,96.655289
289,2.890000,-0.002637,-0.001186,0.014880,0.999885,43.860199,418.654755,96.642838
290,2.900000,-0.002856,-0.001529,0.015153,0.999880,43.875568,418.659241,96.620667
291,2.910000,-0.002973,-0.001613,0.015304,0.999877,43.878582,418.682434,96.595741
292,2.920000,-0.003043,-0.001644,0.015475,0.999874,43.883671,418.707275,96.576889
293,2.930000,-0.003082,-0.001457,0.015131,0.999880,43.892578,418.727234,96.562897
294,2.940000,-0.003106,-0.001449,0.015158,0.999879,43.904484,418.742859,96.562103
295,2.950000,-0.003090,-0.001422,0.015137,0.999880,43.918049,418.751282,96.572624
296,2.960000,-0.003000,-0.001462,0.015264,0.999878,43.937901,418.750183,96.594818
297,2.970000,-0.002983,-0.001435,0.015219,0.999879,43.963493,418.749481,96.611641
298,2.980000,-0.002964,-0.001460,0.015222,0.999879,43.991062,418.747253,96.621620
299,2.990000,-0.002933,-0.001585,0.015703,0.999871,44.042679,418.738953,96.627716
300,3.000000,-0.002916,-0.001596,0.015753,0.999870,44.086758,418.733185,96.626198
301,3.010000,-0.002886,-0.001525,0.015740,0.999871,44.140903,418.729736,96.620880
302,3.020000,-0.002899,-0.001565,0.015715,0.999871,44.198940,418.735840,96.613724
303,3.030000,-0.002766,-0.001138,0.015261,0.999879,44.244957,418.757477,96.613403
304,3.040000,-0.002752,-0.001067,0.015173,0.999881,44.305489,418.771515,96.614357
305,3.050000,-0.002763,-0.001190,0.015535,0.999875,44.320984,418.776123,96.617065
306,3.060000,-0.002671,-0.001273,0.015624,0.999874,44.417046,418.794617,96.631401
307,3.070000,-0.002637,-0.001332,0.015846,0.999870,44.472477,418.783417,96.646973
308,3.080000,-0.002628,-0.001310,0.015870,0.999870,44.512783,418.767487,96.659500
309,3.090000,-0.002624,-0.001338,0.016016,0.999867,44.542770,418.746826,96.674866
310,3.100000,-0.002596,-0.001231,0.015693,0.999873,44.585117,418.739899,96.690216
311,3.110000,-0.002630,-0.001238,0.015746,0.999872,44.588596,418.733734,96.687866
312,3.120000,-0.002634,-0.001286,0.015683,0.999873,44.608383,418.737976,96.680122
313,3.130000,-0.002627,-0.001326,0.015868,0.999870,44.597218,418.742371,96.676750
314,3.140000,-0.002627,-0.001302,0.015781,0.999871,44.601315,418.745422,96.679482
315,3.150000,-0.002605,-0.001268,0.015838,0.999870,44.593956,418.744354,96.681854
316,3.160000,-0.002626,-0.001227,0.015683,0.999873,44.612034,418.742310,96.680962
317,3.170000,-0.002608,-0.001315,0.015763,0.999871,44.617981,418.740723,96.688683
318,3.180000,-0.002612,-0.001425,0.015775,0.999871,44.636990,418.742584,96.697609
319,3.190000,-0.002617,-0.001428,0.015836,0.999870,44.644238,418.743958,96.695808
320,3.200000,-0.002605,-0.001378,0.015797,0.999871,44.666958,418.746124,96.688354
321,3.210000,-0.002614,-0.001306,0.015784,0.999871,44.678677,418.743927,96.685242
322,3.220000,-0.002580,-0.001292,0.015749,0.999872,44.691135,418.746643,96.693573
323,3.230000,-0.002547,-0.001309,0.015781,0.999871,44.703857,418.744904,96.704178
324,3.240000,-0.002535,-0.001323,0.015669,0.999873,44.721119,418.741241,96.713387
325,3.250000,-0.002538,-0.001431,0.015710,0.999872,44.736568,418.736725,96.725273
326,3.260000,-0.002531,-0.001415,0.015692,0.999873,44.751400,418.739532,96.732918
327,3.270000,-0.002504,-0.001435,0.015779,0.999871,44.759995,418.748322,96.734352
328,3.280000,-0.002523,-0.001307,0.015782,0.999871,44.776501,418.764496,96.726669
329,3.290000,-0.002553,-0.001335,0.015831,0.999871,44.794464,418.777893,96.717461
330,3.300000,-0.002575,-0.001331,0.015848,0.999870,44.810360,418.785950,96.712379
331,3.310000,-0.002622,-0.001379,0.015897,0.999869,44.834721,418.788208,96.703712
332,3.320000,-0.002648,-0.001370,0.015875,0.999870,44.856770,418.789734,96.698944
333,3.330000,-0.002642,-0.001358,0.015876,0.999870,44.874302,418.788391,96.701447
334,3.340000,-0.002630,-0.001296,0.015868,0.999870,44.883965,418.791077,96.703743
335,3.350000,-0.002601,-0.001299,0.015947,0.999869,44.892021,418.790131,96.709915
336,3.360000,-0.002554,-0.001271,0.015948,0.999869,44.904560,418.781036,96.719666
337,3.370000,-0.002509,-0.001291,0.015936,0.999869,44.911434,418.769897,96.732323
338,3.380000,-0.002495,-0.001296,0.015891,0.999870,44.917057,418.761505,96.737572
339,3.390000,-0.002522,-0.001332,0.015853,0.999870,44.930176,418.755096,96.733139
340,3.400000,-0.002501,-0.001300,0.015857,0.999870,44.936230,418.755981,96.732704
341,3.410000,-0.002529,-0.001319,0.015880,0.999870,44.950340,418.756927,96.727798
342,3.420000,-0.002573,-0.001397,0.015933,0.999869,44.977810,418.753967,96.715485
343,3.430000,-0.002577,-0.001346,0.015933,0.999869,44.994186,418.752899,96.716408
344,3.440000,-0.002603,-0.001373,0.015972,0.999868,45.015266,418.762665,96.709366
345,3.450000,-0.002614,-0.001355,0.016049,0.999867,45.025108,418.776642,96.708023
346,3.460000,-0.002649,-0.001400,0.016167,0.999865,45.032715,418.787506,96.705109
347,3.470000,-0.002655,-0.001405,0.016183,0.999865,45.042473,418.794098,96.705025
348,3.480000,-0.002665,-0.001334,0.016032,0.999867,45.057541,418.795197,96.701546
349,3.490000,-0.002699,-0.001378,0.016046,0.999867,45.061443,418.796173,96.698936
350,3.500000,-0.002689,-0.001319,0.015999,0.999868,45.067661,418.796021,96.696487
351,3.510000,-0.002717,-0.001377,0.016076,0.999866,45.070480,418.802795,96.694290
352,3.520000,-0.002758,-0.001340,0.015967,0.999868,45.070755,418.815247,96.686821
353,3.530000,-0.002799,-0.001330,0.016018,0.999867,45.074440,418.828003,96.673706
354,3.540000,-0.002808,-0.001073,0.015805,0.999871,45.085957,418.840118,96.664642
355,3.550000,-0.002875,-0.001221,0.015976,0.999868,45.084991,418.860718,96.652351
356,3.560000,-0.002873,-0.001254,0.016074,0.999866,45.088829,418.874695,96.649155
357,3.570000,-0.002912,-0.001245,0.016070,0.999866,45.099628,418.887512,96.646225
358,3.580000,-0.002923,-0.001229,0.016117,0.999865,45.115459,418.896912,96.650841
359,3.590000,-0.002942,-0.001301,0.016223,0.999863,45.138897,418.905182,96.655968
360,3.600000,-0.002941,-0.001209,0.016126,0.999865,45.169495,418.913452,96.660225
361,3.610000,-0.002925,-0.001137,0.016043,0.999866,45.197929,418.917938,96.656738
362,3.620000,-0.002921,-0.001330,0.016584,0.999857,45.234383,418.922363,96.653694
363,3.630000,-0.002920,-0.001336,0.016678,0.999856,45.264915,418.929688,96.653137
364,3.640000,-0.002927,-0.001420,0.016758,0.999854,45.298382,418.935089,96.652977
365,3.650000,-0.003110,-0.001795,0.017034,0.999848,45.335369,418.931000,96.651047
366,3.660000,-0.003130,-0.001819,0.017143,0.999847,45.361931,418.937103,96.651901
367,3.670000,-0.002979,-0.001460,0.016907,0.999852,45.369026,418.952789,96.654099
368,3.680000,-0.003145,-0.001761,0.017166,0.999846,45.395618,418.954041,96.641495
369,3.690000,-0.003161,-0.001757,0.017201,0.999846,45.406082,418.961060,96.635414
370,3.700000,-0.003163,-0.001752,0.017240,0.999845,45.411282,418.967896,96.634064
371,3.710000,-0.003169,-0.001717,0.017272,0.999844,45.413113,418.974274,96.637016
372,3.720000,-0.003184,-0.001706,0.017237,0.999845,45.417267,418.976501,96.639778
373,3.730000,-0.003006,-0.001432,0.017024,0.999850,45.409439,418.988251,96.645622
374,3.740000,-0.003168,-0.001697,0.017235,0.999845,45.419201,418.980499,96.646538
375,3.750000,-0.003168,-0.001722,0.017275,0.999844,45.422417,418.982422,96.647011
376,3.760000,-0.003164,-0.001693,0.017226,0.999845,45.432034,418.985352,96.645866
377,3.770000,-0.003154,-0.001673,0.017240,0.999845,45.440617,418.985107,96.644051
378,3.780000,-0.003154,-0.001693,0.017203,0.999846,45.454189,418.986053,96.644104
379,3.790000,-0.003177,-0.001754,0.017273,0.999844,45.470356,418.990143,96.642235
380,3.800000,-0.003194,-0.001659,0.017179,0.999846,45.480381,418.995605,96.647110
381,3.810000,-0.003027,-0.001321,0.016961,0.999851,45.479050,419.014282,96.651085
382,3.820000,-0.002996,-0.001345,0.016996,0.999850,45.491268,419.021759,96.652893
383,3.830000,-0.002955,-0.001246,0.016879,0.999852,45.506248,419.024078,96.655685
384,3.840000,-0.002930,-0.001320,0.017026,0.999850,45.519688,419.030457,96.660149
385,3.850000,-0.002937,-0.001229,0.016847,0.999853,45.538464,419.035614,96.662605
386,3.860000,-0.002959,-0.001204,0.016844,0.999853,45.552212,419.040985,96.658325
387,3.870000,-0.002975,-0.001162,0.016805,0.999854,45.568283,419.048218,96.655846
388,3.880000,-0.002950,-0.001255,0.017253,0.999846,45.592041,419.051941,96.655548
389,3.890000,-0.002974,-0.001286,0.017266,0.999846,45.614967,419.053925,96.658783
390,3.900000,-0.002977,-0.001409,0.017360,0.999844,45.642689,419.057739,96.657578
391,3.910000,-0.002972,-0.001366,0.017368,0.999844,45.659794,419.062653,96.660278
392,3.920000,-0.002987,-0.001366,0.017401,0.999843,45.682495,419.066772,96.660332
393,3.930000,-0.002995,-0.001387,0.017461,0.999842,45.699135,419.070282,96.658508
394,3.940000,-0.002973,-0.001536,0.017645,0.999839,45.719604,419.074280,96.653442
395,3.950000,-0.002993,-0.001523,0.017626,0.999839,45.744324,419.074036,96.646843
396,3.960000,-0.002999,-0.001519,0.017584,0.999840,45.770966,419.071289,96.647186
397,3.970000,-0.002972,-0.001522,0.017521,0.999841,45.796471,419.069763,96.656151
398,3.980000,-0.002960,-0.001521,0.017517,0.999841,45.821560,419.067047,96.662590
399,3.990000,-0.002958,-0.001501,0.017437,0.999843,45.842346,419.061615,96.670471
400,4.000000,-0.002991,-0.001513,0.017314,0.999845,45.871868,419.054382,96.672646
401,4.010000,-0.002975,-0.001489,0.017299,0.999845,45.889126,419.048920,96.677666
402,4.020000,-0.002972,-0.001470,0.017307,0.999845,45.904758,419.050140,96.674522
403,4.030000,-0.002986,-0.001465,0.017355,0.999844,45.921024,419.055298,96.672905
404,4.040000,-0.002996,-0.001431,0.017274,0.999845,45.941959,419.060333,96.670151
405,4.050000,-0.003004,-0.001430,0.017269,0.999845,45.958282,419.063110,96.671608
406,4.060000,-0.003015,-0.001342,0.017063,0.999849,45.977421,419.064728,96.672028
407,4.070000,-0.003021,-0.001427,0.017223,0.999846,45.987194,419.066620,96.672836
408,4.080000,-0.003052,-0.001441,0.017538,0.999841,46.024712,419.069000,96.671227
409,4.090000,-0.003045,-0.001397,0.017542,0.999841,46.049179,419.072327,96.663765
410,4.100000,-0.003061,-0.001329,0.017488,0.999842,46.073135,419.077301,96.660286
411,4.110000,-0.003082,-0.001327,0.017497,0.999841,46.114124,419.083954,96.664467
412,4.120000,-0.003058,-0.001447,0.017664,0.999838,46.157471,419.091614,96.671692
413,4.130000,-0.003049,-0.001380,0.017663,0.999838,46.199074,419.099335,96.681297
414,4.140000,-0.003036,-0.001526,0.017699,0.999838,46.255520,419.104004,96.695404
415,4.150000,-0.003007,-0.001474,0.017631,0.999839,46.306450,419.105927,96.705879
416,4.160000,-0.002968,-0.001395,0.017546,0.999841,46.377243,419.104156,96.718864
417,4.170000,-0.002953,-0.001342,0.017756,0.999837,46.460617,419.103638,96.719574
418,4.180000,-0.003099,-0.001631,0.018113,0.999830,46.541271,419.098969,96.711708
419,4.190000,-0.002977,-0.001359,0.017847,0.999835,46.632122,419.115265,96.710342
420,4.200000,-0.003198,-0.001831,0.018131,0.999829,46.725006,419.112823,96.695930
421,4.210000,-0.003023,-0.001551,0.017852,0.999835,46.799202,419.122314,96.702789
422,4.220000,-0.003186,-0.001833,0.018261,0.999826,46.904594,419.096771,96.705666
423,4.230000,-0.003025,-0.001481,0.018004,0.999832,46.970638,419.092743,96.719719
424,4.240000,-0.002942,-0.001305,0.017772,0.999837,47.069920,419.077667,96.735863
425,4.250000,-0.003337,-0.001615,0.018421,0.999824,47.175838,419.075836,96.767303
426,4.260000,-0.003007,-0.001434,0.017576,0.999840,47.245735,419.063141,96.758881
427,4.270000,-0.003358,-0.001514,0.018546,0.999821,47.358219,419.060242,96.796112
428,4.280000,-0.003265,-0.001811,0.018197,0.999828,47.447433,419.034943,96.776306
429,4.290000,-0.002946,-0.001371,0.017831,0.999836,47.521832,419.069702,96.773727
430,4.300000,-0.002937,-0.001447,0.017878,0.999835,47.608566,419.085510,96.776260
431,4.310000,-0.002942,-0.001531,0.018145,0.999830,47.695152,419.091705,96.777122
432,4.320000,-0.002969,-0.001475,0.018197,0.999829,47.790791,419.097839,96.775558
433,4.330000,-0.003182,-0.001615,0.018192,0.999828,47.897045,419.094727,96.758453
434,4.340000,-0.003203,-0.001579,0.018014,0.999831,47.979706,419.105316,96.748634
435,4.350000,-0.003184,-0.001550,0.017954,0.999833,48.071091,419.120300,96.735466
436,4.360000,-0.003205,-0.001959,0.018598,0.999820,48.166534,419.127594,96.736931
437,4.370000,-0.003235,-0.001945,0.018592,0.999820,48.243893,419.122406,96.742767
438,4.380000,-0.003012,-0.001410,0.018166,0.999830,48.309669,419.125275,96.760155
439,4.390000,-0.003040,-0.001394,0.018007,0.999832,48.376572,419.119629,96.761459
440,4.400000,-0.003036,-0.001373,0.017836,0.999835,48.452812,419.112152,96.767487
441,4.410000,-0.003017,-0.001246,0.017617,0.999840,48.517719,419.115295,96.770676
442,4.420000,-0.003332,-0.001578,0.018669,0.999819,48.597530,419.123993,96.788971
443,4.430000,-0.003025,-0.001541,0.018267,0.999828,48.667759,419.122681,96.770607
444,4.440000,-0.003388,-0.001443,0.018768,0.999817,48.762760,419.132690,96.799438
445,4.450000,-0.003052,-0.001224,0.017994,0.999833,48.819523,419.132141,96.784889
446,4.460000,-0.003117,-0.001275,0.017987,0.999833,48.891888,419.136871,96.788460
447,4.470000,-0.003138,-0.001261,0.017921,0.999834,48.954098,419.141632,96.786804
448,4.480000,-0.003119,-0.001619,0.018476,0.999823,49.044689,419.149475,96.781654
449,4.490000,-0.003114,-0.001697,0.018660,0.999820,49.113060,419.159058,96.780823
450,4.500000,-0.003057,-0.001524,0.018525,0.999823,49.179115,419.160370,96.785484
451,4.510000,-0.003173,-0.001826,0.018621,0.999820,49.267956,419.155457,96.788513
452,4.520000,-0.003141,-0.001691,0.018355,0.999825,49.335003,419.153503,96.802742
453,4.530000,-0.003139,-0.001728,0.018221,0.999828,49.403004,419.152130,96.821388
454,4.540000,-0.003121,-0.001759,0.018594,0.999821,49.471741,419.151886,96.835083
455,4.550000,-0.003120,-0.001982,0.018804,0.999816,49.536575,419.153442,96.838852
456,4.560000,-0.003162,-0.001995,0.018781,0.999817,49.622364,419.152924,96.834755
457,4.570000,-0.003178,-0.001886,0.018586,0.999820,49.691746,419.145996,96.835281
458,4.580000,-0.003195,-0.001789,0.018455,0.999823,49.750828,419.137939,96.830116
459,4.590000,-0.003050,-0.001363,0.018045,0.999832,49.805470,419.152557,96.826813
460,4.600000,-0.003003,-0.001361,0.018472,0.999824,49.856800,419.174011,96.824623
461,4.610000,-0.003406,-0.001566,0.019385,0.999805,49.920666,419.187592,96.852455
462,4.620000,-0.003441,-0.001621,0.019473,0.999803,49.978397,419.187378,96.857773
463,4.630000,-0.003091,-0.001490,0.018797,0.999817,50.015808,419.182098,96.839180
464,4.640000,-0.003419,-0.001548,0.019284,0.999807,50.086304,419.191528,96.865562
465,4.650000,-0.003063,-0.001520,0.018663,0.999820,50.129349,419.195404,96.845993
466,4.660000,-0.003388,-0.001498,0.018476,0.999822,50.180462,419.174530,96.826019
467,4.670000,-0.003419,-0.001331,0.018300,0.999826,50.232250,419.181671,96.822487
468,4.680000,-0.003055,-0.001348,0.018846,0.999817,50.274414,419.222565,96.844421
469,4.690000,-0.003045,-0.001415,0.018884,0.999816,50.328369,419.220428,96.854362
470,4.700000,-0.003036,-0.001440,0.018893,0.999816,50.387161,419.207031,96.864426
471,4.710000,-0.003003,-0.001436,0.018910,0.999816,50.439735,419.203064,96.868225
472,4.720000,-0.002978,-0.001548,0.018903,0.999816,50.510403,419.205811,96.873199
473,4.730000,-0.002939,-0.001453,0.018767,0.999819,50.567303,419.215424,96.881485
474,4.740000,-0.003084,-0.001716,0.018852,0.999816,50.633469,419.211670,96.877472
475,4.750000,-0.003092,-0.001830,0.019306,0.999807,50.716591,419.211884,96.873062
476,4.760000,-0.003110,-0.001812,0.019298,0.999807,50.794403,419.214508,96.867172
477,4.770000,-0.003131,-0.001850,0.019332,0.999806,50.873150,419.222595,96.862068
478,4.780000,-0.003151,-0.001848,0.019322,0.999807,50.943459,419.228668,96.866829
479,4.790000,-0.003478,-0.001906,0.019050,0.999811,51.020313,419.206665,96.845451
480,4.800000,-0.002997,-0.001515,0.018736,0.999819,51.075768,419.239594,96.877289
481,4.810000,-0.003007,-0.001633,0.019172,0.999810,51.142616,419.226959,96.885651
482,4.820000,-0.002917,-0.001629,0.019123,0.999812,51.198143,419.207520,96.899811
483,4.830000,-0.002914,-0.001680,0.019114,0.999812,51.259758,419.197021,96.909271
484,4.840000,-0.003290,-0.001853,0.019955,0.999794,51.314827,419.208832,96.936386
485,4.850000,-0.003282,-0.001851,0.019930,0.999794,51.352169,419.212952,96.942429
486,4.860000,-0.003253,-0.001747,0.019592,0.999801,51.403603,419.209991,96.942513
487,4.870000,-0.003273,-0.001761,0.019506,0.999803,51.445988,419.204620,96.935165
488,4.880000,-0.003262,-0.001591,0.019278,0.999808,51.496723,419.204010,96.924461
489,4.890000,-0.003241,-0.001643,0.019231,0.999808,51.544724,419.212402,96.920784
490,4.900000,-0.002987,-0.001563,0.019196,0.999810,51.580242,419.217194,96.909164
491,4.910000,-0.002952,-0.001511,0.019208,0.999810,51.631805,419.215271,96.924835
492,4.920000,-0.002930,-0.001469,0.019175,0.999811,51.685257,419.201813,96.934715
493,4.930000,-0.002934,-0.001497,0.019076,0.999813,51.744938,419.193512,96.939697
494,4.940000,-0.002945,-0.001508,0.019069,0.999813,51.792877,419.198029,96.943756
495,4.950000,-0.002930,-0.001363,0.018743,0.999819,51.848839,419.203491,96.944336
496,4.960000,-0.003100,-0.001552,0.018801,0.999817,51.917473,419.195190,96.934364
497,4.970000,-0.002974,-0.001184,0.018422,0.999825,51.971207,419.205200,96.934769
498,4.980000,-0.002956,-0.001401,0.018982,0.999814,52.034737,419.209381,96.931839
499,4.990000,-0.003202,-0.001926,0.019459,0.999804,52.128716,419.205566,96.916740
500,5.000000,-0.003222,-0.001912,0.019400,0.999805,52.198807,419.208801,96.916595
501,5.010000,-0.003205,-0.001885,0.019320,0.999806,52.269966,419.217499,96.912750
502,5.020000,-0.003204,-0.001733,0.019021,0.999812,52.350647,419.223785,96.911926
503,5.030000,-0.003209,-0.001819,0.019294,0.999807,52.426556,419.229889,96.909882
504,5.040000,-0.003046,-0.001521,0.019284,0.999808,52.502956,419.245789,96.911926
505,5.050000,-0.003079,-0.001522,0.019381,0.999806,52.580811,419.240387,96.915390
506,5.060000,-0.003109,-0.001556,0.019270,0.999808,52.655762,419.227112,96.918900
507,5.070000,-0.003134,-0.001363,0.018769,0.999818,52.750973,419.219208,96.921967
508,5.080000,-0.003437,-0.001388,0.019182,0.999809,52.830242,419.231720,96.944527
509,5.090000,-0.003459,-0.001487,0.019749,0.999798,52.917217,419.240692,96.955170
510,5.100000,-0.003479,-0.001336,0.019421,0.999804,53.018467,419.221283,96.959595
511,5.110000,-0.003173,-0.001435,0.019281,0.999808,53.078194,419.230774,96.943611
512,5.120000,-0.003295,-0.001770,0.019393,0.999805,53.192448,419.227448,96.936287
513,5.130000,-0.003257,-0.001638,0.019359,0.999806,53.307850,419.231445,96.937401
514,5.140000,-0.003278,-0.001787,0.019674,0.999800,53.398369,419.232880,96.936516
515,5.150000,-0.003235,-0.001990,0.019684,0.999799,53.516418,419.237000,96.937622
516,5.160000,-0.003252,-0.001916,0.019522,0.999802,53.610573,419.231781,96.937920
517,5.170000,-0.003240,-0.001782,0.019065,0.999811,53.713108,419.226959,96.941696
518,5.180000,-0.002973,-0.001180,0.019108,0.999812,53.777874,419.220337,96.980118
519,5.190000,-0.002776,-0.001156,0.019598,0.999803,53.822914,419.254883,96.994560
520,5.200000,-0.002750,-0.001173,0.019644,0.999803,53.903389,419.261566,97.006020
521,5.210000,-0.002743,-0.000974,0.019258,0.999810,53.992599,419.254944,97.013702
522,5.220000,-0.002722,-0.000901,0.019343,0.999809,54.078323,419.246216,97.023911
523,5.230000,-0.002724,-0.000869,0.019352,0.999809,54.172054,419.240845,97.027023
524,5.240000,-0.002739,-0.000911,0.019458,0.999807,54.246216,419.243347,97.018501
525,5.250000,-0.002753,-0.000993,0.019489,0.999806,54.315693,419.252777,97.011414
526,5.260000,-0.003136,-0.001196,0.020201,0.999790,54.401806,419.268829,97.033714
527,5.270000,-0.003065,-0.001110,0.019884,0.999797,54.462559,419.269470,97.037590
528,5.280000,-0.002801,-0.000761,0.019038,0.999815,54.543430,419.247162,97.018143
529,5.290000,-0.002987,-0.001131,0.019232,0.999810,54.622559,419.237213,97.016762
530,5.300000,-0.002984,-0.001337,0.019795,0.999799,54.660313,419.260284,97.018974
531,5.310000,-0.002976,-0.001386,0.019978,0.999795,54.721210,419.271545,97.020493
532,5.320000,-0.002947,-0.001453,0.019974,0.999795,54.784836,419.279114,97.022446
533,5.330000,-0.002960,-0.001533,0.020017,0.999794,54.853050,419.279968,97.033531
534,5.340000,-0.002927,-0.001524,0.020161,0.999791,54.935387,419.272522,97.043808
535,5.350000,-0.002875,-0.001459,0.020115,0.999793,55.006214,419.264069,97.054321
536,5.360000,-0.002845,-0.001477,0.020157,0.999792,55.095276,419.263641,97.064682
537,5.370000,-0.002825,-0.001444,0.020127,0.999792,55.170799,419.270630,97.074066
538,5.380000,-0.002792,-0.001267,0.019949,0.999796,55.242756,419.280365,97.081200
539,5.390000,-0.002659,-0.001235,0.020210,0.999791,55.345310,419.301697,97.078217
540,5.400000,-0.002677,-0.001000,0.019925,0.999797,55.448380,419.306580,97.080101
541,5.410000,-0.002686,-0.001028,0.019905,0.999798,55.546093,419.306030,97.080696
542,5.420000,-0.002662,-0.000978,0.019716,0.999802,55.640972,419.301544,97.089928
543,5.430000,-0.002675,-0.001006,0.019610,0.999804,55.732449,419.290680,97.098045
544,5.440000,-0.002726,-0.001177,0.019865,0.999798,55.871372,419.278290,97.103653
545,5.450000,-0.002968,-0.001552,0.020114,0.999792,55.996899,419.260040,97.103134
546,5.460000,-0.003219,-0.001736,0.019860,0.999796,56.123512,419.239349,97.086357
547,5.470000,-0.003028,-0.001754,0.020093,0.999792,56.229370,419.280762,97.083771
548,5.480000,-0.003233,-0.001993,0.020389,0.999785,56.380272,419.274506,97.075073
549,5.490000,-0.003219,-0.001605,0.019567,0.999802,56.531544,419.258972,97.089096
550,5.500000,-0.003201,-0.001722,0.019793,0.999798,56.649345,419.266022,97.115616
551,5.510000,-0.003231,-0.001877,0.020030,0.999792,56.815205,419.240936,97.129311
552,5.520000,-0.003056,-0.001411,0.019677,0.999801,57.000244,419.236053,97.130463
553,5.530000,-0.003021,-0.001332,0.019603,0.999802,57.177975,419.237396,97.135910
554,5.540000,-0.003049,-0.001280,0.019668,0.999801,57.348026,419.245239,97.134071
555,5.550000,-0.003227,-0.001786,0.020146,0.999790,57.574024,419.250916,97.114159
556,5.560000,-0.003235,-0.001686,0.020134,0.999791,57.778965,419.267609,97.109520
557,5.570000,-0.003059,-0.001528,0.020122,0.999792,57.972855,419.289154,97.118248
558,5.580000,-0.003418,-0.001269,0.019808,0.999797,58.184429,419.262360,97.117065
559,5.590000,-0.003113,-0.001436,0.020060,0.999793,58.369480,419.285553,97.153137
560,5.600000,-0.003065,-0.001241,0.019914,0.999796,58.611694,419.270386,97.175606
561,5.610000,-0.003281,-0.001721,0.020096,0.999791,58.850121,419.231354,97.189552
562,5.620000,-0.003202,-0.001590,0.019930,0.999795,59.071877,419.211151,97.201591
563,5.630000,-0.003233,-0.001811,0.020111,0.999791,59.317699,419.204926,97.210655
564,5.640000,-0.003048,-0.000754,0.019088,0.999813,59.543777,419.207642,97.219864
565,5.650000,-0.003092,-0.001364,0.019940,0.999795,59.743431,419.242340,97.225739
566,5.660000,-0.003085,-0.001194,0.019848,0.999798,59.963112,419.245667,97.233185
567,5.670000,-0.003265,-0.001758,0.020160,0.999790,60.173733,419.237183,97.235428
568,5.680000,-0.003306,-0.001574,0.020080,0.999792,60.419338,419.238342,97.222961
569,5.690000,-0.003323,-0.001696,0.020372,0.999786,60.622810,419.258728,97.220680
570,5.700000,-0.003164,-0.001366,0.020229,0.999789,60.799908,419.287994,97.241043
571,5.710000,-0.003204,-0.001258,0.020297,0.999788,61.012875,419.306824,97.256432
572,5.720000,-0.003198,-0.000946,0.019765,0.999799,61.237354,419.285828,97.261971
573,5.730000,-0.003343,-0.001575,0.020518,0.999783,61.426640,419.287964,97.262360
574,5.740000,-0.003353,-0.001757,0.020570,0.999781,61.639198,419.285614,97.267250
575,5.750000,-0.003333,-0.001768,0.020552,0.999782,61.799286,419.288055,97.280731
576,5.760000,-0.003627,-0.001762,0.020576,0.999780,62.018055,419.256592,97.283058
577,5.770000,-0.003100,-0.001460,0.020434,0.999785,62.174061,419.294891,97.324310
578,5.780000,-0.003026,-0.001358,0.020402,0.999786,62.331356,419.295624,97.337814
579,5.790000,-0.003081,-0.001326,0.020614,0.999782,62.524975,419.304138,97.334808
580,5.800000,-0.003091,-0.001198,0.020394,0.999787,62.699123,419.318268,97.337288
581,5.810000,-0.003308,-0.001214,0.020192,0.999790,62.902527,419.297150,97.327538
582,5.820000,-0.003345,-0.001737,0.020675,0.999779,63.077831,419.322662,97.319389
583,5.830000,-0.003337,-0.001685,0.020740,0.999778,63.223282,419.325684,97.319565
584,5.840000,-0.003375,-0.001765,0.020903,0.999774,63.410038,419.334106,97.322311
585,5.850000,-0.003196,-0.001407,0.020620,0.999781,63.561657,419.358673,97.332176
586,5.860000,-0.003187,-0.001333,0.020779,0.999778,63.709541,419.376007,97.335510
587,5.870000,-0.003425,-0.001625,0.020985,0.999773,63.900150,419.373413,97.337593
588,5.880000,-0.003396,-0.001606,0.020994,0.999773,64.063515,419.374451,97.347481
589,5.890000,-0.003419,-0.001368,0.020575,0.999782,64.241302,419.347107,97.352470
590,5.900000,-0.003391,-0.001262,0.020188,0.999790,64.417046,419.332275,97.363632
591,5.910000,-0.003357,-0.001488,0.020570,0.999782,64.557167,419.328979,97.375946
592,5.920000,-0.003158,-0.001077,0.019959,0.999795,64.740028,419.308533,97.405304
593,5.930000,-0.003179,-0.001039,0.019878,0.999797,64.934700,419.275513,97.420013
594,5.940000,-0.003184,-0.001118,0.020123,0.999792,65.092209,419.266266,97.413681
595,5.950000,-0.003331,-0.001411,0.020417,0.999785,65.299614,419.279907,97.409729
596,5.960000,-0.003331,-0.001539,0.020834,0.999776,65.464310,419.306305,97.416016
597,5.970000,-0.003383,-0.001436,0.020552,0.999782,65.636284,419.317780,97.415726
598,5.980000,-0.003831,-0.001522,0.020175,0.999788,65.870903,419.259583,97.389595
599,5.990000,-0.003503,-0.001394,0.020180,0.999789,66.020317,419.284027,97.419914
600,6.000000,-0.003225,-0.000867,0.019733,0.999800,66.217896,419.300903,97.444702
601,6.010000,-0.003237,-0.001088,0.020401,0.999786,66.371590,419.330658,97.447372
602,6.020000,-0.003214,-0.000977,0.020368,0.999787,66.525925,419.334106,97.455444
603,6.030000,-0.003361,-0.001356,0.020748,0.999778,66.732231,419.311676,97.457146
604,6.040000,-0.003386,-0.001444,0.020541,0.999782,66.906311,419.288239,97.466110
605,6.050000,-0.003396,-0.001380,0.020363,0.999786,67.084862,419.262299,97.483246
606,6.060000,-0.003421,-0.001452,0.020429,0.999784,67.236061,419.250031,97.492737
607,6.070000,-0.003439,-0.001695,0.020530,0.999782,67.361008,419.257324,97.498856
608,6.080000,-0.003459,-0.001369,0.020143,0.999790,67.523972,419.245667,97.495628
609,6.090000,-0.003248,-0.000860,0.019917,0.999796,67.634369,419.273315,97.498795
610,6.100000,-0.003255,-0.000740,0.019845,0.999798,67.720451,419.281647,97.495232
611,6.110000,-0.003465,-0.001285,0.020095,0.999791,67.837311,419.273376,97.493103
612,6.120000,-0.003472,-0.001287,0.020219,0.999789,67.927956,419.264923,97.504227
613,6.130000,-0.003465,-0.001596,0.020844,0.999775,67.988976,419.290833,97.514290
614,6.140000,-0.003475,-0.001618,0.020838,0.999776,68.054184,419.295715,97.519371
615,6.150000,-0.003442,-0.001531,0.020751,0.999778,68.100792,419.304749,97.520668
616,6.160000,-0.003445,-0.001473,0.020754,0.999778,68.146362,419.312805,97.516304
617,6.170000,-0.003427,-0.001416,0.020674,0.999779,68.181442,419.317993,97.517174
618,6.180000,-0.003430,-0.001436,0.020678,0.999779,68.204651,419.318878,97.519516
619,6.190000,-0.003438,-0.001521,0.020720,0.999778,68.227951,419.318756,97.528870
620,6.200000,-0.003421,-0.001543,0.020732,0.999778,68.238441,419.319763,97.536888
621,6.210000,-0.003409,-0.001532,0.020732,0.999778,68.255180,419.323730,97.544128
622,6.220000,-0.003349,-0.001653,0.020945,0.999774,68.290833,419.326141,97.550888
623,6.230000,-0.003344,-0.001676,0.020945,0.999774,68.314186,419.327881,97.549011
624,6.240000,-0.003349,-0.001620,0.020930,0.999774,68.348518,419.334198,97.544685
625,6.250000,-0.003357,-0.001700,0.021009,0.999772,68.389565,419.342804,97.539429
626,6.260000,-0.003373,-0.001664,0.020997,0.999772,68.425255,419.349518,97.540604
627,6.270000,-0.003395,-0.001627,0.020988,0.999773,68.475632,419.353180,97.548027
628,6.280000,-0.003399,-0.001629,0.020865,0.999775,68.535248,419.353668,97.553619
629,6.290000,-0.003407,-0.001596,0.020799,0.999777,68.589142,419.354736,97.556580
630,6.300000,-0.003415,-0.001746,0.020891,0.999774,68.655487,419.356812,97.551682
631,6.310000,-0.003237,-0.001442,0.020946,0.999774,68.716965,419.369293,97.557480
632,6.320000,-0.003183,-0.001443,0.021091,0.999772,68.799774,419.380585,97.559807
633,6.330000,-0.003180,-0.001313,0.021018,0.999773,68.875610,419.387817,97.566681
634,6.340000,-0.003195,-0.001042,0.020344,0.999787,68.967094,419.369751,97.575394
635,6.350000,-0.003229,-0.000980,0.020110,0.999792,69.060379,419.361389,97.587921
636,6.360000,-0.003195,-0.001079,0.020379,0.999787,69.154083,419.360413,97.600159
637,6.370000,-0.003208,-0.001168,0.020415,0.999786,69.253395,419.363037,97.604523
638,6.380000,-0.003423,-0.001310,0.020488,0.999783,69.369705,419.358429,97.603317
639,6.390000,-0.003778,-0.001522,0.020350,0.999785,69.481262,419.331268,97.589684
640,6.400000,-0.003796,-0.001597,0.020728,0.999777,69.599945,419.332733,97.593925
641,6.410000,-0.003764,-0.001822,0.021306,0.999764,69.705315,419.344452,97.595222
642,6.420000,-0.003462,-0.001727,0.021240,0.999767,69.805542,419.361145,97.607941
643,6.430000,-0.003458,-0.001707,0.021014,0.999772,69.933578,419.360107,97.610016
644,6.440000,-0.003466,-0.001773,0.021545,0.999760,70.042305,419.369080,97.615379
645,6.450000,-0.003411,-0.001652,0.021464,0.999762,70.161591,419.381683,97.628792
646,6.460000,-0.003180,-0.001279,0.021080,0.999772,70.257698,419.397003,97.650673
647,6.470000,-0.003142,-0.001254,0.020884,0.999776,70.362511,419.401184,97.669891
648,6.480000,-0.003354,-0.001885,0.021799,0.999755,70.499046,419.388916,97.669357
649,6.490000,-0.003363,-0.001371,0.020998,0.999773,70.623253,419.376373,97.670555
650,6.500000,-0.003370,-0.001470,0.020931,0.999774,70.718834,419.382141,97.672752
651,6.510000,-0.003338,-0.001560,0.021124,0.999770,70.841026,419.385498,97.680443
652,6.520000,-0.003350,-0.001586,0.021309,0.999766,70.940559,419.390656,97.681953
653,6.530000,-0.003363,-0.001391,0.021116,0.999770,71.051605,419.389740,97.683777
654,6.540000,-0.003406,-0.001469,0.020944,0.999774,71.163544,419.387299,97.684242
655,6.550000,-0.003387,-0.001800,0.021770,0.999756,71.249100,419.406250,97.686478
656,6.560000,-0.003287,-0.001967,0.022213,0.999746,71.362282,419.434143,97.705238
657,6.570000,-0.003022,-0.001413,0.021686,0.999759,71.469162,419.445526,97.724556
658,6.580000,-0.003025,-0.001447,0.021440,0.999765,71.574188,419.422943,97.743500
659,6.590000,-0.003030,-0.001735,0.021671,0.999759,71.736862,419.398315,97.754501
660,6.600000,-0.003273,-0.002069,0.021999,0.999751,71.877075,419.389984,97.747452
661,6.610000,-0.003291,-0.001932,0.021867,0.999754,71.982262,419.409698,97.750580
662,6.620000,-0.003315,-0.002015,0.022027,0.999750,72.115875,419.417450,97.753708
663,6.630000,-0.003330,-0.002039,0.022078,0.999749,72.230469,419.401489,97.752617
664,6.640000,-0.003360,-0.001811,0.021849,0.999754,72.356178,419.403137,97.743256
665,6.650000,-0.003330,-0.001664,0.021506,0.999762,72.460434,419.414459,97.736221
666,6.660000,-0.003341,-0.002001,0.022005,0.999750,72.561195,419.418213,97.739395
667,6.670000,-0.003293,-0.002100,0.022141,0.999747,72.671738,419.424957,97.745323
668,6.680000,-0.003281,-0.002001,0.022028,0.999750,72.765724,419.431610,97.750229
669,6.690000,-0.003127,-0.001514,0.021549,0.999762,72.837280,419.449066,97.754517
670,6.700000,-0.003120,-0.001461,0.021362,0.999766,72.927109,419.441071,97.765831
671,6.710000,-0.003097,-0.001667,0.021883,0.999754,73.018555,419.440125,97.781624
672,6.720000,-0.003434,-0.001831,0.021861,0.999754,73.159744,419.394989,97.773781
673,6.730000,-0.003470,-0.001746,0.021579,0.999760,73.269035,419.374542,97.783043
674,6.740000,-0.003355,-0.001841,0.021644,0.999758,73.373405,419.369537,97.801247
675,6.750000,-0.003401,-0.002145,0.021879,0.999753,73.501831,419.358948,97.795036
676,6.760000,-0.003454,-0.002140,0.021956,0.999751,73.620392,419.370239,97.782867
677,6.770000,-0.003474,-0.001900,0.021759,0.999755,73.726959,419.372681,97.782372
678,6.780000,-0.003368,-0.001896,0.021834,0.999754,73.846268,419.384216,97.788033
679,6.790000,-0.003422,-0.001978,0.022060,0.999749,73.965530,419.391510,97.790909
680,6.800000,-0.003408,-0.001971,0.021950,0.999751,74.129379,419.395905,97.800797
681,6.810000,-0.003412,-0.001908,0.021935,0.999752,74.263809,419.390411,97.810349
682,6.820000,-0.003430,-0.002083,0.022289,0.999744,74.406006,419.394714,97.817329
683,6.830000,-0.003473,-0.002252,0.022263,0.999744,74.589897,419.414642,97.804657
684,6.840000,-0.003448,-0.002115,0.022344,0.999742,74.750839,419.420227,97.815063
685,6.850000,-0.003433,-0.002336,0.022507,0.999738,74.945648,419.398041,97.829315
686,6.860000,-0.003366,-0.002086,0.022137,0.999747,75.144234,419.388184,97.850998
687,6.870000,-0.003358,-0.002085,0.022445,0.999740,75.307838,419.383209,97.866180
688,6.880000,-0.003186,-0.001682,0.022038,0.999751,75.529076,419.414459,97.879364
689,6.890000,-0.003171,-0.001636,0.022254,0.999746,75.720253,419.418213,97.887886
690,6.900000,-0.003527,-0.001608,0.021678,0.999757,75.938408,419.375732,97.869362
691,6.910000,-0.003499,-0.002063,0.022415,0.999741,76.144348,419.381012,97.880043
692,6.920000,-0.003450,-0.002116,0.022094,0.999748,76.359528,419.363159,97.880859
693,6.930000,-0.003456,-0.002079,0.022278,0.999744,76.509018,419.367218,97.885475
694,6.940000,-0.003180,-0.001566,0.022126,0.999749,76.661957,419.394592,97.907043
695,6.950000,-0.003168,-0.001480,0.021957,0.999753,76.803055,419.404144,97.923416
696,6.960000,-0.003180,-0.001739,0.022300,0.999745,76.979721,419.396667,97.936394
697,6.970000,-0.003215,-0.001584,0.022056,0.999750,77.129478,419.389893,97.943596
698,6.980000,-0.003350,-0.002003,0.022126,0.999748,77.272385,419.390594,97.934265
699,6.990000,-0.003411,-0.002201,0.022446,0.999740,77.402199,419.402496,97.928207
700,7.000000,-0.003399,-0.002143,0.022608,0.999736,77.513458,419.409790,97.928268
701,7.010000,-0.003407,-0.002016,0.022318,0.999743,77.620430,419.407837,97.930557
702,7.020000,-0.003424,-0.002033,0.022260,0.999744,77.709930,419.413757,97.931770
703,7.030000,-0.003444,-0.002285,0.022447,0.999740,77.776344,419.408020,97.939331
704,7.040000,-0.003439,-0.002326,0.022491,0.999739,77.828346,419.402222,97.952599
705,7.050000,-0.003452,-0.002359,0.022560,0.999737,77.849190,419.402863,97.962082
706,7.060000,-0.003435,-0.002343,0.022565,0.999737,77.853218,419.403503,97.966881
707,7.070000,-0.003435,-0.002378,0.022616,0.999736,77.850052,419.409668,97.966705
708,7.080000,-0.003446,-0.002351,0.022588,0.999736,77.839729,419.417877,97.963165
709,7.090000,-0.003475,-0.002276,0.022512,0.999738,77.826439,419.428070,97.961555
710,7.100000,-0.003463,-0.002389,0.022632,0.999735,77.811356,419.433441,97.958008
711,7.110000,-0.003488,-0.002345,0.022586,0.999736,77.804939,419.438263,97.963280
712,7.120000,-0.003484,-0.002321,0.022586,0.999736,77.803040,419.444458,97.972588
713,7.130000,-0.003467,-0.002332,0.022602,0.999736,77.812187,419.445038,97.982231
714,7.140000,-0.003458,-0.002332,0.022561,0.999737,77.829918,419.443817,97.989891
715,7.150000,-0.003477,-0.002396,0.022799,0.999731,77.861008,419.442017,97.993774
716,7.160000,-0.003489,-0.002390,0.022769,0.999732,77.891930,419.441101,97.991196
717,7.170000,-0.003494,-0.002314,0.022716,0.999733,77.924232,419.442139,97.984367
718,7.180000,-0.003503,-0.002296,0.022770,0.999732,77.951172,419.443634,97.976379
719,7.190000,-0.003288,-0.001882,0.022535,0.999739,77.961426,419.459351,97.977058
720,7.200000,-0.003267,-0.001800,0.022472,0.999741,77.981758,419.468994,97.975769
721,7.210000,-0.003245,-0.001697,0.022360,0.999743,78.005333,419.474274,97.974503
722,7.220000,-0.003249,-0.001659,0.022283,0.999745,78.021278,419.474518,97.977890
723,7.230000,-0.003256,-0.001676,0.022255,0.999746,78.038773,419.474884,97.985954
724,7.240000,-0.003247,-0.001714,0.022248,0.999746,78.058258,419.475159,97.995476
725,7.250000,-0.003223,-0.001804,0.022335,0.999744,78.084488,419.475708,98.002182
726,7.260000,-0.003209,-0.001796,0.022327,0.999744,78.115677,419.477692,98.005333
727,7.270000,-0.003212,-0.001848,0.022351,0.999743,78.154716,419.484436,97.999077
728,7.280000,-0.003203,-0.001880,0.022496,0.999740,78.196709,419.493866,97.993530
729,7.290000,-0.003242,-0.002065,0.022699,0.999735,78.242874,419.506470,97.985664
730,7.300000,-0.003239,-0.001993,0.022780,0.999733,78.284554,419.508087,97.987930
731,7.310000,-0.003208,-0.001895,0.022754,0.999734,78.329727,419.515778,97.991882
732,7.320000,-0.003399,-0.002255,0.023064,0.999726,78.377930,419.507355,97.988434
733,7.330000,-0.003488,-0.002344,0.023202,0.999722,78.422005,419.509247,97.985313
734,7.340000,-0.003329,-0.001869,0.022662,0.999736,78.459846,419.521301,97.986412
735,7.350000,-0.003499,-0.002159,0.022856,0.999730,78.508514,419.508118,97.984650
736,7.360000,-0.003474,-0.002141,0.022793,0.999732,78.565331,419.496521,97.987343
737,7.370000,-0.003449,-0.002134,0.022794,0.999732,78.624519,419.493134,97.992523
738,7.380000,-0.003436,-0.002118,0.022809,0.999732,78.676437,419.490448,98.000130
739,7.390000,-0.003430,-0.002300,0.023092,0.999725,78.754913,419.491333,98.008728
740,7.400000,-0.003387,-0.002265,0.023105,0.999725,78.814735,419.497498,98.018883
741,7.410000,-0.003346,-0.002259,0.023161,0.999724,78.876480,419.508270,98.025482
742,7.420000,-0.003329,-0.002134,0.022935,0.999729,78.951920,419.507050,98.034126
743,7.430000,-0.003308,-0.002161,0.022870,0.999731,79.020020,419.505859,98.041977
744,7.440000,-0.003312,-0.002205,0.023085,0.999726,79.112122,419.510376,98.052376
745,7.450000,-0.003350,-0.002245,0.023119,0.999725,79.200279,419.517273,98.050827
746,7.460000,-0.003394,-0.002321,0.023235,0.999722,79.280701,419.523254,98.045013
747,7.470000,-0.003239,-0.001830,0.022877,0.999731,79.368668,419.555206,98.034698
748,7.480000,-0.003280,-0.001787,0.022850,0.999732,79.462997,419.559753,98.015205
749,7.490000,-0.003489,-0.002131,0.023212,0.999722,79.572510,419.546051,98.001740
750,7.500000,-0.003434,-0.002028,0.022969,0.999728,79.659523,419.532837,98.012161
751,7.510000,-0.003418,-0.002253,0.023199,0.999723,79.732147,419.529816,98.026611
752,7.520000,-0.003422,-0.002162,0.022923,0.999729,79.821716,419.528259,98.040451
753,7.530000,-0.003366,-0.002218,0.022943,0.999729,79.897560,419.515656,98.064919
754,7.540000,-0.003375,-0.002307,0.023254,0.999721,79.945633,419.471405,98.091637
755,7.550000,-0.003277,-0.002111,0.022491,0.999739,80.078224,419.425873,98.120354
756,7.560000,-0.003280,-0.002088,0.022751,0.999734,80.104988,419.431549,98.114014
757,7.570000,-0.003256,-0.002299,0.022864,0.999731,80.185097,419.467285,98.106842
758,7.580000,-0.003322,-0.002261,0.023033,0.999727,80.245987,419.455750,98.101700
759,7.590000,-0.003359,-0.002236,0.022777,0.999732,80.331642,419.448425,98.102051
760,7.600000,-0.003382,-0.002198,0.022830,0.999731,80.394188,419.451935,98.092224
761,7.610000,-0.003761,-0.002256,0.022633,0.999734,80.489288,419.433350,98.058464
762,7.620000,-0.003441,-0.002091,0.022784,0.999732,80.510826,419.461853,98.071671
763,7.630000,-0.003353,-0.002000,0.022692,0.999735,80.557594,419.469757,98.083755
764,7.640000,-0.003680,-0.002111,0.022578,0.999736,80.602242,419.436584,98.084068
765,7.650000,-0.003285,-0.002191,0.022720,0.999734,80.618935,419.468536,98.116928
766,7.660000,-0.003303,-0.002424,0.022840,0.999731,80.636185,419.457458,98.120155
767,7.670000,-0.003270,-0.002311,0.022809,0.999732,80.656525,419.451752,98.133255
768,7.680000,-0.003254,-0.002359,0.022683,0.999735,80.645409,419.450745,98.150482
769,7.690000,-0.003209,-0.002386,0.023006,0.999727,80.648422,419.447052,98.153473
770,7.700000,-0.003196,-0.002245,0.022663,0.999736,80.639404,419.446533,98.148361
771,7.710000,-0.003223,-0.002344,0.023071,0.999726,80.640038,419.453735,98.134651
772,7.720000,-0.003253,-0.002393,0.023098,0.999725,80.629341,419.458710,98.122795
773,7.730000,-0.003303,-0.002139,0.022622,0.999736,80.604828,419.462372,98.109627
774,7.740000,-0.003307,-0.001993,0.022528,0.999739,80.586548,419.469574,98.098763
775,7.750000,-0.003314,-0.002075,0.022629,0.999736,80.580246,419.474152,98.088074
776,7.760000,-0.003301,-0.002045,0.022584,0.999737,80.575584,419.472717,98.088333
777,7.770000,-0.003308,-0.002210,0.022643,0.999736,80.585114,419.468567,98.094872
778,7.780000,-0.003314,-0.002214,0.022568,0.999737,80.589676,419.461853,98.100418
779,7.790000,-0.003317,-0.002178,0.022496,0.999739,80.594254,419.453369,98.106667
780,7.800000,-0.003315,-0.002159,0.022398,0.999741,80.596588,419.448761,98.110970
781,7.810000,-0.003243,-0.002164,0.022395,0.999742,80.600288,419.447937,98.120651
782,7.820000,-0.003225,-0.002137,0.022394,0.999742,80.599815,419.449646,98.121559
783,7.830000,-0.003214,-0.002263,0.022480,0.999740,80.606590,419.446777,98.119537
784,7.840000,-0.003226,-0.002287,0.022494,0.999739,80.611122,419.441559,98.117035
785,7.850000,-0.003272,-0.002255,0.022470,0.999740,80.610214,419.440247,98.113518
786,7.860000,-0.003238,-0.002301,0.022436,0.999740,80.612877,419.437195,98.118645
787,7.870000,-0.003212,-0.002316,0.022358,0.999742,80.618988,419.429138,98.124901
788,7.880000,-0.003195,-0.002337,0.022316,0.999743,80.628792,419.419464,98.130737
789,7.890000,-0.003181,-0.002190,0.021955,0.999752,80.643852,419.410248,98.132912
790,7.900000,-0.002995,-0.001790,0.021541,0.999762,80.640549,419.412384,98.134750
791,7.910000,-0.003165,-0.002084,0.021668,0.999758,80.652100,419.391113,98.123886
792,7.920000,-0.003004,-0.001715,0.021376,0.999766,80.630714,419.392181,98.116829
793,7.930000,-0.003230,-0.002044,0.021608,0.999759,80.620628,419.372192,98.100906
794,7.940000,-0.003236,-0.002185,0.021808,0.999755,80.592316,419.368622,98.097786
795,7.950000,-0.003193,-0.001912,0.021614,0.999759,80.541908,419.362152,98.101219
796,7.960000,-0.003185,-0.001893,0.021517,0.999762,80.509010,419.350220,98.105553
797,7.970000,-0.003171,-0.001850,0.021137,0.999770,80.474182,419.327911,98.105263
798,7.980000,-0.003214,-0.001843,0.020815,0.999777,80.439636,419.296509,98.097954
799,7.990000,-0.003196,-0.001870,0.020595,0.999781,80.399803,419.262329,98.084244
800,8.000000,-0.003240,-0.001762,0.020338,0.999786,80.344017,419.218658,98.072220
801,8.010000,-0.003265,-0.001725,0.020129,0.999791,80.297638,419.181152,98.053894
802,8.020000,-0.003304,-0.001758,0.020054,0.999792,80.248131,419.150330,98.033249
803,8.030000,-0.003354,-0.001707,0.019635,0.999800,80.181984,419.113800,98.004822
804,8.040000,-0.003313,-0.001789,0.019607,0.999801,80.101036,419.065155,97.975700
805,8.050000,-0.003281,-0.001501,0.019116,0.999811,80.001854,419.026886,97.952415
806,8.060000,-0.003247,-0.001488,0.018896,0.999815,79.873650,418.994598,97.932671
807,8.070000,-0.003154,-0.001389,0.018494,0.999823,79.722466,418.960693,97.928078
808,8.080000,-0.002951,-0.000812,0.017932,0.999835,79.479378,418.924225,97.929024
809,8.090000,-0.002963,-0.001004,0.018059,0.999832,79.233345,418.907715,97.928581
810,8.100000,-0.003069,-0.001132,0.017883,0.999835,78.995010,418.879242,97.923584
811,8.110000,-0.003087,-0.001518,0.018173,0.999829,78.658798,418.904602,97.908989
812,8.120000,-0.003012,-0.001242,0.018253,0.999828,78.283104,418.941254,97.895325
813,8.130000,-0.002890,-0.000504,0.017529,0.999842,77.911308,418.973114,97.865425
814,8.140000,-0.003039,-0.000872,0.017781,0.999837,77.562233,418.995209,97.839706
815,8.150000,-0.003030,-0.000910,0.017745,0.999838,77.216499,419.014435,97.818062
816,8.160000,-0.002935,-0.001044,0.018022,0.999833,76.809769,419.056244,97.799477
817,8.170000,-0.002909,-0.000960,0.018181,0.999830,76.435623,419.085175,97.780701
818,8.180000,-0.003001,-0.000991,0.018291,0.999828,76.095985,419.099792,97.735458
819,8.190000,-0.003066,-0.000780,0.018000,0.999833,75.679138,419.111420,97.697227
820,8.200000,-0.003099,-0.000683,0.018101,0.999831,75.293465,419.111969,97.674545
821,8.210000,-0.003104,-0.000861,0.018076,0.999831,74.905785,419.099609,97.651512
822,8.220000,-0.003089,-0.001007,0.017915,0.999834,74.465523,419.117493,97.625099
823,8.230000,-0.002849,-0.000564,0.017848,0.999837,74.020012,419.142120,97.621773
824,8.240000,-0.003083,-0.000863,0.018266,0.999828,73.468712,419.145844,97.602325
825,8.250000,-0.003062,-0.000810,0.018388,0.999826,72.888451,419.168915,97.568817
826,8.260000,-0.002998,-0.000793,0.018457,0.999825,72.322350,419.190277,97.548363
827,8.270000,-0.003008,-0.000548,0.018571,0.999823,71.569313,419.215698,97.513771
828,8.280000,-0.002991,-0.000616,0.018745,0.999820,70.825905,419.258514,97.492302
829,8.290000,-0.002709,-0.000128,0.018151,0.999832,70.018951,419.307281,97.480568
830,8.300000,-0.002635,-0.000226,0.018840,0.999819,69.148079,419.340332,97.507477
831,8.310000,-0.002559,-0.000535,0.019330,0.999810,68.384666,419.348724,97.495399
832,8.320000,-0.002513,-0.000051,0.018628,0.999823,67.392433,419.357666,97.463509
833,8.330000,-0.002609,-0.000502,0.019220,0.999812,66.463799,419.357452,97.433418
834,8.340000,-0.002609,-0.000649,0.019604,0.999804,65.583351,419.369141,97.396019
835,8.350000,-0.002649,-0.000742,0.019518,0.999806,64.494003,419.389282,97.350998
836,8.360000,-0.002602,-0.000309,0.019064,0.999815,63.441143,419.396118,97.316765
837,8.370000,-0.002543,0.000471,0.018100,0.999833,62.374279,419.407013,97.283119
838,8.380000,-0.002443,-0.000262,0.019429,0.999808,61.227348,419.480408,97.234566
839,8.390000,-0.002953,-0.000575,0.020356,0.999788,60.217724,419.511078,97.202347
840,8.400000,-0.002672,-0.000650,0.020204,0.999792,58.921555,419.539520,97.127548
841,8.410000,-0.002757,-0.000344,0.019921,0.999798,57.713905,419.552277,97.074890
842,8.420000,-0.002685,-0.000362,0.019638,0.999803,56.620163,419.544891,97.029526
843,8.430000,-0.002990,-0.000537,0.019860,0.999798,55.230412,419.552582,96.975395
844,8.440000,-0.002611,-0.000294,0.019896,0.999799,53.897594,419.622223,96.917557
845,8.450000,-0.002626,-0.000050,0.019854,0.999799,52.560005,419.651245,96.836029
846,8.460000,-0.002589,-0.000201,0.020137,0.999794,51.211163,419.677704,96.776260
847,8.470000,-0.002556,-0.000224,0.020382,0.999789,49.980972,419.699097,96.730835
848,8.480000,-0.002604,-0.000250,0.020470,0.999787,48.453640,419.729401,96.671318
849,8.490000,-0.002597,-0.000037,0.020284,0.999791,47.051014,419.744720,96.615623
850,8.500000,-0.002660,-0.000169,0.020087,0.999795,45.762878,419.757721,96.563560
851,8.510000,-0.002751,-0.000342,0.020188,0.999792,44.207703,419.756836,96.480919
852,8.520000,-0.002746,-0.000445,0.020417,0.999788,42.751019,419.757202,96.424263
853,8.530000,-0.002702,0.000140,0.019469,0.999807,41.278702,419.738708,96.370804
854,8.540000,-0.002699,-0.000146,0.020358,0.999789,39.795582,419.769928,96.292633
855,8.550000,-0.002720,-0.000240,0.020489,0.999786,38.467205,419.782928,96.226944
856,8.560000,-0.002700,-0.000296,0.020532,0.999785,36.837952,419.797821,96.168793
857,8.570000,-0.002719,-0.000230,0.020534,0.999785,35.348633,419.803314,96.103989
858,8.580000,-0.002719,0.000113,0.019931,0.999798,34.024277,419.785828,96.051384
859,8.590000,-0.002769,-0.000183,0.020333,0.999789,32.359516,419.816833,95.992996
860,8.600000,-0.002631,-0.000376,0.020641,0.999783,30.868612,419.825287,95.942757
861,8.610000,-0.002648,-0.000315,0.020443,0.999788,29.376253,419.836060,95.887367
862,8.620000,-0.002653,-0.000268,0.020618,0.999784,27.908083,419.845825,95.832680
863,8.630000,-0.002678,-0.000257,0.020549,0.999785,26.584204,419.851318,95.786736
864,8.640000,-0.002703,-0.000294,0.020468,0.999787,24.952824,419.852570,95.732513
865,8.650000,-0.002626,-0.000238,0.020613,0.999784,23.495728,419.863312,95.670937
866,8.660000,-0.002637,-0.000204,0.020533,0.999786,22.186163,419.869354,95.617874
867,8.670000,-0.002703,-0.000317,0.020427,0.999788,20.581808,419.880981,95.560638
868,8.680000,-0.002615,-0.000069,0.020275,0.999791,19.156277,419.870605,95.510323
869,8.690000,-0.002680,-0.000048,0.020282,0.999791,17.729128,419.870117,95.453644
870,8.700000,-0.002611,-0.000197,0.020588,0.999785,16.318945,419.889648,95.391808
871,8.710000,-0.002658,-0.000226,0.020755,0.999781,15.039073,419.897583,95.345367
872,8.720000,-0.002608,0.000040,0.019941,0.999798,13.512559,419.890106,95.289612
873,8.730000,-0.002593,-0.000279,0.020588,0.999785,12.124872,419.917847,95.236809
874,8.740000,-0.002640,-0.000320,0.020671,0.999783,10.895079,419.921021,95.174911
875,8.750000,-0.002648,-0.000065,0.020289,0.999791,9.405651,419.904114,95.125580
876,8.760000,-0.002815,-0.000069,0.020277,0.999790,8.053852,419.889954,95.070190
877,8.770000,-0.002592,-0.000393,0.020840,0.999779,6.696650,419.930420,95.029861
878,8.780000,-0.002752,-0.000544,0.020918,0.999777,5.370779,419.917969,94.961891
879,8.790000,-0.002611,-0.000152,0.020433,0.999788,4.185252,419.910736,94.923347
880,8.800000,-0.002573,-0.000321,0.020616,0.999784,2.749884,419.934662,94.880089
881,8.810000,-0.002523,-0.000139,0.020457,0.999788,1.479288,419.936432,94.835190
882,8.820000,-0.002566,-0.000270,0.020348,0.999790,0.367077,419.954712,94.795731
883,8.830000,-0.002508,-0.000208,0.020784,0.999781,-0.970698,419.970795,94.746315
884,8.840000,-0.002678,-0.000696,0.021092,0.999774,-2.132702,419.965179,94.691818
885,8.850000,-0.002566,-0.000423,0.020927,0.999778,-3.273745,419.965424,94.645302
886,8.860000,-0.002498,-0.000274,0.020856,0.999779,-4.390861,419.953033,94.607742
887,8.870000,-0.002656,-0.000672,0.021137,0.999773,-5.338493,419.945343,94.563774
888,8.880000,-0.002524,-0.000316,0.020606,0.999784,-6.514059,419.952393,94.531677
889,8.890000,-0.002527,-0.000450,0.020994,0.999776,-7.557105,419.960114,94.494370
890,8.900000,-0.002507,-0.000366,0.020966,0.999777,-8.470780,419.969299,94.462456
891,8.910000,-0.002500,-0.000223,0.020394,0.999789,-9.573930,419.979279,94.420013
892,8.920000,-0.002735,-0.000762,0.020961,0.999776,-10.538445,419.995453,94.362694
893,8.930000,-0.002757,-0.000580,0.020954,0.999777,-11.485272,419.998657,94.327744
894,8.940000,-0.002558,-0.000277,0.020876,0.999779,-12.418683,420.024414,94.286362
895,8.950000,-0.002543,-0.000212,0.020701,0.999783,-13.213930,420.028717,94.248863
896,8.960000,-0.002517,-0.000122,0.020635,0.999784,-14.175478,420.022919,94.208473
897,8.970000,-0.002598,-0.000420,0.020782,0.999781,-15.001203,420.023743,94.171974
898,8.980000,-0.002531,-0.000548,0.021253,0.999771,-15.728913,420.018982,94.149200
899,8.990000,-0.002540,-0.000342,0.020885,0.999779,-16.561020,420.016449,94.126335
900,9.000000,-0.002434,-0.000695,0.020605,0.999785,-17.275326,420.005615,94.136215
901,9.010000,-0.002375,-0.000854,0.020771,0.999781,-17.979582,420.000488,94.107147
902,9.020000,-0.002512,-0.000287,0.020735,0.999782,-18.713539,420.003265,94.051140
903,9.030000,-0.002583,-0.000365,0.020921,0.999778,-19.305645,420.008881,94.018745
904,9.040000,-0.002712,-0.000695,0.020904,0.999778,-20.019358,419.995270,93.977379
905,9.050000,-0.002486,-0.000647,0.020691,0.999783,-20.619156,420.006836,93.984238
906,9.060000,-0.002542,-0.000420,0.020674,0.999783,-21.180258,420.008850,93.940163
907,9.070000,-0.002535,-0.000351,0.020673,0.999783,-21.832119,420.006775,93.919525
908,9.080000,-0.002452,-0.000502,0.020820,0.999780,-22.367416,420.010712,93.904373
909,9.090000,-0.002515,-0.000353,0.020767,0.999781,-22.880697,420.018219,93.900330
910,9.100000,-0.002389,-0.000934,0.020776,0.999781,-23.326262,420.013916,93.904991
911,9.110000,-0.002523,-0.000553,0.020826,0.999780,-23.761450,420.016724,93.855057
912,9.120000,-0.002459,-0.000917,0.020732,0.999782,-24.186680,420.006439,93.850647
913,9.130000,-0.002499,-0.000614,0.020721,0.999782,-24.606897,419.996735,93.796875
914,9.140000,-0.002466,-0.000918,0.020374,0.999789,-24.881754,419.986084,93.805954
915,9.150000,-0.002463,-0.000942,0.020458,0.999787,-25.214756,419.971954,93.777779
916,9.160000,-0.002722,-0.000668,0.020583,0.999784,-25.527769,419.955414,93.724785
917,9.170000,-0.002666,-0.000466,0.019958,0.999797,-25.755383,419.940826,93.715157
918,9.180000,-0.002392,-0.001191,0.020556,0.999785,-25.905552,419.941071,93.755241
919,9.190000,-0.002385,-0.001044,0.020349,0.999790,-26.024096,419.932404,93.754860
920,9.200000,-0.002399,-0.001131,0.020302,0.999790,-26.118433,419.920715,93.747070
921,9.210000,-0.002407,-0.001065,0.019754,0.999801,-26.150963,419.907410,93.747368
922,9.220000,-0.002399,-0.001108,0.019599,0.999804,-26.131454,419.886383,93.747101
923,9.230000,-0.002342,-0.001521,0.019911,0.999798,-26.059021,419.841125,93.758591
924,9.240000,-0.002280,-0.001571,0.019521,0.999806,-25.967209,419.775909,93.785202
925,9.250000,-0.002482,-0.001478,0.018979,0.999816,-25.857286,419.690460,93.752701
926,9.260000,-0.002231,-0.001604,0.018723,0.999821,-25.759050,419.590698,93.801537
927,9.270000,-0.002005,-0.002087,0.018182,0.999831,-25.598469,419.507446,93.853195
928,9.280000,-0.001877,-0.001949,0.017404,0.999845,-25.460302,419.437897,93.872177
929,9.290000,-0.001928,-0.001755,0.017746,0.999839,-25.377331,419.383484,93.860794
930,9.300000,-0.001930,-0.001632,0.017535,0.999843,-25.312866,419.333557,93.895699
931,9.310000,-0.001785,-0.001509,0.017253,0.999848,-25.255520,419.278839,93.941444
932,9.320000,-0.001679,-0.001482,0.017179,0.999850,-25.251429,419.242401,93.958733
933,9.330000,-0.001683,-0.001352,0.017057,0.999852,-25.281324,419.219025,93.952713
934,9.340000,-0.001792,-0.001640,0.017200,0.999849,-25.335955,419.222443,93.930084
935,9.350000,-0.001769,-0.001598,0.017165,0.999850,-25.390873,419.238831,93.915543
936,9.360000,-0.001892,-0.001696,0.016875,0.999854,-25.448921,419.269226,93.868279
937,9.370000,-0.001787,-0.001639,0.017054,0.999852,-25.498905,419.279236,93.886383
938,9.380000,-0.001767,-0.001640,0.017062,0.999852,-25.506954,419.269165,93.894470
939,9.390000,-0.001899,-0.001702,0.016865,0.999855,-25.481012,419.258698,93.877647
940,9.400000,-0.001901,-0.001571,0.016720,0.999857,-25.457056,419.257294,93.897919
941,9.410000,-0.001739,-0.001476,0.016814,0.999856,-25.446669,419.261871,93.939011
942,9.420000,-0.001852,-0.001711,0.017166,0.999850,-25.397980,419.256470,93.913513
943,9.430000,-0.001769,-0.001625,0.017169,0.999850,-25.380644,419.246185,93.925789
944,9.440000,-0.001792,-0.001685,0.017176,0.999850,-25.349911,419.236237,93.913742
945,9.450000,-0.001786,-0.001685,0.017259,0.999848,-25.339756,419.235260,93.906654
946,9.460000,-0.001772,-0.001699,0.017380,0.999846,-25.339914,419.238739,93.909515
947,9.470000,-0.001751,-0.001628,0.017292,0.999848,-25.348730,419.238403,93.919113
948,9.480000,-0.001728,-0.001614,0.017288,0.999848,-25.362143,419.233612,93.933968
949,9.490000,-0.001713,-0.001599,0.017305,0.999848,-25.372307,419.233521,93.943100
950,9.500000,-0.001712,-0.001588,0.017281,0.999848,-25.382280,419.239746,93.941818
951,9.510000,-0.001727,-0.001586,0.017287,0.999848,-25.388298,419.245911,93.934624
952,9.520000,-0.001755,-0.001570,0.017234,0.999849,-25.391489,419.247345,93.922066
953,9.530000,-0.001769,-0.001626,0.017200,0.999849,-25.384611,419.241760,93.909210
954,9.540000,-0.001789,-0.001668,0.017189,0.999849,-25.381723,419.239594,93.902939
955,9.550000,-0.001772,-0.001651,0.017171,0.999850,-25.386961,419.242371,93.906258
956,9.560000,-0.001871,-0.001704,0.017084,0.999851,-25.385738,419.245972,93.892258
957,9.570000,-0.001863,-0.001676,0.017082,0.999851,-25.395182,419.249237,93.900940
958,9.580000,-0.001863,-0.001653,0.017099,0.999851,-25.401285,419.245728,93.905312
959,9.590000,-0.001831,-0.001645,0.017094,0.999851,-25.408669,419.244537,93.908058
960,9.600000,-0.001695,-0.001574,0.017279,0.999848,-25.429382,419.245514,93.931633
961,9.610000,-0.001696,-0.001542,0.017178,0.999850,-25.427343,419.247498,93.926384
962,9.620000,-0.001710,-0.001565,0.017197,0.999849,-25.416546,419.246887,93.920837
963,9.630000,-0.001721,-0.001590,0.017220,0.999849,-25.391296,419.239410,93.918129
964,9.640000,-0.001729,-0.001564,0.017208,0.999849,-25.362656,419.234711,93.922752
965,9.650000,-0.001733,-0.001619,0.017230,0.999849,-25.335127,419.231781,93.929398
966,9.660000,-0.001721,-0.001620,0.017254,0.999848,-25.317934,419.229034,93.938095
967,9.670000,-0.001716,-0.001646,0.017258,0.999848,-25.312452,419.227295,93.944260
968,9.680000,-0.001713,-0.001645,0.017238,0.999849,-25.315556,419.225647,93.944405
969,9.690000,-0.001726,-0.001646,0.017245,0.999848,-25.331507,419.229156,93.936646
970,9.700000,-0.001743,-0.001659,0.017209,0.999849,-25.356806,419.236725,93.926826
971,9.710000,-0.001745,-0.001645,0.017145,0.999850,-25.395731,419.245178,93.914124
972,9.720000,-0.001856,-0.001686,0.017039,0.999852,-25.419325,419.249390,93.886642
973,9.730000,-0.001869,-0.001631,0.016733,0.999857,-25.454161,419.253601,93.889580
974,9.740000,-0.001854,-0.001617,0.016765,0.999856,-25.468081,419.253326,93.898232
975,9.750000,-0.001735,-0.001518,0.016838,0.999856,-25.479609,419.254761,93.930206
976,9.760000,-0.001712,-0.001504,0.016821,0.999856,-25.463066,419.253479,93.940025
977,9.770000,-0.001829,-0.001596,0.016709,0.999858,-25.418461,419.247498,93.914268
978,9.780000,-0.001718,-0.001587,0.017146,0.999850,-25.389729,419.240692,93.933075
979,9.790000,-0.001714,-0.001612,0.017235,0.999849,-25.344048,419.230530,93.930061
980,9.800000,-0.001718,-0.001671,0.017250,0.999848,-25.309557,419.225342,93.925026
981,9.810000,-0.001684,-0.001437,0.016999,0.999853,-25.282042,419.217743,93.927856
982,9.820000,-0.001687,-0.001628,0.017131,0.999851,-25.272697,419.216583,93.931961
983,9.830000,-0.001699,-0.001720,0.017289,0.999848,-25.295685,419.221405,93.936432
984,9.840000,-0.001697,-0.001664,0.017225,0.999849,-25.327608,419.227051,93.939522
985,9.850000,-0.001696,-0.001617,0.017244,0.999849,-25.367777,419.234222,93.938576
986,9.860000,-0.001685,-0.001584,0.017177,0.999850,-25.403339,419.239685,93.935143
987,9.870000,-0.001829,-0.001570,0.016681,0.999858,-25.434546,419.246490,93.901657
988,9.880000,-0.001845,-0.001589,0.016719,0.999857,-25.458944,419.250183,93.895279
989,9.890000,-0.001830,-0.001708,0.016847,0.999855,-25.470886,419.250854,93.886215
990,9.900000,-0.001849,-0.001596,0.016725,0.999857,-25.457827,419.251007,93.890816
991,9.910000,-0.001828,-0.001653,0.017037,0.999852,-25.429844,419.247131,93.893036
992,9.920000,-0.001720,-0.001577,0.017167,0.999850,-25.404026,419.240479,93.926949
993,9.930000,-0.001697,-0.001597,0.017200,0.999849,-25.364483,419.231812,93.933617
994,9.940000,-0.001697,-0.001623,0.017215,0.999849,-25.331421,419.224030,93.938942
995,9.950000,-0.001694,-0.001717,0.017300,0.999848,-25.301439,419.218445,93.938049
996,9.960000,-0.001661,-0.001440,0.017021,0.999853,-25.283867,419.213959,93.936882
997,9.970000,-0.001664,-0.001419,0.016978,0.999853,-25.286802,419.214172,93.931168
998,9.980000,-0.001715,-0.001703,0.017277,0.999848,-25.311644,419.219940,93.926674
999,9.990000,-0.001710,-0.001687,0.017248,0.999848,-25.335760,419.223419,93.925072
1000,10.000000,-0.001698,-0.001606,0.017190,0.999850,-25.374775,419.228638,93.929611
