35,-3.00,203,0.00,200,5.00,198,1.00,199,2.00,199,-2.00,203,-3.00,203,-3.00,203,0.00,200,0.00,200,-3.00,203,1.00,198,0.00,199,0.00,201,0.00,198,20.00,1191,20.00,1679,20.00,1777,19.00,1455,0.00,2925,1.00,1589,5.00,889,0.24
71,-1.00,203,0.00,200,2.00,198,2.00,199,0.00,199,-2.00,203,-3.00,203,-2.00,203,0.00,200,0.00,200,-2.00,203,1.00,198,0.00,199,0.00,201,1.00,198,20.00,1191,20.00,1679,20.00,1777,20.00,1455,0.00,2925,2.00,1589,5.00,889,0.00
107,-3.00,203,0.00,200,3.00,198,1.00,199,1.00,199,-2.00,203,-3.00,203,-2.00,203,0.00,200,0.00,200,0.00,203,2.00,198,2.00,199,0.00,201,1.00,198,20.00,1191,20.00,1679,21.00,1777,20.00,1455,0.00,2925,1.00,1589,5.00,889,0.08
142,-1.00,203,0.00,200,2.00,198,0.00,199,0.00,199,-3.00,203,-3.00,203,-1.00,203,0.00,200,0.00,200,-3.00,203,2.00,198,1.00,199,0.00,201,2.00,198,20.00,1191,20.00,1679,20.00,1777,20.00,1455,0.00,2925,0.00,1589,4.00,889,0.08
178,-3.00,203,0.00,200,0.00,198,0.00,199,0.00,199,-3.00,203,-3.00,203,-2.00,203,0.00,200,0.00,200,-2.00,203,1.00,198,2.00,199,0.00,201,1.00,198,20.00,1191,20.00,1679,20.00,1777,20.00,1455,0.00,2925,0.00,1589,4.00,890,0.00
214,-3.00,203,0.00,200,3.00,198,1.00,199,1.00,199,-2.00,203,-4.00,203,-2.00,203,0.00,200,0.00,200,-2.00,203,0.00,198,1.00,199,0.00,201,1.00,198,20.00,1191,20.00,1679,20.00,1777,19.00,1455,0.00,2925,1.00,1589,5.00,889,0.08
250,-3.00,203,0.00,200,4.00,198,1.00,199,1.00,199,-1.00,203,-3.00,203,-1.00,203,0.00,200,0.00,200,-1.00,203,2.00,198,1.00,199,1.00,201,1.00,198,20.00,1191,21.00,1679,20.00,1777,20.00,1455,0.00,2925,1.00,1589,4.00,889,0.08
285,-3.00,203,0.00,200,2.00,198,0.00,199,0.00,199,-2.00,203,-2.00,203,-2.00,203,0.00,200,0.00,200,-2.00,203,0.00,198,0.00,199,0.00,201,0.00,198,20.00,1191,20.00,1679,20.00,1777,20.00,1455,0.00,2925,1.00,1589,3.00,889,0.16
321,-2.00,203,0.00,200,1.00,198,1.00,199,0.00,199,-2.00,203,-3.00,203,-3.00,203,0.00,200,0.00,200,-2.00,203,0.00,198,1.00,199,0.00,201,2.00,198,20.00,1191,20.00,1679,20.00,1777,20.00,1455,0.00,2925,1.00,1589,5.00,890,0.00
357,-1.00,203,0.00,200,2.00,198,2.00,199,2.00,199,-2.00,203,-3.00,203,-3.00,203,0.00,200,0.00,200,-2.00,203,1.00,198,2.00,199,0.00,201,1.00,198,19.00,1191,20.00,1679,20.00,1777,20.00,1455,0.00,2925,2.00,1589,4.00,889,0.08
393,-1.00,203,0.00,200,3.00,198,2.00,199,1.00,199,-1.00,203,-2.00,203,-1.00,203,0.00,200,0.00,200,-1.00,203,1.00,198,1.00,199,0.00,201,0.00,198,20.00,1191,20.00,1679,20.00,1777,20.00,1455,0.00,2925,1.00,1589,4.00,889,0.08
428,-2.00,203,0.00,200,4.00,198,0.00,199,1.00,199,-1.00,203,-3.00,203,-3.00,203,0.00,200,0.00,200,-2.00,203,0.00,198,1.00,199,0.00,201,0.00,198,20.00,1191,20.00,1679,21.00,1777,20.00,1455,0.00,2925,0.00,1589,5.00,889,0.00
464,-2.00,203,0.00,200,4.00,198,1.00,199,0.00,199,-3.00,203,-2.00,203,-3.00,203,0.00,200,0.00,200,-2.00,203,1.00,198,1.00,199,0.00,201,1.00,198,20.00,1191,21.00,1679,20.00,1777,19.00,1455,0.00,2925,1.00,1589,3.00,889,0.16
500,-2.00,203,0.00,200,3.00,198,1.00,199,1.00,199,-2.00,203,-3.00,203,-2.00,203,0.00,200,0.00,200,-1.00,203,0.00,198,0.00,199,0.00,201,1.00,198,20.00,1191,20.00,1679,20.00,1777,20.00,1455,0.00,2925,2.00,1589,3.00,889,0.16
536,-2.00,203,0.00,200,2.00,198,0.00,199,0.00,199,-2.00,203,-3.00,203,-3.00,203,0.00,200,0.00,200,-2.00,203,1.00,198,2.00,199,0.00,201,1.00,198,20.00,1191,19.00,1679,19.00,1777,20.00,1455,0.00,2925,1.00,1589,4.00,889,0.00
571,-2.00,203,0.00,200,0.00,198,0.00,199,1.00,199,-2.00,203,-3.00,203,-2.00,203,0.00,200,0.00,200,-3.00,203,1.00,198,1.00,199,0.00,201,1.00,198,20.00,1191,20.00,1679,20.00,1777,20.00,1455,0.00,2925,0.00,1589,3.00,889,0.00
607,-2.00,203,0.00,200,3.00,198,0.00,199,0.00,199,-2.00,203,-3.00,203,-2.00,203,0.00,200,0.00,200,-2.00,203,1.00,198,0.00,199,0.00,201,1.00,198,21.00,1191,20.00,1679,20.00,1777,20.00,1455,0.00,2925,0.00,1589,3.00,889,0.32
643,-2.00,203,0.00,200,4.00,199,1.00,199,2.00,199,-1.00,203,-3.00,203,-3.00,203,0.00,200,0.00,200,-2.00,203,0.00,198,2.00,199,0.00,201,0.00,198,20.00,1191,20.00,1679,21.00,1777,20.00,1455,0.00,2925,0.00,1589,3.00,889,0.16
678,-3.00,203,0.00,200,1.00,198,0.00,199,2.00,199,-2.00,203,-3.00,203,-2.00,203,0.00,200,0.00,200,-2.00,203,0.00,198,2.00,199,0.00,201,2.00,198,20.00,1191,20.00,1679,20.00,1777,20.00,1455,0.00,2925,1.00,1589,4.00,889,0.08
714,-3.00,203,0.00,200,2.00,198,2.00,199,0.00,199,-2.00,203,-3.00,203,-3.00,203,0.00,200,0.00,200,-1.00,203,0.00,198,0.00,199,0.00,201,1.00,198,20.00,1191,20.00,1679,20.00,1777,21.00,1455,0.00,2925,2.00,1589,4.00,889,0.16
750,-2.00,203,0.00,200,2.00,198,0.00,199,0.00,199,-2.00,203,-3.00,203,-3.00,203,0.00,200,0.00,200,-3.00,203,1.00,198,0.00,199,0.00,201,0.00,198,20.00,1191,19.00,1679,20.00,1777,20.00,1455,0.00,2925,2.00,1589,3.00,889,0.16
786,-3.00,203,0.00,200,3.00,198,1.00,199,1.00,199,-3.00,203,-3.00,203,-1.00,203,0.00,200,0.00,200,-2.00,203,2.00,198,2.00,199,0.00,201,1.00,198,20.00,1191,20.00,1679,20.00,1777,20.00,1455,0.00,2925,1.00,1589,5.00,889,0.08
822,-2.00,203,0.00,200,4.00,198,1.00,199,2.00,199,-2.00,203,-3.00,203,-2.00,203,0.00,200,0.00,200,-3.00,203,1.00,198,1.00,199,1.00,201,1.00,198,20.00,1191,20.00,1679,20.00,1777,20.00,1455,0.00,2925,1.00,1589,4.00,889,0.00
857,-3.00,203,0.00,200,3.00,198,0.00,199,2.00,199,-2.00,203,-3.00,203,-2.00,203,0.00,200,0.00,200,-2.00,203,1.00,198,0.00,199,0.00,201,2.00,198,20.00,1191,20.00,1679,20.00,1777,20.00,1455,0.00,2925,1.00,1589,4.00,889,0.24
893,-3.00,203,0.00,200,1.00,198,1.00,199,1.00,199,-1.00,203,-3.00,203,-2.00,203,0.00,200,0.00,200,-1.00,203,1.00,198,1.00,199,0.00,201,2.00,198,20.00,1191,20.00,1679,20.00,1777,20.00,1455,0.00,2925,1.00,1589,3.00,889,0.00
929,-3.00,203,0.00,200,1.00,198,3.00,199,0.00,199,-2.00,203,-2.00,203,-1.00,203,0.00,200,0.00,200,-2.00,203,1.00,198,1.00,199,0.00,201,2.00,198,20.00,1191,20.00,1679,20.00,1777,20.00,1455,0.00,2925,2.00,1589,3.00,889,0.08
965,-2.00,203,0.00,200,1.00,198,0.00,199,2.00,199,-2.00,203,-2.00,203,-2.00,203,0.00,200,0.00,200,-3.00,203,1.00,198,1.00,199,0.00,201,1.00,198,20.00,1191,20.00,1679,20.00,1777,19.00,1455,0.00,2925,0.00,1589,4.00,889,0.08
1000,-3.00,203,0.00,200,4.00,198,2.00,199,1.00,199,-2.00,203,-3.00,203,-1.00,203,0.00,200,0.00,200,-1.00,203,1.00,198,1.00,199,0.00,201,0.00,198,20.00,1191,20.00,1679,20.00,1777,20.00,1455,0.00,2925,1.00,1589,4.00,889,0.08
1036,-2.00,203,0.00,200,3.00,198,1.00,199,0.00,199,-1.00,203,-3.00,203,-1.00,203,0.00,200,0.00,200,-2.00,203,1.00,198,1.00,199,0.00,201,1.00,198,20.00,1191,20.00,1679,20.00,1777,21.00,1455,0.00,2925,1.00,1589,2.00,889,0.00
1072,-1.00,203,0.00,200,1.00,198,2.00,199,1.00,199,-3.00,203,-3.00,203,-3.00,203,0.00,200,0.00,200,-3.00,203,2.00,198,0.00,199,0.00,201,0.00,198,21.00,1191,20.00,1679,20.00,1777,20.00,1456,0.00,2925,1.00,1589,4.00,889,0.08
1107,-3.00,203,0.00,200,1.00,198,1.00,199,1.00,199,-3.00,203,-3.00,203,-2.00,203,0.00,200,0.00,200,-3.00,203,1.00,198,1.00,199,0.00,201,0.00,198,20.00,1191,20.00,1679,20.00,1777,18.00,1458,0.00,2925,1.00,1589,5.00,889,0.16
1143,-2.00,203,0.00,200,3.00,198,2.00,199,0.00,199,-2.00,203,-3.00,203,-3.00,203,0.00,200,0.00,200,-3.00,203,0.00,198,0.00,199,0.00,201,0.00,198,20.00,1191,20.00,1679,21.00,1777,20.00,1459,0.00,2925,2.00,1589,5.00,889,0.00
1179,-2.00,203,0.00,200,1.00,198,1.00,199,1.00,199,-2.00,203,-3.00,203,-1.00,203,0.00,200,0.00,200,-3.00,203,2.00,198,2.00,199,0.00,201,1.00,198,20.00,1191,20.00,1679,20.00,1777,20.00,1459,0.00,2925,2.00,1589,5.00,889,0.00
1215,-2.00,203,0.00,200,-2.00,198,1.00,199,0.00,199,-2.00,203,-4.00,203,-3.00,203,0.00,200,0.00,200,-1.00,203,1.00,198,0.00,199,0.00,201,0.00,198,20.00,1191,20.00,1679,21.00,1777,20.00,1459,0.00,2925,1.00,1589,2.00,889,0.24
1250,-3.00,203,0.00,200,2.00,198,1.00,199,2.00,199,-2.00,203,-3.00,203,-1.00,203,0.00,200,0.00,200,-1.00,203,1.00,198,0.00,199,0.00,201,1.00,198,20.00,1191,20.00,1679,21.00,1777,20.00,1459,0.00,2925,2.00,1589,5.00,889,0.00
1286,-2.00,203,0.00,200,3.00,199,0.00,199,0.00,199,-2.00,203,-3.00,203,-2.00,203,0.00,200,0.00,200,-2.00,203,1.00,198,0.00,199,0.00,201,2.00,198,20.00,1191,20.00,1679,20.00,1777,20.00,1459,0.00,2925,1.00,1589,5.00,889,0.08
1322,-3.00,203,0.00,200,3.00,198,0.00,199,2.00,199,-2.00,203,-4.00,203,-1.00,203,0.00,200,0.00,200,-1.00,203,0.00,198,2.00,199,0.00,201,1.00,198,20.00,1191,20.00,1679,20.00,1777,20.00,1459,0.00,2925,2.00,1589,3.00,889,0.08
1358,-2.00,203,0.00,200,2.00,198,3.00,199,1.00,199,-3.00,203,-3.00,203,-2.00,203,0.00,200,0.00,200,-1.00,203,1.00,198,1.00,199,0.00,201,0.00,198,21.00,1191,20.00,1679,20.00,1777,19.00,1459,0.00,2925,0.00,1589,2.00,889,0.08
1393,-1.00,203,0.00,200,3.00,198,1.00,199,0.00,199,-1.00,203,-3.00,203,-1.00,203,0.00,200,0.00,200,-2.00,203,0.00,198,3.00,199,0.00,201,2.00,198,20.00,1191,19.00,1679,20.00,1777,19.00,1460,0.00,2925,0.00,1589,3.00,889,0.16
1429,-3.00,203,0.00,200,5.00,198,1.00,199,1.00,199,-1.00,203,-3.00,203,-2.00,203,0.00,200,0.00,200,-3.00,203,1.00,198,1.00,199,-3.00,202,1.00,198,20.00,1191,20.00,1679,20.00,1777,20.00,1459,0.00,2925,2.00,1589,4.00,889,0.08
1465,-3.00,203,0.00,200,1.00,198,0.00,199,1.00,199,-2.00,203,-2.00,203,-2.00,203,0.00,200,0.00,200,-2.00,203,0.00,198,2.00,199,0.00,201,1.00,198,20.00,1191,20.00,1679,20.00,1777,20.00,1459,0.00,2925,1.00,1589,5.00,889,0.08
1501,-2.00,203,0.00,200,4.00,198,1.00,199,1.00,199,-2.00,203,-3.00,203,-2.00,203,0.00,200,0.00,200,-3.00,203,3.00,198,0.00,199,0.00,201,1.00,198,19.00,1191,20.00,1679,20.00,1777,20.00,1459,0.00,2925,2.00,1589,5.00,889,0.08
1536,-2.00,203,0.00,200,4.00,198,1.00,199,1.00,199,-3.00,203,-3.00,203,-3.00,203,0.00,200,0.00,200,-2.00,203,2.00,198,1.00,199,0.00,201,1.00,198,21.00,1191,20.00,1679,20.00,1777,19.00,1459,0.00,2925,2.00,1589,5.00,889,0.08
1572,-3.00,203,0.00,200,1.00,198,1.00,199,1.00,199,-3.00,203,-3.00,203,-2.00,203,0.00,200,0.00,200,-3.00,203,1.00,198,2.00,199,0.00,201,0.00,198,20.00,1191,20.00,1679,19.00,1777,20.00,1460,0.00,2925,0.00,1589,5.00,889,0.08
1608,-3.00,203,0.00,200,3.00,198,0.00,199,1.00,199,-2.00,203,-4.00,203,-1.00,203,0.00,200,0.00,200,-1.00,203,1.00,198,1.00,199,0.00,201,2.00,198,20.00,1191,20.00,1679,20.00,1777,20.00,1459,0.00,2925,1.00,1589,5.00,889,0.08
1644,-3.00,203,0.00,200,2.00,198,2.00,199,1.00,199,-2.00,203,-3.00,203,-3.00,203,0.00,200,0.00,200,-3.00,203,1.00,198,1.00,199,0.00,201,2.00,198,20.00,1191,20.00,1679,20.00,1777,20.00,1460,0.00,2925,1.00,1589,4.00,889,0.08
1679,-3.00,203,0.00,200,3.00,198,1.00,199,0.00,199,-2.00,203,-3.00,203,-2.00,203,0.00,200,0.00,200,-1.00,203,2.00,198,1.00,199,1.00,201,2.00,198,20.00,1191,20.00,1679,20.00,1777,20.00,1460,0.00,2925,2.00,1589,4.00,889,0.08
1715,-1.00,203,0.00,200,1.00,198,1.00,199,1.00,199,-3.00,203,-3.00,203,-2.00,203,0.00,200,0.00,200,-3.00,203,0.00,198,0.00,199,1.00,201,1.00,198,21.00,1191,20.00,1679,20.00,1777,20.00,1460,0.00,2925,2.00,1589,3.00,889,0.16
1751,-2.00,203,0.00,200,0.00,198,2.00,199,1.00,199,-2.00,203,-3.00,203,-2.00,203,0.00,200,0.00,200,-2.00,203,0.00,198,1.00,199,0.00,201,1.00,198,20.00,1191,20.00,1679,20.00,1777,20.00,1460,0.00,2925,1.00,1589,3.00,889,0.16
1786,-2.00,203,0.00,200,1.00,198,1.00,199,1.00,199,-3.00,203,-3.00,203,-2.00,203,0.00,200,0.00,200,-3.00,203,0.00,198,2.00,199,0.00,201,2.00,198,20.00,1191,20.00,1679,20.00,1777,21.00,1459,0.00,2925,1.00,1589,3.00,889,0.00
1822,-2.00,203,0.00,200,3.00,198,0.00,199,2.00,199,-2.00,203,-3.00,203,-3.00,203,0.00,200,0.00,200,-2.00,203,2.00,198,1.00,199,0.00,201,1.00,198,20.00,1191,19.00,1679,21.00,1777,20.00,1459,0.00,2925,1.00,1589,5.00,889,0.00
1858,-2.00,203,0.00,200,0.00,198,2.00,199,2.00,199,-2.00,203,-4.00,203,-3.00,203,0.00,200,0.00,200,-2.00,203,1.00,198,0.00,199,2.00,201,1.00,198,20.00,1191,20.00,1679,20.00,1777,20.00,1459,0.00,2925,1.00,1589,4.00,889,0.08
1894,-1.00,203,0.00,200,1.00,198,0.00,199,1.00,199,-2.00,203,-3.00,203,-1.00,203,0.00,200,0.00,200,-2.00,203,1.00,198,0.00,199,-3.00,201,2.00,198,20.00,1191,20.00,1679,21.00,1777,20.00,1460,0.00,2925,1.00,1589,4.00,889,0.16
1929,-2.00,203,0.00,200,1.00,198,1.00,199,1.00,199,-2.00,203,-3.00,203,-1.00,203,0.00,200,0.00,200,-1.00,203,2.00,198,1.00,199,1.00,201,1.00,198,20.00,1191,20.00,1679,20.00,1777,20.00,1460,0.00,2925,0.00,1589,5.00,889,0.08
1965,-2.00,203,0.00,200,1.00,198,0.00,199,0.00,199,-1.00,203,-3.00,203,-2.00,203,0.00,200,0.00,200,-1.00,203,2.00,198,1.00,199,-3.00,201,1.00,198,20.00,1191,21.00,1679,20.00,1777,20.00,1459,0.00,2925,1.00,1589,5.00,889,0.00
2001,-1.00,203,0.00,200,4.00,198,1.00,199,0.00,199,-1.00,203,-3.00,203,-1.00,203,1.00,200,0.00,200,-3.00,203,1.00,198,1.00,199,0.00,201,1.00,198,20.00,1191,19.00,1679,20.00,1777,19.00,1459,0.00,2925,1.00,1589,3.00,889,0.16
2036,-3.00,203,0.00,200,2.00,198,1.00,199,3.00,199,-1.00,203,-4.00,203,-2.00,203,0.00,200,0.00,200,-2.00,203,1.00,198,0.00,199,1.00,201,1.00,198,20.00,1191,20.00,1679,20.00,1777,20.00,1459,0.00,2925,0.00,1589,4.00,889,0.00
2072,-2.00,203,0.00,200,1.00,198,0.00,199,2.00,199,-3.00,203,-3.00,203,-2.00,203,0.00,200,0.00,200,-1.00,203,1.00,198,1.00,199,-4.00,201,0.00,198,20.00,1191,20.00,1679,20.00,1777,20.00,1459,0.00,2925,0.00,1589,4.00,889,0.16
2108,-2.00,203,0.00,200,3.00,198,1.00,199,0.00,199,-2.00,203,-3.00,203,-3.00,203,-1.00,200,0.00,200,-1.00,203,0.00,198,1.00,199,-4.00,201,0.00,198,20.00,1191,20.00,1679,20.00,1777,20.00,1459,0.00,2925,1.00,1589,5.00,889,0.08
2144,0.00,203,0.00,200,0.00,198,1.00,199,0.00,199,-2.00,203,-3.00,203,-3.00,203,0.00,200,0.00,200,-2.00,203,1.00,198,2.00,199,-1.00,201,2.00,198,20.00,1191,20.00,1679,20.00,1777,20.00,1459,0.00,2925,2.00,1589,3.00,889,0.16
2180,-1.00,203,0.00,200,2.00,198,1.00,199,1.00,199,-2.00,203,-3.00,203,-1.00,203,-1.00,200,0.00,200,-2.00,203,0.00,198,0.00,199,-2.00,201,1.00,198,20.00,1191,20.00,1679,20.00,1777,20.00,1459,0.00,2925,1.00,1589,4.00,889,0.08
2215,-2.00,203,0.00,200,2.00,198,1.00,199,1.00,199,-2.00,203,-3.00,203,-2.00,203,0.00,200,0.00,200,-2.00,203,1.00,198,2.00,199,0.00,202,1.00,198,20.00,1191,20.00,1679,20.00,1777,20.00,1460,0.00,2925,1.00,1589,5.00,889,0.00
2251,-2.00,203,0.00,200,2.00,198,1.00,199,1.00,199,-3.00,203,-3.00,203,-1.00,203,0.00,200,0.00,200,0.00,203,1.00,198,2.00,199,1.00,202,1.00,198,20.00,1191,21.00,1679,20.00,1777,20.00,1459,0.00,2925,1.00,1589,4.00,889,0.08
2287,-3.00,203,0.00,200,2.00,198,1.00,199,1.00,199,-1.00,203,-3.00,203,-2.00,203,0.00,200,0.00,200,-1.00,203,0.00,198,3.00,199,0.00,201,1.00,198,20.00,1191,21.00,1679,20.00,1777,20.00,1459,0.00,2925,1.00,1589,3.00,889,0.16
2322,-2.00,203,0.00,200,3.00,198,2.00,199,1.00,199,-2.00,203,-4.00,203,-1.00,203,0.00,200,0.00,200,-2.00,203,1.00,198,0.00,199,0.00,201,2.00,198,20.00,1191,20.00,1679,20.00,1777,20.00,1460,0.00,2925,1.00,1589,4.00,889,0.16
2358,-1.00,203,0.00,200,1.00,198,1.00,199,0.00,199,-3.00,203,-3.00,203,-3.00,203,0.00,200,0.00,200,-1.00,203,2.00,198,1.00,199,0.00,201,0.00,198,20.00,1191,20.00,1679,20.00,1777,19.00,1460,0.00,2925,0.00,1589,3.00,889,0.00
2394,-1.00,203,0.00,200,3.00,198,1.00,199,1.00,199,-3.00,203,-3.00,203,-2.00,203,0.00,200,0.00,200,-2.00,203,1.00,198,1.00,199,0.00,201,1.00,198,20.00,1191,20.00,1679,20.00,1777,20.00,1459,0.00,2925,1.00,1589,3.00,889,0.00
2430,-3.00,203,0.00,200,2.00,198,0.00,199,1.00,199,-1.00,203,-3.00,203,-3.00,203,0.00,200,0.00,200,-2.00,203,1.00,198,2.00,199,1.00,201,1.00,198,20.00,1191,20.00,1679,20.00,1777,20.00,1459,0.00,2925,1.00,1589,4.00,889,0.00
2465,-2.00,203,0.00,200,1.00,198,1.00,199,0.00,199,-1.00,203,-3.00,203,-1.00,203,1.00,200,0.00,200,-1.00,203,2.00,198,0.00,199,-1.00,201,2.00,198,19.00,1191,20.00,1679,20.00,1777,20.00,1459,0.00,2925,1.00,1589,4.00,889,0.16
2501,-2.00,203,0.00,200,4.00,198,1.00,199,1.00,199,-2.00,203,-3.00,203,-3.00,203,-1.00,200,0.00,200,-2.00,203,0.00,198,0.00,199,-4.00,201,1.00,198,20.00,1191,20.00,1679,20.00,1777,20.00,1459,0.00,2925,1.00,1589,5.00,889,0.08
2537,-2.00,203,0.00,200,1.00,198,0.00,199,2.00,199,-3.00,203,-3.00,203,-2.00,203,-2.00,200,0.00,200,-2.00,203,1.00,198,1.00,199,1.00,202,0.00,198,20.00,1191,20.00,1679,20.00,1777,20.00,1460,0.00,2925,0.00,1589,4.00,889,0.16
2572,-2.00,203,0.00,200,2.00,198,0.00,199,1.00,199,-1.00,203,-3.00,203,-2.00,203,2.00,200,0.00,200,-2.00,203,1.00,198,0.00,199,1.00,201,0.00,198,20.00,1191,20.00,1679,21.00,1777,20.00,1460,0.00,2925,2.00,1589,4.00,889,0.08
2608,-3.00,203,0.00,200,3.00,198,1.00,199,1.00,199,-3.00,203,-3.00,203,-1.00,203,1.00,200,0.00,200,-1.00,203,1.00,198,2.00,199,1.00,201,0.00,198,20.00,1191,20.00,1679,20.00,1777,21.00,1459,0.00,2925,2.00,1589,4.00,889,0.16
2644,-1.00,203,0.00,200,1.00,198,2.00,199,1.00,199,-2.00,203,-2.00,203,-2.00,203,-5.00,201,0.00,200,-1.00,203,0.00,198,1.00,199,0.00,201,1.00,198,20.00,1191,20.00,1679,20.00,1777,20.00,1460,0.00,2925,2.00,1589,5.00,889,0.08
2679,-1.00,203,0.00,200,2.00,198,1.00,199,1.00,199,-3.00,203,-3.00,203,-2.00,203,-4.00,201,0.00,200,-2.00,203,1.00,198,1.00,199,0.00,201,2.00,198,20.00,1191,20.00,1679,20.00,1777,20.00,1460,0.00,2925,1.00,1589,4.00,889,0.24
2715,-1.00,203,0.00,200,2.00,198,2.00,199,1.00,199,-3.00,203,-3.00,203,-2.00,203,1.00,201,0.00,200,-2.00,203,0.00,198,2.00,199,-3.00,201,0.00,198,20.00,1191,20.00,1679,20.00,1777,20.00,1460,0.00,2925,2.00,1589,5.00,889,0.16
2751,-2.00,203,0.00,200,3.00,198,2.00,199,0.00,199,-1.00,203,-3.00,203,-3.00,203,0.00,200,0.00,200,-3.00,203,1.00,198,2.00,199,1.00,201,2.00,198,19.00,1191,20.00,1679,20.00,1777,20.00,1460,0.00,2925,2.00,1589,3.00,889,0.08
2787,-1.00,203,0.00,200,4.00,198,2.00,199,0.00,199,-2.00,203,-3.00,203,-2.00,203,3.00,201,0.00,200,-1.00,203,1.00,198,1.00,199,4.00,201,1.00,198,20.00,1191,20.00,1679,20.00,1777,21.00,1460,0.00,2925,2.00,1589,5.00,889,0.32
2823,-2.00,203,0.00,200,1.00,198,0.00,199,2.00,199,-2.00,203,-3.00,203,-1.00,203,-3.00,201,0.00,200,-1.00,203,1.00,198,0.00,199,0.00,201,1.00,198,20.00,1191,20.00,1679,20.00,1777,20.00,1460,0.00,2925,1.00,1589,4.00,889,0.16
2858,-3.00,203,0.00,200,1.00,198,0.00,199,0.00,199,-3.00,203,-3.00,203,-1.00,203,0.00,201,0.00,200,-2.00,203,1.00,198,1.00,199,-4.00,201,1.00,198,20.00,1191,20.00,1679,20.00,1777,21.00,1460,0.00,2925,1.00,1589,3.00,889,0.24
2894,-2.00,203,0.00,200,1.00,198,0.00,199,1.00,199,-1.00,203,-3.00,203,-3.00,203,-4.00,200,0.00,200,-1.00,203,0.00,198,0.00,199,-3.00,201,1.00,198,20.00,1191,20.00,1679,20.00,1777,20.00,1460,0.00,2925,1.00,1589,3.00,889,0.32
2930,-2.00,203,0.00,200,3.00,198,1.00,199,1.00,199,-2.00,203,-3.00,203,-2.00,203,-2.00,201,0.00,200,-1.00,203,1.00,198,0.00,199,0.00,201,1.00,198,20.00,1191,20.00,1679,19.00,1777,20.00,1460,0.00,2925,1.00,1589,3.00,889,0.24
2966,-3.00,203,0.00,200,2.00,198,1.00,199,2.00,199,-2.00,203,-2.00,203,-2.00,203,3.00,201,0.00,200,-1.00,203,2.00,198,2.00,199,-3.00,201,1.00,198,20.00,1191,20.00,1679,20.00,1777,20.00,1460,0.00,2925,2.00,1589,3.00,889,0.56
3002,-2.00,203,0.00,200,2.00,198,0.00,199,1.00,199,-2.00,203,-4.00,203,-2.00,203,7.00,201,0.00,200,-2.00,203,0.00,198,1.00,199,1.00,201,1.00,198,20.00,1191,20.00,1679,20.00,1777,20.00,1460,0.00,2925,1.00,1589,4.00,889,0.16
3037,-2.00,203,0.00,200,1.00,198,0.00,199,1.00,199,-2.00,203,-3.00,203,-1.00,203,-5.00,201,0.00,200,-2.00,203,2.00,198,1.00,199,0.00,201,1.00,198,20.00,1191,20.00,1679,20.00,1777,20.00,1460,0.00,2925,0.00,1589,4.00,889,0.56
3073,-1.00,203,0.00,200,2.00,198,1.00,199,0.00,199,-3.00,203,-3.00,203,-1.00,203,-1.00,201,0.00,200,0.00,203,1.00,198,0.00,199,0.00,201,2.00,198,20.00,1191,20.00,1679,20.00,1777,20.00,1460,0.00,2925,0.00,1589,5.00,889,0.40
3109,-2.00,203,0.00,200,2.00,198,2.00,199,2.00,199,-1.00,203,-3.00,203,-2.00,203,8.00,201,0.00,200,-2.00,203,2.00,198,3.00,199,0.00,201,2.00,198,20.00,1191,20.00,1679,20.00,1777,20.00,1460,0.00,2925,1.00,1589,5.00,889,0.48
3145,-1.00,203,0.00,200,3.00,198,1.00,199,2.00,199,-2.00,203,-3.00,203,-3.00,203,9.00,201,0.00,200,-2.00,203,0.00,198,1.00,199,1.00,201,1.00,198,20.00,1191,20.00,1679,20.00,1777,20.00,1460,0.00,2925,2.00,1589,4.00,889,0.08
3181,-3.00,203,0.00,200,3.00,198,3.00,199,1.00,199,-3.00,203,-3.00,203,-2.00,203,-3.00,201,0.00,200,-2.00,203,3.00,198,1.00,199,0.00,201,2.00,198,20.00,1191,20.00,1679,20.00,1777,21.00,1460,0.00,2925,1.00,1589,4.00,889,0.24
3216,-2.00,203,0.00,200,2.00,198,1.00,199,2.00,199,-3.00,203,-2.00,203,-3.00,203,-1.00,201,0.00,200,-1.00,203,1.00,198,0.00,199,0.00,201,1.00,198,20.00,1191,20.00,1679,20.00,1777,19.00,1460,0.00,2925,1.00,1589,5.00,889,0.48
3252,-3.00,203,0.00,200,2.00,198,0.00,199,1.00,199,-2.00,203,-3.00,203,-3.00,203,4.00,201,0.00,200,-4.00,203,0.00,198,0.00,199,3.00,201,1.00,198,19.00,1191,20.00,1679,20.00,1777,20.00,1463,0.00,2925,2.00,1589,4.00,889,0.08
3288,-2.00,203,0.00,200,1.00,198,1.00,199,2.00,199,-3.00,203,-3.00,203,-2.00,203,-1.00,201,0.00,200,-2.00,203,1.00,198,1.00,199,1.00,201,0.00,198,20.00,1191,20.00,1679,20.00,1777,20.00,1469,0.00,2925,0.00,1589,5.00,889,0.40
3323,-2.00,203,0.00,200,1.00,198,0.00,199,1.00,199,-2.00,203,-3.00,203,-3.00,203,-3.00,201,0.00,200,-3.00,203,0.00,198,0.00,199,-5.00,201,1.00,198,20.00,1191,21.00,1679,21.00,1777,20.00,1476,0.00,2925,1.00,1589,3.00,889,0.24
3359,-2.00,203,0.00,200,0.00,198,0.00,199,1.00,199,-1.00,203,-2.00,203,-3.00,203,-3.00,201,0.00,200,-8.00,203,1.00,198,2.00,199,1.00,201,2.00,198,20.00,1191,20.00,1679,20.00,1777,20.00,1484,0.00,2925,0.00,1589,5.00,889,0.48
3395,-1.00,203,0.00,200,1.00,198,1.00,199,1.00,199,-2.00,203,-3.00,203,-2.00,203,2.00,200,0.00,200,-2.00,203,1.00,198,0.00,199,0.00,202,2.00,198,20.00,1191,20.00,1679,20.00,1777,20.00,1491,0.00,2925,1.00,1589,5.00,889,0.56
3431,-2.00,203,0.00,200,3.00,198,1.00,199,2.00,199,-3.00,203,-3.00,203,-3.00,203,-3.00,201,0.00,200,-1.00,203,1.00,198,1.00,198,0.00,201,1.00,198,20.00,1191,20.00,1679,20.00,1777,20.00,1498,0.00,2925,0.00,1589,5.00,889,0.32
3466,-2.00,203,0.00,200,1.00,198,0.00,199,1.00,199,-2.00,203,-3.00,203,-2.00,203,-3.00,201,0.00,200,-2.00,203,1.00,198,0.00,199,0.00,201,2.00,198,20.00,1191,19.00,1679,20.00,1777,20.00,1504,0.00,2925,2.00,1589,3.00,889,0.40
3502,-3.00,203,0.00,200,3.00,198,1.00,199,0.00,199,-2.00,203,-3.00,203,-2.00,203,-3.00,201,0.00,200,-3.00,203,0.00,198,1.00,199,0.00,202,0.00,198,20.00,1191,20.00,1679,20.00,1777,20.00,1511,0.00,2925,0.00,1589,4.00,889,0.24
3538,-1.00,203,0.00,200,1.00,198,0.00,199,2.00,199,-1.00,203,-3.00,203,-3.00,203,8.00,201,0.00,200,-2.00,203,1.00,198,0.00,199,-2.00,201,1.00,198,20.00,1191,20.00,1679,20.00,1777,20.00,1517,0.00,2925,1.00,1589,4.00,889,0.40
3574,-3.00,203,0.00,200,1.00,198,2.00,199,1.00,199,-3.00,203,-2.00,203,-3.00,203,-1.00,201,0.00,200,-1.00,203,0.00,198,10.00,199,1.00,201,0.00,198,20.00,1191,20.00,1679,21.00,1777,19.00,1523,0.00,2925,2.00,1589,5.00,889,0.48
3609,-2.00,203,0.00,200,2.00,198,1.00,199,2.00,199,-2.00,203,-3.00,203,-2.00,203,-1.00,201,0.00,200,-2.00,203,0.00,198,1.00,199,-2.00,201,2.00,198,20.00,1191,20.00,1679,20.00,1777,21.00,1529,0.00,2925,0.00,1589,4.00,889,0.32
3645,-2.00,203,0.00,200,1.00,198,1.00,199,1.00,199,-2.00,203,-2.00,203,-1.00,203,-1.00,201,0.00,200,-2.00,203,2.00,198,0.00,199,1.00,201,1.00,198,20.00,1191,20.00,1679,20.00,1777,20.00,1535,0.00,2925,2.00,1589,4.00,889,0.32
3681,-1.00,203,0.00,200,3.00,198,1.00,199,2.00,199,-2.00,203,-4.00,203,-2.00,203,-1.00,201,0.00,200,0.00,203,1.00,198,5.00,199,0.00,201,2.00,198,20.00,1191,20.00,1679,20.00,1777,20.00,1541,0.00,2925,0.00,1589,4.00,889,0.24
3717,-2.00,203,0.00,200,2.00,198,1.00,199,1.00,199,-2.00,203,-3.00,203,-2.00,203,-1.00,201,0.00,200,-1.00,203,1.00,198,1.00,199,-6.00,201,2.00,198,20.00,1191,20.00,1679,20.00,1777,20.00,1548,0.00,2925,0.00,1589,5.00,889,0.48
3752,-3.00,203,0.00,200,2.00,198,1.00,199,0.00,199,-2.00,203,-3.00,203,-2.00,203,-2.00,201,0.00,200,-1.00,203,1.00,198,1.00,199,1.00,201,2.00,198,20.00,1191,20.00,1679,20.00,1777,20.00,1555,0.00,2925,0.00,1589,5.00,889,0.40
3788,-2.00,203,0.00,200,1.00,198,1.00,199,1.00,199,-1.00,203,-3.00,203,-3.00,203,-1.00,201,0.00,200,-3.00,203,1.00,198,-1.00,199,1.00,202,1.00,198,20.00,1191,19.00,1679,20.00,1777,19.00,1563,0.00,2925,1.00,1589,5.00,889,0.40
3824,-1.00,203,0.00,200,1.00,198,2.00,199,1.00,199,-2.00,203,-3.00,203,-1.00,203,-1.00,201,0.00,200,-3.00,203,2.00,198,0.00,198,1.00,201,0.00,198,20.00,1191,20.00,1679,20.00,1777,20.00,1569,0.00,2925,2.00,1589,-6.00,889,0.65
3860,-1.00,203,0.00,200,2.00,198,0.00,199,1.00,199,-3.00,203,-3.00,203,-2.00,203,-1.00,201,0.00,200,-2.00,203,1.00,198,0.00,198,0.00,201,0.00,198,20.00,1191,20.00,1679,20.00,1777,20.00,1575,0.00,2925,2.00,1589,3.00,889,0.32
3895,-3.00,203,0.00,200,2.00,198,0.00,199,1.00,199,-2.00,203,-3.00,203,-2.00,203,0.00,201,0.00,200,-1.00,203,1.00,198,-6.00,199,-1.00,201,1.00,198,20.00,1190,20.00,1679,20.00,1777,20.00,1580,0.00,2925,1.00,1589,4.00,889,0.40
3931,-1.00,203,0.00,200,3.00,198,0.00,199,1.00,199,-2.00,203,-4.00,203,-2.00,203,-1.00,201,0.00,200,-3.00,203,1.00,198,6.00,199,-2.00,201,0.00,198,20.00,1190,20.00,1679,20.00,1777,19.00,1587,0.00,2925,1.00,1589,4.00,889,0.40
3967,-3.00,203,0.00,200,1.00,198,1.00,199,0.00,199,-2.00,203,-3.00,203,-3.00,203,0.00,201,0.00,200,-2.00,203,1.00,198,-8.00,199,0.00,201,0.00,198,20.00,1190,20.00,1679,20.00,1777,20.00,1593,0.00,2925,1.00,1589,5.00,889,0.65
4003,-2.00,203,0.00,200,3.00,198,0.00,199,1.00,199,-2.00,203,-3.00,203,-2.00,203,-1.00,201,0.00,200,-2.00,203,1.00,198,-1.00,199,-3.00,201,0.00,198,20.00,1190,20.00,1679,19.00,1777,21.00,1599,0.00,2925,2.00,1589,5.00,889,0.40
4039,-1.00,203,0.00,200,1.00,198,0.00,199,2.00,199,-3.00,203,-3.00,203,-3.00,203,0.00,201,0.00,200,-2.00,203,1.00,198,-1.00,198,1.00,201,1.00,198,20.00,1190,20.00,1679,20.00,1777,20.00,1605,0.00,2925,2.00,1589,3.00,889,0.56
4074,-1.00,203,0.00,200,1.00,198,1.00,199,2.00,199,-3.00,203,-4.00,203,-2.00,203,-1.00,201,0.00,200,-1.00,203,1.00,198,7.00,199,1.00,201,1.00,198,20.00,1190,20.00,1679,19.00,1777,20.00,1609,0.00,2925,2.00,1589,4.00,889,0.56
4110,-2.00,203,0.00,200,2.00,198,0.00,199,2.00,199,-2.00,203,-2.00,203,-2.00,203,-1.00,201,0.00,200,-4.00,203,2.00,198,5.00,198,2.00,201,2.00,198,20.00,1190,20.00,1679,20.00,1777,20.00,1613,0.00,2925,0.00,1589,3.00,889,0.40
4146,-2.00,203,0.00,200,3.00,198,1.00,199,0.00,199,-2.00,203,-3.00,203,-3.00,203,-1.00,201,0.00,200,-2.00,203,1.00,198,0.00,199,0.00,201,0.00,198,20.00,1190,20.00,1679,19.00,1777,21.00,1616,0.00,2925,2.00,1589,5.00,889,0.40
4182,-2.00,203,0.00,200,1.00,198,1.00,199,1.00,199,-2.00,203,-3.00,203,-2.00,203,-1.00,201,0.00,200,-1.00,203,1.00,198,5.00,199,-5.00,201,1.00,198,20.00,1190,20.00,1679,20.00,1777,19.00,1618,0.00,2925,1.00,1589,5.00,889,0.56
4218,-2.00,203,0.00,200,3.00,198,1.00,199,1.00,199,-2.00,203,-4.00,203,-2.00,203,0.00,201,0.00,200,-3.00,203,2.00,198,6.00,198,-1.00,202,0.00,198,20.00,1190,20.00,1679,20.00,1777,20.00,1620,0.00,2925,1.00,1589,3.00,889,0.56
4253,-1.00,203,0.00,200,1.00,198,1.00,199,2.00,199,-1.00,203,-3.00,203,-2.00,203,-2.00,201,0.00,200,-3.00,203,2.00,198,1.00,198,3.00,201,1.00,198,21.00,1190,20.00,1679,20.00,1777,21.00,1620,0.00,2925,1.00,1589,4.00,889,0.32
4289,-1.00,203,0.00,200,3.00,198,1.00,199,0.00,199,-2.00,203,-2.00,203,-3.00,203,-1.00,201,0.00,200,-3.00,203,1.00,198,1.00,199,1.00,201,0.00,198,20.00,1190,20.00,1679,20.00,1777,20.00,1620,0.00,2925,1.00,1589,4.00,889,0.65
4325,-3.00,203,0.00,200,4.00,198,2.00,199,1.00,199,-3.00,203,-3.00,203,-2.00,203,0.00,201,0.00,200,-3.00,203,1.00,198,-10.00,199,0.00,201,1.00,198,21.00,1190,20.00,1679,20.00,1777,20.00,1620,0.00,2925,1.00,1589,5.00,889,0.40
4361,-2.00,203,0.00,200,2.00,198,1.00,199,1.00,199,-1.00,203,-3.00,203,-2.00,203,-1.00,201,0.00,200,-2.00,203,1.00,198,2.00,198,1.00,201,1.00,198,20.00,1190,20.00,1679,20.00,1777,19.00,1620,0.00,2925,1.00,1589,5.00,889,0.56
4396,-2.00,203,0.00,200,1.00,198,0.00,199,1.00,199,-2.00,203,-3.00,203,-2.00,203,-1.00,201,0.00,200,-2.00,203,1.00,198,2.00,199,1.00,201,1.00,198,20.00,1190,20.00,1679,20.00,1777,20.00,1620,0.00,2925,1.00,1589,4.00,889,0.48
4432,-2.00,203,0.00,200,1.00,198,0.00,199,2.00,199,-2.00,203,-3.00,203,-2.00,203,-2.00,201,0.00,200,-2.00,203,2.00,198,6.00,199,1.00,201,2.00,198,20.00,1190,20.00,1679,20.00,1777,21.00,1620,0.00,2925,0.00,1589,4.00,889,0.65
4468,-2.00,203,0.00,200,4.00,198,0.00,199,1.00,199,-2.00,203,-3.00,203,-2.00,203,-2.00,201,0.00,200,-1.00,203,2.00,198,10.00,198,0.00,202,0.00,198,20.00,1190,20.00,1679,20.00,1777,20.00,1620,0.00,2925,2.00,1589,5.00,889,0.73
4504,-3.00,203,0.00,200,2.00,198,1.00,199,1.00,199,-2.00,203,-3.00,203,-2.00,203,0.00,201,0.00,200,-2.00,203,1.00,198,5.00,199,1.00,202,1.00,198,20.00,1190,20.00,1679,20.00,1777,20.00,1621,0.00,2925,1.00,1589,2.00,889,0.56
4539,-2.00,203,0.00,200,2.00,198,1.00,199,1.00,199,-2.00,203,-3.00,203,-1.00,203,-1.00,201,0.00,200,0.00,203,2.00,198,7.00,198,0.00,201,2.00,198,20.00,1190,21.00,1679,20.00,1777,19.00,1622,0.00,2925,2.00,1589,3.00,889,0.40
4575,-2.00,203,0.00,200,2.00,198,0.00,199,1.00,199,-2.00,203,-2.00,203,-2.00,203,-1.00,201,0.00,200,-1.00,203,1.00,198,2.00,199,-4.00,201,0.00,198,19.00,1190,20.00,1679,20.00,1777,20.00,1626,0.00,2925,1.00,1589,4.00,889,0.56
4611,-3.00,203,0.00,200,1.00,198,2.00,199,1.00,199,-2.00,203,-4.00,203,-1.00,203,0.00,201,0.00,200,-1.00,203,1.00,198,3.00,198,2.00,201,2.00,198,20.00,1190,21.00,1679,20.00,1777,20.00,1630,0.00,2925,1.00,1589,5.00,889,0.56
4647,-1.00,203,0.00,200,2.00,198,1.00,199,0.00,199,-2.00,203,-3.00,203,-1.00,203,-1.00,201,0.00,200,-2.00,203,1.00,198,-8.00,198,0.00,201,1.00,198,20.00,1190,20.00,1679,20.00,1777,20.00,1634,0.00,2925,1.00,1589,5.00,889,0.56
4683,-3.00,203,0.00,200,3.00,198,2.00,199,1.00,199,-2.00,203,-4.00,203,-2.00,203,-1.00,201,0.00,200,-2.00,203,1.00,198,6.00,198,1.00,202,1.00,198,20.00,1190,20.00,1679,20.00,1777,21.00,1636,0.00,2925,2.00,1589,3.00,889,0.56
4719,-3.00,203,0.00,200,4.00,198,1.00,199,1.00,199,-2.00,203,-2.00,203,-3.00,203,-2.00,201,0.00,200,-1.00,203,1.00,198,-7.00,198,0.00,202,2.00,198,20.00,1190,20.00,1679,20.00,1777,21.00,1637,0.00,2925,1.00,1589,5.00,889,0.65
4754,-3.00,203,0.00,200,1.00,198,0.00,199,2.00,199,-2.00,203,-3.00,203,-1.00,203,0.00,201,0.00,200,-1.00,203,1.00,198,4.00,198,-5.00,201,2.00,198,20.00,1190,21.00,1679,20.00,1777,19.00,1639,0.00,2925,2.00,1589,3.00,889,0.56
4790,-2.00,203,0.00,200,2.00,198,1.00,199,1.00,199,-2.00,203,-4.00,203,-3.00,203,-1.00,201,0.00,200,-1.00,203,1.00,198,4.00,198,1.00,202,1.00,198,20.00,1190,20.00,1679,20.00,1777,20.00,1639,0.00,2925,1.00,1589,5.00,889,0.81
4826,-1.00,203,0.00,200,2.00,198,0.00,199,1.00,199,-2.00,203,-3.00,203,-3.00,203,-2.00,201,0.00,200,-2.00,203,0.00,198,1.00,198,0.00,201,3.00,198,20.00,1190,21.00,1679,20.00,1777,20.00,1639,0.00,2925,0.00,1589,3.00,889,0.73
4862,-2.00,203,0.00,200,2.00,198,2.00,199,1.00,199,-1.00,203,-4.00,203,-3.00,203,-2.00,201,0.00,200,-1.00,203,2.00,198,4.00,198,1.00,201,1.00,198,20.00,1190,19.00,1679,20.00,1777,20.00,1639,0.00,2925,1.00,1589,5.00,889,0.73
4897,-1.00,203,0.00,200,4.00,198,1.00,199,1.00,199,-2.00,203,-4.00,203,-1.00,203,-1.00,201,0.00,200,-3.00,203,1.00,198,1.00,198,0.00,202,2.00,198,20.00,1190,20.00,1679,20.00,1777,20.00,1639,0.00,2925,0.00,1589,3.00,889,1.53
4933,-2.00,203,0.00,200,2.00,198,1.00,199,1.00,199,-1.00,203,-3.00,203,-3.00,203,-1.00,201,0.00,200,-3.00,203,1.00,198,2.00,198,2.00,201,1.00,198,20.00,1190,20.00,1679,20.00,1777,20.00,1639,0.00,2925,0.00,1589,4.00,889,0.81
4969,-1.00,203,0.00,200,3.00,198,0.00,199,2.00,199,-2.00,203,-3.00,203,-2.00,203,-1.00,201,0.00,200,-2.00,203,2.00,198,2.00,198,3.00,201,0.00,198,20.00,1190,20.00,1679,19.00,1777,20.00,1639,0.00,2925,0.00,1589,3.00,889,0.65
5005,-2.00,203,0.00,200,0.00,198,1.00,199,2.00,199,-2.00,203,-3.00,203,-1.00,203,0.00,201,0.00,200,-3.00,203,1.00,198,2.00,198,-1.00,201,2.00,198,20.00,1190,20.00,1679,20.00,1777,20.00,1639,0.00,2925,1.00,1589,3.00,889,0.73
5041,-2.00,203,0.00,200,3.00,198,1.00,199,1.00,199,-2.00,203,-2.00,203,-3.00,203,-1.00,201,0.00,200,-2.00,203,2.00,198,1.00,198,-1.00,202,1.00,198,20.00,1190,20.00,1679,20.00,1777,20.00,1639,0.00,2925,1.00,1589,5.00,889,0.65
5076,-2.00,203,0.00,200,3.00,198,0.00,199,1.00,199,-3.00,203,-4.00,203,-1.00,203,-1.00,201,0.00,200,-2.00,203,1.00,198,3.00,198,2.00,202,2.00,198,20.00,1190,20.00,1679,20.00,1777,20.00,1639,0.00,2925,2.00,1589,3.00,889,0.65
5112,-3.00,203,0.00,200,1.00,198,0.00,199,1.00,199,-2.00,203,-3.00,203,-1.00,203,-2.00,201,0.00,200,-2.00,203,1.00,198,2.00,198,0.00,201,0.00,198,20.00,1190,20.00,1679,19.00,1777,21.00,1639,0.00,2925,1.00,1589,3.00,889,0.40
5148,-3.00,203,0.00,200,1.00,198,1.00,199,2.00,199,-2.00,203,-2.00,203,-3.00,203,-1.00,201,0.00,200,-2.00,203,0.00,198,2.00,198,0.00,202,2.00,198,20.00,1190,20.00,1679,20.00,1777,20.00,1639,0.00,2925,0.00,1589,3.00,889,0.40
5184,-3.00,203,0.00,200,1.00,198,0.00,199,2.00,199,-2.00,203,-3.00,203,-2.00,203,-1.00,201,0.00,200,-1.00,203,1.00,198,3.00,199,0.00,202,1.00,198,20.00,1190,20.00,1679,20.00,1777,20.00,1639,0.00,2925,1.00,1589,4.00,889,0.65
5219,-2.00,203,0.00,200,3.00,198,0.00,199,2.00,199,-2.00,203,-3.00,203,-2.00,203,-1.00,201,0.00,200,-3.00,203,0.00,198,2.00,198,1.00,202,0.00,198,20.00,1190,19.00,1679,20.00,1777,20.00,1639,0.00,2925,0.00,1589,3.00,889,0.40
5255,-3.00,203,0.00,200,1.00,198,0.00,199,1.00,199,-2.00,203,-3.00,203,-3.00,203,0.00,201,0.00,200,-1.00,203,1.00,198,2.00,198,0.00,201,1.00,198,20.00,1190,20.00,1679,19.00,1777,20.00,1639,0.00,2925,1.00,1589,3.00,889,0.32
5291,-2.00,203,0.00,200,3.00,198,1.00,199,1.00,199,-2.00,203,-3.00,203,-2.00,203,0.00,201,0.00,200,-2.00,203,1.00,198,0.00,199,0.00,201,2.00,198,20.00,1190,20.00,1679,19.00,1777,20.00,1639,0.00,2925,1.00,1589,4.00,889,0.16
5327,-1.00,203,0.00,200,3.00,198,1.00,199,2.00,199,-3.00,203,-3.00,203,-2.00,203,-1.00,201,0.00,200,-2.00,203,2.00,198,8.00,199,0.00,201,2.00,198,20.00,1190,20.00,1679,21.00,1777,20.00,1639,0.00,2925,0.00,1589,4.00,889,0.32
5363,-1.00,203,0.00,200,1.00,198,0.00,199,0.00,199,-2.00,203,-3.00,203,-3.00,203,-1.00,201,0.00,200,-2.00,203,1.00,198,1.00,199,0.00,201,0.00,198,19.00,1190,20.00,1679,21.00,1777,20.00,1639,0.00,2925,1.00,1589,2.00,889,0.08
5398,-2.00,203,0.00,200,1.00,198,2.00,199,1.00,199,-3.00,203,-3.00,203,-2.00,203,-1.00,201,0.00,200,-2.00,203,1.00,198,1.00,199,0.00,201,0.00,198,20.00,1190,20.00,1679,20.00,1777,19.00,1639,0.00,2925,0.00,1589,5.00,889,0.08
5434,-1.00,203,0.00,200,2.00,198,0.00,199,0.00,199,-2.00,203,-2.00,203,-3.00,203,-1.00,201,0.00,200,-3.00,203,2.00,198,2.00,199,0.00,201,0.00,198,20.00,1190,20.00,1679,20.00,1777,20.00,1639,0.00,2925,1.00,1589,4.00,889,0.08
5470,-1.00,203,0.00,200,3.00,198,2.00,199,0.00,199,-2.00,203,-2.00,203,-2.00,203,0.00,201,0.00,200,-1.00,203,1.00,198,0.00,199,0.00,201,1.00,198,20.00,1190,20.00,1679,20.00,1777,19.00,1639,0.00,2925,0.00,1589,3.00,889,0.08
5506,-2.00,203,0.00,200,0.00,198,1.00,199,1.00,199,-1.00,203,-3.00,203,-3.00,203,-1.00,201,0.00,200,-1.00,203,1.00,198,0.00,199,0.00,201,2.00,198,20.00,1190,20.00,1679,20.00,1777,20.00,1639,0.00,2925,0.00,1589,4.00,889,0.08
5542,-3.00,203,0.00,200,1.00,198,3.00,199,0.00,199,-2.00,203,-3.00,203,-2.00,203,-1.00,201,0.00,200,-2.00,203,1.00,198,2.00,199,0.00,201,0.00,198,21.00,1190,20.00,1679,20.00,1777,19.00,1639,0.00,2925,2.00,1589,3.00,889,0.08
5577,-3.00,203,0.00,200,2.00,198,0.00,199,0.00,199,-1.00,203,-2.00,203,-2.00,203,-1.00,201,0.00,200,-3.00,203,0.00,198,2.00,199,0.00,201,2.00,198,20.00,1190,21.00,1679,20.00,1777,20.00,1639,0.00,2925,1.00,1589,5.00,889,0.32
5613,-3.00,203,0.00,200,3.00,198,0.00,199,2.00,199,-2.00,203,-4.00,203,-2.00,203,-2.00,201,0.00,200,-2.00,203,1.00,198,1.00,199,0.00,201,0.00,198,20.00,1190,20.00,1679,20.00,1777,20.00,1639,0.00,2925,1.00,1589,5.00,889,0.08
5649,-3.00,203,0.00,200,1.00,198,0.00,199,2.00,199,-2.00,203,-3.00,203,-2.00,203,-1.00,201,0.00,200,-1.00,203,2.00,198,0.00,199,0.00,201,2.00,198,20.00,1190,20.00,1679,20.00,1777,19.00,1639,0.00,2925,0.00,1589,5.00,889,0.16
5685,-2.00,203,0.00,200,1.00,198,2.00,199,1.00,199,-3.00,203,-3.00,203,-2.00,203,-4.00,201,0.00,200,-2.00,203,1.00,198,2.00,199,0.00,201,1.00,198,20.00,1190,20.00,1679,20.00,1777,20.00,1639,0.00,2925,1.00,1589,4.00,889,0.08
5720,-2.00,203,0.00,200,3.00,198,0.00,199,1.00,199,-2.00,203,-2.00,203,-2.00,203,7.00,201,0.00,200,-2.00,203,1.00,198,2.00,199,-2.00,201,2.00,198,21.00,1190,20.00,1679,19.00,1777,20.00,1639,0.00,2925,1.00,1589,5.00,889,0.08
5756,-2.00,203,0.00,200,1.00,198,1.00,199,0.00,199,-1.00,203,-2.00,203,-1.00,203,-1.00,200,0.00,200,-2.00,203,1.00,198,1.00,199,0.00,201,1.00,198,20.00,1190,21.00,1679,20.00,1777,20.00,1639,0.00,2925,1.00,1589,3.00,889,0.16
5792,-2.00,203,0.00,200,1.00,198,0.00,199,0.00,199,-2.00,203,-3.00,203,-2.00,203,-4.00,201,0.00,200,-1.00,203,0.00,198,0.00,199,0.00,201,1.00,198,20.00,1190,20.00,1679,21.00,1777,20.00,1639,0.00,2925,1.00,1589,4.00,889,0.08
5828,-3.00,203,0.00,200,2.00,198,1.00,199,1.00,199,-2.00,203,-3.00,203,-3.00,203,9.00,201,0.00,200,-2.00,203,0.00,198,2.00,199,0.00,201,0.00,198,20.00,1190,20.00,1679,20.00,1777,21.00,1639,0.00,2925,1.00,1589,4.00,889,0.08
5863,-3.00,203,0.00,200,1.00,198,-1.00,199,1.00,199,-2.00,203,-3.00,203,-2.00,203,0.00,201,0.00,200,-1.00,203,2.00,198,1.00,199,0.00,201,1.00,198,20.00,1190,20.00,1679,20.00,1777,20.00,1639,0.00,2925,1.00,1589,5.00,889,0.16
5899,-2.00,203,0.00,200,4.00,198,1.00,199,2.00,199,-2.00,203,-4.00,203,-2.00,203,5.00,201,0.00,200,-1.00,203,1.00,198,3.00,199,0.00,201,0.00,198,20.00,1190,20.00,1679,20.00,1777,20.00,1639,0.00,2925,2.00,1589,5.00,889,0.08
5935,-3.00,203,0.00,200,3.00,198,0.00,199,0.00,199,-2.00,203,-3.00,203,-2.00,203,0.00,201,0.00,200,-3.00,203,1.00,198,0.00,199,0.00,201,2.00,198,20.00,1190,20.00,1679,20.00,1777,20.00,1639,0.00,2925,1.00,1589,4.00,889,0.00
5971,-3.00,203,0.00,200,2.00,198,0.00,199,1.00,199,-2.00,203,-3.00,203,-2.00,203,4.00,201,0.00,200,-3.00,203,0.00,198,0.00,199,0.00,201,2.00,198,20.00,1190,21.00,1679,20.00,1777,20.00,1639,0.00,2925,1.00,1589,3.00,890,0.00
6007,-2.00,203,0.00,200,2.00,198,2.00,199,0.00,199,-2.00,203,-3.00,203,-1.00,203,2.00,201,0.00,200,-2.00,203,0.00,198,2.00,199,0.00,201,1.00,198,20.00,1190,20.00,1679,20.00,1777,20.00,1639,0.00,2925,1.00,1589,5.00,889,0.16
6042,-3.00,203,0.00,200,2.00,198,1.00,199,1.00,199,-2.00,203,-3.00,203,-2.00,203,1.00,200,0.00,200,-1.00,203,1.00,198,1.00,199,0.00,201,1.00,198,20.00,1190,21.00,1679,20.00,1777,20.00,1639,0.00,2925,1.00,1589,4.00,889,0.08
6078,-1.00,203,0.00,200,1.00,198,0.00,199,0.00,199,-3.00,203,-3.00,203,-3.00,203,4.00,200,0.00,200,-2.00,203,1.00,198,0.00,199,0.00,201,1.00,198,20.00,1190,21.00,1679,20.00,1777,20.00,1639,0.00,2925,0.00,1589,3.00,889,0.00
6114,-2.00,203,0.00,200,1.00,198,1.00,199,2.00,199,-2.00,203,-4.00,203,-2.00,203,-4.00,200,0.00,200,-3.00,203,0.00,198,0.00,199,0.00,201,0.00,198,20.00,1190,20.00,1679,20.00,1777,20.00,1639,0.00,2925,1.00,1589,5.00,889,0.08
6149,-3.00,203,0.00,200,1.00,198,2.00,199,1.00,199,-2.00,203,-3.00,203,-2.00,203,-4.00,201,0.00,200,-2.00,203,1.00,198,2.00,199,0.00,201,1.00,198,20.00,1190,20.00,1679,19.00,1777,20.00,1639,0.00,2925,1.00,1589,4.00,889,0.16
6185,-2.00,203,0.00,200,1.00,198,0.00,199,0.00,199,-3.00,203,-3.00,203,-2.00,203,-3.00,201,0.00,200,-2.00,203,1.00,198,0.00,199,0.00,201,1.00,198,20.00,1190,20.00,1679,20.00,1777,21.00,1639,0.00,2925,1.00,1589,4.00,889,0.24
6221,-1.00,203,0.00,200,3.00,198,2.00,199,2.00,199,-2.00,203,-4.00,203,-2.00,203,6.00,201,0.00,200,-3.00,203,2.00,198,2.00,199,0.00,201,1.00,198,20.00,1190,20.00,1679,20.00,1777,20.00,1639,0.00,2925,1.00,1589,4.00,889,0.08
6257,-2.00,203,0.00,200,3.00,198,1.00,199,1.00,199,-3.00,203,-3.00,203,-3.00,203,-1.00,201,0.00,200,-2.00,203,2.00,198,0.00,199,0.00,201,2.00,198,20.00,1190,20.00,1679,19.00,1777,20.00,1639,0.00,2925,1.00,1589,5.00,889,0.08
6293,-3.00,203,0.00,200,3.00,198,0.00,199,2.00,199,-1.00,203,-3.00,203,-2.00,203,-4.00,200,0.00,200,-2.00,203,0.00,198,0.00,199,0.00,201,2.00,198,20.00,1190,20.00,1679,19.00,1777,20.00,1639,0.00,2925,0.00,1589,3.00,889,0.16
6329,-1.00,203,0.00,200,2.00,198,1.00,199,1.00,199,-2.00,203,-3.00,203,-3.00,203,-8.00,201,0.00,200,-1.00,203,1.00,198,1.00,199,0.00,201,1.00,198,20.00,1190,20.00,1679,20.00,1777,20.00,1639,0.00,2925,1.00,1589,5.00,889,0.08
6364,-1.00,203,0.00,200,1.00,198,1.00,199,1.00,199,-1.00,203,-2.00,203,-2.00,203,3.00,201,0.00,200,-2.00,203,1.00,198,1.00,199,0.00,201,1.00,198,21.00,1190,20.00,1679,20.00,1777,20.00,1639,0.00,2925,0.00,1589,4.00,889,0.16
6400,-1.00,203,0.00,200,2.00,198,1.00,199,1.00,199,-2.00,203,-3.00,203,-2.00,203,-2.00,201,0.00,200,-2.00,203,0.00,198,1.00,199,0.00,201,1.00,198,20.00,1190,20.00,1679,20.00,1777,20.00,1639,0.00,2925,2.00,1589,3.00,889,0.08
6435,-3.00,203,0.00,200,1.00,198,1.00,199,1.00,199,-3.00,203,-4.00,203,-2.00,203,-4.00,201,0.00,200,-2.00,203,2.00,198,2.00,199,0.00,201,0.00,198,20.00,1190,20.00,1679,20.00,1777,19.00,1639,0.00,2925,1.00,1589,5.00,889,0.00
6471,-2.00,203,0.00,200,3.00,198,1.00,199,0.00,199,-3.00,203,-3.00,203,-2.00,203,5.00,201,0.00,200,-3.00,203,2.00,198,2.00,199,0.00,201,1.00,198,20.00,1190,20.00,1679,20.00,1777,20.00,1639,0.00,2925,2.00,1589,4.00,889,0.08
6507,-2.00,203,0.00,200,4.00,198,1.00,199,2.00,199,-2.00,203,-3.00,203,-3.00,203,2.00,201,0.00,200,-1.00,203,0.00,198,2.00,199,0.00,201,1.00,198,20.00,1190,20.00,1679,20.00,1777,20.00,1639,0.00,2925,2.00,1589,3.00,889,0.65
6543,-3.00,203,0.00,200,2.00,198,3.00,199,0.00,199,-1.00,203,-3.00,203,-3.00,203,6.00,200,0.00,200,-1.00,203,1.00,198,3.00,199,0.00,201,0.00,198,20.00,1190,20.00,1679,20.00,1777,19.00,1639,0.00,2925,1.00,1589,5.00,889,0.00
6579,-3.00,203,0.00,200,1.00,198,0.00,199,1.00,199,-1.00,203,-3.00,203,-1.00,203,5.00,200,0.00,200,-2.00,203,1.00,198,1.00,199,0.00,201,1.00,198,20.00,1190,20.00,1679,20.00,1777,20.00,1639,0.00,2925,2.00,1589,3.00,889,0.00
6614,-1.00,203,0.00,200,3.00,198,2.00,199,1.00,199,-2.00,203,-3.00,203,-2.00,203,-3.00,201,0.00,200,-1.00,203,0.00,198,2.00,199,0.00,201,1.00,198,20.00,1190,20.00,1679,20.00,1777,19.00,1639,0.00,2925,1.00,1589,2.00,889,0.00
6650,-1.00,203,0.00,200,3.00,198,0.00,199,2.00,199,-2.00,203,-3.00,203,-2.00,203,-2.00,200,0.00,200,-2.00,203,0.00,198,1.00,199,0.00,201,1.00,198,20.00,1190,21.00,1679,20.00,1777,20.00,1639,0.00,2925,0.00,1589,5.00,889,0.00
6686,-1.00,203,0.00,200,1.00,198,1.00,199,0.00,199,-2.00,203,-3.00,203,-1.00,203,-1.00,200,0.00,200,-2.00,203,1.00,198,0.00,199,0.00,201,1.00,198,20.00,1190,20.00,1679,20.00,1777,21.00,1639,0.00,2925,2.00,1589,2.00,889,0.16
6722,-3.00,203,0.00,200,1.00,198,1.00,199,1.00,199,-2.00,203,-3.00,203,-2.00,203,2.00,201,0.00,200,-1.00,203,3.00,198,0.00,199,0.00,201,0.00,198,20.00,1190,20.00,1679,21.00,1777,20.00,1639,0.00,2925,1.00,1589,5.00,889,0.08
6758,-2.00,203,0.00,200,1.00,198,1.00,199,1.00,199,-2.00,203,-3.00,203,-3.00,203,-2.00,201,0.00,200,-2.00,203,0.00,198,2.00,199,0.00,201,2.00,198,20.00,1190,20.00,1679,19.00,1777,20.00,1639,0.00,2925,1.00,1589,4.00,889,0.40
6793,-2.00,203,0.00,200,2.00,198,1.00,199,1.00,199,-1.00,203,-3.00,203,-3.00,203,-3.00,201,0.00,200,-1.00,203,2.00,198,0.00,199,0.00,201,2.00,198,20.00,1190,20.00,1679,20.00,1777,20.00,1639,0.00,2925,1.00,1589,3.00,889,0.00
6829,-2.00,203,0.00,200,3.00,198,1.00,199,1.00,199,-2.00,203,-3.00,203,-1.00,203,-7.00,200,0.00,200,-1.00,203,1.00,198,1.00,199,0.00,201,1.00,198,20.00,1190,20.00,1679,20.00,1777,20.00,1639,0.00,2925,0.00,1589,4.00,889,0.00
6865,-1.00,203,0.00,200,0.00,198,1.00,199,2.00,199,-2.00,203,-3.00,203,-1.00,203,-5.00,200,0.00,200,-1.00,203,1.00,198,0.00,199,0.00,201,0.00,198,20.00,1190,21.00,1679,20.00,1777,21.00,1639,0.00,2925,2.00,1589,4.00,889,0.00
6901,-3.00,203,0.00,200,2.00,198,0.00,199,1.00,199,-1.00,203,-3.00,203,-1.00,203,-2.00,200,0.00,200,-3.00,203,1.00,198,1.00,199,0.00,201,1.00,198,20.00,1190,20.00,1679,20.00,1777,20.00,1639,0.00,2925,2.00,1589,3.00,889,0.00
6937,-2.00,203,0.00,200,2.00,198,0.00,199,1.00,199,-2.00,203,-4.00,203,-1.00,203,0.00,201,0.00,200,-3.00,203,0.00,198,2.00,199,0.00,201,0.00,198,20.00,1190,20.00,1679,20.00,1777,20.00,1639,0.00,2925,2.00,1589,4.00,889,0.08
6972,-3.00,203,0.00,200,3.00,198,0.00,199,2.00,199,-3.00,203,-3.00,203,-2.00,203,0.00,200,0.00,200,-1.00,203,1.00,198,1.00,199,0.00,201,1.00,198,20.00,1190,20.00,1679,19.00,1777,20.00,1639,0.00,2925,1.00,1589,3.00,889,0.08
7008,-3.00,203,0.00,200,1.00,198,0.00,199,1.00,199,-1.00,203,-3.00,203,-2.00,203,7.00,200,0.00,200,-4.00,203,1.00,198,1.00,199,0.00,201,2.00,198,20.00,1190,20.00,1679,20.00,1777,20.00,1639,0.00,2925,1.00,1589,3.00,889,0.08
7044,-2.00,203,0.00,200,2.00,198,0.00,199,1.00,199,-2.00,203,-3.00,203,-3.00,203,0.00,201,0.00,200,-2.00,203,1.00,198,0.00,199,0.00,201,1.00,198,20.00,1190,20.00,1679,19.00,1777,20.00,1639,0.00,2925,1.00,1589,3.00,889,0.00
7080,-2.00,203,0.00,200,3.00,198,2.00,199,0.00,199,-3.00,203,-3.00,203,-2.00,203,-1.00,201,0.00,200,-2.00,203,0.00,198,2.00,199,0.00,201,2.00,198,20.00,1190,20.00,1679,20.00,1777,20.00,1639,0.00,2925,1.00,1589,5.00,889,0.16
7115,-1.00,203,0.00,200,1.00,198,1.00,199,2.00,199,-1.00,203,-3.00,203,-2.00,203,-2.00,201,0.00,200,-2.00,203,1.00,198,1.00,199,0.00,201,1.00,198,20.00,1190,20.00,1679,20.00,1777,20.00,1639,0.00,2925,2.00,1589,5.00,889,0.00
7151,-2.00,203,0.00,200,1.00,198,1.00,199,0.00,199,-3.00,203,-2.00,203,-1.00,203,-3.00,201,0.00,200,-2.00,203,1.00,198,2.00,199,0.00,201,1.00,198,20.00,1190,19.00,1679,20.00,1777,20.00,1639,0.00,2925,1.00,1589,5.00,889,0.08
7187,-2.00,203,0.00,200,1.00,198,1.00,199,2.00,199,-3.00,203,-3.00,203,-2.00,203,-2.00,201,0.00,200,-1.00,203,0.00,198,0.00,199,0.00,201,2.00,198,20.00,1190,20.00,1679,20.00,1777,20.00,1639,0.00,2925,1.00,1589,3.00,889,0.16
7223,-1.00,203,0.00,200,3.00,198,0.00,199,2.00,199,-3.00,203,-3.00,203,-2.00,203,0.00,201,0.00,200,-2.00,203,1.00,198,1.00,199,0.00,201,1.00,198,20.00,1190,19.00,1679,20.00,1777,20.00,1639,0.00,2925,2.00,1589,5.00,889,0.16
7259,-3.00,203,0.00,200,1.00,198,1.00,199,1.00,199,-3.00,203,-4.00,203,-2.00,203,-1.00,201,0.00,200,-1.00,203,3.00,198,1.00,199,0.00,201,2.00,198,20.00,1190,20.00,1679,21.00,1777,19.00,1639,0.00,2925,1.00,1589,3.00,889,0.08
7294,-2.00,203,0.00,200,1.00,198,1.00,199,2.00,199,-2.00,203,-3.00,203,-2.00,203,2.00,201,0.00,200,-2.00,203,1.00,198,1.00,199,0.00,201,2.00,198,20.00,1190,19.00,1679,20.00,1777,20.00,1639,0.00,2925,2.00,1589,4.00,889,0.08
7330,-1.00,203,0.00,200,2.00,198,1.00,199,1.00,199,-2.00,203,-3.00,203,-2.00,203,-3.00,201,0.00,200,-1.00,203,1.00,198,1.00,199,0.00,201,1.00,198,20.00,1190,20.00,1679,20.00,1777,20.00,1639,0.00,2925,2.00,1589,3.00,889,0.08
7366,-3.00,203,0.00,200,2.00,198,1.00,199,0.00,199,-2.00,203,-3.00,203,-3.00,203,-6.00,200,0.00,200,-2.00,203,1.00,198,1.00,199,0.00,201,1.00,198,20.00,1190,20.00,1679,20.00,1777,19.00,1639,0.00,2925,1.00,1589,4.00,889,0.00
7402,-3.00,203,0.00,200,2.00,198,1.00,199,1.00,199,-1.00,203,-3.00,203,-2.00,203,8.00,201,0.00,200,-3.00,203,0.00,198,3.00,199,0.00,201,1.00,198,20.00,1190,20.00,1679,20.00,1777,20.00,1639,0.00,2925,0.00,1589,4.00,889,0.16
7437,-1.00,203,0.00,200,2.00,198,2.00,199,1.00,199,-2.00,203,-3.00,203,-1.00,203,3.00,201,0.00,200,-2.00,203,1.00,198,1.00,199,0.00,201,1.00,198,20.00,1190,20.00,1679,20.00,1777,20.00,1639,0.00,2925,0.00,1589,4.00,889,0.08
7473,-1.00,203,0.00,200,2.00,198,1.00,199,1.00,199,-2.00,203,-3.00,203,-2.00,203,-8.00,201,0.00,200,-4.00,203,2.00,198,1.00,199,0.00,201,2.00,198,20.00,1190,20.00,1679,20.00,1777,20.00,1639,0.00,2925,1.00,1589,3.00,889,0.00
7509,-3.00,203,0.00,200,3.00,198,2.00,199,1.00,199,-2.00,203,-3.00,203,-2.00,203,-6.00,201,0.00,200,-1.00,203,1.00,198,1.00,199,0.00,201,1.00,198,20.00,1190,20.00,1679,20.00,1777,21.00,1639,0.00,2925,0.00,1589,4.00,889,0.16
7545,-2.00,203,0.00,200,2.00,198,1.00,199,1.00,199,-2.00,203,-3.00,203,-2.00,203,5.00,200,0.00,200,-2.00,203,1.00,198,1.00,199,0.00,201,1.00,198,20.00,1190,20.00,1679,20.00,1777,20.00,1639,0.00,2925,1.00,1589,2.00,889,0.24
7580,-2.00,203,0.00,200,3.00,198,0.00,199,1.00,199,-2.00,203,-3.00,203,-2.00,203,2.00,201,0.00,200,-3.00,203,0.00,198,1.00,199,0.00,201,0.00,198,20.00,1190,19.00,1679,20.00,1777,20.00,1639,0.00,2925,1.00,1589,2.00,889,0.00
7616,-2.00,203,0.00,200,1.00,198,1.00,199,1.00,199,-3.00,203,-4.00,203,-3.00,203,-5.00,200,0.00,200,-2.00,203,1.00,198,0.00,199,0.00,201,0.00,198,20.00,1190,20.00,1679,20.00,1777,20.00,1639,0.00,2925,1.00,1589,5.00,889,0.24
7652,-3.00,203,0.00,200,2.00,198,1.00,199,0.00,199,-2.00,203,-3.00,203,-2.00,203,0.00,201,0.00,200,-3.00,203,2.00,198,2.00,199,0.00,201,1.00,198,20.00,1190,20.00,1679,20.00,1777,20.00,1639,0.00,2925,1.00,1589,5.00,889,0.08
7687,-1.00,203,0.00,200,2.00,198,0.00,199,1.00,199,-2.00,203,-3.00,203,-3.00,203,-5.00,201,0.00,200,-2.00,203,1.00,198,3.00,199,0.00,201,1.00,198,20.00,1190,20.00,1679,20.00,1777,20.00,1639,0.00,2925,1.00,1589,4.00,889,0.24
7723,-3.00,203,0.00,200,4.00,198,0.00,199,1.00,199,-2.00,203,-3.00,203,-2.00,203,-2.00,201,0.00,200,-3.00,203,0.00,198,0.00,199,0.00,201,0.00,198,19.00,1190,20.00,1679,20.00,1777,20.00,1639,0.00,2925,2.00,1589,5.00,889,0.08
7759,-1.00,203,0.00,200,4.00,198,0.00,199,1.00,199,-1.00,203,-4.00,203,-1.00,203,5.00,200,0.00,200,-3.00,203,1.00,198,1.00,199,0.00,201,0.00,198,20.00,1190,20.00,1679,21.00,1777,20.00,1639,0.00,2925,2.00,1589,5.00,889,0.24
7795,-2.00,203,0.00,200,4.00,198,0.00,199,2.00,199,-2.00,203,-4.00,203,-2.00,203,4.00,201,0.00,200,-2.00,203,0.00,198,0.00,199,0.00,201,1.00,198,20.00,1190,20.00,1679,20.00,1777,21.00,1639,0.00,2925,1.00,1589,4.00,889,0.16
7830,-3.00,203,0.00,200,3.00,198,0.00,199,1.00,199,-3.00,203,-3.00,203,-1.00,203,1.00,201,0.00,200,-3.00,203,0.00,198,1.00,199,0.00,201,1.00,198,20.00,1190,20.00,1679,20.00,1777,20.00,1639,0.00,2925,1.00,1589,4.00,889,0.16
7866,-2.00,203,0.00,200,1.00,198,1.00,199,1.00,199,-1.00,203,-3.00,203,-1.00,203,7.00,200,0.00,200,-1.00,203,2.00,198,0.00,199,0.00,201,1.00,198,20.00,1190,21.00,1679,20.00,1777,20.00,1639,0.00,2925,1.00,1589,2.00,889,0.08
7902,-1.00,203,0.00,200,2.00,198,0.00,199,1.00,199,-1.00,203,-3.00,203,-2.00,203,-1.00,201,0.00,200,-2.00,203,2.00,198,1.00,199,0.00,201,1.00,198,20.00,1190,19.00,1679,20.00,1777,20.00,1639,0.00,2925,1.00,1589,4.00,889,0.08
7938,-2.00,203,0.00,200,3.00,198,1.00,199,2.00,199,-2.00,203,-3.00,203,-3.00,203,-6.00,200,0.00,200,-1.00,203,2.00,198,1.00,199,0.00,201,1.00,198,20.00,1190,20.00,1679,20.00,1777,20.00,1639,0.00,2925,0.00,1589,6.00,889,0.16
7973,-2.00,203,0.00,200,1.00,198,1.00,199,2.00,199,-2.00,203,-3.00,203,-2.00,203,-5.00,200,0.00,200,-2.00,203,1.00,198,0.00,199,0.00,201,2.00,198,20.00,1190,20.00,1679,20.00,1777,20.00,1639,0.00,2925,2.00,1589,4.00,889,0.08
8009,-3.00,203,0.00,200,2.00,198,1.00,199,1.00,199,-2.00,203,-3.00,203,-2.00,203,-2.00,201,0.00,200,-1.00,203,0.00,198,2.00,199,0.00,201,2.00,198,20.00,1190,20.00,1679,20.00,1777,20.00,1639,0.00,2925,0.00,1589,4.00,889,0.16
8045,-2.00,203,0.00,200,2.00,198,0.00,199,1.00,199,-2.00,203,-2.00,203,-2.00,203,3.00,200,0.00,200,-2.00,203,1.00,198,2.00,199,0.00,201,2.00,198,20.00,1190,20.00,1679,20.00,1777,20.00,1639,0.00,2925,1.00,1589,4.00,889,0.00
8080,-2.00,203,0.00,200,1.00,198,2.00,199,0.00,199,-3.00,203,-3.00,203,-3.00,203,3.00,201,0.00,200,-3.00,203,1.00,198,1.00,199,0.00,201,2.00,198,20.00,1190,21.00,1679,20.00,1777,19.00,1639,0.00,2925,2.00,1589,4.00,889,0.08
8116,-2.00,203,0.00,200,3.00,198,1.00,199,2.00,199,-3.00,203,-4.00,203,-3.00,203,1.00,201,0.00,200,-2.00,203,1.00,198,0.00,199,0.00,201,2.00,198,20.00,1190,20.00,1679,20.00,1777,20.00,1639,0.00,2925,1.00,1589,5.00,889,0.08
8152,-3.00,203,0.00,200,1.00,198,1.00,199,2.00,199,-1.00,203,-4.00,203,-2.00,203,6.00,201,0.00,200,-2.00,203,2.00,198,1.00,199,0.00,201,1.00,198,20.00,1190,20.00,1679,20.00,1777,20.00,1639,0.00,2925,0.00,1589,4.00,889,0.00
8188,-2.00,203,0.00,200,2.00,198,0.00,199,2.00,199,-2.00,203,-3.00,203,-1.00,203,0.00,200,0.00,200,-1.00,203,0.00,198,1.00,199,0.00,201,1.00,198,20.00,1190,19.00,1679,20.00,1777,20.00,1639,0.00,2925,0.00,1589,5.00,889,0.24
8223,-3.00,203,0.00,200,2.00,198,2.00,199,0.00,199,-1.00,203,-4.00,203,-2.00,203,-7.00,201,0.00,200,-2.00,203,1.00,198,1.00,199,0.00,201,1.00,198,20.00,1190,20.00,1679,20.00,1777,20.00,1639,0.00,2925,2.00,1589,5.00,889,0.08
8259,-3.00,203,0.00,200,1.00,198,1.00,199,2.00,199,-1.00,203,-4.00,203,-2.00,203,2.00,200,0.00,200,-3.00,203,1.00,198,0.00,199,1.00,201,1.00,198,20.00,1190,20.00,1679,20.00,1777,20.00,1639,0.00,2925,1.00,1589,5.00,889,0.00
8295,-2.00,203,0.00,200,3.00,198,1.00,199,2.00,199,-2.00,203,-3.00,203,-2.00,203,-1.00,201,0.00,200,-1.00,203,3.00,198,1.00,199,0.00,201,1.00,198,21.00,1190,19.00,1679,20.00,1777,20.00,1639,0.00,2925,2.00,1589,5.00,889,0.16
8331,-3.00,203,0.00,200,1.00,198,1.00,199,1.00,199,-1.00,203,-3.00,203,-1.00,203,-1.00,201,0.00,200,-3.00,203,0.00,198,1.00,199,0.00,201,0.00,198,20.00,1190,20.00,1679,20.00,1777,20.00,1639,0.00,2925,1.00,1589,4.00,889,0.16
8367,-3.00,203,0.00,200,1.00,198,2.00,199,1.00,199,-2.00,203,-4.00,203,-1.00,203,-10.00,201,0.00,200,-3.00,203,1.00,198,2.00,199,0.00,201,1.00,198,20.00,1190,20.00,1679,19.00,1777,20.00,1639,0.00,2925,2.00,1589,4.00,889,0.00
8402,-2.00,203,0.00,200,2.00,198,3.00,199,1.00,199,-2.00,203,-2.00,203,-1.00,203,2.00,200,0.00,200,-2.00,203,1.00,198,0.00,199,0.00,201,1.00,198,21.00,1190,20.00,1679,20.00,1777,20.00,1639,0.00,2925,0.00,1589,4.00,889,0.08
8438,-1.00,203,0.00,200,2.00,198,0.00,199,0.00,199,-2.00,203,-3.00,203,-2.00,203,2.00,201,0.00,200,-2.00,203,1.00,198,2.00,199,0.00,201,0.00,198,20.00,1190,20.00,1679,20.00,1777,20.00,1639,0.00,2925,0.00,1589,3.00,889,0.00
8474,-1.00,203,0.00,200,1.00,198,0.00,199,1.00,199,-2.00,203,-3.00,203,-1.00,203,1.00,200,0.00,200,-2.00,203,1.00,198,1.00,199,0.00,201,0.00,198,20.00,1190,20.00,1679,20.00,1777,20.00,1639,0.00,2925,2.00,1589,3.00,889,0.08
8510,-2.00,203,0.00,200,2.00,198,2.00,199,2.00,199,-2.00,203,-4.00,203,-2.00,203,-2.00,200,0.00,200,-2.00,203,1.00,198,0.00,199,0.00,201,2.00,198,19.00,1190,20.00,1679,20.00,1777,20.00,1639,0.00,2925,1.00,1589,5.00,889,0.00
8546,-2.00,203,0.00,200,3.00,198,0.00,199,1.00,199,-2.00,203,-3.00,203,-3.00,203,-1.00,200,0.00,200,-2.00,203,1.00,198,1.00,199,0.00,201,0.00,198,20.00,1190,20.00,1679,20.00,1777,20.00,1639,0.00,2925,1.00,1589,3.00,889,0.00
8582,-3.00,203,0.00,200,3.00,198,2.00,199,1.00,199,-2.00,203,-3.00,203,-3.00,203,-10.00,200,0.00,200,-2.00,203,2.00,198,1.00,199,0.00,201,2.00,198,20.00,1190,20.00,1679,20.00,1777,20.00,1639,0.00,2925,1.00,1589,3.00,889,0.08
8617,-3.00,203,0.00,200,3.00,198,0.00,199,1.00,199,-3.00,203,-3.00,203,-2.00,203,2.00,201,0.00,200,-2.00,203,0.00,198,0.00,199,0.00,201,2.00,198,20.00,1190,20.00,1679,20.00,1777,19.00,1639,0.00,2925,1.00,1589,5.00,889,0.24
8653,-1.00,203,0.00,200,2.00,198,0.00,199,2.00,199,-3.00,203,-3.00,203,-2.00,203,-8.00,200,0.00,200,-3.00,203,2.00,198,3.00,199,0.00,201,2.00,198,20.00,1190,20.00,1679,20.00,1777,20.00,1639,0.00,2925,0.00,1589,3.00,889,0.08
8689,-2.00,203,0.00,200,2.00,198,2.00,199,2.00,199,-2.00,203,-2.00,203,-3.00,203,-2.00,200,0.00,200,-1.00,203,1.00,198,0.00,199,0.00,201,2.00,198,20.00,1190,20.00,1679,20.00,1777,20.00,1639,0.00,2925,1.00,1589,4.00,889,0.08
8725,-3.00,203,0.00,200,1.00,198,0.00,199,1.00,199,-2.00,203,-3.00,203,-2.00,203,-3.00,201,0.00,200,-2.00,203,1.00,198,0.00,199,0.00,201,1.00,198,20.00,1190,20.00,1679,20.00,1777,21.00,1639,0.00,2925,2.00,1589,4.00,889,0.08
8760,-2.00,203,0.00,200,1.00,198,1.00,199,1.00,199,-2.00,203,-3.00,203,-1.00,203,3.00,200,0.00,200,-2.00,203,2.00,198,0.00,199,0.00,201,2.00,198,20.00,1190,20.00,1679,20.00,1777,21.00,1639,0.00,2925,1.00,1589,2.00,889,0.08
8796,-1.00,203,0.00,200,2.00,198,2.00,199,0.00,199,-2.00,203,-3.00,203,-1.00,203,3.00,200,0.00,200,-4.00,203,1.00,198,1.00,199,0.00,201,0.00,198,20.00,1190,20.00,1679,20.00,1777,20.00,1639,0.00,2925,0.00,1589,3.00,889,0.08
8832,-2.00,203,0.00,200,2.00,198,0.00,199,1.00,199,-2.00,203,-3.00,203,-1.00,203,-1.00,201,0.00,200,-3.00,203,2.00,198,1.00,199,0.00,201,1.00,198,20.00,1190,20.00,1679,20.00,1777,20.00,1639,0.00,2925,2.00,1589,5.00,889,0.40
8867,-2.00,203,0.00,200,2.00,198,2.00,199,0.00,199,-2.00,203,-3.00,203,-1.00,203,-4.00,201,0.00,200,-1.00,203,0.00,198,0.00,199,0.00,201,1.00,198,20.00,1190,20.00,1679,21.00,1777,20.00,1639,0.00,2925,1.00,1589,4.00,889,0.56
8903,-2.00,203,0.00,200,1.00,198,1.00,199,1.00,199,-2.00,203,-3.00,203,-2.00,203,2.00,200,0.00,200,-3.00,203,1.00,198,1.00,199,0.00,201,1.00,198,20.00,1190,20.00,1679,20.00,1777,20.00,1639,0.00,2925,2.00,1589,4.00,889,0.00
8939,-1.00,203,0.00,200,3.00,198,1.00,199,2.00,199,-2.00,203,-3.00,203,-2.00,203,-1.00,200,0.00,200,-3.00,203,3.00,198,3.00,199,0.00,201,1.00,198,20.00,1190,20.00,1679,20.00,1777,20.00,1639,0.00,2925,0.00,1589,5.00,889,0.08
8974,-2.00,203,0.00,200,3.00,198,2.00,199,0.00,199,-2.00,203,-2.00,203,-3.00,203,0.00,200,0.00,200,-3.00,203,2.00,198,1.00,199,0.00,201,2.00,198,20.00,1190,20.00,1679,20.00,1777,20.00,1639,0.00,2925,1.00,1589,3.00,889,0.00
9010,-2.00,203,0.00,200,2.00,198,1.00,199,1.00,199,-1.00,203,-3.00,203,-2.00,203,-8.00,200,0.00,200,-1.00,203,1.00,198,0.00,199,0.00,201,0.00,198,20.00,1190,20.00,1679,20.00,1777,21.00,1639,0.00,2925,2.00,1589,4.00,889,0.00
9046,-2.00,203,0.00,200,2.00,198,2.00,199,1.00,199,-1.00,203,-3.00,203,-1.00,203,4.00,201,0.00,200,-1.00,203,1.00,198,2.00,199,0.00,201,1.00,198,20.00,1190,20.00,1679,20.00,1777,21.00,1639,0.00,2925,2.00,1589,3.00,889,0.08
9081,-1.00,203,0.00,200,1.00,198,2.00,199,0.00,199,-2.00,203,-3.00,203,-1.00,203,4.00,201,0.00,200,-3.00,203,1.00,198,2.00,199,-4.00,201,1.00,198,20.00,1190,20.00,1679,20.00,1777,20.00,1639,0.00,2925,2.00,1589,4.00,889,0.08
9117,-1.00,203,0.00,200,4.00,198,2.00,199,2.00,199,-2.00,203,-3.00,203,-2.00,203,-4.00,200,0.00,200,-3.00,203,2.00,198,1.00,199,0.00,201,0.00,198,20.00,1190,20.00,1679,20.00,1777,20.00,1639,0.00,2925,2.00,1589,4.00,889,0.08
9153,-1.00,203,0.00,200,2.00,198,1.00,199,1.00,199,-3.00,203,-4.00,203,-1.00,203,-8.00,201,0.00,200,-1.00,203,1.00,198,2.00,199,0.00,201,1.00,198,20.00,1190,20.00,1679,20.00,1777,20.00,1639,0.00,2925,2.00,1589,5.00,889,0.08
9189,-2.00,203,0.00,200,1.00,198,0.00,199,1.00,199,-2.00,203,-3.00,203,-2.00,203,5.00,200,0.00,200,-2.00,203,3.00,198,2.00,199,0.00,201,0.00,198,20.00,1190,20.00,1679,20.00,1777,20.00,1639,0.00,2925,2.00,1589,5.00,889,0.00
9224,-2.00,203,0.00,200,2.00,198,0.00,199,0.00,199,-2.00,203,-4.00,203,-2.00,203,-3.00,201,0.00,200,-1.00,203,0.00,198,0.00,199,0.00,201,1.00,198,20.00,1190,20.00,1679,20.00,1777,21.00,1639,0.00,2925,1.00,1589,4.00,889,0.08
9260,-3.00,203,0.00,200,1.00,198,1.00,199,1.00,199,-3.00,203,-3.00,203,-3.00,203,-1.00,201,0.00,200,-3.00,203,2.00,198,1.00,199,0.00,201,1.00,198,20.00,1190,21.00,1679,20.00,1777,21.00,1639,0.00,2925,1.00,1589,5.00,889,0.08
9296,-1.00,203,0.00,200,2.00,198,0.00,199,1.00,199,-3.00,203,-4.00,203,-2.00,203,-1.00,200,0.00,200,-1.00,203,2.00,198,0.00,199,0.00,201,1.00,198,20.00,1190,20.00,1679,19.00,1777,20.00,1639,0.00,2925,1.00,1589,4.00,889,0.08
9332,-2.00,203,0.00,200,1.00,198,1.00,199,1.00,199,-2.00,203,-2.00,203,-2.00,203,2.00,200,0.00,200,-3.00,203,2.00,198,1.00,199,0.00,201,0.00,198,21.00,1190,20.00,1679,20.00,1777,20.00,1639,0.00,2925,2.00,1589,5.00,889,0.00
9368,-2.00,203,0.00,200,2.00,198,1.00,199,2.00,199,-2.00,203,-3.00,203,-2.00,203,-9.00,201,0.00,200,-2.00,203,1.00,198,0.00,199,0.00,201,1.00,198,20.00,1190,20.00,1679,21.00,1777,20.00,1639,0.00,2925,2.00,1589,5.00,889,0.24
9403,-3.00,203,0.00,200,2.00,198,2.00,199,1.00,199,-2.00,203,-3.00,203,-3.00,203,-3.00,201,0.00,200,-2.00,203,-1.00,198,0.00,199,0.00,201,2.00,198,19.00,1190,20.00,1679,20.00,1777,20.00,1639,0.00,2925,1.00,1589,5.00,889,0.16
9439,-2.00,203,0.00,200,1.00,198,1.00,199,1.00,199,-2.00,203,-4.00,203,-2.00,203,2.00,200,0.00,200,-2.00,203,2.00,198,1.00,199,0.00,201,0.00,198,20.00,1190,20.00,1679,20.00,1777,20.00,1639,0.00,2925,0.00,1589,5.00,889,0.08
9475,-2.00,203,0.00,200,1.00,198,1.00,199,1.00,199,-2.00,203,-3.00,203,-2.00,203,1.00,200,0.00,200,-3.00,203,1.00,198,2.00,199,0.00,201,1.00,198,20.00,1190,20.00,1679,20.00,1777,20.00,1639,0.00,2925,0.00,1589,2.00,889,0.08
9511,-1.00,203,0.00,200,2.00,198,2.00,199,1.00,199,-2.00,203,-3.00,203,-3.00,203,-4.00,200,0.00,200,-1.00,203,2.00,198,0.00,199,0.00,201,0.00,198,20.00,1190,20.00,1679,21.00,1777,21.00,1639,0.00,2925,1.00,1589,5.00,889,0.08
9546,-2.00,203,0.00,200,0.00,198,0.00,199,2.00,199,-1.00,203,-3.00,203,-3.00,203,-6.00,201,0.00,200,-1.00,203,2.00,198,1.00,199,0.00,201,1.00,198,20.00,1190,20.00,1679,20.00,1777,21.00,1639,0.00,2925,2.00,1589,5.00,889,0.08
9582,-1.00,203,0.00,200,3.00,198,1.00,199,2.00,199,-2.00,203,-3.00,203,-2.00,203,-2.00,200,0.00,200,-1.00,203,1.00,198,1.00,199,0.00,201,3.00,198,20.00,1190,20.00,1679,19.00,1777,21.00,1639,0.00,2925,1.00,1589,4.00,889,0.00
9618,-3.00,203,0.00,200,3.00,198,1.00,199,1.00,199,-2.00,203,-3.00,203,-2.00,203,1.00,201,0.00,200,-2.00,203,0.00,198,3.00,199,0.00,201,0.00,198,21.00,1190,19.00,1679,20.00,1777,20.00,1639,0.00,2925,2.00,1589,4.00,889,0.40
9654,-2.00,203,0.00,200,2.00,198,0.00,199,1.00,199,-2.00,203,-3.00,203,-3.00,203,0.00,200,0.00,200,-1.00,203,1.00,198,0.00,199,0.00,201,0.00,198,20.00,1190,20.00,1679,20.00,1777,20.00,1639,0.00,2925,2.00,1589,4.00,889,0.08
9689,-1.00,203,0.00,200,2.00,198,1.00,199,0.00,199,-2.00,203,-3.00,203,-2.00,203,-2.00,201,0.00,200,-1.00,203,2.00,198,0.00,199,0.00,201,0.00,198,20.00,1190,19.00,1679,19.00,1777,20.00,1639,0.00,2925,2.00,1589,4.00,889,0.00
9725,-3.00,203,0.00,200,4.00,198,2.00,199,0.00,199,-1.00,203,-3.00,203,-2.00,203,3.00,200,0.00,200,-1.00,203,1.00,198,2.00,199,0.00,201,1.00,198,20.00,1190,20.00,1679,20.00,1777,20.00,1639,0.00,2925,1.00,1589,5.00,889,0.00
9761,-2.00,203,0.00,200,1.00,198,0.00,199,0.00,199,-2.00,203,-3.00,203,-1.00,203,1.00,200,0.00,200,-2.00,203,2.00,198,2.00,199,0.00,201,1.00,198,20.00,1190,20.00,1679,20.00,1777,19.00,1639,0.00,2925,1.00,1589,4.00,889,0.08
9796,-1.00,203,0.00,200,1.00,198,1.00,199,1.00,199,-2.00,203,-3.00,203,-3.00,203,-2.00,201,0.00,200,-2.00,203,1.00,198,0.00,199,0.00,201,1.00,198,20.00,1190,20.00,1679,20.00,1777,20.00,1639,0.00,2925,1.00,1589,4.00,889,0.24
9832,-2.00,203,0.00,200,0.00,198,1.00,199,1.00,199,-3.00,203,-2.00,203,-1.00,203,0.00,200,0.00,200,-1.00,203,1.00,198,1.00,199,0.00,201,0.00,198,20.00,1190,20.00,1679,20.00,1777,20.00,1639,0.00,2925,1.00,1589,4.00,889,0.00
9868,-2.00,203,0.00,200,3.00,198,3.00,199,1.00,199,-2.00,203,-3.00,203,-2.00,203,6.00,200,0.00,200,-2.00,203,1.00,198,2.00,199,1.00,201,1.00,198,20.00,1190,20.00,1679,20.00,1777,20.00,1639,0.00,2925,1.00,1589,5.00,889,0.24
9903,-2.00,203,0.00,200,2.00,198,2.00,199,0.00,199,-1.00,203,-3.00,203,-1.00,203,-1.00,200,0.00,200,-2.00,203,1.00,198,2.00,199,0.00,201,1.00,198,20.00,1190,20.00,1679,20.00,1777,20.00,1639,0.00,2925,2.00,1589,1.00,889,0.16
9939,-1.00,203,0.00,200,3.00,198,0.00,199,2.00,199,-2.00,203,-3.00,203,-1.00,203,0.00,201,0.00,200,-2.00,203,1.00,198,3.00,199,0.00,201,0.00,198,20.00,1190,20.00,1679,21.00,1777,21.00,1639,0.00,2925,1.00,1589,3.00,889,0.08
9975,-3.00,203,0.00,200,1.00,198,0.00,199,1.00,199,-2.00,203,-4.00,203,-1.00,203,-7.00,201,0.00,200,-1.00,203,2.00,198,1.00,199,0.00,201,1.00,198,20.00,1190,20.00,1679,20.00,1777,20.00,1639,0.00,2925,2.00,1589,4.00,889,0.16
10011,-3.00,203,0.00,200,2.00,198,1.00,199,0.00,199,-2.00,203,-3.00,203,-3.00,203,0.00,200,0.00,200,-2.00,203,1.00,198,0.00,199,0.00,201,0.00,198,20.00,1190,20.00,1679,20.00,1777,20.00,1639,0.00,2925,1.00,1589,4.00,889,0.08